client_id,client_name,client_type,email,phone,city,country,billing_currency,signup_date,acquisition_channel,notes,merged_from,match_confidence,dq_flags
XT-00001,Grace Ibrahim,Individual,grace.ibrahim@outlook.com,Unknown,Port Harcourt,Nigeria,NGN,2023-01-08,Email,do not call before 10am,Not applicable,Not applicable,No issues
XT-00002,André Kim,Individual,Unknown,+2348073359548,Dubai,United Arab Emirates,NGN,2021-07-09,Unknown,Owes balance,Not applicable,Not applicable,No issues
XT-00003,Kofi Achebe,Individual,kofi.achebe@gmail.com,+2348084456920,Lagos,Nigeria,NGN,2023-08-04,Instagram,invoice to accounts dept,Not applicable,Not applicable,No issues
XT-00004,Kraft Media,Corporate,kraft.media@yahoo.com,Unknown,Atlanta,United States,NGN,2021-11-20,Email,invoice to accounts dept,Not applicable,Not applicable,phone_invalid_9_digits
XT-00005,Björn Dlamini,Individual,bjorn.dlamini@outlook.com,+2348034951944,Abuja,Nigeria,NGN,2023-04-12,Walk-in,"Discount agreed, see email",Not applicable,Not applicable,city_taken_from_own_bookings
XT-00006,Elena Adeyemi,Individual,elena.adeyemi@company.ng,Unknown,Abuja,Nigeria,NGN,2022-06-26,Google,Not applicable,Not applicable,Not applicable,phone_invalid_9_digits
XT-00007,Fatima Achebe,Individual,fatima.achebe@company.ng,+2348090028003,Port Harcourt,Nigeria,NGN,2022-12-12,Google,Not applicable,Not applicable,Not applicable,No issues
XT-00008,Kraft Holdings,Corporate,kraft.holdings@yahoo.com,+2348048375232,Lagos,Nigeria,NGN,2024-03-01,Unknown,do not call before 10am,Not applicable,Not applicable,No issues
XT-00009,Ngozi Smith,Individual,ngozi.smith@company.ng,Unknown,Lagos,Nigeria,NGN,2022-06-22,Google,Not applicable,Not applicable,Not applicable,phone_invalid_9_digits
XT-00010,Amaka Bello,Individual,Unknown,+2348040362760,Abuja,Nigeria,NGN,2024-05-29,Instagram,Not applicable,Not applicable,Not applicable,No issues
XT-00011,Harmattan Media,Corporate,harmattan.media@outlook.com,+2348015121804,Enugu,Nigeria,NGN,2023-03-19,Referral,VIP - handle w/ care,Not applicable,Not applicable,No issues
XT-00012,Sarah Mohammed,Individual,sarah.mohammed@gmail.com,+2348012222022,Accra,Ghana,NGN,2022-07-04,TikTok,"Discount agreed, see email",Not applicable,Not applicable,client_type_derived_from_name
XT-00013,Radiant Group,Corporate,radiant.group@yahoo.com,+2348099396905,Lagos,Nigeria,NGN,2023-10-14,TikTok,prefers whatsapp,Not applicable,Not applicable,No issues
XT-00014,Mango NGO,Corporate,mango.ngo@gmail.com,+2348088751849,Dubai,United Arab Emirates,NGN,2024-06-07,TikTok,Not applicable,Not applicable,Not applicable,No issues
XT-00015,Temitope Kim,Individual,temitope.kim@yahoo.com,+2348094379513,Ibadan,Nigeria,NGN,2022-02-10,Walk-in,Owes balance,Not applicable,Not applicable,No issues
XT-00016,Uche Müller,Individual,uche.muller@mail.com,+2348015069894,Port Harcourt,Nigeria,NGN,2022-04-21,Instagram,prefers whatsapp,Not applicable,Not applicable,No issues
XT-00017,Terra Collective,Corporate,terra.collective@outlook.com,Unknown,Abuja,Nigeria,NGN,2022-09-01,Walk-in,Not applicable,Not applicable,Not applicable,No issues
XT-00018,Silverbird Brands,Corporate,Unknown,+2348037346996,Abuja,Nigeria,NGN,2023-01-09,Walk-in,Not applicable,Not applicable,Not applicable,No issues
XT-00019,Harmattan LTD,Corporate,harmattan.ltd@gmail.com,+2348050083970,Lagos,Nigeria,NGN,2023-04-07,TikTok,"Repeat client, 3rd project see 2022 folder",Not applicable,Not applicable,No issues
XT-00020,Third Mainland Brands,Corporate,third.mainland.brands@yahoo.com,+2348020043896,Abuja,Nigeria,NGN,2024-07-13,Instagram,"Repeat client, 3rd project see 2022 folder",Not applicable,Not applicable,client_type_derived_from_name
XT-00021,Thabo Mohammed,Individual,thabo.mohammed@outlook.com,+2348099086204,Port Harcourt,Nigeria,NGN,2023-01-31,Unknown,VIP - handle w/ care,Not applicable,Not applicable,No issues
XT-00022,Sahara Brands,Corporate,sahara.brands@yahoo.com,Unknown,Abuja,Nigeria,NGN,2022-02-17,TikTok,invoice to accounts dept,Not applicable,Not applicable,phone_invalid_9_digits
XT-00023,Zainab Adebayo-Cole,Individual,zainab.adebayo-cole@mail.com,Unknown,Johannesburg,South Africa,NGN,2021-06-11,Walk-in,Owes balance,Not applicable,Not applicable,"client_type_derived_from_name,phone_invalid_9_digits"
XT-00024,Priya Balogun,Individual,priya.balogun@outlook.com,Unknown,Atlanta,United States,NGN,2023-01-11,Agency Partner,do not call before 10am,Not applicable,Not applicable,phone_invalid_9_digits
XT-00025,Novo Media,Corporate,novo.media@outlook.com,+2348092129171,Lagos,Nigeria,NGN,2022-10-01,Agency Partner,VIP - handle w/ care,Not applicable,Not applicable,No issues
XT-00026,Kraft Brands,Corporate,kraft.brands@mail.com,+2348045738201,Lagos,Nigeria,NGN,2022-10-09,Google,Not applicable,Not applicable,Not applicable,No issues
XT-00027,Grace Balogun,Individual,grace.balogun@mail.com,+2348018115370,Nairobi,Kenya,NGN,2021-03-23,Google,"Repeat client, 3rd project see 2022 folder",Not applicable,Not applicable,No issues
XT-00028,Femi Müller,Individual,femi.muller@outlook.com,Unknown,Port Harcourt,Nigeria,NGN,2023-04-12,Google,Not applicable,Not applicable,Not applicable,No issues
XT-00029,Delta Rise NGO,Corporate,delta.rise.ngo@yahoo.com,+2348090762314,Lagos,Nigeria,NGN,2023-07-28,Agency Partner,do not call before 10am,Not applicable,Not applicable,No issues
XT-00030,Mango Bank PLC,Corporate,mango.bank.plc@mail.com,+2348093116324,Abuja,Nigeria,NGN,2023-08-22,TikTok,VIP - handle w/ care,Not applicable,Not applicable,city_taken_from_own_bookings
XT-00031,Mango Holdings,Corporate,mango.holdings@yahoo.com,+2348075694794,Unknown,Nigeria,NGN,Unknown,Agency Partner,do not call before 10am,Not applicable,Not applicable,No issues
XT-00032,Thabo Danjuma,Individual,thabo.danjuma@yahoo.com,Unknown,Johannesburg,South Africa,NGN,2023-04-29,Agency Partner,Not applicable,Not applicable,Not applicable,phone_invalid_9_digits
XT-00033,Cassava Brands,Corporate,cassava.brands@outlook.com,+2348041065136,Johannesburg,South Africa,NGN,2022-06-10,Agency Partner,Not applicable,Not applicable,Not applicable,city_taken_from_own_bookings
XT-00034,Yusuf O'Brien,Individual,yusuf.obrien@gmail.com,Unknown,Enugu,Nigeria,NGN,2020-12-04,Walk-in,Not applicable,Not applicable,Not applicable,No issues
XT-00035,Anchor Brands,Corporate,anchor.brands@mail.com,+2348030563890,Lagos,Nigeria,NGN,2021-05-03,Agency Partner,Owes balance,Not applicable,Not applicable,city_taken_from_own_bookings
XT-00036,Harmattan Limited,Corporate,harmattan.limited@outlook.com,Unknown,Abuja,Nigeria,NGN,2024-08-03,Unknown,Not applicable,Not applicable,Not applicable,phone_invalid_9_digits
XT-00037,Zenith Media,Corporate,zenith.media@mail.com,Unknown,Port Harcourt,Nigeria,NGN,2023-01-13,Google,VIP - handle w/ care,Not applicable,Not applicable,phone_invalid_9_digits
XT-00038,Mango Collective,Corporate,mango.collective@outlook.com,+2348046513996,Lagos,Nigeria,NGN,2023-01-16,Unknown,do not call before 10am,Not applicable,Not applicable,No issues
XT-00039,Adaeze Achebe,Individual,adaeze.achebe@outlook.com,+2348081842943,Enugu,Nigeria,NGN,2022-02-04,Agency Partner,Not applicable,Not applicable,Not applicable,country_derived_from_city
XT-00040,Mango Collective,Corporate,mango.collective@outlook.com,+2348062820193,Enugu,Nigeria,NGN,2022-08-16,TikTok,"Repeat client, 3rd project see 2022 folder",Not applicable,Not applicable,No issues
XT-00041,Priya Smith,Individual,priya.smith@yahoo.com,+2348031450114,Abuja,Nigeria,NGN,2022-03-10,Referral,Not applicable,Not applicable,Not applicable,No issues
XT-00042,Delta Rise Collective,Corporate,delta.rise.collective@company.ng,Unknown,Abuja,Nigeria,NGN,2021-11-12,Google,Owes balance,Not applicable,Not applicable,phone_invalid_8_digits
XT-00043,Sade Mensah,Individual,sade.mensah@mail.com,+2348076881588,Abuja,Nigeria,NGN,Unknown,Walk-in,Not applicable,Not applicable,Not applicable,No issues
XT-00044,Thabo Adeyemi,Individual,thabo.adeyemi@yahoo.com,+2348079465859,Johannesburg,South Africa,NGN,2023-02-27,Unknown,Owes balance,Not applicable,Not applicable,client_type_derived_from_name
XT-00045,Elena O'Brien,Individual,Unknown,Unknown,Lagos,Nigeria,NGN,2022-05-17,Agency Partner,"Discount agreed, see email",Not applicable,Not applicable,phone_invalid_9_digits
XT-00046,Obinna Mohammed,Individual,obinna.mohammed@mail.com,Unknown,Abuja,Nigeria,NGN,2024-01-02,Email,VIP - handle w/ care,Not applicable,Not applicable,phone_invalid_9_digits
XT-00047,Sarah Bello,Individual,sarah.bello@outlook.com,+2348037362056,Lagos,Nigeria,NGN,2023-04-09,Walk-in,Not applicable,Not applicable,Not applicable,No issues
XT-00048,Priya Ojo,Individual,priya.ojo@yahoo.com,Unknown,Lagos,Nigeria,NGN,2023-05-28,Walk-in,"Discount agreed, see email",Not applicable,Not applicable,phone_invalid_9_digits
XT-00049,Sahara Bank PLC,Corporate,sahara.bank.plc@company.ng,+2348028417793,Lagos,Nigeria,NGN,2021-10-25,Instagram,Not applicable,Not applicable,Not applicable,No issues
XT-00050,Kraft Agency,Corporate,kraft.agency@gmail.com,Unknown,Dubai,United Arab Emirates,NGN,2022-01-10,Email,Not applicable,Not applicable,Not applicable,No issues
XT-00051,Temitope Adeyemi,Individual,temitope.adeyemi@company.ng,+2348013261733,Abuja,Nigeria,NGN,2022-10-06,Unknown,invoice to accounts dept,Not applicable,Not applicable,No issues
XT-00052,Ngozi Danjuma,Individual,ngozi.danjuma@yahoo.com,Unknown,Lagos,Nigeria,NGN,2022-07-15,Referral,Not applicable,Not applicable,Not applicable,phone_invalid_9_digits
XT-00053,Sahara Limited,Corporate,sahara.limited@outlook.com,+2348099787065,Accra,Ghana,NGN,2023-03-04,Referral,Not applicable,Not applicable,Not applicable,No issues
XT-00054,Delta Rise Studios,Corporate,delta.rise.studios@yahoo.com,Unknown,Abuja,Nigeria,NGN,2023-03-03,Agency Partner,"Repeat client, 3rd project see 2022 folder",Not applicable,Not applicable,phone_invalid_9_digits
XT-00055,Tunde Smith,Individual,tunde.smith@company.ng,+2348014564531,Port Harcourt,Nigeria,NGN,2022-11-17,Walk-in,"Discount agreed, see email",Not applicable,Not applicable,No issues
XT-00056,Ember NGO,Corporate,ember.ngo@mail.com,+2348029954824,Abuja,Nigeria,NGN,Unknown,Walk-in,Not applicable,Not applicable,Not applicable,No issues
XT-00057,Daniel Farouk,Individual,daniel.farouk@gmail.com,+2348088450054,Ibadan,Nigeria,NGN,2023-04-10,Walk-in,prefers whatsapp,Not applicable,Not applicable,No issues
XT-00058,Temitope Mohammed,Individual,temitope.mohammed@company.ng,+2348016559353,Nairobi,Kenya,NGN,2023-06-25,Email,Not applicable,Not applicable,Not applicable,No issues
XT-00059,Musa Chen,Individual,musa.chen@outlook.com,+2348069962689,London,United Kingdom,NGN,2021-06-24,TikTok,Not applicable,Not applicable,Not applicable,No issues
XT-00060,Kraft Limited,Corporate,kraft.limited@company.ng,Unknown,Lagos,Nigeria,NGN,2023-05-07,Agency Partner,invoice to accounts dept,Not applicable,Not applicable,phone_invalid_9_digits
XT-00061,Sahara Agency,Corporate,Unknown,+2348083971923,Lagos,Nigeria,NGN,2023-08-03,Unknown,"Repeat client, 3rd project see 2022 folder",Not applicable,Not applicable,No issues
XT-00062,Cassava Agency,Corporate,cassava.agency@outlook.com,+2348045200638,Lagos,Nigeria,NGN,2024-07-26,Unknown,prefers whatsapp,Not applicable,Not applicable,No issues
XT-00063,Kofi Ibrahim,Individual,kofi.ibrahim@mail.com,+2348012933180,London,United Kingdom,NGN,2022-09-26,Agency Partner,Not applicable,Not applicable,Not applicable,city_taken_from_own_bookings
XT-00064,Mango Group,Corporate,mango.group@gmail.com,Unknown,Port Harcourt,Nigeria,NGN,2024-01-03,TikTok,Not applicable,Not applicable,Not applicable,phone_invalid_9_digits
XT-00065,Segun Okafor,Individual,segun.okafor@gmail.com,Unknown,Lagos,Nigeria,NGN,2024-03-11,Unknown,Not applicable,Not applicable,Not applicable,phone_invalid_8_digits
XT-00066,Mango Foods,Corporate,mango.foods@mail.com,+2348032256763,Atlanta,United States,NGN,2022-03-01,Walk-in,do not call before 10am,Not applicable,Not applicable,country_derived_from_city
XT-00067,Zainab Adeyemi,Individual,zainab.adeyemi@gmail.com,Unknown,Johannesburg,South Africa,NGN,2022-09-28,Agency Partner,VIP - handle w/ care,Not applicable,Not applicable,phone_invalid_9_digits
XT-00068,Adaeze Nwosu,Individual,adaeze.nwosu@company.ng,+2348064631519,Port Harcourt,Nigeria,NGN,2022-10-05,Agency Partner,prefers whatsapp,Not applicable,Not applicable,No issues
XT-00069,Kraft Brands,Corporate,kraft.brands@yahoo.com,+2348026462085,Lagos,Nigeria,NGN,2022-12-29,Agency Partner,prefers whatsapp,Not applicable,Not applicable,No issues
XT-00070,Terra Holdings,Corporate,terra.holdings@gmail.com,+2348033190437,Unknown,Nigeria,NGN,2021-05-14,TikTok,prefers whatsapp,Not applicable,Not applicable,No issues
XT-00071,Northline Group,Corporate,northline.group@yahoo.com,+2348065145252,Ibadan,Nigeria,NGN,2022-03-03,Google,"Discount agreed, see email",Not applicable,Not applicable,client_type_derived_from_name
XT-00072,Marcus Osei,Individual,marcus.osei@mail.com,+2348078390464,Dubai,United Arab Emirates,NGN,2023-07-19,Email,prefers whatsapp,Not applicable,Not applicable,city_taken_from_own_bookings
XT-00073,Cassava Media,Corporate,cassava.media@gmail.com,+2348099570705,Lagos,Nigeria,NGN,2021-04-07,Referral,invoice to accounts dept,XT-02073,0.957,No issues
XT-00074,Cassava LTD,Corporate,cassava.ltd@outlook.com,Unknown,Ibadan,Nigeria,NGN,2024-01-22,Walk-in,invoice to accounts dept,Not applicable,Not applicable,No issues
XT-00075,Femi Okafor,Individual,femi.okafor@yahoo.com,+2348054886945,Lagos,Nigeria,NGN,2023-07-12,Google,prefers whatsapp,Not applicable,Not applicable,No issues
XT-00076,Palmwine Collective,Corporate,palmwine.collective@gmail.com,Unknown,Lagos,Nigeria,NGN,2021-12-23,Instagram,"Repeat client, 3rd project see 2022 folder",Not applicable,Not applicable,No issues
XT-00077,Sahara Studios,Corporate,sahara.studios@mail.com,+2348040628292,Lagos,Nigeria,NGN,2023-01-30,TikTok,VIP - handle w/ care,Not applicable,Not applicable,No issues
XT-00078,Obsidian Agency,Corporate,obsidian.agency@gmail.com,+2348068015618,Ibadan,Nigeria,NGN,2023-03-03,Google,prefers whatsapp,XT-02078,0.929,No issues
XT-00079,Anchor LTD,Corporate,anchor.ltd@outlook.com,Unknown,Abuja,Nigeria,NGN,2022-01-30,Unknown,Owes balance,Not applicable,Not applicable,phone_invalid_9_digits
XT-00080,Palmwine Records,Corporate,palmwine.records@outlook.com,+2348082179959,Lagos,Nigeria,NGN,2020-12-27,Email,Not applicable,Not applicable,Not applicable,No issues
XT-00081,Ember Brands,Corporate,Unknown,+2348063536401,Lagos,Nigeria,NGN,2024-04-20,Referral,invoice to accounts dept,Not applicable,Not applicable,No issues
XT-00082,Sarah Dlamini,Individual,sarah.dlamini@outlook.com,Unknown,Atlanta,United States,NGN,2021-10-11,Unknown,"Repeat client, 3rd project see 2022 folder",Not applicable,Not applicable,No issues
XT-00083,Blue Ivy NGO,Corporate,blue.ivy.ngo@gmail.com,+2348050625565,Lagos,Nigeria,NGN,2023-12-27,Walk-in,invoice to accounts dept,Not applicable,Not applicable,No issues
XT-00084,Terra Bank PLC,Corporate,terra.bank.plc@yahoo.com,+2348043839884,Lagos,Nigeria,NGN,2022-03-23,Agency Partner,prefers whatsapp,Not applicable,Not applicable,No issues
XT-00085,Terra Foods,Corporate,terra.foods@outlook.com,+2348046468217,Kano,Nigeria,NGN,2021-12-05,Google,Not applicable,Not applicable,Not applicable,No issues
XT-00086,Blue Ivy Media,Corporate,Unknown,Unknown,Lagos,Nigeria,NGN,2023-08-20,Agency Partner,do not call before 10am,Not applicable,Not applicable,No issues
XT-00087,Musa Anyanwu,Individual,Unknown,Unknown,Lagos,Nigeria,NGN,2022-01-13,Instagram,invoice to accounts dept,Not applicable,Not applicable,phone_invalid_8_digits
XT-00088,Third Mainland Foods,Corporate,third.mainland.foods@mail.com,Unknown,Atlanta,United States,NGN,2020-10-26,Email,Not applicable,Not applicable,Not applicable,No issues
XT-00089,Novo Studios,Corporate,novo.studios@mail.com,+2348010565607,Abuja,Nigeria,NGN,2021-10-14,Instagram,invoice to accounts dept,Not applicable,Not applicable,No issues
XT-00090,Grace Farouk,Individual,grace.farouk@mail.com,+2348010587071,Enugu,Nigeria,NGN,2022-03-22,Instagram,"Repeat client, 3rd project see 2022 folder",XT-02090,0.957,No issues
XT-00091,Palmwine Holdings,Corporate,palmwine.holdings@company.ng,+2348030138201,London,United Kingdom,NGN,2021-11-28,Google,VIP - handle w/ care,Not applicable,Not applicable,No issues
XT-00092,Obsidian Bank PLC,Corporate,obsidian.bank.plc@gmail.com,Unknown,London,United Kingdom,NGN,2022-02-10,Referral,"Repeat client, 3rd project see 2022 folder",Not applicable,Not applicable,"country_derived_from_city,phone_invalid_9_digits"
XT-00093,Delta Rise Collective,Corporate,delta.rise.collective@gmail.com,+2348081339066,London,United Kingdom,NGN,Unknown,TikTok,invoice to accounts dept,Not applicable,Not applicable,No issues
XT-00094,Silverbird Agency,Corporate,silverbird.agency@outlook.com,+2348032131432,Port Harcourt,Nigeria,NGN,2022-03-24,Referral,prefers whatsapp,XT-02094,0.968,No issues
XT-00095,Chioma Danjuma,Individual,chioma.danjuma@outlook.com,Unknown,Ibadan,Nigeria,NGN,2022-10-04,TikTok,Not applicable,Not applicable,Not applicable,phone_invalid_9_digits
XT-00096,Musa Achebe,Individual,musa.achebe@mail.com,+2348075933110,Port Harcourt,Nigeria,NGN,2022-11-12,Agency Partner,Owes balance,XT-02096,0.947,No issues
XT-00097,Damilola García,Individual,damilola.garcia@mail.com,+2348065849704,Port Harcourt,Nigeria,NGN,2023-09-12,Walk-in,Not applicable,Not applicable,Not applicable,No issues
XT-00098,Novo Agency,Corporate,Unknown,+2348014341961,Abuja,Nigeria,NGN,2022-05-18,Walk-in,invoice to accounts dept,Not applicable,Not applicable,No issues
XT-00099,Delta Rise Holdings,Corporate,delta.rise.holdings@company.ng,Unknown,Lagos,Nigeria,NGN,2024-05-04,TikTok,Not applicable,Not applicable,Not applicable,No issues
XT-00100,Delta Rise Brands,Corporate,delta.rise.brands@mail.com,+2348034398886,Abuja,Nigeria,NGN,2022-09-02,Agency Partner,Owes balance,Not applicable,Not applicable,No issues
XT-00101,Lagoon Telecom,Corporate,lagoon.telecom@mail.com,Unknown,Port Harcourt,Nigeria,NGN,2022-01-29,TikTok,do not call before 10am,Not applicable,Not applicable,phone_invalid_9_digits
XT-00102,Björn Nwosu,Individual,bjorn.nwosu@mail.com,Unknown,Johannesburg,South Africa,NGN,Unknown,Walk-in,do not call before 10am,Not applicable,Not applicable,"city_taken_from_own_bookings,phone_invalid_9_digits"
XT-00103,Radiant Brands,Corporate,radiant.brands@gmail.com,Unknown,Enugu,Nigeria,NGN,2022-11-08,Google,VIP - handle w/ care,Not applicable,Not applicable,phone_invalid_9_digits
XT-00104,Harmattan Records,Corporate,Unknown,Unknown,Accra,Ghana,NGN,2023-05-22,Email,VIP - handle w/ care,Not applicable,Not applicable,phone_invalid_8_digits
XT-00105,Harmattan Records,Corporate,harmattan.records@mail.com,+2348013186342,Abuja,Nigeria,NGN,2024-02-25,Google,prefers whatsapp,Not applicable,Not applicable,No issues
XT-00106,Wei O'Brien,Individual,wei.obrien@mail.com,+2348020370917,Johannesburg,South Africa,NGN,2023-07-22,Instagram,Owes balance,Not applicable,Not applicable,No issues
XT-00107,Terra Records,Corporate,terra.records@yahoo.com,Unknown,Lagos,Nigeria,NGN,2021-11-10,Google,Not applicable,Not applicable,Not applicable,"city_taken_from_own_bookings,country_derived_from_city,phone_invalid_8_digits"
XT-00108,Marcus Mohammed,Individual,marcus.mohammed@mail.com,+2348024879785,Lagos,Nigeria,NGN,2023-05-04,Google,prefers whatsapp,Not applicable,Not applicable,country_derived_from_city
XT-00109,Priya Adebayo-Cole,Individual,priya.adebayo-cole@yahoo.com,+2348047658742,Lagos,Nigeria,NGN,2021-08-23,Unknown,Not applicable,Not applicable,Not applicable,No issues
XT-00110,Olamide Sowore,Individual,olamide.sowore@outlook.com,+2348075117168,Kano,Nigeria,NGN,2023-09-27,Walk-in,do not call before 10am,Not applicable,Not applicable,client_type_derived_from_name
XT-00111,Sade Chukwu,Individual,sade.chukwu@yahoo.com,+2348010180674,Lagos,Nigeria,NGN,2023-02-24,Agency Partner,"Repeat client, 3rd project see 2022 folder",Not applicable,Not applicable,No issues
XT-00112,Femi Mensah,Individual,femi.mensah@gmail.com,+2348058013271,London,United Kingdom,NGN,2023-09-27,Unknown,VIP - handle w/ care,Not applicable,Not applicable,"city_taken_from_own_bookings,country_derived_from_city"
XT-00113,Zenith Records,Corporate,zenith.records@mail.com,+2348056796185,Accra,Ghana,NGN,2024-07-05,Unknown,prefers whatsapp,Not applicable,Not applicable,No issues
XT-00114,Sarah Achebe,Individual,sarah.achebe@yahoo.com,+2348026942352,Abuja,Nigeria,NGN,2023-06-28,Walk-in,Not applicable,Not applicable,Not applicable,No issues
XT-00115,Núria Adeyemi,Individual,nuria.adeyemi@mail.com,Unknown,Abuja,Nigeria,NGN,2022-08-03,Agency Partner,Not applicable,Not applicable,Not applicable,"city_taken_from_own_bookings,phone_invalid_9_digits"
XT-00116,Novo Media,Corporate,novo.media@outlook.com,+2348034648490,Abuja,Nigeria,NGN,2022-07-15,Walk-in,"Discount agreed, see email",Not applicable,Not applicable,No issues
XT-00117,Third Mainland Media,Corporate,third.mainland.media@gmail.com,+2348046840342,Kano,Nigeria,NGN,2022-09-04,Google,"Discount agreed, see email",Not applicable,Not applicable,No issues
XT-00118,Marcus Nwosu,Individual,marcus.nwosu@gmail.com,+2348026952227,Accra,Ghana,NGN,2022-07-06,Google,invoice to accounts dept,Not applicable,Not applicable,No issues
XT-00119,Sahara Brands,Corporate,sahara.brands@outlook.com,Unknown,Ibadan,Nigeria,NGN,2021-02-27,Unknown,do not call before 10am,Not applicable,Not applicable,"country_derived_from_city,phone_invalid_9_digits"
XT-00120,Yusuf Farouk,Individual,yusuf.farouk@mail.com,Unknown,Lagos,Nigeria,NGN,2024-03-28,Email,Owes balance,Not applicable,Not applicable,phone_invalid_9_digits
XT-00121,Novo Studios,Corporate,novo.studios@gmail.com,Unknown,Port Harcourt,Nigeria,NGN,2022-10-11,Walk-in,prefers whatsapp,Not applicable,Not applicable,phone_invalid_9_digits
XT-00122,Delta Rise Media,Corporate,delta.rise.media@yahoo.com,Unknown,Lagos,Nigeria,NGN,2022-11-22,Email,invoice to accounts dept,Not applicable,Not applicable,No issues
XT-00123,Ahmed Abiola,Individual,ahmed.abiola@outlook.com,Unknown,Abuja,Nigeria,NGN,2021-10-27,Google,Not applicable,Not applicable,Not applicable,phone_invalid_9_digits
XT-00124,Third Mainland LTD,Corporate,third.mainland.ltd@outlook.com,+2348031082667,Kano,Nigeria,NGN,2023-06-14,Google,Not applicable,Not applicable,Not applicable,No issues
XT-00125,Chidinma Farouk,Individual,chidinma.farouk@yahoo.com,+2348055975056,Lagos,Nigeria,NGN,2023-02-08,Agency Partner,prefers whatsapp,Not applicable,Not applicable,No issues
XT-00126,Mango Holdings,Corporate,mango.holdings@mail.com,+2348078971832,Ibadan,Nigeria,NGN,Unknown,Referral,VIP - handle w/ care,Not applicable,Not applicable,conflicting_values:phone
XT-00127,Sade Chen,Individual,sade.chen@yahoo.com,+2348049934646,Accra,Ghana,NGN,2023-12-31,Agency Partner,Not applicable,Not applicable,Not applicable,No issues
XT-00128,Emeka Dlamini,Individual,emeka.dlamini@mail.com,+2348071615778,Enugu,Nigeria,NGN,2021-10-16,Walk-in,VIP - handle w/ care,Not applicable,Not applicable,No issues
XT-00129,Delta Rise Media,Corporate,delta.rise.media@mail.com,+2348092744536,Nairobi,Kenya,NGN,2023-10-20,Agency Partner,do not call before 10am,Not applicable,Not applicable,country_derived_from_city
XT-00130,Fatima Okafor,Individual,fatima.okafor@mail.com,Unknown,Unknown,Nigeria,NGN,2021-09-05,TikTok,Owes balance,Not applicable,Not applicable,No issues
XT-00131,Sahara Studios,Corporate,sahara.studios@gmail.com,+2348050660425,Accra,Ghana,NGN,2024-06-25,Unknown,invoice to accounts dept,Not applicable,Not applicable,No issues
XT-00132,Kobo Agency,Corporate,Unknown,+2348071516238,Ibadan,Nigeria,NGN,2023-01-01,Agency Partner,VIP - handle w/ care,Not applicable,Not applicable,client_type_derived_from_name
XT-00133,Northline Telecom,Corporate,northline.telecom@company.ng,Unknown,Lagos,Nigeria,NGN,2020-08-16,Google,Not applicable,Not applicable,Not applicable,No issues
XT-00134,Marcus Olawale,Individual,marcus.olawale@company.ng,Unknown,Accra,Ghana,NGN,2021-02-23,Unknown,Not applicable,Not applicable,Not applicable,No issues
XT-00135,Kraft Media,Corporate,kraft.media@yahoo.com,Unknown,Lagos,Nigeria,NGN,2023-12-18,TikTok,invoice to accounts dept,Not applicable,Not applicable,phone_invalid_9_digits
XT-00136,Anchor Media,Corporate,anchor.media@mail.com,Unknown,Lagos,Nigeria,NGN,2023-05-18,TikTok,Not applicable,Not applicable,Not applicable,No issues
XT-00137,Tunde Mensah,Individual,tunde.mensah@yahoo.com,+2348072912506,Abuja,Nigeria,NGN,2024-01-19,TikTok,invoice to accounts dept,XT-02137,1.0,No issues
XT-00138,Third Mainland Bank PLC,Corporate,third.mainland.bank.plc@company.ng,+2348014834359,Abuja,Nigeria,NGN,2023-04-15,Referral,Not applicable,Not applicable,Not applicable,client_type_derived_from_name
XT-00139,Harmattan Agency,Corporate,harmattan.agency@gmail.com,+2348089475564,Lagos,Nigeria,NGN,2021-08-06,Email,"Discount agreed, see email",Not applicable,Not applicable,No issues
XT-00140,Ember Limited,Corporate,ember.limited@outlook.com,Unknown,Lagos,Nigeria,NGN,2023-05-12,Agency Partner,"Discount agreed, see email",Not applicable,Not applicable,phone_invalid_9_digits
XT-00141,Sarah Ojo,Individual,sarah.ojo@mail.com,Unknown,London,United Kingdom,NGN,2024-02-13,TikTok,prefers whatsapp,Not applicable,Not applicable,"client_type_derived_from_name,phone_invalid_9_digits"
XT-00142,Musa Chen,Individual,musa.chen@yahoo.com,+2348056673062,Lagos,Nigeria,NGN,2024-03-29,Walk-in,Owes balance,Not applicable,Not applicable,No issues
XT-00143,André Farouk,Individual,Unknown,+2348023871431,Lagos,Nigeria,NGN,2021-06-26,Referral,invoice to accounts dept,Not applicable,Not applicable,No issues
XT-00144,Ember LTD,Corporate,ember.ltd@gmail.com,Unknown,Lagos,Nigeria,NGN,2022-06-01,Unknown,Not applicable,Not applicable,Not applicable,phone_invalid_9_digits
XT-00145,Cassava Brands,Corporate,Unknown,+2348099640007,Dubai,United Arab Emirates,NGN,2021-06-29,Email,VIP - handle w/ care,Not applicable,Not applicable,country_derived_from_city
XT-00146,Sahara Agency,Corporate,sahara.agency+1@outlook.com,Unknown,Johannesburg,South Africa,NGN,2023-08-13,Walk-in,Not applicable,XT-02146,0.917,No issues
XT-00147,Sahara Holdings,Corporate,sahara.holdings@outlook.com,+2348038615824,Kano,Nigeria,NGN,2022-06-19,Google,Not applicable,Not applicable,Not applicable,No issues
XT-00148,Northline Group,Corporate,Unknown,Unknown,Lagos,Nigeria,NGN,2022-08-18,Agency Partner,Not applicable,Not applicable,Not applicable,No issues
XT-00149,Aisha Okafor,Individual,aisha.okafor@mail.com,Unknown,Enugu,Nigeria,NGN,2023-05-02,Agency Partner,Not applicable,Not applicable,Not applicable,phone_invalid_9_digits
XT-00150,Elena Kim,Individual,elena.kim@company.ng,+2348024010635,Lagos,Nigeria,NGN,2022-08-13,Instagram,Not applicable,Not applicable,Not applicable,city_taken_from_own_bookings
XT-00151,Chioma Adebayo-Cole,Individual,chioma.adebayo-cole@mail.com,Unknown,Lagos,Nigeria,NGN,2022-04-14,TikTok,"Repeat client, 3rd project see 2022 folder",Not applicable,Not applicable,phone_invalid_9_digits
XT-00152,Ember Media,Corporate,ember.media@yahoo.com,+2348011321321,Lagos,Nigeria,NGN,2022-02-13,Agency Partner,Not applicable,Not applicable,Not applicable,No issues
XT-00153,Sióbhan Abiola,Individual,siobhan.abiola@outlook.com,+2348074598322,Accra,Ghana,NGN,2022-12-30,Instagram,Not applicable,Not applicable,Not applicable,No issues
XT-00154,Sahara Records,Corporate,Unknown,+2348017609764,Dubai,United Arab Emirates,NGN,Unknown,TikTok,Not applicable,Not applicable,Not applicable,No issues
XT-00155,Ifeanyi Bello,Individual,Unknown,+2348079396129,Atlanta,United States,NGN,2022-03-13,Email,"Repeat client, 3rd project see 2022 folder",Not applicable,Not applicable,No issues
XT-00156,Radiant Group,Corporate,radiant.group@mail.com,Unknown,Ibadan,Nigeria,NGN,2023-12-29,Referral,Not applicable,Not applicable,Not applicable,phone_invalid_9_digits
XT-00157,Kelechi Anyanwu,Individual,kelechi.anyanwu@company.ng,Unknown,Lagos,Nigeria,NGN,2022-02-10,Unknown,Not applicable,Not applicable,Not applicable,phone_invalid_9_digits
XT-00158,Núria Dlamini,Individual,Unknown,+2348043900412,Accra,Ghana,NGN,2022-06-25,TikTok,Owes balance,Not applicable,Not applicable,No issues
XT-00159,Sióbhan Oyelaran,Individual,siobhan.oyelaran@mail.com,Unknown,Unknown,United Kingdom,NGN,2024-06-17,Referral,"Discount agreed, see email",Not applicable,Not applicable,No issues
XT-00160,Palmwine Bank PLC,Corporate,palmwine.bank.plc@gmail.com,Unknown,Port Harcourt,Nigeria,NGN,2023-02-11,Email,prefers whatsapp,Not applicable,Not applicable,phone_invalid_9_digits
XT-00161,Uche Abiola,Individual,uche.abiola@yahoo.com,+2348057608800,London,United Kingdom,NGN,2022-07-05,Email,do not call before 10am,Not applicable,Not applicable,No issues
XT-00162,Mango Collective,Corporate,mango.collective@yahoo.com,+2348063775827,Abuja,Nigeria,NGN,2023-08-15,Email,Not applicable,XT-02162,0.966,No issues
XT-00163,Novo Agency,Corporate,novo.agency@outlook.com,+2348037722553,Port Harcourt,Nigeria,NGN,2024-05-04,Agency Partner,invoice to accounts dept,Not applicable,Not applicable,No issues
XT-00164,Ember Studios,Corporate,ember.studios@outlook.com,+2348048619646,Lagos,Nigeria,NGN,2022-11-27,Agency Partner,Owes balance,Not applicable,Not applicable,No issues
XT-00165,Mango Holdings,Corporate,mango.holdings@mail.com,+2348040073684,Lagos,Nigeria,NGN,2021-09-24,TikTok,do not call before 10am,Not applicable,Not applicable,No issues
XT-00166,Núria Adebayo-Cole,Individual,nuria.adebayo-cole@yahoo.com,Unknown,London,United Kingdom,NGN,2021-02-24,Referral,Not applicable,Not applicable,Not applicable,No issues
XT-00167,Radiant Holdings,Corporate,radiant.holdings@company.ng,+2348080082071,Nairobi,Kenya,NGN,2020-09-15,Unknown,"Discount agreed, see email",Not applicable,Not applicable,client_type_derived_from_name
XT-00168,Sahara NGO,Corporate,sahara.ngo@yahoo.com,Unknown,Abuja,Nigeria,NGN,2021-10-16,TikTok,Not applicable,Not applicable,Not applicable,phone_invalid_9_digits
XT-00169,Marcus Olawale,Individual,marcus.olawale@outlook.com,Unknown,Port Harcourt,Nigeria,NGN,2022-01-28,Email,prefers whatsapp,Not applicable,Not applicable,phone_invalid_9_digits
XT-00170,Segun Okafor,Individual,segun.okafor@outlook.com,+2348073857012,Lagos,Nigeria,NGN,2022-10-07,Walk-in,invoice to accounts dept,XT-02170,1.0,No issues
XT-00171,Ember Holdings,Corporate,ember.holdings@gmail.com,+2348052273143,Lagos,Nigeria,NGN,2022-04-20,Google,Not applicable,Not applicable,Not applicable,client_type_derived_from_name
XT-00172,Damilola Chukwu,Individual,damilola.chukwu@company.ng,Unknown,Lagos,Nigeria,NGN,2021-12-14,Walk-in,do not call before 10am,Not applicable,Not applicable,"client_type_derived_from_name,phone_invalid_9_digits"
XT-00173,Novo Telecom,Corporate,novo.telecom@mail.com,+2348099080507,Abuja,Nigeria,NGN,2024-01-05,Referral,VIP - handle w/ care,Not applicable,Not applicable,No issues
XT-00174,Bola Oyelaran,Individual,bola.oyelaran@mail.com,+2348019583280,Abuja,Nigeria,NGN,2022-08-04,Walk-in,prefers whatsapp,Not applicable,Not applicable,No issues
XT-00175,Obinna Mensah,Individual,obinna.mensah@gmail.com,Unknown,Lagos,Nigeria,NGN,2023-08-27,Unknown,invoice to accounts dept,Not applicable,Not applicable,phone_invalid_9_digits
XT-00176,Damilola Müller,Individual,damilola.muller@gmail.com,Unknown,Lagos,Nigeria,NGN,2023-02-25,Agency Partner,Not applicable,Not applicable,Not applicable,No issues
XT-00177,Obinna Dlamini,Individual,obinna.dlamini@company.ng,+2348037775577,Lagos,Nigeria,NGN,2024-08-24,Email,Not applicable,Not applicable,Not applicable,No issues
XT-00178,Thabo Smith,Individual,thabo.smith@outlook.com,Unknown,Ibadan,Nigeria,NGN,2021-10-11,Instagram,prefers whatsapp,Not applicable,Not applicable,No issues
XT-00179,Delta Rise Holdings,Corporate,delta.rise.holdings@company.ng,Unknown,Abuja,Nigeria,NGN,2021-01-31,Email,"Discount agreed, see email",Not applicable,Not applicable,No issues
XT-00180,Terra Records,Corporate,Unknown,+2348068755658,Abuja,Nigeria,NGN,2023-07-08,Email,VIP - handle w/ care,Not applicable,Not applicable,No issues
XT-00181,Ember LTD,Corporate,ember.ltd@mail.com,+2348099503730,Abuja,Nigeria,NGN,2022-08-19,Google,Not applicable,Not applicable,Not applicable,No issues
XT-00182,Priya Ibrahim,Individual,priya.ibrahim@gmail.com,+2348072024910,Enugu,Nigeria,NGN,2023-10-06,Instagram,Owes balance,Not applicable,Not applicable,No issues
XT-00183,Lagoon Group,Corporate,lagoon.group@outlook.com,+2348041932515,Ibadan,Nigeria,NGN,2023-05-29,Google,invoice to accounts dept,Not applicable,Not applicable,No issues
XT-00184,Marcus O'Brien,Individual,marcus.obrien@mail.com,Unknown,Lagos,Nigeria,NGN,2023-09-24,Walk-in,Not applicable,Not applicable,Not applicable,phone_invalid_9_digits
XT-00185,Lagoon Telecom,Corporate,lagoon.telecom@company.ng,+2348041446942,Abuja,Nigeria,NGN,2022-05-16,Referral,do not call before 10am,XT-02185,0.96,No issues
XT-00186,Palmwine Records,Corporate,palmwine.records@company.ng,+2348015246944,Abuja,Nigeria,NGN,2022-12-20,TikTok,Not applicable,Not applicable,Not applicable,No issues
XT-00187,Anchor Agency,Corporate,Unknown,+2348065726467,Kano,Nigeria,NGN,2024-06-23,Agency Partner,VIP - handle w/ care,Not applicable,Not applicable,No issues
XT-00188,Third Mainland Collective,Corporate,third.mainland.collective@gmail.com,+2348072054613,Enugu,Nigeria,NGN,2022-11-06,Email,invoice to accounts dept,Not applicable,Not applicable,No issues
XT-00189,Kobo Collective,Corporate,Unknown,+2348027439051,Lagos,Nigeria,NGN,2023-08-20,Instagram,do not call before 10am,Not applicable,Not applicable,No issues
XT-00190,Silverbird Foods,Corporate,silverbird.foods@yahoo.com,+2348035258211,Accra,Ghana,NGN,2024-05-06,Referral,Not applicable,Not applicable,Not applicable,No issues
XT-00191,Ngozi O'Brien,Individual,ngozi.obrien@gmail.com,+2348087661707,Ibadan,Nigeria,NGN,2022-11-24,Referral,Owes balance,Not applicable,Not applicable,No issues
XT-00192,Northline Group,Corporate,northline.group@company.ng,+2348036230258,Accra,Ghana,NGN,2021-03-17,Instagram,prefers whatsapp,Not applicable,Not applicable,No issues
XT-00193,Olamide Ojo,Individual,olamide.ojo@gmail.com,+2348018281564,Lagos,Nigeria,NGN,2021-12-11,Referral,VIP - handle w/ care,Not applicable,Not applicable,No issues
XT-00194,Núria Balogun,Individual,nuria.balogun@mail.com,Unknown,Lagos,Nigeria,NGN,2021-07-12,Walk-in,do not call before 10am,XT-02194,1.0,No issues
XT-00195,Daniel Müller,Individual,Unknown,+2348090439172,Johannesburg,South Africa,NGN,2023-10-07,Google,Not applicable,Not applicable,Not applicable,client_type_derived_from_name
XT-00196,Daniel Mohammed,Individual,daniel.mohammed@yahoo.com,+2348023678730,Johannesburg,South Africa,NGN,2022-11-12,Unknown,prefers whatsapp,Not applicable,Not applicable,No issues
XT-00197,Palmwine Media,Corporate,palmwine.media@gmail.com,+2348049466195,Ibadan,Nigeria,NGN,2023-04-13,Instagram,Not applicable,XT-02197,0.963,No issues
XT-00198,Sahara Telecom,Corporate,Unknown,+2348078077950,Nairobi,Kenya,NGN,2021-04-29,TikTok,VIP - handle w/ care,Not applicable,Not applicable,No issues
XT-00199,Zenith Limited,Corporate,zenith.limited@gmail.com,+2348036700446,Kano,Nigeria,NGN,2022-02-23,Unknown,Owes balance,Not applicable,Not applicable,No issues
XT-00200,Aisha Abiola,Individual,aisha.abiola@company.ng,Unknown,Abuja,Nigeria,NGN,2022-07-18,Referral,prefers whatsapp,Not applicable,Not applicable,city_taken_from_own_bookings
XT-00201,Palmwine Records,Corporate,palmwine.records@outlook.com,+2348017275848,Johannesburg,South Africa,NGN,2022-11-09,Walk-in,"Repeat client, 3rd project see 2022 folder",Not applicable,Not applicable,No issues
XT-00202,Harmattan Group,Corporate,Unknown,Unknown,Lagos,Nigeria,NGN,2024-04-10,Agency Partner,do not call before 10am,Not applicable,Not applicable,phone_invalid_9_digits
XT-00203,Kobo Bank PLC,Corporate,kobo.bank.plc@gmail.com,Unknown,Lagos,Nigeria,NGN,2022-09-26,Email,prefers whatsapp,Not applicable,Not applicable,phone_invalid_9_digits
XT-00204,Novo Collective,Corporate,novo.collective@mail.com,Unknown,London,United Kingdom,NGN,2021-07-25,Unknown,Not applicable,Not applicable,Not applicable,phone_invalid_9_digits
XT-00205,Zenith Bank PLC,Corporate,zenith.bank.plc@company.ng,+2348012344731,Lagos,Nigeria,NGN,2023-01-22,Walk-in,"Discount agreed, see email",Not applicable,Not applicable,country_derived_from_city
XT-00206,Northline Bank PLC,Corporate,Unknown,Unknown,Johannesburg,South Africa,NGN,2023-07-29,Agency Partner,prefers whatsapp,Not applicable,Not applicable,phone_invalid_9_digits
XT-00207,Radiant LTD,Corporate,radiant.ltd@yahoo.com,+2348026252478,Lagos,Nigeria,NGN,2021-10-09,Unknown,Not applicable,Not applicable,Not applicable,No issues
XT-00208,Sahara LTD,Corporate,sahara.ltd@yahoo.com,+2348065102681,Accra,Ghana,NGN,2023-02-27,TikTok,"Discount agreed, see email",Not applicable,Not applicable,No issues
XT-00209,José Danjuma,Individual,jose.danjuma@outlook.com,+2348077068677,London,United Kingdom,NGN,2023-03-05,Walk-in,Not applicable,Not applicable,Not applicable,No issues
XT-00210,Musa Abiola,Individual,musa.abiola@mail.com,Unknown,Lagos,Nigeria,NGN,2023-03-15,Instagram,Owes balance,Not applicable,Not applicable,city_taken_from_own_bookings
XT-00211,Adaeze Abiola,Individual,adaeze.abiola@gmail.com,+2348039069482,Lagos,Nigeria,NGN,2022-06-06,Unknown,"Repeat client, 3rd project see 2022 folder",Not applicable,Not applicable,No issues
XT-00212,Halima Kim,Individual,halima.kim@mail.com,+2348089273273,Accra,Ghana,NGN,2023-06-04,Google,Not applicable,Not applicable,Not applicable,client_type_derived_from_name
XT-00213,Fatima Chen,Individual,fatima.chen@company.ng,Unknown,Lagos,Nigeria,NGN,2024-08-01,Email,prefers whatsapp,Not applicable,Not applicable,phone_invalid_9_digits
XT-00214,Palmwine Studios,Corporate,palmwine.studios@gmail.com,+2348050645157,Lagos,Nigeria,NGN,2023-12-07,Referral,Owes balance,Not applicable,Not applicable,No issues
XT-00215,Mango Collective,Corporate,mango.collective@yahoo.com,+2348087947150,Abuja,Nigeria,NGN,2022-05-11,Referral,Not applicable,Not applicable,Not applicable,No issues
XT-00216,Ember Foods,Corporate,ember.foods@mail.com,+2348081558505,Abuja,Nigeria,NGN,2023-06-27,Walk-in,"Discount agreed, see email",Not applicable,Not applicable,No issues
XT-00217,Anchor Brands,Corporate,anchor.brands@outlook.com,Unknown,Abuja,Nigeria,NGN,2023-08-21,Walk-in,prefers whatsapp,Not applicable,Not applicable,No issues
XT-00218,Uche Kim,Individual,uche.kim@gmail.com,+2348061309783,Lagos,Nigeria,NGN,2022-11-17,TikTok,prefers whatsapp,Not applicable,Not applicable,"country_derived_from_city,client_type_derived_from_name"
XT-00219,Ember Group,Corporate,ember.group@outlook.com,+2348031770148,Lagos,Nigeria,NGN,2023-08-13,Google,VIP - handle w/ care,Not applicable,Not applicable,No issues
XT-00220,Silverbird Holdings,Corporate,Unknown,+2348023351430,Unknown,Nigeria,NGN,2023-06-24,Walk-in,"Repeat client, 3rd project see 2022 folder",Not applicable,Not applicable,No issues
XT-00221,Emeka García,Individual,emeka.garcia@gmail.com,Unknown,Nairobi,Kenya,NGN,2021-03-31,Agency Partner,Not applicable,Not applicable,Not applicable,phone_invalid_9_digits
XT-00222,Chioma Dlamini,Individual,chioma.dlamini@outlook.com,Unknown,Nairobi,Kenya,NGN,2023-03-27,Agency Partner,Not applicable,Not applicable,Not applicable,country_derived_from_city
XT-00223,Daniel Nwosu,Individual,daniel.nwosu@company.ng,Unknown,Lagos,Nigeria,NGN,2023-01-12,Instagram,Not applicable,Not applicable,Not applicable,phone_invalid_8_digits
XT-00224,Northline Media,Corporate,northline.media@yahoo.com,+2348064241282,Lagos,Nigeria,NGN,2021-06-30,TikTok,invoice to accounts dept,Not applicable,Not applicable,No issues
XT-00225,Lagoon Agency,Corporate,lagoon.agency@outlook.com,+2348080900683,Lagos,Nigeria,NGN,2023-01-27,Instagram,prefers whatsapp,Not applicable,Not applicable,client_type_derived_from_name
XT-00226,Yusuf O'Brien,Individual,yusuf.obrien+1@company.ng,+2348044432514,Dubai,United Arab Emirates,NGN,2021-05-08,TikTok,Not applicable,XT-02226,1.0,No issues
XT-00227,Northline Collective,Corporate,northline.collective@yahoo.com,+2348057603454,Port Harcourt,Nigeria,NGN,2021-04-12,Unknown,Owes balance,Not applicable,Not applicable,No issues
XT-00228,Anchor Collective,Corporate,anchor.collective@yahoo.com,+2348032046704,Lagos,Nigeria,NGN,2022-12-28,Walk-in,Not applicable,Not applicable,Not applicable,No issues
XT-00229,Adaeze Adeyemi,Individual,adaeze.adeyemi@yahoo.com,+2348089320970,Port Harcourt,Nigeria,NGN,2023-05-18,TikTok,do not call before 10am,Not applicable,Not applicable,No issues
XT-00230,Palmwine Holdings,Corporate,palmwine.holdings@company.ng,+2348095134964,London,United Kingdom,NGN,2021-08-16,TikTok,do not call before 10am,XT-02230,0.97,No issues
XT-00231,Harmattan Bank PLC,Corporate,harmattan.bank.plc@company.ng,Unknown,Port Harcourt,Nigeria,NGN,2022-08-07,Google,prefers whatsapp,Not applicable,Not applicable,phone_invalid_9_digits
XT-00232,Sahara Telecom,Corporate,Unknown,Unknown,Abuja,Nigeria,NGN,2022-05-23,Agency Partner,VIP - handle w/ care,Not applicable,Not applicable,phone_invalid_9_digits
XT-00233,Lagoon Media,Corporate,lagoon.media@outlook.com,Unknown,Abuja,Nigeria,NGN,2021-09-26,Unknown,"Discount agreed, see email",Not applicable,Not applicable,phone_invalid_9_digits
XT-00234,Blue Ivy Foods,Corporate,blue.ivy.foods@outlook.com,+2348082315954,Abuja,Nigeria,NGN,2022-01-29,Walk-in,Owes balance,Not applicable,Not applicable,No issues
XT-00235,Kraft Collective,Corporate,kraft.collective@gmail.com,+2348059396719,Abuja,Nigeria,NGN,2021-08-26,Email,"Discount agreed, see email",Not applicable,Not applicable,No issues
XT-00236,Mango Group,Corporate,mango.group@company.ng,+2348066832709,Lagos,Nigeria,NGN,2021-07-21,Agency Partner,prefers whatsapp,Not applicable,Not applicable,No issues
XT-00237,Thabo Chen,Individual,thabo.chen@mail.com,+2348076146000,Enugu,Nigeria,NGN,2021-12-01,Agency Partner,VIP - handle w/ care,XT-02237,0.941,No issues
XT-00238,Núria Abiola,Individual,nuria.abiola@mail.com,+2348026582145,Lagos,Nigeria,NGN,2024-02-18,Unknown,Not applicable,Not applicable,Not applicable,No issues
XT-00239,Yusuf Adebayo-Cole,Individual,yusuf.adebayo-cole@mail.com,+2348082173991,Atlanta,United States,NGN,2021-09-05,Agency Partner,Not applicable,Not applicable,Not applicable,No issues
XT-00240,Kelechi Chukwu,Individual,kelechi.chukwu@mail.com,+2348054812467,Abuja,Nigeria,NGN,2023-06-30,Unknown,VIP - handle w/ care,Not applicable,Not applicable,No issues
XT-00241,Obsidian Brands,Corporate,obsidian.brands@company.ng,+2348099966704,Port Harcourt,Nigeria,NGN,2022-03-04,Unknown,Owes balance,Not applicable,Not applicable,No issues
XT-00242,Zenith Telecom,Corporate,zenith.telecom@company.ng,+2348075181157,Unknown,Nigeria,NGN,2022-06-02,Instagram,Not applicable,Not applicable,Not applicable,client_type_derived_from_name
XT-00243,Núria Danjuma,Individual,nuria.danjuma@outlook.com,Unknown,Port Harcourt,Nigeria,NGN,2022-07-06,Email,VIP - handle w/ care,Not applicable,Not applicable,phone_invalid_8_digits
XT-00244,Sióbhan Balogun,Individual,siobhan.balogun@gmail.com,+2348085919101,Enugu,Nigeria,NGN,2024-06-22,Agency Partner,"Discount agreed, see email",Not applicable,Not applicable,No issues
XT-00245,Olamide Osei,Individual,olamide.osei@company.ng,Unknown,Atlanta,United States,NGN,2021-08-28,Unknown,Not applicable,Not applicable,Not applicable,phone_invalid_9_digits
XT-00246,Kraft Studios,Corporate,kraft.studios@outlook.com,+2348018314115,Abuja,Nigeria,NGN,2020-12-30,Email,Not applicable,Not applicable,Not applicable,No issues
XT-00247,Cassava Brands,Corporate,cassava.brands@yahoo.com,+2348017563722,Nairobi,Kenya,NGN,2023-02-18,Instagram,"Discount agreed, see email",Not applicable,Not applicable,No issues
XT-00248,Terra Foods,Corporate,terra.foods@gmail.com,+2348025898280,Lagos,Nigeria,NGN,2022-10-31,Unknown,Not applicable,Not applicable,Not applicable,No issues
XT-00249,Sarah Osei,Individual,sarah.osei@company.ng,+2348075867488,Atlanta,United States,NGN,2023-05-17,Google,Not applicable,Not applicable,Not applicable,No issues
XT-00250,Adaeze Chukwu,Individual,adaeze.chukwu@company.ng,+2348031064756,Accra,Ghana,NGN,2022-04-22,Instagram,Not applicable,XT-02250,0.957,No issues
XT-00251,Sióbhan Danjuma,Individual,siobhan.danjuma@company.ng,+2348024843386,Abuja,Nigeria,NGN,2023-07-17,Instagram,"Discount agreed, see email",Not applicable,Not applicable,client_type_derived_from_name
XT-00252,Halima Ibrahim,Individual,halima.ibrahim@outlook.com,Unknown,Dubai,United Arab Emirates,NGN,2023-01-04,Google,"Discount agreed, see email",Not applicable,Not applicable,phone_invalid_9_digits
XT-00253,Sarah Mensah,Individual,sarah.mensah@yahoo.com,Unknown,Lagos,Nigeria,NGN,2023-05-09,TikTok,"Repeat client, 3rd project see 2022 folder",Not applicable,Not applicable,country_derived_from_city
XT-00254,Segun Danjuma,Individual,segun.danjuma@yahoo.com,Unknown,Lagos,Nigeria,NGN,2024-02-08,Referral,Not applicable,Not applicable,Not applicable,phone_invalid_9_digits
XT-00255,Yusuf Olawale,Individual,yusuf.olawale@gmail.com,+2348087459845,Atlanta,United States,NGN,Unknown,Agency Partner,invoice to accounts dept,Not applicable,Not applicable,No issues
XT-00256,Zenith Telecom,Corporate,zenith.telecom@outlook.com,+2348035416968,Accra,Ghana,NGN,2023-11-26,Google,Not applicable,Not applicable,Not applicable,No issues
XT-00257,Obsidian Bank PLC,Corporate,obsidian.bank.plc@outlook.com,+2348046729668,Lagos,Nigeria,NGN,2022-07-10,Google,do not call before 10am,Not applicable,Not applicable,No issues
XT-00258,André Mensah,Individual,andre.mensah@company.ng,+2348016302812,Accra,Ghana,NGN,2022-07-20,Google,Not applicable,Not applicable,Not applicable,country_derived_from_city
XT-00259,Obsidian Group,Corporate,obsidian.group@outlook.com,Unknown,Unknown,Nigeria,NGN,2022-02-16,Email,invoice to accounts dept,Not applicable,Not applicable,phone_invalid_9_digits
XT-00260,André Dlamini,Individual,andre.dlamini@company.ng,+2348088543831,Lagos,Nigeria,NGN,2023-06-04,Unknown,Not applicable,Not applicable,Not applicable,No issues
XT-00261,Radiant Agency,Corporate,radiant.agency@mail.com,+2348053704638,Abuja,Nigeria,NGN,2022-04-03,Walk-in,"Repeat client, 3rd project see 2022 folder",Not applicable,Not applicable,No issues
XT-00262,Blue Ivy Holdings,Corporate,blue.ivy.holdings@outlook.com,+2348025094519,Nairobi,Kenya,NGN,2023-02-10,Google,Not applicable,Not applicable,Not applicable,No issues
XT-00263,Tunde Eze,Individual,tunde.eze@company.ng,+2348020486696,London,United Kingdom,NGN,2021-12-09,Email,prefers whatsapp,Not applicable,Not applicable,No issues
XT-00264,Novo Collective,Corporate,novo.collective@company.ng,+2348040761113,Abuja,Nigeria,NGN,2022-10-21,Google,do not call before 10am,Not applicable,Not applicable,No issues
XT-00265,Anchor Studios,Corporate,anchor.studios@outlook.com,Unknown,Ibadan,Nigeria,NGN,2023-06-17,Instagram,"Repeat client, 3rd project see 2022 folder",Not applicable,Not applicable,No issues
XT-00266,Ifeanyi Abiola,Individual,Unknown,Unknown,Nairobi,Kenya,NGN,2022-05-31,Agency Partner,Not applicable,Not applicable,Not applicable,phone_invalid_9_digits
XT-00267,Zenith Brands,Corporate,zenith.brands@outlook.com,Unknown,Johannesburg,South Africa,NGN,2023-09-01,Referral,Not applicable,Not applicable,Not applicable,No issues
XT-00268,Ahmed Ibrahim,Individual,ahmed.ibrahim@yahoo.com,Unknown,Kano,Nigeria,NGN,Unknown,TikTok,Not applicable,Not applicable,Not applicable,phone_invalid_9_digits
XT-00269,Olamide Farouk,Individual,olamide.farouk@outlook.com,+2348025150619,Abuja,Nigeria,NGN,2021-04-20,Unknown,Not applicable,Not applicable,Not applicable,country_derived_from_city
XT-00270,Cassava Holdings,Corporate,Unknown,Unknown,Lagos,Nigeria,NGN,2022-07-28,TikTok,prefers whatsapp,Not applicable,Not applicable,No issues
XT-00271,Chioma Abiola,Individual,chioma.abiola@mail.com,+2348066368241,Kano,Nigeria,NGN,2021-09-08,Referral,do not call before 10am,Not applicable,Not applicable,No issues
XT-00272,André Kim,Individual,andre.kim@company.ng,Unknown,Enugu,Nigeria,NGN,2023-02-04,Email,Not applicable,Not applicable,Not applicable,No issues
XT-00273,Terra Group,Corporate,terra.group@mail.com,Unknown,Port Harcourt,Nigeria,NGN,2024-07-14,Unknown,"Discount agreed, see email",Not applicable,Not applicable,phone_invalid_9_digits
XT-00274,Anchor Collective,Corporate,anchor.collective@company.ng,+2348045669685,Lagos,Nigeria,NGN,2022-06-08,Unknown,Not applicable,Not applicable,Not applicable,No issues
XT-00275,Ember Group,Corporate,ember.group@outlook.com,+2348056407390,Lagos,Nigeria,NGN,2021-01-21,Walk-in,Not applicable,Not applicable,Not applicable,No issues
XT-00276,Fatima Mohammed,Individual,fatima.mohammed@yahoo.com,Unknown,Abuja,Nigeria,NGN,2022-08-10,Referral,Owes balance,Not applicable,Not applicable,phone_invalid_9_digits
XT-00277,Thabo Achebe,Individual,thabo.achebe@gmail.com,+2348027499890,Enugu,Nigeria,NGN,2022-01-04,Instagram,do not call before 10am,Not applicable,Not applicable,No issues
XT-00278,Damilola Dlamini,Individual,damilola.dlamini@gmail.com,+2348063582395,Dubai,United Arab Emirates,NGN,2021-06-07,Agency Partner,Not applicable,Not applicable,Not applicable,No issues
XT-00279,Emeka Abiola,Individual,emeka.abiola@gmail.com,Unknown,Lagos,Nigeria,NGN,2024-02-02,Unknown,invoice to accounts dept,Not applicable,Not applicable,phone_invalid_9_digits
XT-00280,Palmwine Holdings,Corporate,palmwine.holdings@company.ng,+2348018059938,Lagos,Nigeria,NGN,2022-05-11,Email,VIP - handle w/ care,Not applicable,Not applicable,No issues
XT-00281,Thabo Kim,Individual,Unknown,+2348056876843,Port Harcourt,Nigeria,NGN,2021-08-17,Google,Not applicable,Not applicable,Not applicable,No issues
XT-00282,Segun Anyanwu,Individual,segun.anyanwu@yahoo.com,Unknown,Accra,Ghana,NGN,2023-06-21,Unknown,VIP - handle w/ care,Not applicable,Not applicable,phone_invalid_9_digits
XT-00283,Björn Olawale,Individual,bjorn.olawale@company.ng,+2348097015347,Abuja,Nigeria,NGN,2023-09-08,Instagram,Not applicable,Not applicable,Not applicable,No issues
XT-00284,Elena Okafor,Individual,Unknown,Unknown,Accra,Ghana,NGN,2022-11-24,Instagram,VIP - handle w/ care,Not applicable,Not applicable,phone_invalid_9_digits
XT-00285,Anchor Media,Corporate,anchor.media@yahoo.com,Unknown,London,United Kingdom,NGN,2022-01-11,Unknown,prefers whatsapp,Not applicable,Not applicable,phone_invalid_9_digits
XT-00286,Novo Agency,Corporate,novo.agency@company.ng,+2348091231769,Lagos,Nigeria,NGN,2021-12-02,Unknown,"Discount agreed, see email",XT-02286,1.0,No issues
XT-00287,Anchor Telecom,Corporate,anchor.telecom@mail.com,+2348036522679,Abuja,Nigeria,NGN,2021-11-13,Agency Partner,Owes balance,Not applicable,Not applicable,No issues
XT-00288,Third Mainland NGO,Corporate,third.mainland.ngo@outlook.com,+2348086944101,Abuja,Nigeria,NGN,2023-08-28,Referral,Not applicable,Not applicable,Not applicable,No issues
XT-00289,Sarah García,Individual,sarah.garcia@gmail.com,+2348021147210,Ibadan,Nigeria,NGN,2024-02-27,Walk-in,Owes balance,Not applicable,Not applicable,No issues
XT-00290,Musa Mensah,Individual,musa.mensah@mail.com,Unknown,Lagos,Nigeria,NGN,2022-08-18,Email,prefers whatsapp,XT-02290,0.952,phone_invalid_9_digits
XT-00291,Mango Records,Corporate,mango.records@yahoo.com,+2348027721830,Lagos,Nigeria,NGN,2022-04-20,Referral,"Discount agreed, see email",Not applicable,Not applicable,No issues
XT-00292,Damilola Chen,Individual,damilola.chen@mail.com,Unknown,Kano,Nigeria,NGN,2021-03-09,TikTok,Not applicable,Not applicable,Not applicable,phone_invalid_9_digits
XT-00293,Cassava LTD,Corporate,cassava.ltd@company.ng,Unknown,Lagos,Nigeria,NGN,2022-08-22,Instagram,"Repeat client, 3rd project see 2022 folder",Not applicable,Not applicable,No issues
XT-00294,Sióbhan Mensah,Individual,siobhan.mensah@company.ng,+2348090867802,Abuja,Nigeria,NGN,Unknown,TikTok,"Repeat client, 3rd project see 2022 folder",Not applicable,Not applicable,No issues
XT-00295,Emeka Danjuma,Individual,emeka.danjuma@company.ng,Unknown,Abuja,Nigeria,NGN,2022-09-21,Agency Partner,Not applicable,Not applicable,Not applicable,"client_type_derived_from_name,phone_invalid_9_digits"
XT-00296,Damilola Smith,Individual,damilola.smith@gmail.com,+2348061129404,Lagos,Nigeria,NGN,2023-04-08,Walk-in,Owes balance,Not applicable,Not applicable,No issues
XT-00297,Olamide Sowore,Individual,olamide.sowore@outlook.com,+2348051911012,Abuja,Nigeria,NGN,2022-09-15,Walk-in,Owes balance,Not applicable,Not applicable,client_type_derived_from_name
XT-00298,Kofi Danjuma,Individual,kofi.danjuma@company.ng,+2348024515521,Port Harcourt,Nigeria,NGN,2023-02-20,Agency Partner,VIP - handle w/ care,Not applicable,Not applicable,No issues
XT-00299,Kraft Media,Corporate,kraft.media@yahoo.com,Unknown,Abuja,Nigeria,NGN,2023-11-02,Referral,VIP - handle w/ care,Not applicable,Not applicable,phone_invalid_9_digits
XT-00300,Delta Rise Brands,Corporate,delta.rise.brands@outlook.com,+2348080600959,Accra,Ghana,NGN,2024-08-21,TikTok,"Repeat client, 3rd project see 2022 folder",Not applicable,Not applicable,city_taken_from_own_bookings
XT-00301,Lagoon NGO,Corporate,lagoon.ngo@yahoo.com,Unknown,Dubai,United Arab Emirates,NGN,2022-12-05,Email,Not applicable,Not applicable,Not applicable,phone_invalid_8_digits
XT-00302,Radiant Studios,Corporate,Unknown,+2348052902778,Dubai,United Arab Emirates,NGN,2022-07-26,Email,VIP - handle w/ care,Not applicable,Not applicable,No issues
XT-00303,Aisha Nwosu,Individual,aisha.nwosu@outlook.com,Unknown,Port Harcourt,Nigeria,NGN,2021-12-14,Unknown,Not applicable,Not applicable,Not applicable,phone_invalid_9_digits
XT-00304,Olamide Abiola,Individual,olamide.abiola@gmail.com,Unknown,London,United Kingdom,NGN,2022-07-24,Walk-in,do not call before 10am,Not applicable,Not applicable,phone_invalid_9_digits
XT-00305,Núria O'Brien,Individual,nuria.obrien@yahoo.com,Unknown,Unknown,Nigeria,NGN,2022-06-13,Agency Partner,do not call before 10am,Not applicable,Not applicable,phone_invalid_9_digits
XT-00306,Kraft Holdings,Corporate,kraft.holdings@yahoo.com,+2348098562566,Port Harcourt,Nigeria,NGN,2023-02-12,Email,invoice to accounts dept,Not applicable,Not applicable,No issues
XT-00307,Femi Adeyemi,Individual,Unknown,+2348094913558,Dubai,United Arab Emirates,NGN,2021-06-11,Email,do not call before 10am,Not applicable,Not applicable,client_type_derived_from_name
XT-00308,Olamide Adebayo-Cole,Individual,olamide.adebayo-cole@mail.com,+2348078226884,Ibadan,Nigeria,NGN,2022-12-28,Referral,invoice to accounts dept,Not applicable,Not applicable,No issues
XT-00309,Fatima Farouk,Individual,fatima.farouk@gmail.com,Unknown,Lagos,Nigeria,NGN,2021-03-01,Unknown,Not applicable,Not applicable,Not applicable,phone_invalid_9_digits
XT-00310,Aisha Mensah,Individual,aisha.mensah@outlook.com,+2348049742038,Lagos,Nigeria,NGN,2022-12-16,Walk-in,invoice to accounts dept,Not applicable,Not applicable,No issues
XT-00311,Ember Foods,Corporate,ember.foods@outlook.com,+2348048865151,Dubai,United Arab Emirates,NGN,2023-06-10,Referral,"Repeat client, 3rd project see 2022 folder",Not applicable,Not applicable,No issues
XT-00312,Elena García,Individual,Unknown,+2348048310528,Unknown,United Kingdom,NGN,2022-08-04,Google,Not applicable,Not applicable,Not applicable,No issues
XT-00313,Cassava Group,Corporate,cassava.group@mail.com,+2348024569483,Kano,Nigeria,NGN,2022-09-24,Instagram,Not applicable,Not applicable,Not applicable,No issues
XT-00314,Sahara Studios,Corporate,sahara.studios@yahoo.com,Unknown,Johannesburg,South Africa,NGN,2021-12-12,Instagram,Not applicable,Not applicable,Not applicable,phone_invalid_9_digits
XT-00315,Zenith Holdings,Corporate,zenith.holdings@outlook.com,Unknown,Abuja,Nigeria,NGN,Unknown,Instagram,Owes balance,Not applicable,Not applicable,No issues
XT-00316,Musa Anyanwu,Individual,musa.anyanwu@gmail.com,+2348089380082,Accra,Ghana,NGN,2024-01-09,Instagram,prefers whatsapp,Not applicable,Not applicable,country_derived_from_city
XT-00317,Sahara Collective,Corporate,sahara.collective@mail.com,+2348051571627,London,United Kingdom,NGN,2023-02-24,Referral,Not applicable,Not applicable,Not applicable,No issues
XT-00318,Third Mainland Agency,Corporate,third.mainland.agency@gmail.com,+2348099379699,Abuja,Nigeria,NGN,2024-06-19,Unknown,prefers whatsapp,Not applicable,Not applicable,No issues
XT-00319,Sahara Foods,Corporate,sahara.foods@outlook.com,+2348086019565,Lagos,Nigeria,NGN,2024-10-01,Google,invoice to accounts dept,XT-02319,0.952,No issues
XT-00320,Ember Collective,Corporate,ember.collective@gmail.com,+2348035763065,Johannesburg,South Africa,NGN,2023-06-22,Email,"Repeat client, 3rd project see 2022 folder",Not applicable,Not applicable,No issues
XT-00321,Mango Collective,Corporate,mango.collective@company.ng,+2348062634401,Enugu,Nigeria,NGN,2023-06-19,Walk-in,Not applicable,Not applicable,Not applicable,No issues
XT-00322,Ember Media,Corporate,ember.media@yahoo.com,Unknown,Lagos,Nigeria,NGN,2023-01-09,Walk-in,Not applicable,Not applicable,Not applicable,phone_invalid_9_digits
XT-00323,Delta Rise LTD,Corporate,Unknown,Unknown,Ibadan,Nigeria,NGN,2021-12-22,Agency Partner,"Discount agreed, see email",Not applicable,Not applicable,phone_invalid_9_digits
XT-00324,Kraft Records,Corporate,kraft.records@company.ng,+2348082303910,Ibadan,Nigeria,NGN,2022-07-02,Unknown,Not applicable,Not applicable,Not applicable,country_derived_from_city
XT-00325,Sarah Nwosu,Individual,sarah.nwosu@company.ng,+2348088100464,Accra,Ghana,NGN,2022-07-18,Unknown,do not call before 10am,Not applicable,Not applicable,No issues
XT-00326,Terra Holdings,Corporate,terra.holdings@gmail.com,+2348015707589,Atlanta,United States,NGN,2022-11-24,Instagram,"Discount agreed, see email",Not applicable,Not applicable,conflicting_values:phone
XT-00327,Blue Ivy Brands,Corporate,blue.ivy.brands@yahoo.com,Unknown,Port Harcourt,Nigeria,NGN,2024-05-05,Walk-in,"Repeat client, 3rd project see 2022 folder",Not applicable,Not applicable,phone_invalid_8_digits
XT-00328,Elena Osei,Individual,elena.osei@mail.com,+2348080598227,Atlanta,United States,NGN,2021-05-20,Referral,prefers whatsapp,XT-02328,0.889,No issues
XT-00329,Anchor Studios,Corporate,Unknown,Unknown,Lagos,Nigeria,NGN,2022-05-29,Agency Partner,Not applicable,Not applicable,Not applicable,phone_invalid_8_digits
XT-00330,Elena O'Brien,Individual,elena.obrien@outlook.com,+2348011409029,Lagos,Nigeria,NGN,2022-04-04,Agency Partner,invoice to accounts dept,Not applicable,Not applicable,No issues
XT-00331,Obsidian Foods,Corporate,obsidian.foods@outlook.com,Unknown,Lagos,Nigeria,NGN,2021-08-23,Instagram,Not applicable,Not applicable,Not applicable,phone_invalid_9_digits
XT-00332,Obsidian Holdings,Corporate,obsidian.holdings@yahoo.com,+2348016371260,Lagos,Nigeria,NGN,2021-05-29,Email,invoice to accounts dept,Not applicable,Not applicable,client_type_derived_from_name
XT-00333,Third Mainland Agency,Corporate,Unknown,+2348079828998,Atlanta,United States,NGN,Unknown,Email,prefers whatsapp,Not applicable,Not applicable,No issues
XT-00334,Ahmed Smith,Individual,ahmed.smith@yahoo.com,+2348090973441,Lagos,Nigeria,NGN,2021-10-12,Unknown,prefers whatsapp,Not applicable,Not applicable,No issues
XT-00335,Sade Kim,Individual,sade.kim@gmail.com,Unknown,Lagos,Nigeria,NGN,Unknown,Email,do not call before 10am,Not applicable,Not applicable,phone_invalid_8_digits
XT-00336,Chioma Danjuma,Individual,chioma.danjuma@outlook.com,+2348080719602,Enugu,Nigeria,NGN,2022-04-28,Google,Not applicable,Not applicable,Not applicable,No issues
XT-00337,Kobo LTD,Corporate,kobo.ltd@gmail.com,+2348055274841,Abuja,Nigeria,NGN,2023-05-28,Referral,do not call before 10am,Not applicable,Not applicable,No issues
XT-00338,Daniel Anyanwu,Individual,daniel.anyanwu@gmail.com,Unknown,Abuja,Nigeria,NGN,2023-06-09,Unknown,VIP - handle w/ care,Not applicable,Not applicable,No issues
XT-00339,Halima Dlamini,Individual,Unknown,+2348034184698,Nairobi,Kenya,NGN,2022-09-27,Instagram,"Discount agreed, see email",Not applicable,Not applicable,No issues
XT-00340,Kraft NGO,Corporate,kraft.ngo@gmail.com,+2348043947297,Dubai,United Arab Emirates,NGN,2021-03-31,Walk-in,Owes balance,Not applicable,Not applicable,No issues
XT-00341,Kraft Telecom,Corporate,kraft.telecom@company.ng,+2348079022024,Lagos,Nigeria,NGN,2022-09-03,Google,VIP - handle w/ care,Not applicable,Not applicable,conflicting_values:phone
XT-00342,Palmwine Brands,Corporate,palmwine.brands@yahoo.com,Unknown,Abuja,Nigeria,NGN,2021-03-25,Unknown,invoice to accounts dept,Not applicable,Not applicable,phone_invalid_8_digits
XT-00343,Chioma O'Brien,Individual,chioma.obrien@mail.com,Unknown,Lagos,Nigeria,NGN,2021-06-24,Agency Partner,Owes balance,Not applicable,Not applicable,phone_invalid_9_digits
XT-00344,Ahmed Adeyemi,Individual,ahmed.adeyemi@mail.com,+2348022761186,Lagos,Nigeria,NGN,2024-04-26,Instagram,invoice to accounts dept,Not applicable,Not applicable,No issues
XT-00345,Third Mainland Studios,Corporate,third.mainland.studios@outlook.com,Unknown,Unknown,United States,NGN,2022-03-20,Agency Partner,VIP - handle w/ care,Not applicable,Not applicable,client_type_derived_from_name
XT-00346,Sahara Limited,Corporate,sahara.limited@gmail.com,Unknown,Lagos,Nigeria,NGN,2022-04-29,Email,Not applicable,Not applicable,Not applicable,"country_derived_from_city,phone_invalid_9_digits"
XT-00347,Cassava Holdings,Corporate,cassava.holdings@company.ng,+2348048218630,Abuja,Nigeria,NGN,2022-09-04,Email,prefers whatsapp,Not applicable,Not applicable,No issues
XT-00348,Radiant Telecom,Corporate,radiant.telecom@yahoo.com,+2348072303909,Atlanta,United States,NGN,2023-06-29,TikTok,do not call before 10am,XT-02348,0.966,No issues
XT-00349,Blue Ivy Agency,Corporate,blue.ivy.agency@mail.com,+2348069719707,Ibadan,Nigeria,NGN,2023-03-23,Referral,"Repeat client, 3rd project see 2022 folder",Not applicable,Not applicable,No issues
XT-00350,Kobo Bank PLC,Corporate,kobo.bank.plc@mail.com,Unknown,Port Harcourt,Nigeria,NGN,Unknown,Agency Partner,prefers whatsapp,Not applicable,Not applicable,phone_invalid_9_digits
XT-00351,Northline Foods,Corporate,northline.foods@mail.com,Unknown,Enugu,Nigeria,NGN,2021-08-02,Referral,Not applicable,Not applicable,Not applicable,No issues
XT-00352,Sarah Kim,Individual,sarah.kim@gmail.com,+2348059907039,Enugu,Nigeria,NGN,2021-10-28,Instagram,"Repeat client, 3rd project see 2022 folder",Not applicable,Not applicable,No issues
XT-00353,Obsidian LTD,Corporate,obsidian.ltd@gmail.com,+2348099525202,Lagos,Nigeria,NGN,2023-02-02,Instagram,Owes balance,Not applicable,Not applicable,No issues
XT-00354,Kraft Agency,Corporate,Unknown,Unknown,Lagos,Nigeria,NGN,2023-09-09,Unknown,VIP - handle w/ care,Not applicable,Not applicable,No issues
XT-00355,Zenith Media,Corporate,zenith.media@gmail.com,Unknown,Atlanta,United States,NGN,2023-08-17,Email,"Discount agreed, see email",Not applicable,Not applicable,"city_taken_from_own_bookings,phone_invalid_8_digits"
XT-00356,Blue Ivy Telecom,Corporate,blue.ivy.telecom@mail.com,Unknown,Lagos,Nigeria,NGN,2023-05-28,Instagram,do not call before 10am,Not applicable,Not applicable,No issues
XT-00357,Ember Records,Corporate,ember.records@yahoo.com,+2348074008454,Lagos,Nigeria,NGN,2023-07-25,TikTok,invoice to accounts dept,Not applicable,Not applicable,No issues
XT-00358,Uche Olawale,Individual,uche.olawale@outlook.com,+2348049601223,Abuja,Nigeria,NGN,2022-05-30,Agency Partner,Not applicable,Not applicable,Not applicable,client_type_derived_from_name
XT-00359,Ember Collective,Corporate,ember.collective@company.ng,Unknown,Lagos,Nigeria,NGN,2023-02-20,Agency Partner,Not applicable,Not applicable,Not applicable,phone_invalid_8_digits
XT-00360,Obsidian Holdings,Corporate,obsidian.holdings@outlook.com,+2348055739433,Enugu,Nigeria,NGN,2022-06-18,Email,"Repeat client, 3rd project see 2022 folder",Not applicable,Not applicable,No issues
XT-00361,Ember Agency,Corporate,ember.agency@outlook.com,+2348028242371,Lagos,Nigeria,NGN,2023-03-05,Walk-in,prefers whatsapp,Not applicable,Not applicable,No issues
XT-00362,Kraft Limited,Corporate,kraft.limited@outlook.com,Unknown,Unknown,Nigeria,NGN,2023-07-28,Walk-in,VIP - handle w/ care,Not applicable,Not applicable,phone_invalid_9_digits
XT-00363,Blue Ivy Group,Corporate,blue.ivy.group@mail.com,Unknown,Lagos,Nigeria,NGN,2022-08-14,Walk-in,do not call before 10am,Not applicable,Not applicable,No issues
XT-00364,Núria Anyanwu,Individual,nuria.anyanwu@outlook.com,Unknown,London,United Kingdom,NGN,2023-06-04,Walk-in,do not call before 10am,Not applicable,Not applicable,phone_invalid_8_digits
XT-00365,Fatima Oyelaran,Individual,fatima.oyelaran@yahoo.com,Unknown,Atlanta,United States,NGN,2023-01-12,Unknown,Not applicable,Not applicable,Not applicable,phone_invalid_9_digits
XT-00366,Harmattan Bank PLC,Corporate,harmattan.bank.plc@outlook.com,Unknown,Nairobi,Kenya,NGN,2022-06-24,Unknown,Not applicable,Not applicable,Not applicable,phone_invalid_9_digits
XT-00367,Novo NGO,Corporate,novo.ngo@company.ng,Unknown,Abuja,Nigeria,NGN,2023-12-15,Referral,"Repeat client, 3rd project see 2022 folder",Not applicable,Not applicable,"city_taken_from_own_bookings,phone_invalid_9_digits"
XT-00368,Aisha Achebe,Individual,aisha.achebe@gmail.com,Unknown,Nairobi,Kenya,NGN,2023-04-14,Instagram,Not applicable,Not applicable,Not applicable,client_type_derived_from_name
XT-00369,Chidinma Danjuma,Individual,chidinma.danjuma@outlook.com,Unknown,Port Harcourt,Nigeria,NGN,2022-07-16,Instagram,prefers whatsapp,Not applicable,Not applicable,phone_invalid_9_digits
XT-00370,Thabo Olawale,Individual,thabo.olawale@outlook.com,+2348055768008,Port Harcourt,Nigeria,NGN,2023-11-03,Google,Not applicable,Not applicable,Not applicable,No issues
XT-00371,Yusuf Mohammed,Individual,yusuf.mohammed@yahoo.com,+2348098546856,Abuja,Nigeria,NGN,2022-11-02,Google,Not applicable,Not applicable,Not applicable,No issues
XT-00372,Olamide Abiola,Individual,olamide.abiola@yahoo.com,Unknown,Lagos,Nigeria,NGN,2023-04-23,Google,Not applicable,Not applicable,Not applicable,No issues
XT-00373,Cassava Records,Corporate,Unknown,Unknown,Lagos,Nigeria,NGN,2022-08-19,Referral,invoice to accounts dept,Not applicable,Not applicable,"client_type_derived_from_name,phone_invalid_9_digits"
XT-00374,Ngozi Balogun,Individual,ngozi.balogun@outlook.com,+2348080148568,Abuja,Nigeria,NGN,2021-08-09,Email,"Discount agreed, see email",Not applicable,Not applicable,No issues
XT-00375,Obsidian Brands,Corporate,obsidian.brands@company.ng,Unknown,Ibadan,Nigeria,NGN,2021-09-01,Instagram,Not applicable,XT-02375,0.963,phone_invalid_9_digits
XT-00376,Silverbird Studios,Corporate,silverbird.studios@yahoo.com,Unknown,Nairobi,Kenya,NGN,Unknown,Unknown,Not applicable,Not applicable,Not applicable,phone_invalid_9_digits
XT-00377,Aisha Osei,Individual,aisha.osei@gmail.com,+2348031754660,Ibadan,Nigeria,NGN,2023-03-09,Referral,"Repeat client, 3rd project see 2022 folder",Not applicable,Not applicable,No issues
XT-00378,Silverbird LTD,Corporate,silverbird.ltd@yahoo.com,Unknown,Abuja,Nigeria,NGN,2022-06-18,Walk-in,invoice to accounts dept,Not applicable,Not applicable,No issues
XT-00379,Musa Olawale,Individual,musa.olawale@company.ng,Unknown,Lagos,Nigeria,NGN,2023-08-17,Referral,"Repeat client, 3rd project see 2022 folder",Not applicable,Not applicable,"city_taken_from_own_bookings,country_derived_from_city,phone_invalid_9_digits"
XT-00380,Anchor Agency,Corporate,anchor.agency@mail.com,+2348019903524,Port Harcourt,Nigeria,NGN,Unknown,Referral,Not applicable,Not applicable,Not applicable,No issues
XT-00381,Kofi García,Individual,kofi.garcia@outlook.com,Unknown,Lagos,Nigeria,NGN,2024-08-09,TikTok,Not applicable,Not applicable,Not applicable,No issues
XT-00382,Uche Olawale,Individual,uche.olawale@outlook.com,+2348031240394,Port Harcourt,Nigeria,NGN,2020-10-14,Referral,Not applicable,Not applicable,Not applicable,No issues
XT-00383,Mango Holdings,Corporate,mango.holdings@gmail.com,+2348041850044,London,United Kingdom,NGN,2022-10-02,Google,Owes balance,Not applicable,Not applicable,No issues
XT-00384,Halima García,Individual,halima.garcia@company.ng,Unknown,Ibadan,Nigeria,NGN,Unknown,Unknown,prefers whatsapp,Not applicable,Not applicable,phone_invalid_9_digits
XT-00385,Bola Farouk,Individual,bola.farouk@gmail.com,Unknown,Lagos,Nigeria,NGN,2024-06-29,Email,VIP - handle w/ care,Not applicable,Not applicable,No issues
XT-00386,Obsidian Collective,Corporate,obsidian.collective@gmail.com,+2348028540089,Johannesburg,South Africa,NGN,2022-02-06,Walk-in,Not applicable,Not applicable,Not applicable,No issues
XT-00387,Damilola Chen,Individual,damilola.chen@outlook.com,+2348034320310,Abuja,Nigeria,NGN,2021-01-29,Email,Not applicable,Not applicable,Not applicable,No issues
XT-00388,Segun Adeyemi,Individual,segun.adeyemi@mail.com,Unknown,Lagos,Nigeria,NGN,2022-07-13,Instagram,do not call before 10am,Not applicable,Not applicable,phone_invalid_9_digits
XT-00389,Renée Adebayo-Cole,Individual,renee.adebayo-cole@gmail.com,+2348049256005,Lagos,Nigeria,NGN,2022-09-27,Agency Partner,"Discount agreed, see email",Not applicable,Not applicable,No issues
XT-00390,Radiant Limited,Corporate,radiant.limited@yahoo.com,+2348097420907,Port Harcourt,Nigeria,NGN,2024-05-21,Instagram,invoice to accounts dept,Not applicable,Not applicable,No issues
XT-00391,Silverbird LTD,Corporate,silverbird.ltd@gmail.com,+2348058274966,Dubai,United Arab Emirates,NGN,2021-06-10,TikTok,invoice to accounts dept,Not applicable,Not applicable,No issues
XT-00392,Sahara Brands,Corporate,Unknown,Unknown,Abuja,Nigeria,NGN,2021-09-16,Agency Partner,"Discount agreed, see email",Not applicable,Not applicable,"country_derived_from_city,phone_invalid_9_digits"
XT-00393,Segun Adebayo-Cole,Individual,segun.adebayo-cole@yahoo.com,Unknown,Lagos,Nigeria,NGN,2023-03-15,Unknown,VIP - handle w/ care,Not applicable,Not applicable,phone_invalid_9_digits
XT-00394,Lagoon Media,Corporate,lagoon.media@mail.com,Unknown,Abuja,Nigeria,NGN,2022-05-25,Instagram,Not applicable,Not applicable,Not applicable,phone_invalid_9_digits
XT-00395,Radiant LTD,Corporate,radiant.ltd@gmail.com,+2348086157420,Nairobi,Kenya,NGN,Unknown,Email,Not applicable,Not applicable,Not applicable,No issues
XT-00396,Terra LTD,Corporate,terra.ltd@yahoo.com,+2348066550484,Lagos,Nigeria,NGN,2023-04-22,Referral,prefers whatsapp,Not applicable,Not applicable,No issues
XT-00397,Kelechi Okafor,Individual,kelechi.okafor@yahoo.com,+2348019036847,Enugu,Nigeria,NGN,2023-03-03,TikTok,prefers whatsapp,Not applicable,Not applicable,No issues
XT-00398,Terra Telecom,Corporate,terra.telecom@yahoo.com,+2348043536358,Lagos,Nigeria,NGN,2020-09-20,Unknown,Not applicable,Not applicable,Not applicable,No issues
XT-00399,Novo Studios,Corporate,novo.studios@company.ng,Unknown,Abuja,Nigeria,NGN,2022-07-29,Google,"Discount agreed, see email",XT-02399,0.909,No issues
XT-00400,Tunde Osei,Individual,tunde.osei@outlook.com,+2348082191227,Accra,Ghana,NGN,Unknown,Referral,invoice to accounts dept,Not applicable,Not applicable,No issues
XT-00401,Adaeze Bello,Individual,Unknown,+2348048525181,Lagos,Nigeria,NGN,2021-05-29,Agency Partner,Not applicable,Not applicable,Not applicable,No issues
XT-00402,Femi Danjuma,Individual,femi.danjuma@mail.com,+2348076003877,Dubai,United Arab Emirates,NGN,2021-12-26,Unknown,"Repeat client, 3rd project see 2022 folder",Not applicable,Not applicable,No issues
XT-00403,Mango NGO,Corporate,mango.ngo@yahoo.com,+2348056292498,Nairobi,Kenya,NGN,2023-12-24,Walk-in,Not applicable,Not applicable,Not applicable,No issues
XT-00404,Mango Media,Corporate,mango.media@gmail.com,+2348057432478,Abuja,Nigeria,NGN,2023-10-27,Agency Partner,prefers whatsapp,XT-02404,0.947,No issues
XT-00405,Bola Kim,Individual,bola.kim@outlook.com,Unknown,Atlanta,United States,NGN,2023-11-02,Referral,Owes balance,Not applicable,Not applicable,country_derived_from_city
XT-00406,Harmattan Media,Corporate,harmattan.media@outlook.com,Unknown,Port Harcourt,Nigeria,NGN,2022-08-03,Agency Partner,do not call before 10am,Not applicable,Not applicable,"city_taken_from_own_bookings,phone_invalid_9_digits"
XT-00407,Cassava Agency,Corporate,cassava.agency@mail.com,Unknown,Lagos,Nigeria,NGN,2021-09-19,Google,Owes balance,Not applicable,Not applicable,phone_invalid_9_digits
XT-00408,Mango Limited,Corporate,mango.limited@company.ng,+2348014926003,Abuja,Nigeria,NGN,2024-05-15,TikTok,Not applicable,Not applicable,Not applicable,No issues
XT-00409,Priya Adebayo-Cole,Individual,priya.adebayo-cole@mail.com,Unknown,Nairobi,Kenya,NGN,2021-08-08,TikTok,Not applicable,Not applicable,Not applicable,phone_invalid_8_digits
XT-00410,Cassava NGO,Corporate,cassava.ngo@yahoo.com,+2348052819906,Lagos,Nigeria,NGN,2022-05-03,Google,VIP - handle w/ care,Not applicable,Not applicable,No issues
XT-00411,Elena O'Brien,Individual,elena.obrien@gmail.com,+2348026047788,Johannesburg,South Africa,NGN,2021-06-16,Unknown,Not applicable,Not applicable,Not applicable,No issues
XT-00412,Obsidian LTD,Corporate,obsidian.ltd@mail.com,Unknown,Lagos,Nigeria,NGN,2023-04-23,Unknown,"Discount agreed, see email",Not applicable,Not applicable,phone_invalid_8_digits
XT-00413,Wei Kim,Individual,wei.kim@yahoo.com,+2348039754942,Lagos,Nigeria,NGN,2022-12-11,Walk-in,"Repeat client, 3rd project see 2022 folder",Not applicable,Not applicable,No issues
XT-00414,Sahara Brands,Corporate,sahara.brands@mail.com,+2348070591023,Lagos,Nigeria,NGN,2024-06-04,Agency Partner,VIP - handle w/ care,XT-02414,0.96,No issues
XT-00415,Northline Group,Corporate,northline.group@yahoo.com,Unknown,Enugu,Nigeria,NGN,2023-03-11,TikTok,Not applicable,Not applicable,Not applicable,phone_invalid_9_digits
XT-00416,Amaka Adebayo-Cole,Individual,amaka.adebayo-cole@mail.com,+2348050769074,Dubai,United Arab Emirates,NGN,2023-07-24,Agency Partner,"Repeat client, 3rd project see 2022 folder",Not applicable,Not applicable,No issues
XT-00417,Olamide Balogun,Individual,olamide.balogun@yahoo.com,+2348057360227,Nairobi,Kenya,NGN,2022-10-11,Walk-in,Not applicable,Not applicable,Not applicable,No issues
XT-00418,Lagoon Studios,Corporate,lagoon.studios@gmail.com,+2348094917202,Lagos,Nigeria,NGN,2023-09-06,Instagram,do not call before 10am,Not applicable,Not applicable,No issues
XT-00419,Blue Ivy Records,Corporate,blue.ivy.records@company.ng,+2348070827214,Lagos,Nigeria,NGN,2024-01-03,Email,Not applicable,Not applicable,Not applicable,city_taken_from_own_bookings
XT-00420,Sahara Holdings,Corporate,Unknown,Unknown,Port Harcourt,Nigeria,NGN,2022-11-13,Email,Not applicable,Not applicable,Not applicable,phone_invalid_9_digits
XT-00421,Chidinma Ojo,Individual,chidinma.ojo@gmail.com,+2348031935049,Abuja,Nigeria,NGN,2022-09-20,Agency Partner,Not applicable,Not applicable,Not applicable,No issues
XT-00422,Palmwine Bank PLC,Corporate,palmwine.bank.plc@company.ng,Unknown,Lagos,Nigeria,NGN,2022-09-28,TikTok,Not applicable,Not applicable,Not applicable,phone_invalid_9_digits
XT-00423,Anchor Group,Corporate,anchor.group@outlook.com,+2348072976409,Port Harcourt,Nigeria,NGN,2022-08-20,Agency Partner,Not applicable,Not applicable,Not applicable,No issues
XT-00424,Amaka Achebe,Individual,Unknown,+2348042240844,Nairobi,Kenya,NGN,2024-01-01,Instagram,"Discount agreed, see email",Not applicable,Not applicable,No issues
XT-00425,Mango Limited,Corporate,Unknown,+2348082785004,Lagos,Nigeria,NGN,2022-03-28,Google,do not call before 10am,Not applicable,Not applicable,No issues
XT-00426,Kelechi Abiola,Individual,kelechi.abiola@company.ng,Unknown,Port Harcourt,Nigeria,NGN,2022-10-31,Google,VIP - handle w/ care,Not applicable,Not applicable,phone_invalid_9_digits
XT-00427,Fatima Kim,Individual,fatima.kim@yahoo.com,Unknown,London,United Kingdom,NGN,2023-10-04,Agency Partner,Not applicable,Not applicable,Not applicable,No issues
XT-00428,Ngozi Mohammed,Individual,ngozi.mohammed@gmail.com,Unknown,Lagos,Nigeria,NGN,2021-10-24,Instagram,Not applicable,Not applicable,Not applicable,"client_type_derived_from_name,phone_invalid_9_digits"
XT-00429,Delta Rise Group,Corporate,delta.rise.group@yahoo.com,Unknown,Lagos,Nigeria,NGN,2021-02-10,Referral,Owes balance,Not applicable,Not applicable,"country_derived_from_city,phone_invalid_9_digits"
XT-00430,Northline Media,Corporate,northline.media@company.ng,+2348084848410,Lagos,Nigeria,NGN,2023-04-19,Referral,Not applicable,Not applicable,Not applicable,No issues
XT-00431,Terra NGO,Corporate,terra.ngo@company.ng,+2348054643557,Nairobi,Kenya,NGN,2022-05-28,Instagram,do not call before 10am,XT-02431,0.933,No issues
XT-00432,Delta Rise Studios,Corporate,delta.rise.studios@outlook.com,Unknown,Lagos,Nigeria,NGN,2023-08-29,Google,do not call before 10am,Not applicable,Not applicable,No issues
XT-00433,Bola Nwosu,Individual,bola.nwosu@gmail.com,Unknown,Enugu,Nigeria,NGN,2023-10-23,Unknown,Not applicable,Not applicable,Not applicable,No issues
XT-00434,Lagoon Group,Corporate,lagoon.group@gmail.com,+2348011913050,Lagos,Nigeria,NGN,2021-09-09,Unknown,Owes balance,Not applicable,Not applicable,No issues
XT-00435,Obsidian Agency,Corporate,obsidian.agency@company.ng,+2348038341860,Abuja,Nigeria,NGN,2021-05-27,Walk-in,prefers whatsapp,Not applicable,Not applicable,No issues
XT-00436,Zenith Group,Corporate,zenith.group@outlook.com,+2348071702481,Atlanta,United States,NGN,2021-09-04,Google,prefers whatsapp,Not applicable,Not applicable,No issues
XT-00437,Third Mainland Agency,Corporate,third.mainland.agency@gmail.com,+2348064822240,Johannesburg,South Africa,NGN,2023-10-18,TikTok,invoice to accounts dept,Not applicable,Not applicable,No issues
XT-00438,Kelechi Farouk,Individual,kelechi.farouk@mail.com,+2348073987601,Johannesburg,South Africa,NGN,2022-09-27,Unknown,"Repeat client, 3rd project see 2022 folder",Not applicable,Not applicable,No issues
XT-00439,Northline Records,Corporate,northline.records@yahoo.com,+2348028764135,Dubai,United Arab Emirates,NGN,2022-03-31,Unknown,Not applicable,Not applicable,Not applicable,No issues
XT-00440,Mango Brands,Corporate,mango.brands@mail.com,+2348012331859,Abuja,Nigeria,NGN,Unknown,Walk-in,Not applicable,Not applicable,Not applicable,No issues
XT-00441,Chioma Bello,Individual,chioma.bello@mail.com,+2348034423708,Lagos,Nigeria,NGN,2023-05-13,Instagram,"Discount agreed, see email",Not applicable,Not applicable,No issues
XT-00442,Damilola Mohammed,Individual,damilola.mohammed@mail.com,Unknown,Lagos,Nigeria,NGN,2022-11-07,Google,"Repeat client, 3rd project see 2022 folder",Not applicable,Not applicable,phone_invalid_9_digits
XT-00443,Kraft Agency,Corporate,kraft.agency@mail.com,Unknown,Abuja,Nigeria,NGN,2021-07-08,Instagram,Not applicable,Not applicable,Not applicable,No issues
XT-00444,Segun Danjuma,Individual,segun.danjuma@company.ng,+2348069202655,Lagos,Nigeria,NGN,2023-07-10,Unknown,"Repeat client, 3rd project see 2022 folder",Not applicable,Not applicable,No issues
XT-00445,Sahara Telecom,Corporate,sahara.telecom@outlook.com,Unknown,Atlanta,United States,NGN,2022-05-06,Unknown,Owes balance,Not applicable,Not applicable,No issues
XT-00446,Blue Ivy Foods,Corporate,blue.ivy.foods@yahoo.com,+2348043183135,Lagos,Nigeria,NGN,2023-01-05,TikTok,Owes balance,Not applicable,Not applicable,No issues
XT-00447,André Eze,Individual,Unknown,Unknown,Johannesburg,South Africa,NGN,2023-06-04,Email,Not applicable,Not applicable,Not applicable,phone_invalid_9_digits
XT-00448,Björn Anyanwu,Individual,bjorn.anyanwu@gmail.com,+2348026193376,Port Harcourt,Nigeria,NGN,2022-09-19,Unknown,Not applicable,Not applicable,Not applicable,client_type_derived_from_name
XT-00449,Radiant Limited,Corporate,radiant.limited@outlook.com,+2348025457933,Port Harcourt,Nigeria,NGN,2023-11-02,Unknown,"Repeat client, 3rd project see 2022 folder",Not applicable,Not applicable,No issues
XT-00450,Núria Kim,Individual,nuria.kim@yahoo.com,+2348074652438,Port Harcourt,Nigeria,NGN,2024-02-16,Google,prefers whatsapp,Not applicable,Not applicable,client_type_derived_from_name
XT-00451,Radiant Telecom,Corporate,radiant.telecom@company.ng,+2348019934303,Lagos,Nigeria,NGN,2022-08-06,Walk-in,invoice to accounts dept,Not applicable,Not applicable,No issues
XT-00452,Halima Achebe,Individual,halima.achebe@yahoo.com,+2348045680298,Lagos,Nigeria,NGN,2022-07-10,Referral,Not applicable,Not applicable,Not applicable,client_type_derived_from_name
XT-00453,Palmwine Bank PLC,Corporate,palmwine.bank.plc@mail.com,+2348064475942,Nairobi,Kenya,NGN,2023-03-13,Email,invoice to accounts dept,XT-02453,0.966,No issues
XT-00454,Obsidian Bank PLC,Corporate,obsidian.bank.plc@gmail.com,+2348054875615,Lagos,Nigeria,NGN,2024-02-18,Email,"Repeat client, 3rd project see 2022 folder",Not applicable,Not applicable,No issues
XT-00455,Emeka Nwosu,Individual,emeka.nwosu@company.ng,+2348085149052,Kano,Nigeria,NGN,2022-06-01,TikTok,prefers whatsapp,Not applicable,Not applicable,No issues
XT-00456,Zenith Group,Corporate,zenith.group@mail.com,Unknown,Nairobi,Kenya,NGN,2022-12-21,TikTok,invoice to accounts dept,Not applicable,Not applicable,No issues
XT-00457,Mango Telecom,Corporate,mango.telecom@company.ng,+2348058742970,Abuja,Nigeria,NGN,2024-01-24,Google,Not applicable,Not applicable,Not applicable,"city_taken_from_own_bookings,client_type_derived_from_name"
XT-00458,Radiant Limited,Corporate,radiant.limited@mail.com,+2348062536799,Abuja,Nigeria,NGN,2023-12-20,Agency Partner,"Repeat client, 3rd project see 2022 folder",Not applicable,Not applicable,No issues
XT-00459,Marcus Smith,Individual,Unknown,+2348051017377,Johannesburg,South Africa,NGN,2024-02-23,Agency Partner,VIP - handle w/ care,Not applicable,Not applicable,No issues
XT-00460,Northline Holdings,Corporate,northline.holdings@gmail.com,Unknown,Abuja,Nigeria,NGN,2022-04-17,Agency Partner,"Discount agreed, see email",Not applicable,Not applicable,No issues
XT-00461,Chidinma Kim,Individual,chidinma.kim@mail.com,+2348065657443,Enugu,Nigeria,NGN,2022-08-25,Walk-in,"Repeat client, 3rd project see 2022 folder",Not applicable,Not applicable,No issues
XT-00462,Terra NGO,Corporate,terra.ngo@yahoo.com,+2348013213338,Abuja,Nigeria,NGN,2021-12-18,TikTok,Not applicable,Not applicable,Not applicable,client_type_derived_from_name
XT-00463,Olamide Olawale,Individual,olamide.olawale@yahoo.com,+2348014234797,Lagos,Nigeria,NGN,2022-02-02,Google,VIP - handle w/ care,Not applicable,Not applicable,No issues
XT-00464,Bola Mohammed,Individual,Unknown,Unknown,Lagos,Nigeria,NGN,2022-12-05,Walk-in,prefers whatsapp,Not applicable,Not applicable,phone_invalid_8_digits
XT-00465,Amaka Achebe,Individual,amaka.achebe@outlook.com,+2348049162661,Lagos,Nigeria,NGN,2021-10-27,TikTok,VIP - handle w/ care,Not applicable,Not applicable,client_type_derived_from_name
XT-00466,Harmattan LTD,Corporate,harmattan.ltd@yahoo.com,+2348087361576,Accra,Ghana,NGN,2021-06-11,Referral,VIP - handle w/ care,Not applicable,Not applicable,No issues
XT-00467,José Sowore,Individual,jose.sowore@outlook.com,+2348084493578,Lagos,Nigeria,NGN,2022-11-29,TikTok,"Discount agreed, see email",Not applicable,Not applicable,No issues
XT-00468,Ngozi Abiola,Individual,ngozi.abiola@mail.com,Unknown,Port Harcourt,Nigeria,NGN,2024-05-17,TikTok,invoice to accounts dept,Not applicable,Not applicable,phone_invalid_9_digits
XT-00469,Kofi Ojo,Individual,Unknown,+2348014015907,Lagos,Nigeria,NGN,2021-10-30,Agency Partner,VIP - handle w/ care,Not applicable,Not applicable,No issues
XT-00470,Björn Farouk,Individual,bjorn.farouk@outlook.com,Unknown,Lagos,Nigeria,NGN,2023-10-06,Unknown,Not applicable,Not applicable,Not applicable,"country_derived_from_city,phone_invalid_9_digits"
XT-00471,Sahara Telecom,Corporate,sahara.telecom@gmail.com,+2348032684974,Lagos,Nigeria,NGN,2022-01-08,Referral,invoice to accounts dept,XT-02471,0.96,No issues
XT-00472,Cassava Telecom,Corporate,cassava.telecom@company.ng,+2348099108079,Enugu,Nigeria,NGN,2022-02-08,Walk-in,invoice to accounts dept,Not applicable,Not applicable,conflicting_values:phone
XT-00473,Anchor Media,Corporate,anchor.media@yahoo.com,Unknown,Lagos,Nigeria,NGN,2024-03-19,Unknown,Not applicable,Not applicable,Not applicable,No issues
XT-00474,Musa Müller,Individual,musa.muller@outlook.com,+2348082855456,London,United Kingdom,NGN,2022-10-16,Referral,Not applicable,Not applicable,Not applicable,client_type_derived_from_name
XT-00475,Cassava Limited,Corporate,cassava.limited@company.ng,Unknown,Port Harcourt,Nigeria,NGN,2024-01-16,Agency Partner,Not applicable,Not applicable,Not applicable,phone_invalid_9_digits
XT-00476,Anchor LTD,Corporate,anchor.ltd@gmail.com,+2348093624265,Atlanta,United States,NGN,2022-04-24,Instagram,"Repeat client, 3rd project see 2022 folder",Not applicable,Not applicable,country_derived_from_city
XT-00477,Ember Collective,Corporate,ember.collective@yahoo.com,Unknown,Enugu,Nigeria,NGN,2023-08-18,Referral,Not applicable,Not applicable,Not applicable,phone_invalid_8_digits
XT-00478,Thabo Balogun,Individual,thabo.balogun@outlook.com,+2348017533383,Lagos,Nigeria,NGN,2021-01-08,Walk-in,do not call before 10am,Not applicable,Not applicable,No issues
XT-00479,Palmwine Agency,Corporate,palmwine.agency@yahoo.com,Unknown,Lagos,Nigeria,NGN,2021-09-12,Agency Partner,Not applicable,Not applicable,Not applicable,phone_invalid_8_digits
XT-00480,Radiant NGO,Corporate,radiant.ngo@yahoo.com,Unknown,Abuja,Nigeria,NGN,2020-11-27,Email,"Discount agreed, see email",Not applicable,Not applicable,phone_invalid_9_digits
XT-00481,Zenith Collective,Corporate,zenith.collective@yahoo.com,+2348074449432,Lagos,Nigeria,NGN,2021-12-15,Google,Not applicable,Not applicable,Not applicable,country_derived_from_city
XT-00482,Northline Media,Corporate,northline.media@gmail.com,+2348042269800,Lagos,Nigeria,NGN,2022-08-14,Google,VIP - handle w/ care,Not applicable,Not applicable,No issues
XT-00483,Zenith Limited,Corporate,zenith.limited@company.ng,Unknown,Port Harcourt,Nigeria,NGN,2023-06-26,Google,Owes balance,Not applicable,Not applicable,phone_invalid_9_digits
XT-00484,Segun Achebe,Individual,segun.achebe@mail.com,Unknown,Lagos,Nigeria,NGN,2022-08-07,Instagram,invoice to accounts dept,Not applicable,Not applicable,No issues
XT-00485,Anchor NGO,Corporate,anchor.ngo@outlook.com,+2348037715795,Lagos,Nigeria,NGN,2022-06-18,Instagram,Not applicable,Not applicable,Not applicable,No issues
XT-00486,Mango Telecom,Corporate,mango.telecom@yahoo.com,+2348070236874,Lagos,Nigeria,NGN,2024-05-02,Instagram,prefers whatsapp,Not applicable,Not applicable,No issues
XT-00487,Third Mainland Foods,Corporate,third.mainland.foods@yahoo.com,Unknown,London,United Kingdom,NGN,2022-04-26,Unknown,do not call before 10am,Not applicable,Not applicable,No issues
XT-00488,Harmattan Media,Corporate,harmattan.media@outlook.com,Unknown,Johannesburg,South Africa,NGN,2023-03-12,Unknown,do not call before 10am,Not applicable,Not applicable,phone_invalid_9_digits
XT-00489,Terra Telecom,Corporate,terra.telecom@gmail.com,Unknown,Accra,Ghana,NGN,2022-04-05,Agency Partner,"Repeat client, 3rd project see 2022 folder",Not applicable,Not applicable,"client_type_derived_from_name,phone_invalid_9_digits"
XT-00490,Marcus Osei,Individual,marcus.osei@yahoo.com,+2348073268234,Lagos,Nigeria,NGN,2022-08-13,Google,Not applicable,Not applicable,Not applicable,No issues
XT-00491,Kraft Foods,Corporate,kraft.foods@mail.com,+2348020904714,Unknown,Nigeria,NGN,2022-03-06,Referral,VIP - handle w/ care,Not applicable,Not applicable,No issues
XT-00492,Daniel Abiola,Individual,daniel.abiola@company.ng,Unknown,Johannesburg,South Africa,NGN,2022-07-03,Google,invoice to accounts dept,Not applicable,Not applicable,No issues
XT-00493,Delta Rise LTD,Corporate,delta.rise.ltd@outlook.com,+2348069843446,Lagos,Nigeria,NGN,2022-11-01,TikTok,Not applicable,Not applicable,Not applicable,No issues
XT-00494,Northline Records,Corporate,northline.records@company.ng,Unknown,Abuja,Nigeria,NGN,2022-02-18,Google,Owes balance,Not applicable,Not applicable,phone_invalid_8_digits
XT-00495,Delta Rise Records,Corporate,delta.rise.records@company.ng,Unknown,Lagos,Nigeria,NGN,2022-07-08,Walk-in,Not applicable,Not applicable,Not applicable,city_taken_from_own_bookings
XT-00496,Sahara Holdings,Corporate,sahara.holdings@company.ng,Unknown,Abuja,Nigeria,NGN,2023-03-21,Agency Partner,invoice to accounts dept,Not applicable,Not applicable,phone_invalid_8_digits
XT-00497,Blue Ivy Foods,Corporate,blue.ivy.foods@mail.com,Unknown,Lagos,Nigeria,NGN,2021-10-30,Email,invoice to accounts dept,Not applicable,Not applicable,phone_invalid_9_digits
XT-00498,Kraft Agency,Corporate,kraft.agency@company.ng,Unknown,Dubai,United Arab Emirates,NGN,2022-02-07,Google,Not applicable,Not applicable,Not applicable,phone_invalid_9_digits
XT-00499,Cassava LTD,Corporate,cassava.ltd@outlook.com,+2348093655823,Lagos,Nigeria,NGN,2022-10-02,Unknown,Not applicable,Not applicable,Not applicable,city_taken_from_own_bookings
XT-00500,Wei Ojo,Individual,wei.ojo@company.ng,+2348089320607,Johannesburg,South Africa,NGN,2022-11-20,Agency Partner,Not applicable,Not applicable,Not applicable,No issues
XT-00501,Zainab Osei,Individual,zainab.osei@company.ng,Unknown,Lagos,Nigeria,NGN,2023-11-16,Agency Partner,Not applicable,Not applicable,Not applicable,"country_derived_from_city,phone_invalid_9_digits"
XT-00502,Björn Adebayo-Cole,Individual,bjorn.adebayo-cole@yahoo.com,Unknown,Lagos,Nigeria,NGN,2023-07-13,Referral,"Repeat client, 3rd project see 2022 folder",Not applicable,Not applicable,phone_invalid_9_digits
XT-00503,Harmattan Bank PLC,Corporate,harmattan.bank.plc@yahoo.com,Unknown,Lagos,Nigeria,NGN,2023-10-07,TikTok,Not applicable,Not applicable,Not applicable,phone_invalid_8_digits
XT-00504,Sióbhan Dlamini,Individual,siobhan.dlamini@company.ng,Unknown,Lagos,Nigeria,NGN,2022-11-19,TikTok,Not applicable,XT-02504,0.929,No issues
XT-00505,Marcus Müller,Individual,marcus.muller@company.ng,Unknown,Atlanta,United States,NGN,2023-10-28,Agency Partner,Owes balance,Not applicable,Not applicable,"city_taken_from_own_bookings,phone_invalid_9_digits"
XT-00506,Adaeze Ibrahim,Individual,adaeze.ibrahim@company.ng,+2348052733020,Abuja,Nigeria,NGN,2023-08-22,Unknown,Not applicable,Not applicable,Not applicable,No issues
XT-00507,Terra Brands,Corporate,terra.brands@gmail.com,+2348091114620,Lagos,Nigeria,NGN,2024-02-05,Instagram,do not call before 10am,Not applicable,Not applicable,client_type_derived_from_name
XT-00508,Kelechi Dlamini,Individual,kelechi.dlamini@company.ng,+2348088312416,Nairobi,Kenya,NGN,2022-07-06,Agency Partner,Owes balance,Not applicable,Not applicable,country_derived_from_city
XT-00509,Blue Ivy Limited,Corporate,blue.ivy.limited@outlook.com,Unknown,Abuja,Nigeria,NGN,2022-04-08,TikTok,Not applicable,Not applicable,Not applicable,phone_invalid_8_digits
XT-00510,Third Mainland Brands,Corporate,third.mainland.brands@yahoo.com,Unknown,Ibadan,Nigeria,NGN,2021-04-25,Email,Owes balance,Not applicable,Not applicable,phone_invalid_9_digits
XT-00511,Ahmed Osei,Individual,ahmed.osei@company.ng,Unknown,Dubai,United Arab Emirates,NGN,2021-04-02,Google,Not applicable,Not applicable,Not applicable,No issues
XT-00512,Kraft Bank PLC,Corporate,kraft.bank.plc@yahoo.com,Unknown,Unknown,Nigeria,NGN,Unknown,TikTok,"Repeat client, 3rd project see 2022 folder",Not applicable,Not applicable,client_type_derived_from_name
XT-00513,Grace Abiola,Individual,grace.abiola@yahoo.com,+2348084457802,Lagos,Nigeria,NGN,2021-08-04,Unknown,Not applicable,Not applicable,Not applicable,city_taken_from_own_bookings
XT-00514,Third Mainland Studios,Corporate,third.mainland.studios@mail.com,+2348023285559,Lagos,Nigeria,NGN,2021-04-05,Google,Owes balance,Not applicable,Not applicable,No issues
XT-00515,Ember Media,Corporate,ember.media@gmail.com,Unknown,Port Harcourt,Nigeria,NGN,2023-02-16,Referral,Owes balance,Not applicable,Not applicable,phone_invalid_9_digits
XT-00516,Obinna Sowore,Individual,obinna.sowore@yahoo.com,Unknown,Lagos,Nigeria,NGN,2023-03-05,Email,VIP - handle w/ care,Not applicable,Not applicable,"client_type_derived_from_name,phone_invalid_9_digits"
XT-00517,Cassava Limited,Corporate,cassava.limited@yahoo.com,Unknown,Abuja,Nigeria,NGN,Unknown,Walk-in,Not applicable,Not applicable,Not applicable,phone_invalid_9_digits
XT-00518,Palmwine Brands,Corporate,palmwine.brands@yahoo.com,Unknown,Ibadan,Nigeria,NGN,2022-10-20,Unknown,"Discount agreed, see email",Not applicable,Not applicable,No issues
XT-00519,Radiant Agency,Corporate,radiant.agency@outlook.com,Unknown,Accra,Ghana,NGN,2023-06-02,Instagram,Not applicable,Not applicable,Not applicable,No issues
XT-00520,Radiant NGO,Corporate,radiant.ngo@outlook.com,+2348050058575,Lagos,Nigeria,NGN,2024-02-29,Agency Partner,Not applicable,Not applicable,Not applicable,No issues
XT-00521,Delta Rise Telecom,Corporate,delta.rise.telecom@yahoo.com,Unknown,Kano,Nigeria,NGN,2024-01-31,Google,"Discount agreed, see email",Not applicable,Not applicable,No issues
XT-00522,Sahara Agency,Corporate,sahara.agency@company.ng,Unknown,Abuja,Nigeria,NGN,2021-09-18,TikTok,Not applicable,Not applicable,Not applicable,phone_invalid_9_digits
XT-00523,Radiant Limited,Corporate,Unknown,+2348090860197,Kano,Nigeria,NGN,2023-01-31,TikTok,"Discount agreed, see email",Not applicable,Not applicable,No issues
XT-00524,Silverbird Bank PLC,Corporate,silverbird.bank.plc@gmail.com,+2348073770569,Accra,Ghana,NGN,2022-06-23,Instagram,Not applicable,Not applicable,Not applicable,No issues
XT-00525,Terra Brands,Corporate,Unknown,Unknown,Johannesburg,South Africa,NGN,2020-12-30,TikTok,Not applicable,Not applicable,Not applicable,"city_taken_from_own_bookings,client_type_derived_from_name,phone_invalid_9_digits"
XT-00526,Harmattan Media,Corporate,harmattan.media@yahoo.com,Unknown,Lagos,Nigeria,NGN,2024-03-09,Unknown,invoice to accounts dept,Not applicable,Not applicable,phone_invalid_8_digits
XT-00527,Obinna Chukwu,Individual,obinna.chukwu@mail.com,Unknown,Lagos,Nigeria,NGN,2022-02-24,TikTok,prefers whatsapp,Not applicable,Not applicable,"country_derived_from_city,phone_invalid_9_digits"
XT-00528,Olamide Olawale,Individual,olamide.olawale@mail.com,+2348058845501,Lagos,Nigeria,NGN,2020-11-03,TikTok,VIP - handle w/ care,Not applicable,Not applicable,country_derived_from_city
XT-00529,Silverbird LTD,Corporate,silverbird.ltd@mail.com,+2348091169677,Lagos,Nigeria,NGN,2023-07-16,Google,Owes balance,XT-02529,0.96,No issues
XT-00530,Adaeze Anyanwu,Individual,adaeze.anyanwu@mail.com,Unknown,Abuja,Nigeria,NGN,2024-02-29,Instagram,do not call before 10am,Not applicable,Not applicable,No issues
XT-00531,José García,Individual,jose.garcia@yahoo.com,Unknown,London,United Kingdom,NGN,2021-05-21,TikTok,Owes balance,Not applicable,Not applicable,No issues
XT-00532,Grace Anyanwu,Individual,grace.anyanwu@yahoo.com,+2348018961210,Kano,Nigeria,NGN,2021-10-30,Google,invoice to accounts dept,Not applicable,Not applicable,No issues
XT-00533,Radiant Bank PLC,Corporate,radiant.bank.plc@outlook.com,+2348047833624,Lagos,Nigeria,NGN,2022-09-05,Unknown,invoice to accounts dept,Not applicable,Not applicable,No issues
XT-00534,Mango Records,Corporate,Unknown,Unknown,Port Harcourt,Nigeria,NGN,2021-08-25,Google,Owes balance,Not applicable,Not applicable,"city_taken_from_own_bookings,phone_invalid_9_digits"
XT-00535,Cassava Collective,Corporate,cassava.collective@outlook.com,Unknown,Abuja,Nigeria,NGN,2022-05-05,Referral,do not call before 10am,Not applicable,Not applicable,phone_invalid_8_digits
XT-00536,Aisha Farouk,Individual,aisha.farouk@mail.com,+2348010791422,Dubai,United Arab Emirates,NGN,2024-03-31,Unknown,"Repeat client, 3rd project see 2022 folder",Not applicable,Not applicable,No issues
XT-00537,Kobo Limited,Corporate,kobo.limited@mail.com,+2348093398801,Port Harcourt,Nigeria,NGN,2023-04-10,Unknown,VIP - handle w/ care,Not applicable,Not applicable,No issues
XT-00538,Aisha Okafor,Individual,aisha.okafor@yahoo.com,+2348038573999,Enugu,Nigeria,NGN,2022-01-05,Walk-in,"Repeat client, 3rd project see 2022 folder",Not applicable,Not applicable,No issues
XT-00539,Kobo Studios,Corporate,kobo.studios@mail.com,+2348077265459,Lagos,Nigeria,NGN,2023-05-14,Agency Partner,VIP - handle w/ care,Not applicable,Not applicable,No issues
XT-00540,Palmwine Foods,Corporate,palmwine.foods@gmail.com,+2348042233255,Johannesburg,South Africa,NGN,2023-01-05,Google,invoice to accounts dept,Not applicable,Not applicable,No issues
XT-00541,Novo Foods,Corporate,novo.foods@outlook.com,+2348031027927,Kano,Nigeria,NGN,2024-08-15,Instagram,do not call before 10am,Not applicable,Not applicable,client_type_derived_from_name
XT-00542,André Chukwu,Individual,andre.chukwu@yahoo.com,+2348010321429,Johannesburg,South Africa,NGN,Unknown,Agency Partner,Not applicable,Not applicable,Not applicable,No issues
XT-00543,Palmwine Telecom,Corporate,palmwine.telecom@mail.com,+2348067231997,Lagos,Nigeria,NGN,2022-10-18,Instagram,Not applicable,Not applicable,Not applicable,No issues
XT-00544,Cassava Limited,Corporate,cassava.limited@yahoo.com,+2348033279488,Ibadan,Nigeria,NGN,2022-06-19,Walk-in,VIP - handle w/ care,Not applicable,Not applicable,country_derived_from_city
XT-00545,Grace Nwosu,Individual,grace.nwosu@yahoo.com,+2348017122084,Atlanta,United States,NGN,2023-09-14,TikTok,prefers whatsapp,Not applicable,Not applicable,No issues
XT-00546,Sióbhan Danjuma,Individual,siobhan.danjuma@gmail.com,+2348032149555,Nairobi,Kenya,NGN,2023-03-23,Instagram,invoice to accounts dept,Not applicable,Not applicable,No issues
XT-00547,Obsidian NGO,Corporate,obsidian.ngo@company.ng,+2348064522197,Lagos,Nigeria,NGN,2023-09-03,Walk-in,prefers whatsapp,Not applicable,Not applicable,No issues
XT-00548,Olamide Achebe,Individual,olamide.achebe@yahoo.com,Unknown,Lagos,Nigeria,NGN,2023-11-19,Agency Partner,Not applicable,Not applicable,Not applicable,phone_invalid_9_digits
XT-00549,Palmwine Collective,Corporate,palmwine.collective@yahoo.com,Unknown,Atlanta,United States,NGN,2021-11-15,Instagram,Not applicable,Not applicable,Not applicable,phone_invalid_8_digits
XT-00550,Mango Agency,Corporate,mango.agency@gmail.com,Unknown,Accra,Ghana,NGN,2023-05-18,Referral,"Repeat client, 3rd project see 2022 folder",Not applicable,Not applicable,phone_invalid_9_digits
XT-00551,Cassava Telecom,Corporate,cassava.telecom@yahoo.com,Unknown,Lagos,Nigeria,NGN,2023-07-30,Instagram,VIP - handle w/ care,Not applicable,Not applicable,phone_invalid_9_digits
XT-00552,Terra Limited,Corporate,terra.limited@yahoo.com,+2348072899100,Enugu,Nigeria,NGN,2022-07-30,Referral,"Repeat client, 3rd project see 2022 folder",Not applicable,Not applicable,No issues
XT-00553,Palmwine Foods,Corporate,palmwine.foods@mail.com,+2348095783596,Lagos,Nigeria,NGN,2022-04-19,Agency Partner,do not call before 10am,XT-02553,1.0,No issues
XT-00554,Ifeanyi Kim,Individual,ifeanyi.kim@mail.com,Unknown,Port Harcourt,Nigeria,NGN,2023-10-19,Agency Partner,Not applicable,Not applicable,Not applicable,phone_invalid_9_digits
XT-00555,Chioma Abiola,Individual,chioma.abiola@outlook.com,+2348044860710,Port Harcourt,Nigeria,NGN,2021-10-28,Referral,do not call before 10am,Not applicable,Not applicable,No issues
XT-00556,Ahmed Okafor,Individual,ahmed.okafor@company.ng,Unknown,Port Harcourt,Nigeria,NGN,2021-04-01,Email,Owes balance,Not applicable,Not applicable,No issues
XT-00557,Ahmed Dlamini,Individual,ahmed.dlamini@yahoo.com,Unknown,Lagos,Nigeria,NGN,2022-10-03,Walk-in,prefers whatsapp,Not applicable,Not applicable,phone_invalid_9_digits
XT-00558,Silverbird NGO,Corporate,silverbird.ngo@outlook.com,Unknown,Lagos,Nigeria,NGN,2023-05-11,Unknown,Not applicable,Not applicable,Not applicable,phone_invalid_9_digits
XT-00559,Terra Media,Corporate,terra.media@outlook.com,+2348011836569,Lagos,Nigeria,NGN,2022-11-02,TikTok,Not applicable,Not applicable,Not applicable,No issues
XT-00560,Third Mainland Group,Corporate,third.mainland.group@gmail.com,Unknown,Lagos,Nigeria,NGN,2021-11-22,Instagram,VIP - handle w/ care,Not applicable,Not applicable,phone_invalid_9_digits
XT-00561,Zenith Holdings,Corporate,zenith.holdings@company.ng,Unknown,Lagos,Nigeria,NGN,2022-06-24,Unknown,Not applicable,Not applicable,Not applicable,phone_invalid_9_digits
XT-00562,Emeka Abiola,Individual,emeka.abiola@outlook.com,Unknown,Unknown,Nigeria,NGN,2023-06-19,Walk-in,"Repeat client, 3rd project see 2022 folder",Not applicable,Not applicable,No issues
XT-00563,Musa O'Brien,Individual,musa.obrien@outlook.com,+2348096662916,Enugu,Nigeria,NGN,2023-05-05,Google,prefers whatsapp,Not applicable,Not applicable,No issues
XT-00564,Kobo Telecom,Corporate,kobo.telecom@gmail.com,Unknown,Accra,Ghana,NGN,2022-08-15,Google,Owes balance,Not applicable,Not applicable,phone_invalid_9_digits
XT-00565,Damilola Müller,Individual,damilola.muller@yahoo.com,+2348072755352,Lagos,Nigeria,NGN,2023-09-11,Walk-in,invoice to accounts dept,Not applicable,Not applicable,No issues
XT-00566,Silverbird Bank PLC,Corporate,silverbird.bank.plc@company.ng,+2348094091257,Port Harcourt,Nigeria,NGN,2021-10-14,Walk-in,prefers whatsapp,Not applicable,Not applicable,No issues
XT-00567,Yusuf Dlamini,Individual,yusuf.dlamini@yahoo.com,+2348059071112,Lagos,Nigeria,NGN,2023-02-11,Walk-in,prefers whatsapp,Not applicable,Not applicable,No issues
XT-00568,Novo Bank PLC,Corporate,novo.bank.plc@yahoo.com,+2348051739614,Accra,Ghana,NGN,Unknown,Instagram,Not applicable,Not applicable,Not applicable,No issues
XT-00569,Femi Danjuma,Individual,Unknown,Unknown,Lagos,Nigeria,NGN,2021-12-11,Google,invoice to accounts dept,Not applicable,Not applicable,"country_derived_from_city,client_type_derived_from_name"
XT-00570,Northline Collective,Corporate,northline.collective@yahoo.com,Unknown,Atlanta,United States,NGN,2022-05-17,Email,prefers whatsapp,Not applicable,Not applicable,phone_invalid_8_digits
XT-00571,Obsidian Brands,Corporate,obsidian.brands@outlook.com,Unknown,Lagos,Nigeria,NGN,2022-09-01,Instagram,Not applicable,Not applicable,Not applicable,phone_invalid_9_digits
XT-00572,Radiant LTD,Corporate,radiant.ltd@mail.com,+2348024473355,Johannesburg,South Africa,NGN,2022-02-24,TikTok,prefers whatsapp,XT-02572,0.9,No issues
XT-00573,Damilola Mohammed,Individual,damilola.mohammed@gmail.com,Unknown,Lagos,Nigeria,NGN,2021-12-27,Unknown,Not applicable,Not applicable,Not applicable,phone_invalid_8_digits
XT-00574,Terra Bank PLC,Corporate,terra.bank.plc@yahoo.com,+2348013426758,Lagos,Nigeria,NGN,2021-02-11,Unknown,Owes balance,Not applicable,Not applicable,country_derived_from_city
XT-00575,Radiant Collective,Corporate,radiant.collective@outlook.com,+2348089443098,Lagos,Nigeria,NGN,2022-08-18,Email,do not call before 10am,Not applicable,Not applicable,No issues
XT-00576,Silverbird Group,Corporate,silverbird.group@yahoo.com,+2348087929069,Lagos,Nigeria,NGN,Unknown,Referral,Not applicable,Not applicable,Not applicable,country_derived_from_city
XT-00577,Chidinma Ibrahim,Individual,chidinma.ibrahim@mail.com,Unknown,London,United Kingdom,NGN,2021-04-28,Email,Not applicable,Not applicable,Not applicable,phone_invalid_8_digits
XT-00578,Sarah Adebayo-Cole,Individual,sarah.adebayo-cole@yahoo.com,+2348035705214,Lagos,Nigeria,NGN,2023-07-14,TikTok,Not applicable,XT-02578,0.968,No issues
XT-00579,Northline Holdings,Corporate,northline.holdings@company.ng,+2348037312262,Port Harcourt,Nigeria,NGN,2022-05-20,Unknown,Not applicable,Not applicable,Not applicable,No issues
XT-00580,Bola Farouk,Individual,bola.farouk@company.ng,+2348016039040,Lagos,Nigeria,NGN,2022-09-06,Walk-in,Not applicable,Not applicable,Not applicable,No issues
XT-00581,Obsidian Group,Corporate,obsidian.group@company.ng,+2348029069096,Lagos,Nigeria,NGN,2024-01-26,Email,"Discount agreed, see email",Not applicable,Not applicable,No issues
XT-00582,Daniel Bello,Individual,daniel.bello@yahoo.com,Unknown,Abuja,Nigeria,NGN,2022-10-22,Instagram,"Discount agreed, see email",Not applicable,Not applicable,"client_type_derived_from_name,phone_invalid_8_digits"
XT-00583,Lagoon Agency,Corporate,lagoon.agency@company.ng,Unknown,Lagos,Nigeria,NGN,2022-08-17,TikTok,Not applicable,Not applicable,Not applicable,phone_invalid_9_digits
XT-00584,Segun Abiola,Individual,segun.abiola@outlook.com,+2348071134462,Enugu,Nigeria,NGN,2022-09-10,TikTok,Not applicable,Not applicable,Not applicable,No issues
XT-00585,Zenith Foods,Corporate,zenith.foods@gmail.com,+2348079584688,Kano,Nigeria,NGN,2022-06-13,Unknown,invoice to accounts dept,Not applicable,Not applicable,No issues
XT-00586,Northline Brands,Corporate,northline.brands@mail.com,Unknown,Ibadan,Nigeria,NGN,2024-05-07,Google,"Repeat client, 3rd project see 2022 folder",XT-02586,0.933,phone_invalid_9_digits
XT-00587,Mango Studios,Corporate,mango.studios@yahoo.com,+2348026291073,Lagos,Nigeria,NGN,2022-07-10,Walk-in,invoice to accounts dept,Not applicable,Not applicable,No issues
XT-00588,Damilola Oyelaran,Individual,damilola.oyelaran@outlook.com,Unknown,Lagos,Nigeria,NGN,2021-11-07,Instagram,"Discount agreed, see email",Not applicable,Not applicable,phone_invalid_9_digits
XT-00589,Amaka Osei,Individual,amaka.osei@outlook.com,Unknown,London,United Kingdom,NGN,2022-11-16,Email,"Discount agreed, see email",Not applicable,Not applicable,No issues
XT-00590,Zenith Agency,Corporate,zenith.agency@company.ng,+2348090307881,Port Harcourt,Nigeria,NGN,2022-12-21,Unknown,Not applicable,Not applicable,Not applicable,No issues
XT-00591,Third Mainland Holdings,Corporate,third.mainland.holdings@company.ng,Unknown,London,United Kingdom,NGN,2024-04-04,Instagram,Not applicable,Not applicable,Not applicable,phone_invalid_8_digits
XT-00592,Thabo Mohammed,Individual,thabo.mohammed@yahoo.com,+2348013099356,Lagos,Nigeria,NGN,2024-03-16,Referral,invoice to accounts dept,Not applicable,Not applicable,No issues
XT-00593,Delta Rise Studios,Corporate,delta.rise.studios@gmail.com,Unknown,Dubai,United Arab Emirates,NGN,2023-01-01,Referral,Not applicable,Not applicable,Not applicable,phone_invalid_9_digits
XT-00594,Sahara Foods,Corporate,sahara.foods@gmail.com,Unknown,Lagos,Nigeria,NGN,2023-03-09,Unknown,Not applicable,Not applicable,Not applicable,phone_invalid_9_digits
XT-00595,Segun Smith,Individual,segun.smith@mail.com,+2348098344109,Dubai,United Arab Emirates,NGN,2023-07-21,Agency Partner,"Repeat client, 3rd project see 2022 folder",Not applicable,Not applicable,No issues
XT-00596,Cassava Telecom,Corporate,cassava.telecom@yahoo.com,+2348066614923,Lagos,Nigeria,NGN,2020-11-18,Email,invoice to accounts dept,Not applicable,Not applicable,country_derived_from_city
XT-00597,Uche Müller,Individual,uche.muller@yahoo.com,Unknown,Abuja,Nigeria,NGN,2023-11-07,Email,VIP - handle w/ care,Not applicable,Not applicable,phone_invalid_9_digits
XT-00598,Third Mainland Limited,Corporate,third.mainland.limited@company.ng,Unknown,Dubai,United Arab Emirates,NGN,2022-01-23,Referral,Not applicable,Not applicable,Not applicable,phone_invalid_9_digits
XT-00599,Third Mainland Telecom,Corporate,third.mainland.telecom@yahoo.com,Unknown,Abuja,Nigeria,NGN,2023-03-28,Walk-in,Not applicable,Not applicable,Not applicable,phone_invalid_9_digits
XT-00600,José Smith,Individual,jose.smith@outlook.com,+2348025508952,Atlanta,United States,NGN,2022-12-31,Walk-in,Not applicable,Not applicable,Not applicable,No issues
XT-00601,Renée Kim,Individual,renee.kim@company.ng,Unknown,London,United Kingdom,NGN,2022-02-07,Email,prefers whatsapp,Not applicable,Not applicable,phone_invalid_9_digits
XT-00602,Sade Nwosu,Individual,sade.nwosu@gmail.com,Unknown,Atlanta,United States,NGN,2022-10-13,Walk-in,VIP - handle w/ care,Not applicable,Not applicable,phone_invalid_9_digits
XT-00603,Chidinma Adeyemi,Individual,chidinma.adeyemi@outlook.com,Unknown,Dubai,United Arab Emirates,NGN,2022-08-08,Referral,"Repeat client, 3rd project see 2022 folder",Not applicable,Not applicable,phone_invalid_9_digits
XT-00604,Palmwine Foods,Corporate,palmwine.foods@mail.com,Unknown,Dubai,United Arab Emirates,NGN,2022-04-13,Instagram,do not call before 10am,Not applicable,Not applicable,phone_invalid_9_digits
XT-00605,Zenith Studios,Corporate,zenith.studios@outlook.com,+2348099249341,Enugu,Nigeria,NGN,2022-06-25,Email,Owes balance,Not applicable,Not applicable,No issues
XT-00606,Mango Records,Corporate,mango.records@yahoo.com,+2348040444334,Lagos,Nigeria,NGN,2023-08-24,Instagram,Not applicable,Not applicable,Not applicable,No issues
XT-00607,Harmattan Brands,Corporate,harmattan.brands@gmail.com,Unknown,Accra,Ghana,NGN,2021-04-14,Instagram,Not applicable,Not applicable,Not applicable,No issues
XT-00608,José Balogun,Individual,jose.balogun@gmail.com,+2348080439503,Port Harcourt,Nigeria,NGN,2023-03-18,Email,Owes balance,Not applicable,Not applicable,No issues
XT-00609,Elena Abiola,Individual,elena.abiola@company.ng,Unknown,Nairobi,Kenya,NGN,2023-05-01,Email,do not call before 10am,Not applicable,Not applicable,No issues
XT-00610,Novo Collective,Corporate,novo.collective@yahoo.com,Unknown,Lagos,Nigeria,NGN,2022-04-22,TikTok,Not applicable,Not applicable,Not applicable,"country_derived_from_city,phone_invalid_8_digits"
XT-00611,Mango Brands,Corporate,mango.brands@gmail.com,Unknown,Lagos,Nigeria,NGN,2023-02-05,Walk-in,Not applicable,Not applicable,Not applicable,No issues
XT-00612,Silverbird Collective,Corporate,silverbird.collective@yahoo.com,+2348014093005,Kano,Nigeria,NGN,Unknown,Walk-in,"Repeat client, 3rd project see 2022 folder",Not applicable,Not applicable,No issues
XT-00613,Marcus Abiola,Individual,marcus.abiola@company.ng,+2348068490328,Atlanta,United States,NGN,2022-11-09,Unknown,invoice to accounts dept,Not applicable,Not applicable,No issues
XT-00614,Anchor Holdings,Corporate,anchor.holdings@gmail.com,Unknown,Lagos,Nigeria,NGN,2024-02-25,TikTok,Not applicable,Not applicable,Not applicable,phone_invalid_9_digits
XT-00615,Björn Farouk,Individual,bjorn.farouk@gmail.com,Unknown,Lagos,Nigeria,NGN,2021-05-24,Walk-in,Not applicable,Not applicable,Not applicable,phone_invalid_9_digits
XT-00616,Cassava LTD,Corporate,cassava.ltd@gmail.com,Unknown,Enugu,Nigeria,NGN,Unknown,Walk-in,Owes balance,Not applicable,Not applicable,phone_invalid_9_digits
XT-00617,Ember Bank PLC,Corporate,ember.bank.plc@gmail.com,+2348056635595,Atlanta,United States,NGN,2021-06-14,Email,VIP - handle w/ care,Not applicable,Not applicable,No issues
XT-00618,Anchor Group,Corporate,anchor.group@outlook.com,+2348091244320,Lagos,Nigeria,NGN,2022-03-16,Instagram,Not applicable,Not applicable,Not applicable,No issues
XT-00619,Novo Bank PLC,Corporate,novo.bank.plc@outlook.com,Unknown,Lagos,Nigeria,NGN,2023-12-27,Unknown,prefers whatsapp,Not applicable,Not applicable,phone_invalid_9_digits
XT-00620,Kraft Media,Corporate,kraft.media@yahoo.com,Unknown,Kano,Nigeria,NGN,2023-08-11,Instagram,prefers whatsapp,Not applicable,Not applicable,No issues
XT-00621,Cassava Limited,Corporate,Unknown,Unknown,Atlanta,United States,NGN,2023-07-22,Google,Not applicable,Not applicable,Not applicable,"client_type_derived_from_name,phone_invalid_9_digits"
XT-00622,Halima Danjuma,Individual,halima.danjuma@gmail.com,+2348093193864,Lagos,Nigeria,NGN,2021-09-29,TikTok,Not applicable,Not applicable,Not applicable,No issues
XT-00623,Northline Collective,Corporate,northline.collective@yahoo.com,Unknown,Kano,Nigeria,NGN,2023-02-01,Referral,prefers whatsapp,XT-02623,0.974,phone_invalid_8_digits
XT-00624,Yusuf Adeyemi,Individual,yusuf.adeyemi@yahoo.com,Unknown,Lagos,Nigeria,NGN,2022-08-15,Email,Not applicable,Not applicable,Not applicable,phone_invalid_9_digits
XT-00625,Sade García,Individual,sade.garcia@outlook.com,+2348087577902,Lagos,Nigeria,NGN,2021-09-27,Google,VIP - handle w/ care,Not applicable,Not applicable,No issues
XT-00626,Lagoon Records,Corporate,lagoon.records@company.ng,+2348071900011,Ibadan,Nigeria,NGN,2024-08-12,Instagram,"Discount agreed, see email",Not applicable,Not applicable,No issues
XT-00627,Amaka Mensah,Individual,amaka.mensah@gmail.com,+2348050778136,Lagos,Nigeria,NGN,2023-08-20,TikTok,VIP - handle w/ care,Not applicable,Not applicable,No issues
XT-00628,Yusuf Ibrahim,Individual,yusuf.ibrahim@mail.com,+2348015720474,Kano,Nigeria,NGN,2022-11-15,Google,Owes balance,Not applicable,Not applicable,No issues
XT-00629,Third Mainland Holdings,Corporate,third.mainland.holdings@mail.com,+2348018037280,Kano,Nigeria,NGN,2021-08-30,TikTok,Not applicable,Not applicable,Not applicable,No issues
XT-00630,Blue Ivy Foods,Corporate,blue.ivy.foods@yahoo.com,+2348081978122,Enugu,Nigeria,NGN,2021-08-10,Instagram,Not applicable,Not applicable,Not applicable,No issues
XT-00631,Radiant Agency,Corporate,radiant.agency@yahoo.com,+2348089038414,London,United Kingdom,NGN,2021-08-18,Google,prefers whatsapp,Not applicable,Not applicable,No issues
XT-00632,Amaka Olawale,Individual,amaka.olawale@company.ng,+2348042241106,Johannesburg,South Africa,NGN,2023-04-28,Instagram,"Discount agreed, see email",Not applicable,Not applicable,client_type_derived_from_name
XT-00633,Priya Okafor,Individual,priya.okafor@outlook.com,Unknown,Port Harcourt,Nigeria,NGN,2021-12-04,Email,Not applicable,Not applicable,Not applicable,phone_invalid_9_digits
XT-00634,Chidinma Abiola,Individual,chidinma.abiola@company.ng,+2348050892953,Ibadan,Nigeria,NGN,2021-09-16,Walk-in,Not applicable,Not applicable,Not applicable,No issues
XT-00635,Terra Foods,Corporate,terra.foods@gmail.com,Unknown,Lagos,Nigeria,NGN,2022-09-06,Email,Not applicable,Not applicable,Not applicable,No issues
XT-00636,Aisha Smith,Individual,aisha.smith@mail.com,+2348091044555,London,United Kingdom,NGN,2023-07-11,Instagram,VIP - handle w/ care,Not applicable,Not applicable,No issues
XT-00637,Aisha Kim,Individual,aisha.kim@mail.com,Unknown,Lagos,Nigeria,NGN,2023-04-16,TikTok,VIP - handle w/ care,Not applicable,Not applicable,"city_taken_from_own_bookings,phone_invalid_9_digits"
XT-00638,Northline LTD,Corporate,northline.ltd@outlook.com,Unknown,Lagos,Nigeria,NGN,2023-10-21,Email,Not applicable,Not applicable,Not applicable,phone_invalid_9_digits
XT-00639,Harmattan Bank PLC,Corporate,harmattan.bank.plc@outlook.com,+2348083805339,Enugu,Nigeria,NGN,Unknown,TikTok,VIP - handle w/ care,Not applicable,Not applicable,No issues
XT-00640,Thabo Eze,Individual,thabo.eze@yahoo.com,Unknown,Port Harcourt,Nigeria,NGN,2022-12-21,Google,Not applicable,Not applicable,Not applicable,phone_invalid_8_digits
XT-00641,Grace Nwosu,Individual,grace.nwosu@outlook.com,+2348091782195,Enugu,Nigeria,NGN,2023-06-10,TikTok,Owes balance,Not applicable,Not applicable,No issues
XT-00642,André Mohammed,Individual,andre.mohammed@outlook.com,+2348054385549,London,United Kingdom,NGN,2022-07-01,Instagram,"Discount agreed, see email",Not applicable,Not applicable,No issues
XT-00643,Novo Brands,Corporate,novo.brands@mail.com,+2348048974642,Port Harcourt,Nigeria,NGN,2020-11-30,Unknown,"Discount agreed, see email",Not applicable,Not applicable,No issues
XT-00644,Anchor Studios,Corporate,anchor.studios@mail.com,+2348033560695,Johannesburg,South Africa,NGN,2021-10-01,TikTok,"Repeat client, 3rd project see 2022 folder",Not applicable,Not applicable,No issues
XT-00645,Terra LTD,Corporate,terra.ltd@outlook.com,+2348068705489,Ibadan,Nigeria,NGN,2020-10-29,TikTok,Not applicable,Not applicable,Not applicable,client_type_derived_from_name
XT-00646,Ember Media,Corporate,ember.media@company.ng,+2348015962105,Port Harcourt,Nigeria,NGN,2023-04-29,Agency Partner,do not call before 10am,Not applicable,Not applicable,No issues
XT-00647,Blue Ivy Agency,Corporate,blue.ivy.agency@gmail.com,Unknown,Ibadan,Nigeria,NGN,2023-10-06,Unknown,do not call before 10am,Not applicable,Not applicable,phone_invalid_9_digits
XT-00648,Novo Collective,Corporate,novo.collective@outlook.com,+2348057481011,London,United Kingdom,NGN,2022-02-25,Agency Partner,Not applicable,Not applicable,Not applicable,No issues
XT-00649,Wei Chukwu,Individual,wei.chukwu@outlook.com,Unknown,Nairobi,Kenya,NGN,2023-10-11,Agency Partner,do not call before 10am,Not applicable,Not applicable,No issues
XT-00650,Sahara Records,Corporate,sahara.records@outlook.com,+2348048290766,Lagos,Nigeria,NGN,2021-05-15,Agency Partner,do not call before 10am,Not applicable,Not applicable,No issues
XT-00651,Ahmed Danjuma,Individual,ahmed.danjuma@company.ng,+2348068350260,Abuja,Nigeria,NGN,2022-09-21,Agency Partner,invoice to accounts dept,Not applicable,Not applicable,No issues
XT-00652,Kobo Records,Corporate,kobo.records@yahoo.com,Unknown,Atlanta,United States,NGN,2020-12-01,Google,Owes balance,XT-02652,1.0,phone_invalid_9_digits
XT-00653,Harmattan Media,Corporate,harmattan.media@company.ng,+2348087181168,Lagos,Nigeria,NGN,2023-11-19,Unknown,do not call before 10am,Not applicable,Not applicable,No issues
XT-00654,Ember LTD,Corporate,ember.ltd@gmail.com,Unknown,Lagos,Nigeria,NGN,2022-05-28,Unknown,do not call before 10am,Not applicable,Not applicable,phone_invalid_9_digits
XT-00655,Delta Rise Holdings,Corporate,delta.rise.holdings@yahoo.com,+2348099320652,Ibadan,Nigeria,NGN,2022-12-27,Referral,VIP - handle w/ care,Not applicable,Not applicable,No issues
XT-00656,Blue Ivy Media,Corporate,blue.ivy.media@mail.com,Unknown,Abuja,Nigeria,NGN,2021-08-31,Unknown,prefers whatsapp,Not applicable,Not applicable,phone_invalid_8_digits
XT-00657,Kelechi Oyelaran,Individual,kelechi.oyelaran@mail.com,+2348034897583,Abuja,Nigeria,NGN,2023-09-16,TikTok,Not applicable,Not applicable,Not applicable,client_type_derived_from_name
XT-00658,Northline Collective,Corporate,northline.collective@outlook.com,Unknown,Kano,Nigeria,NGN,2023-08-21,Email,do not call before 10am,Not applicable,Not applicable,phone_invalid_9_digits
XT-00659,Femi Adeyemi,Individual,femi.adeyemi@company.ng,Unknown,Accra,Ghana,NGN,2021-10-07,Unknown,Not applicable,Not applicable,Not applicable,client_type_derived_from_name
XT-00660,Third Mainland Studios,Corporate,third.mainland.studios@mail.com,+2348011824853,Lagos,Nigeria,NGN,2021-10-29,Instagram,Owes balance,Not applicable,Not applicable,No issues
XT-00661,Anchor Records,Corporate,anchor.records@mail.com,Unknown,Ibadan,Nigeria,NGN,2022-07-07,Email,Not applicable,XT-02661,0.923,phone_invalid_9_digits
XT-00662,Third Mainland Foods,Corporate,third.mainland.foods@gmail.com,Unknown,Lagos,Nigeria,NGN,2024-05-08,Instagram,do not call before 10am,Not applicable,Not applicable,No issues
XT-00663,Yusuf O'Brien,Individual,yusuf.obrien@yahoo.com,+2348048876374,Atlanta,United States,NGN,2023-07-18,Agency Partner,Owes balance,Not applicable,Not applicable,No issues
XT-00664,Thabo Bello,Individual,Unknown,Unknown,Abuja,Nigeria,NGN,2022-08-04,Google,do not call before 10am,Not applicable,Not applicable,No issues
XT-00665,Novo Media,Corporate,novo.media@mail.com,Unknown,Lagos,Nigeria,NGN,2023-07-17,Referral,prefers whatsapp,Not applicable,Not applicable,phone_invalid_9_digits
XT-00666,Fatima Mensah,Individual,fatima.mensah@yahoo.com,Unknown,Enugu,Nigeria,NGN,2023-03-15,Walk-in,Not applicable,Not applicable,Not applicable,No issues
XT-00667,Kobo Foods,Corporate,kobo.foods@mail.com,Unknown,Lagos,Nigeria,NGN,2024-02-15,Walk-in,Not applicable,Not applicable,Not applicable,client_type_derived_from_name
XT-00668,Amaka Balogun,Individual,amaka.balogun@outlook.com,+2348095611013,Lagos,Nigeria,NGN,2021-09-26,Google,Owes balance,Not applicable,Not applicable,No issues
XT-00669,Terra NGO,Corporate,Unknown,Unknown,Atlanta,United States,NGN,2022-10-31,Google,"Discount agreed, see email",Not applicable,Not applicable,phone_invalid_9_digits
XT-00670,Zenith Holdings,Corporate,zenith.holdings@company.ng,+2348037670492,Lagos,Nigeria,NGN,2024-03-10,Instagram,Not applicable,Not applicable,Not applicable,country_derived_from_city
XT-00671,Cassava Agency,Corporate,cassava.agency@outlook.com,Unknown,Dubai,United Arab Emirates,NGN,2020-12-02,Walk-in,"Repeat client, 3rd project see 2022 folder",Not applicable,Not applicable,No issues
XT-00672,Ember Foods,Corporate,ember.foods@gmail.com,+2348036244085,Nairobi,Kenya,NGN,2023-06-01,TikTok,do not call before 10am,Not applicable,Not applicable,No issues
XT-00673,Segun Farouk,Individual,segun.farouk@gmail.com,+2348080913047,Lagos,Nigeria,NGN,2022-10-03,Referral,VIP - handle w/ care,Not applicable,Not applicable,No issues
XT-00674,Delta Rise Group,Corporate,Unknown,Unknown,Nairobi,Kenya,NGN,2021-07-18,Email,Not applicable,Not applicable,Not applicable,"client_type_derived_from_name,phone_invalid_8_digits"
XT-00675,Cassava Holdings,Corporate,cassava.holdings@mail.com,Unknown,Lagos,Nigeria,NGN,2021-07-04,Walk-in,invoice to accounts dept,Not applicable,Not applicable,No issues
XT-00676,Núria Mohammed,Individual,nuria.mohammed@gmail.com,+2348012720708,Enugu,Nigeria,NGN,2020-11-19,Email,"Discount agreed, see email",Not applicable,Not applicable,No issues
XT-00677,Silverbird Foods,Corporate,silverbird.foods@company.ng,+2348070566451,Lagos,Nigeria,NGN,2021-07-02,TikTok,Not applicable,Not applicable,Not applicable,country_derived_from_city
XT-00678,Lagoon Agency,Corporate,lagoon.agency@gmail.com,+2348014496915,Dubai,United Arab Emirates,NGN,2023-01-28,Referral,invoice to accounts dept,XT-02678,0.957,No issues
XT-00679,Northline Brands,Corporate,northline.brands@mail.com,+2348072874563,Kano,Nigeria,NGN,2022-04-10,Instagram,do not call before 10am,XT-02679,0.933,No issues
XT-00680,Radiant LTD,Corporate,radiant.ltd@mail.com,+2348093684584,Ibadan,Nigeria,NGN,2022-11-25,TikTok,Not applicable,Not applicable,Not applicable,No issues
XT-00681,Femi Eze,Individual,femi.eze@yahoo.com,+2348032792804,Abuja,Nigeria,NGN,2022-09-12,Walk-in,Not applicable,Not applicable,Not applicable,No issues
XT-00682,Kraft Limited,Corporate,kraft.limited@gmail.com,+2348070710788,Lagos,Nigeria,NGN,2022-07-29,Referral,invoice to accounts dept,Not applicable,Not applicable,No issues
XT-00683,Blue Ivy Studios,Corporate,blue.ivy.studios@company.ng,Unknown,Enugu,Nigeria,NGN,2023-06-30,Agency Partner,"Discount agreed, see email",Not applicable,Not applicable,phone_invalid_9_digits
XT-00684,Radiant NGO,Corporate,radiant.ngo@yahoo.com,Unknown,Abuja,Nigeria,NGN,2021-07-29,Google,"Repeat client, 3rd project see 2022 folder",Not applicable,Not applicable,phone_invalid_9_digits
XT-00685,Priya Olawale,Individual,priya.olawale@mail.com,Unknown,Abuja,Nigeria,NGN,2022-02-20,Walk-in,Owes balance,Not applicable,Not applicable,phone_invalid_9_digits
XT-00686,Cassava Telecom,Corporate,cassava.telecom@gmail.com,Unknown,Lagos,Nigeria,NGN,2024-03-11,Unknown,invoice to accounts dept,Not applicable,Not applicable,phone_invalid_9_digits
XT-00687,Palmwine Brands,Corporate,palmwine.brands@gmail.com,+2348013592501,Enugu,Nigeria,NGN,2020-12-05,Agency Partner,Not applicable,Not applicable,Not applicable,No issues
XT-00688,Zainab García,Individual,zainab.garcia@mail.com,+2348076625268,Enugu,Nigeria,NGN,2022-04-06,TikTok,invoice to accounts dept,Not applicable,Not applicable,client_type_derived_from_name
XT-00689,Olamide Adebayo-Cole,Individual,olamide.adebayo-cole@yahoo.com,Unknown,Kano,Nigeria,NGN,2023-09-14,Google,VIP - handle w/ care,Not applicable,Not applicable,phone_invalid_9_digits
XT-00690,Kofi Eze,Individual,kofi.eze@company.ng,+2348062717647,Abuja,Nigeria,NGN,2023-03-22,Google,"Discount agreed, see email",Not applicable,Not applicable,client_type_derived_from_name
XT-00691,Cassava Bank PLC,Corporate,cassava.bank.plc@mail.com,+2348096017981,Ibadan,Nigeria,NGN,2023-09-28,Walk-in,prefers whatsapp,XT-02691,1.0,No issues
XT-00692,Delta Rise Agency,Corporate,delta.rise.agency@gmail.com,+2348066151728,Lagos,Nigeria,NGN,2021-06-23,Referral,invoice to accounts dept,Not applicable,Not applicable,No issues
XT-00693,Elena Mensah,Individual,elena.mensah@outlook.com,+2348088167827,Ibadan,Nigeria,NGN,2022-09-15,Google,Owes balance,Not applicable,Not applicable,No issues
XT-00694,Sade Mohammed,Individual,sade.mohammed@gmail.com,+2348093344801,Lagos,Nigeria,NGN,Unknown,Agency Partner,VIP - handle w/ care,Not applicable,Not applicable,country_derived_from_city
XT-00695,Blue Ivy Media,Corporate,blue.ivy.media@company.ng,+2348044025664,Abuja,Nigeria,NGN,2022-02-27,TikTok,"Repeat client, 3rd project see 2022 folder",Not applicable,Not applicable,No issues
XT-00696,Segun Dlamini,Individual,segun.dlamini@outlook.com,+2348024091492,Lagos,Nigeria,NGN,2024-06-10,Referral,Owes balance,Not applicable,Not applicable,No issues
XT-00697,Ember Holdings,Corporate,ember.holdings@mail.com,+2348054193063,Lagos,Nigeria,NGN,2021-04-06,TikTok,do not call before 10am,Not applicable,Not applicable,No issues
XT-00698,Damilola Adeyemi,Individual,damilola.adeyemi@yahoo.com,Unknown,Atlanta,United States,NGN,2021-04-15,Referral,"Discount agreed, see email",Not applicable,Not applicable,"country_derived_from_city,phone_invalid_9_digits"
XT-00699,Obsidian Records,Corporate,obsidian.records@mail.com,Unknown,Lagos,Nigeria,NGN,2022-08-04,Agency Partner,prefers whatsapp,Not applicable,Not applicable,phone_invalid_9_digits
XT-00700,Obsidian Media,Corporate,obsidian.media@company.ng,+2348036666883,Accra,Ghana,NGN,2022-01-17,Email,Not applicable,Not applicable,Not applicable,No issues
XT-00701,Anchor Bank PLC,Corporate,anchor.bank.plc@company.ng,Unknown,Lagos,Nigeria,NGN,2022-05-13,Walk-in,Owes balance,Not applicable,Not applicable,phone_invalid_9_digits
XT-00702,Harmattan Foods,Corporate,harmattan.foods@company.ng,+2348050339418,Lagos,Nigeria,NGN,2021-02-24,Referral,"Repeat client, 3rd project see 2022 folder",Not applicable,Not applicable,No issues
XT-00703,Ifeanyi Adeyemi,Individual,ifeanyi.adeyemi@mail.com,+2348067427594,Port Harcourt,Nigeria,NGN,2022-08-25,Agency Partner,"Discount agreed, see email",Not applicable,Not applicable,No issues
XT-00704,Novo NGO,Corporate,novo.ngo@yahoo.com,Unknown,Port Harcourt,Nigeria,NGN,2022-08-04,Instagram,Not applicable,Not applicable,Not applicable,"city_taken_from_own_bookings,country_derived_from_city,phone_invalid_9_digits"
XT-00705,Sahara NGO,Corporate,sahara.ngo@gmail.com,+2348053788916,London,United Kingdom,NGN,2022-09-28,Email,Not applicable,Not applicable,Not applicable,No issues
XT-00706,Sahara Collective,Corporate,sahara.collective@company.ng,Unknown,Lagos,Nigeria,NGN,2022-07-05,Instagram,VIP - handle w/ care,Not applicable,Not applicable,phone_invalid_9_digits
XT-00707,Yusuf Mensah,Individual,yusuf.mensah@gmail.com,+2348013242978,Atlanta,United States,NGN,Unknown,Unknown,prefers whatsapp,Not applicable,Not applicable,No issues
XT-00708,Third Mainland Collective,Corporate,third.mainland.collective@mail.com,+2348087709481,Abuja,Nigeria,NGN,2022-03-03,Referral,Not applicable,XT-02708,0.979,No issues
XT-00709,Aisha Adebayo-Cole,Individual,aisha.adebayo-cole@outlook.com,+2348016040615,Lagos,Nigeria,NGN,Unknown,TikTok,do not call before 10am,Not applicable,Not applicable,No issues
XT-00710,André Adeyemi,Individual,andre.adeyemi@company.ng,+2348081878762,Port Harcourt,Nigeria,NGN,2022-05-30,TikTok,Not applicable,Not applicable,Not applicable,No issues
XT-00711,Blue Ivy Collective,Corporate,blue.ivy.collective@company.ng,Unknown,Lagos,Nigeria,NGN,2022-02-12,Agency Partner,Not applicable,Not applicable,Not applicable,No issues
XT-00712,Novo Group,Corporate,novo.group@outlook.com,+2348020781480,Lagos,Nigeria,NGN,2023-12-14,Instagram,prefers whatsapp,Not applicable,Not applicable,No issues
XT-00713,Terra Collective,Corporate,terra.collective@mail.com,+2348034573517,Lagos,Nigeria,NGN,2022-06-21,Google,prefers whatsapp,Not applicable,Not applicable,No issues
XT-00714,Sade Osei,Individual,sade.osei@gmail.com,Unknown,Port Harcourt,Nigeria,NGN,2022-05-16,Unknown,invoice to accounts dept,Not applicable,Not applicable,"city_taken_from_own_bookings,phone_invalid_9_digits"
XT-00715,Priya Balogun,Individual,priya.balogun@mail.com,+2348077116869,Lagos,Nigeria,NGN,2024-07-03,Unknown,Not applicable,Not applicable,Not applicable,No issues
XT-00716,Silverbird Group,Corporate,silverbird.group@outlook.com,+2348098962616,Accra,Ghana,NGN,2022-03-07,Google,Not applicable,Not applicable,Not applicable,No issues
XT-00717,Obsidian Media,Corporate,obsidian.media@company.ng,Unknown,Lagos,Nigeria,NGN,2022-06-18,Google,"Repeat client, 3rd project see 2022 folder",Not applicable,Not applicable,No issues
XT-00718,Renée Chukwu,Individual,renee.chukwu@company.ng,+2348011846528,London,United Kingdom,NGN,2023-08-25,TikTok,"Discount agreed, see email",Not applicable,Not applicable,No issues
XT-00719,Radiant Group,Corporate,radiant.group@company.ng,+2348028803971,Abuja,Nigeria,NGN,2021-11-14,Email,VIP - handle w/ care,Not applicable,Not applicable,No issues
XT-00720,Femi O'Brien,Individual,femi.obrien@company.ng,+2348044218817,Abuja,Nigeria,NGN,2021-05-11,TikTok,prefers whatsapp,Not applicable,Not applicable,No issues
XT-00721,Renée Abiola,Individual,renee.abiola@company.ng,Unknown,Lagos,Nigeria,NGN,2022-06-11,TikTok,VIP - handle w/ care,Not applicable,Not applicable,phone_invalid_9_digits
XT-00722,Halima Achebe,Individual,halima.achebe@gmail.com,+2348098615442,Nairobi,Kenya,NGN,2021-06-02,Unknown,"Repeat client, 3rd project see 2022 folder",XT-02722,0.957,No issues
XT-00723,Femi Anyanwu,Individual,femi.anyanwu@gmail.com,Unknown,Atlanta,United States,NGN,2023-08-21,Email,"Repeat client, 3rd project see 2022 folder",Not applicable,Not applicable,phone_invalid_9_digits
XT-00724,Yusuf Eze,Individual,yusuf.eze@yahoo.com,Unknown,Abuja,Nigeria,NGN,2022-12-24,Referral,Not applicable,Not applicable,Not applicable,phone_invalid_9_digits
XT-00725,Sarah Osei,Individual,sarah.osei@mail.com,Unknown,Lagos,Nigeria,NGN,2022-08-15,Walk-in,Owes balance,Not applicable,Not applicable,phone_invalid_9_digits
XT-00726,Emeka Ojo,Individual,emeka.ojo@gmail.com,Unknown,Abuja,Nigeria,NGN,2021-12-13,Unknown,prefers whatsapp,Not applicable,Not applicable,No issues
XT-00727,Northline Bank PLC,Corporate,Unknown,Unknown,Lagos,Nigeria,NGN,2022-05-27,Walk-in,Not applicable,Not applicable,Not applicable,phone_invalid_8_digits
XT-00728,Novo Foods,Corporate,novo.foods@gmail.com,+2348073371833,Port Harcourt,Nigeria,NGN,2024-06-22,TikTok,invoice to accounts dept,XT-02728,0.889,No issues
XT-00729,Femi Kim,Individual,femi.kim@mail.com,Unknown,Dubai,United Arab Emirates,NGN,2022-05-20,Google,Not applicable,Not applicable,Not applicable,phone_invalid_9_digits
XT-00730,Musa Adeyemi,Individual,musa.adeyemi@yahoo.com,+2348034884638,Lagos,Nigeria,NGN,2024-04-08,Instagram,Not applicable,Not applicable,Not applicable,No issues
XT-00731,Grace García,Individual,grace.garcia@outlook.com,+2348050961865,Abuja,Nigeria,NGN,2021-08-17,Walk-in,invoice to accounts dept,Not applicable,Not applicable,No issues
XT-00732,Blue Ivy Collective,Corporate,blue.ivy.collective@company.ng,+2348069736892,Port Harcourt,Nigeria,NGN,2024-08-14,Instagram,Not applicable,Not applicable,Not applicable,No issues
XT-00733,André Olawale,Individual,andre.olawale@yahoo.com,Unknown,Lagos,Nigeria,NGN,2022-04-19,Google,Not applicable,Not applicable,Not applicable,phone_invalid_9_digits
XT-00734,Mango LTD,Corporate,mango.ltd@outlook.com,+2348039481651,Lagos,Nigeria,NGN,2024-04-12,Walk-in,prefers whatsapp,Not applicable,Not applicable,conflicting_values:phone
XT-00735,Ember Foods,Corporate,ember.foods@mail.com,Unknown,London,United Kingdom,NGN,2024-01-23,Instagram,Not applicable,Not applicable,Not applicable,phone_invalid_9_digits
XT-00736,Sahara Brands,Corporate,sahara.brands@yahoo.com,+2348068120623,Johannesburg,South Africa,NGN,2022-07-29,Agency Partner,Not applicable,Not applicable,Not applicable,No issues
XT-00737,Kraft Brands,Corporate,kraft.brands@outlook.com,Unknown,Lagos,Nigeria,NGN,2021-03-17,TikTok,Not applicable,Not applicable,Not applicable,phone_invalid_9_digits
XT-00738,Segun Chen,Individual,segun.chen@yahoo.com,+2348069260705,Port Harcourt,Nigeria,NGN,2023-07-21,Referral,Not applicable,Not applicable,Not applicable,No issues
XT-00739,Novo Group,Corporate,novo.group@mail.com,Unknown,Atlanta,United States,NGN,2022-08-02,Walk-in,"Repeat client, 3rd project see 2022 folder",Not applicable,Not applicable,phone_invalid_9_digits
XT-00740,Obinna Danjuma,Individual,obinna.danjuma@outlook.com,Unknown,Lagos,Nigeria,NGN,2023-11-30,Google,prefers whatsapp,Not applicable,Not applicable,phone_invalid_9_digits
XT-00741,Thabo Eze,Individual,thabo.eze@mail.com,Unknown,Lagos,Nigeria,NGN,2022-03-06,Instagram,do not call before 10am,Not applicable,Not applicable,phone_invalid_9_digits
XT-00742,Terra Foods,Corporate,terra.foods@outlook.com,+2348012525427,Lagos,Nigeria,NGN,2021-12-08,Referral,Owes balance,Not applicable,Not applicable,No issues
XT-00743,Olamide Oyelaran,Individual,olamide.oyelaran@yahoo.com,Unknown,Lagos,Nigeria,NGN,2022-06-22,Unknown,Not applicable,Not applicable,Not applicable,phone_invalid_9_digits
XT-00744,Kofi Abiola,Individual,kofi.abiola@company.ng,Unknown,Lagos,Nigeria,NGN,2022-06-24,Unknown,Owes balance,Not applicable,Not applicable,"city_taken_from_own_bookings,phone_invalid_9_digits"
XT-00745,Third Mainland Records,Corporate,third.mainland.records@mail.com,Unknown,Abuja,Nigeria,NGN,2024-03-06,Instagram,invoice to accounts dept,Not applicable,Not applicable,"country_derived_from_city,phone_invalid_9_digits"
XT-00746,Obsidian Limited,Corporate,obsidian.limited@company.ng,+2348031095514,London,United Kingdom,NGN,2023-04-15,Agency Partner,do not call before 10am,Not applicable,Not applicable,No issues
XT-00747,Zenith NGO,Corporate,zenith.ngo@outlook.com,Unknown,Johannesburg,South Africa,NGN,2022-03-06,TikTok,prefers whatsapp,Not applicable,Not applicable,phone_invalid_9_digits
XT-00748,Anchor Telecom,Corporate,anchor.telecom@mail.com,+2348022100526,Atlanta,United States,NGN,2024-01-06,Instagram,do not call before 10am,Not applicable,Not applicable,No issues
XT-00749,Wei Ibrahim,Individual,wei.ibrahim@company.ng,Unknown,Lagos,Nigeria,NGN,2021-01-25,Google,invoice to accounts dept,Not applicable,Not applicable,No issues
XT-00750,Sahara Telecom,Corporate,sahara.telecom@mail.com,+2348048501216,London,United Kingdom,NGN,2022-05-28,TikTok,Not applicable,Not applicable,Not applicable,No issues
XT-00751,Radiant LTD,Corporate,radiant.ltd@company.ng,Unknown,Lagos,Nigeria,NGN,2022-08-22,Instagram,"Repeat client, 3rd project see 2022 folder",Not applicable,Not applicable,"client_type_derived_from_name,phone_invalid_9_digits"
XT-00752,Ifeanyi Nwosu,Individual,ifeanyi.nwosu@gmail.com,+2348012364397,Ibadan,Nigeria,NGN,2024-07-17,TikTok,"Repeat client, 3rd project see 2022 folder",Not applicable,Not applicable,No issues
XT-00753,Palmwine Holdings,Corporate,palmwine.holdings@outlook.com,Unknown,Lagos,Nigeria,NGN,2022-11-23,Google,Not applicable,Not applicable,Not applicable,No issues
XT-00754,Obsidian Studios,Corporate,obsidian.studios@yahoo.com,+2348021506256,Johannesburg,South Africa,NGN,2023-02-11,Instagram,invoice to accounts dept,Not applicable,Not applicable,No issues
XT-00755,Mango Telecom,Corporate,mango.telecom@outlook.com,+2348043521179,Abuja,Nigeria,NGN,2021-04-15,Referral,do not call before 10am,Not applicable,Not applicable,No issues
XT-00756,Silverbird Media,Corporate,silverbird.media@outlook.com,+2348050523477,Abuja,Nigeria,NGN,2022-10-30,Instagram,do not call before 10am,Not applicable,Not applicable,client_type_derived_from_name
XT-00757,Lagoon Bank PLC,Corporate,Unknown,+2348029151730,Port Harcourt,Nigeria,NGN,2023-11-15,Google,Not applicable,Not applicable,Not applicable,city_taken_from_own_bookings
XT-00758,Kofi Bello,Individual,kofi.bello@mail.com,+2348039591747,Lagos,Nigeria,NGN,2022-07-25,Unknown,"Discount agreed, see email",Not applicable,Not applicable,client_type_derived_from_name
XT-00759,Priya Balogun,Individual,priya.balogun@yahoo.com,+2348010043991,Enugu,Nigeria,NGN,2022-10-27,Walk-in,prefers whatsapp,Not applicable,Not applicable,No issues
XT-00760,Obsidian Foods,Corporate,obsidian.foods@mail.com,+2348064574541,Dubai,United Arab Emirates,NGN,2023-02-13,Instagram,Not applicable,Not applicable,Not applicable,No issues
XT-00761,Northline Limited,Corporate,northline.limited@gmail.com,+2348070698036,Johannesburg,South Africa,NGN,2022-11-26,Agency Partner,Not applicable,Not applicable,Not applicable,No issues
XT-00762,Daniel Dlamini,Individual,Unknown,+2348029814314,Lagos,Nigeria,NGN,2020-11-10,Instagram,Not applicable,Not applicable,Not applicable,No issues
XT-00763,Palmwine Group,Corporate,palmwine.group@mail.com,+2348010313740,Lagos,Nigeria,NGN,2021-11-29,TikTok,Not applicable,Not applicable,Not applicable,conflicting_values:phone
XT-00764,Tunde Danjuma,Individual,tunde.danjuma@outlook.com,+2348048991317,Abuja,Nigeria,NGN,2022-12-29,Unknown,Not applicable,Not applicable,Not applicable,No issues
XT-00765,Terra Brands,Corporate,terra.brands@company.ng,+2348023502327,Lagos,Nigeria,NGN,2021-10-14,Walk-in,Not applicable,Not applicable,Not applicable,No issues
XT-00766,André Ibrahim,Individual,andre.ibrahim@outlook.com,Unknown,Lagos,Nigeria,NGN,2023-06-12,Instagram,VIP - handle w/ care,Not applicable,Not applicable,phone_invalid_9_digits
XT-00767,Kobo LTD,Corporate,kobo.ltd@yahoo.com,+2348052093963,Dubai,United Arab Emirates,NGN,2020-10-11,TikTok,do not call before 10am,Not applicable,Not applicable,No issues
XT-00768,Yusuf Adebayo-Cole,Individual,yusuf.adebayo-cole@yahoo.com,Unknown,Ibadan,Nigeria,NGN,2022-11-07,Agency Partner,Not applicable,Not applicable,Not applicable,No issues
XT-00769,Delta Rise Foods,Corporate,delta.rise.foods@company.ng,Unknown,Accra,Ghana,NGN,2023-04-27,Unknown,Not applicable,Not applicable,Not applicable,No issues
XT-00770,Halima Chukwu,Individual,halima.chukwu@gmail.com,+2348020011697,Port Harcourt,Nigeria,NGN,2023-08-31,Google,do not call before 10am,Not applicable,Not applicable,"country_derived_from_city,client_type_derived_from_name"
XT-00771,Wei Adebayo-Cole,Individual,wei.adebayo-cole@mail.com,Unknown,Abuja,Nigeria,NGN,2022-02-02,TikTok,prefers whatsapp,Not applicable,Not applicable,phone_invalid_9_digits
XT-00772,Ahmed Adeyemi,Individual,ahmed.adeyemi@gmail.com,+2348097103643,Abuja,Nigeria,NGN,2024-04-26,Referral,do not call before 10am,Not applicable,Not applicable,client_type_derived_from_name
XT-00773,Emeka Osei,Individual,emeka.osei@company.ng,+2348096018019,Ibadan,Nigeria,NGN,2023-02-03,TikTok,"Repeat client, 3rd project see 2022 folder",Not applicable,Not applicable,client_type_derived_from_name
XT-00774,Anchor Agency,Corporate,anchor.agency@gmail.com,+2348033686468,Lagos,Nigeria,NGN,2021-07-22,Unknown,Owes balance,XT-02774,0.957,No issues
XT-00775,Zenith Media,Corporate,zenith.media@outlook.com,Unknown,Lagos,Nigeria,NGN,2023-01-21,Referral,prefers whatsapp,Not applicable,Not applicable,phone_invalid_9_digits
XT-00776,Third Mainland Group,Corporate,third.mainland.group@outlook.com,+2348053519185,Ibadan,Nigeria,NGN,2022-02-22,Agency Partner,Not applicable,Not applicable,Not applicable,No issues
XT-00777,Ahmed García,Individual,ahmed.garcia@company.ng,+2348081070950,Ibadan,Nigeria,NGN,2023-01-15,Unknown,"Discount agreed, see email",Not applicable,Not applicable,country_derived_from_city
XT-00778,Terra Bank PLC,Corporate,terra.bank.plc@gmail.com,+2348047484152,Abuja,Nigeria,NGN,2021-11-09,Agency Partner,Not applicable,Not applicable,Not applicable,No issues
XT-00779,Third Mainland Holdings,Corporate,third.mainland.holdings@mail.com,Unknown,Lagos,Nigeria,NGN,2022-10-16,Unknown,Not applicable,Not applicable,Not applicable,phone_invalid_9_digits
XT-00780,Zainab Adeyemi,Individual,zainab.adeyemi@gmail.com,+2348084274622,Unknown,Nigeria,NGN,2022-08-14,TikTok,Owes balance,Not applicable,Not applicable,No issues
XT-00781,Sarah Okafor,Individual,sarah.okafor@outlook.com,+2348014252150,Abuja,Nigeria,NGN,2023-10-28,Referral,VIP - handle w/ care,Not applicable,Not applicable,No issues
XT-00782,Thabo Smith,Individual,thabo.smith@gmail.com,+2348051593638,Abuja,Nigeria,NGN,2022-05-17,Email,Not applicable,Not applicable,Not applicable,No issues
XT-00783,Mango Limited,Corporate,mango.limited@outlook.com,+2348095445149,Lagos,Nigeria,NGN,2023-05-02,Referral,VIP - handle w/ care,Not applicable,Not applicable,No issues
XT-00784,Priya Oyelaran,Individual,priya.oyelaran@gmail.com,+2348043124289,Port Harcourt,Nigeria,NGN,2020-11-25,Email,prefers whatsapp,Not applicable,Not applicable,No issues
XT-00785,Elena Dlamini,Individual,elena.dlamini@gmail.com,Unknown,Lagos,Nigeria,NGN,2023-03-02,Unknown,Not applicable,Not applicable,Not applicable,phone_invalid_9_digits
XT-00786,Kobo Collective,Corporate,kobo.collective@outlook.com,Unknown,Abuja,Nigeria,NGN,2024-06-24,Referral,prefers whatsapp,Not applicable,Not applicable,phone_invalid_9_digits
XT-00787,Novo Foods,Corporate,novo.foods@gmail.com,Unknown,Lagos,Nigeria,NGN,2023-02-13,Instagram,Owes balance,Not applicable,Not applicable,No issues
XT-00788,Olamide Chen,Individual,olamide.chen@gmail.com,+2348042244199,Lagos,Nigeria,NGN,2021-11-09,TikTok,Owes balance,Not applicable,Not applicable,No issues
XT-00789,Femi Eze,Individual,femi.eze@outlook.com,+2348020225730,Dubai,United Arab Emirates,NGN,2022-07-08,Instagram,do not call before 10am,XT-02789,0.933,No issues
XT-00790,Kobo Media,Corporate,kobo.media@gmail.com,Unknown,Lagos,Nigeria,NGN,2023-09-30,Instagram,"Repeat client, 3rd project see 2022 folder",Not applicable,Not applicable,No issues
XT-00791,Temitope Sowore,Individual,temitope.sowore@yahoo.com,+2348067027194,London,United Kingdom,NGN,2024-01-18,Agency Partner,"Discount agreed, see email",Not applicable,Not applicable,No issues
XT-00792,Priya García,Individual,priya.garcia@yahoo.com,+2348027612134,Johannesburg,South Africa,NGN,2022-05-19,Instagram,invoice to accounts dept,Not applicable,Not applicable,No issues
XT-00793,Northline NGO,Corporate,northline.ngo@gmail.com,Unknown,Abuja,Nigeria,NGN,2022-10-16,Google,Not applicable,Not applicable,Not applicable,No issues
XT-00794,José Farouk,Individual,Unknown,+2348035900137,Lagos,Nigeria,NGN,2022-08-30,Unknown,Not applicable,Not applicable,Not applicable,No issues
XT-00795,Palmwine Limited,Corporate,palmwine.limited@mail.com,Unknown,Johannesburg,South Africa,NGN,2023-03-11,TikTok,"Repeat client, 3rd project see 2022 folder",Not applicable,Not applicable,phone_invalid_9_digits
XT-00796,Kraft Foods,Corporate,Unknown,+2348042214222,Port Harcourt,Nigeria,NGN,2023-07-02,Referral,"Discount agreed, see email",Not applicable,Not applicable,No issues
XT-00797,Amaka Kim,Individual,amaka.kim@yahoo.com,Unknown,London,United Kingdom,NGN,2024-07-05,Walk-in,prefers whatsapp,Not applicable,Not applicable,phone_invalid_9_digits
XT-00798,Musa Ibrahim,Individual,musa.ibrahim@outlook.com,+2348014431097,Port Harcourt,Nigeria,NGN,Unknown,Google,do not call before 10am,Not applicable,Not applicable,No issues
XT-00799,Temitope Bello,Individual,Unknown,+2348099039587,Lagos,Nigeria,NGN,2023-07-31,Walk-in,Not applicable,Not applicable,Not applicable,No issues
XT-00800,Silverbird Studios,Corporate,silverbird.studios@company.ng,Unknown,Lagos,Nigeria,NGN,2022-06-17,TikTok,do not call before 10am,Not applicable,Not applicable,phone_invalid_9_digits
XT-00801,Lagoon Bank PLC,Corporate,lagoon.bank.plc@yahoo.com,Unknown,Johannesburg,South Africa,NGN,2023-07-03,Unknown,Owes balance,Not applicable,Not applicable,phone_invalid_9_digits
XT-00802,Emeka Adebayo-Cole,Individual,emeka.adebayo-cole@company.ng,Unknown,London,United Kingdom,NGN,2022-12-11,Email,VIP - handle w/ care,Not applicable,Not applicable,"city_taken_from_own_bookings,phone_invalid_8_digits"
XT-00803,Thabo Danjuma,Individual,thabo.danjuma@outlook.com,Unknown,London,United Kingdom,NGN,2022-12-06,Instagram,Not applicable,Not applicable,Not applicable,No issues
XT-00804,Halima Mohammed,Individual,halima.mohammed@gmail.com,Unknown,Lagos,Nigeria,NGN,2023-01-25,Google,Owes balance,Not applicable,Not applicable,No issues
XT-00805,Sióbhan Abiola,Individual,Unknown,Unknown,Lagos,Nigeria,NGN,2022-03-15,Referral,Not applicable,Not applicable,Not applicable,No issues
XT-00806,Chioma Chen,Individual,chioma.chen@company.ng,Unknown,London,United Kingdom,NGN,2021-10-23,Instagram,Not applicable,Not applicable,Not applicable,No issues
XT-00807,Third Mainland Media,Corporate,third.mainland.media@outlook.com,Unknown,Enugu,Nigeria,NGN,2023-11-17,Google,do not call before 10am,Not applicable,Not applicable,No issues
XT-00808,Ember Limited,Corporate,ember.limited@mail.com,+2348018598600,Lagos,Nigeria,NGN,2021-08-01,Agency Partner,Owes balance,Not applicable,Not applicable,client_type_derived_from_name
XT-00809,Elena Abiola,Individual,elena.abiola@yahoo.com,Unknown,Accra,Ghana,NGN,2021-02-23,Unknown,VIP - handle w/ care,Not applicable,Not applicable,phone_invalid_9_digits
XT-00810,Adaeze Mensah,Individual,adaeze.mensah@company.ng,+2348084554216,Lagos,Nigeria,NGN,2023-04-06,TikTok,Not applicable,Not applicable,Not applicable,No issues
XT-00811,Cassava LTD,Corporate,cassava.ltd@company.ng,+2348080564292,London,United Kingdom,NGN,Unknown,Google,Not applicable,Not applicable,Not applicable,country_derived_from_city
XT-00812,Zainab Olawale,Individual,zainab.olawale@yahoo.com,+2348031877184,Atlanta,United States,NGN,2023-07-10,Email,Owes balance,Not applicable,Not applicable,No issues
XT-00813,Harmattan Brands,Corporate,harmattan.brands@outlook.com,+2348047326969,Lagos,Nigeria,NGN,2022-12-03,Walk-in,VIP - handle w/ care,Not applicable,Not applicable,No issues
XT-00814,Tunde Adebayo-Cole,Individual,tunde.adebayo-cole@mail.com,+2348041373143,Dubai,United Arab Emirates,NGN,2023-02-21,TikTok,Not applicable,Not applicable,Not applicable,No issues
XT-00815,Delta Rise LTD,Corporate,delta.rise.ltd@gmail.com,+2348035812801,Lagos,Nigeria,NGN,2022-06-23,Google,Not applicable,Not applicable,Not applicable,No issues
XT-00816,Emeka Adeyemi,Individual,emeka.adeyemi@gmail.com,+2348059742646,Lagos,Nigeria,NGN,Unknown,Email,"Repeat client, 3rd project see 2022 folder",Not applicable,Not applicable,No issues
XT-00817,Femi Achebe,Individual,femi.achebe@outlook.com,Unknown,Port Harcourt,Nigeria,NGN,2023-09-26,Unknown,"Discount agreed, see email",Not applicable,Not applicable,phone_invalid_9_digits
XT-00818,Thabo Achebe,Individual,thabo.achebe@outlook.com,+2348089617360,London,United Kingdom,NGN,2023-09-11,Agency Partner,VIP - handle w/ care,Not applicable,Not applicable,city_taken_from_own_bookings
XT-00819,Palmwine Studios,Corporate,palmwine.studios@yahoo.com,+2348053564909,Abuja,Nigeria,NGN,2022-11-18,Email,do not call before 10am,Not applicable,Not applicable,No issues
XT-00820,Lagoon Media,Corporate,lagoon.media@gmail.com,Unknown,London,United Kingdom,NGN,2023-07-17,Unknown,"Repeat client, 3rd project see 2022 folder",Not applicable,Not applicable,phone_invalid_9_digits
XT-00821,Kobo Limited,Corporate,kobo.limited@outlook.com,+2348077436518,Abuja,Nigeria,NGN,2022-01-08,Walk-in,Owes balance,Not applicable,Not applicable,No issues
XT-00822,Wei Eze,Individual,wei.eze@company.ng,Unknown,Unknown,Nigeria,NGN,2024-01-17,Email,Not applicable,Not applicable,Not applicable,phone_invalid_9_digits
XT-00823,Temitope Chen,Individual,temitope.chen@outlook.com,+2348051440339,Lagos,Nigeria,NGN,2023-03-21,Unknown,Not applicable,Not applicable,Not applicable,No issues
XT-00824,Kobo Group,Corporate,Unknown,+2348095933353,Johannesburg,South Africa,NGN,2023-11-22,Unknown,Not applicable,Not applicable,Not applicable,No issues
XT-00825,Damilola Okafor,Individual,damilola.okafor@yahoo.com,+2348068920342,Lagos,Nigeria,NGN,2021-04-03,Instagram,do not call before 10am,Not applicable,Not applicable,city_taken_from_own_bookings
XT-00826,Northline LTD,Corporate,northline.ltd@yahoo.com,+2348011626341,Nairobi,Kenya,NGN,2022-01-31,Agency Partner,invoice to accounts dept,Not applicable,Not applicable,No issues
XT-00827,Amaka Okafor,Individual,Unknown,+2348033459987,Abuja,Nigeria,NGN,2023-09-24,Unknown,Not applicable,Not applicable,Not applicable,No issues
XT-00828,Priya Chukwu,Individual,priya.chukwu@mail.com,Unknown,Ibadan,Nigeria,NGN,2022-03-25,Walk-in,VIP - handle w/ care,Not applicable,Not applicable,phone_invalid_8_digits
XT-00829,Daniel Abiola,Individual,daniel.abiola@outlook.com,+2348022661321,London,United Kingdom,NGN,2021-12-29,Google,"Discount agreed, see email",Not applicable,Not applicable,No issues
XT-00830,Yusuf Nwosu,Individual,yusuf.nwosu@gmail.com,+2348098790367,Abuja,Nigeria,NGN,2021-09-10,Google,Not applicable,Not applicable,Not applicable,client_type_derived_from_name
XT-00831,Wei Chen,Individual,wei.chen@company.ng,Unknown,Enugu,Nigeria,NGN,2021-12-18,Referral,Not applicable,Not applicable,Not applicable,"country_derived_from_city,phone_invalid_9_digits"
XT-00832,Wei Dlamini,Individual,Unknown,+2348011931710,Abuja,Nigeria,NGN,2022-06-15,Google,VIP - handle w/ care,Not applicable,Not applicable,No issues
XT-00833,Palmwine Studios,Corporate,palmwine.studios@gmail.com,Unknown,Lagos,Nigeria,NGN,2021-12-08,Google,prefers whatsapp,Not applicable,Not applicable,phone_invalid_9_digits
XT-00834,Terra LTD,Corporate,terra.ltd@outlook.com,+2348098785487,Lagos,Nigeria,NGN,2022-11-06,Email,Not applicable,Not applicable,Not applicable,No issues
XT-00835,Lagoon NGO,Corporate,lagoon.ngo@company.ng,Unknown,Nairobi,Kenya,NGN,2023-05-29,Google,Not applicable,Not applicable,Not applicable,No issues
XT-00836,Third Mainland Foods,Corporate,third.mainland.foods@yahoo.com,Unknown,Lagos,Nigeria,NGN,2022-07-21,Agency Partner,invoice to accounts dept,Not applicable,Not applicable,phone_invalid_9_digits
XT-00837,Olamide García,Individual,olamide.garcia@mail.com,+2348057229859,London,United Kingdom,NGN,2022-08-04,TikTok,"Discount agreed, see email",Not applicable,Not applicable,No issues
XT-00838,Núria Smith,Individual,nuria.smith@mail.com,+2348015665032,Lagos,Nigeria,NGN,2022-08-29,Walk-in,VIP - handle w/ care,Not applicable,Not applicable,No issues
XT-00839,Obsidian Collective,Corporate,obsidian.collective@gmail.com,Unknown,Lagos,Nigeria,NGN,2021-12-16,Google,Owes balance,Not applicable,Not applicable,No issues
XT-00840,Segun Okafor,Individual,segun.okafor@yahoo.com,+2348083565439,Enugu,Nigeria,NGN,2023-12-16,Unknown,Owes balance,Not applicable,Not applicable,No issues
XT-00841,Emeka Olawale,Individual,emeka.olawale@mail.com,Unknown,Lagos,Nigeria,NGN,2023-08-20,Unknown,prefers whatsapp,Not applicable,Not applicable,phone_invalid_9_digits
XT-00842,Chioma Smith,Individual,Unknown,+2348060136471,Lagos,Nigeria,NGN,2022-01-04,Walk-in,prefers whatsapp,Not applicable,Not applicable,No issues
XT-00843,Ember Studios,Corporate,ember.studios@mail.com,+2348053332137,Abuja,Nigeria,NGN,2022-07-22,TikTok,prefers whatsapp,Not applicable,Not applicable,No issues
XT-00844,Ahmed Adebayo-Cole,Individual,ahmed.adebayo-cole@gmail.com,+2348028107410,Port Harcourt,Nigeria,NGN,2022-09-28,Unknown,Not applicable,Not applicable,Not applicable,country_derived_from_city
XT-00845,Björn Chen,Individual,bjorn.chen@company.ng,Unknown,Abuja,Nigeria,NGN,2022-02-03,TikTok,do not call before 10am,Not applicable,Not applicable,phone_invalid_9_digits
XT-00846,Ifeanyi Ojo,Individual,ifeanyi.ojo@company.ng,Unknown,Lagos,Nigeria,NGN,2022-09-07,Agency Partner,"Repeat client, 3rd project see 2022 folder",Not applicable,Not applicable,"client_type_derived_from_name,phone_invalid_8_digits"
XT-00847,Renée Kim,Individual,renee.kim@outlook.com,Unknown,Lagos,Nigeria,NGN,2022-06-27,Email,Not applicable,Not applicable,Not applicable,No issues
XT-00848,Olamide Chen,Individual,olamide.chen@yahoo.com,+2348050905459,Accra,Ghana,NGN,2021-06-22,TikTok,Not applicable,Not applicable,Not applicable,No issues
XT-00849,Ahmed Olawale,Individual,ahmed.olawale@gmail.com,+2348022999441,Lagos,Nigeria,NGN,2021-08-05,Email,Not applicable,Not applicable,Not applicable,No issues
XT-00850,Obsidian Studios,Corporate,obsidian.studios@gmail.com,Unknown,Enugu,Nigeria,NGN,2021-07-18,TikTok,"Repeat client, 3rd project see 2022 folder",XT-02850,0.933,phone_invalid_9_digits
XT-00851,Zenith Studios,Corporate,zenith.studios@mail.com,Unknown,Kano,Nigeria,NGN,2023-08-01,Unknown,"Discount agreed, see email",Not applicable,Not applicable,phone_invalid_9_digits
XT-00852,Kofi Oyelaran,Individual,kofi.oyelaran@outlook.com,+2348063691044,Lagos,Nigeria,NGN,2022-01-05,Walk-in,VIP - handle w/ care,XT-02852,0.96,No issues
XT-00853,Blue Ivy Records,Corporate,blue.ivy.records@outlook.com,Unknown,London,United Kingdom,NGN,2022-03-28,Referral,do not call before 10am,Not applicable,Not applicable,city_taken_from_own_bookings
XT-00854,Northline Group,Corporate,northline.group@yahoo.com,+2348050100275,Lagos,Nigeria,NGN,2021-04-04,Walk-in,Not applicable,Not applicable,Not applicable,No issues
XT-00855,Aisha O'Brien,Individual,Unknown,+2348010612325,Accra,Ghana,NGN,2024-04-22,Referral,Owes balance,Not applicable,Not applicable,city_taken_from_own_bookings
XT-00856,Yusuf Ojo,Individual,yusuf.ojo@yahoo.com,Unknown,Abuja,Nigeria,NGN,2022-03-11,Email,prefers whatsapp,Not applicable,Not applicable,phone_invalid_9_digits
XT-00857,Anchor LTD,Corporate,Unknown,Unknown,Lagos,Nigeria,NGN,2023-07-30,Referral,prefers whatsapp,Not applicable,Not applicable,phone_invalid_8_digits
XT-00858,Adaeze Olawale,Individual,adaeze.olawale@mail.com,Unknown,Lagos,Nigeria,NGN,2022-06-26,Google,Not applicable,Not applicable,Not applicable,"city_taken_from_own_bookings,phone_invalid_9_digits"
XT-00859,Delta Rise Media,Corporate,delta.rise.media@company.ng,+2348086372703,Johannesburg,South Africa,NGN,2021-07-13,Unknown,do not call before 10am,Not applicable,Not applicable,No issues
XT-00860,Musa Nwosu,Individual,musa.nwosu@mail.com,Unknown,London,United Kingdom,NGN,2022-06-26,Email,do not call before 10am,Not applicable,Not applicable,phone_invalid_9_digits
XT-00861,Blue Ivy Studios,Corporate,blue.ivy.studios@company.ng,+2348092213589,Enugu,Nigeria,NGN,2023-04-03,Agency Partner,VIP - handle w/ care,Not applicable,Not applicable,No issues
XT-00862,Radiant Records,Corporate,radiant.records@mail.com,+2348087476497,Lagos,Nigeria,NGN,2023-03-20,Google,Owes balance,Not applicable,Not applicable,No issues
XT-00863,Renée Abiola,Individual,renee.abiola@gmail.com,+2348050428918,Abuja,Nigeria,NGN,2023-08-26,Unknown,do not call before 10am,Not applicable,Not applicable,No issues
XT-00864,Mango Media,Corporate,mango.media@mail.com,Unknown,Abuja,Nigeria,NGN,2021-11-04,Agency Partner,invoice to accounts dept,Not applicable,Not applicable,"client_type_derived_from_name,phone_invalid_9_digits"
XT-00865,Silverbird Collective,Corporate,silverbird.collective@gmail.com,Unknown,Abuja,Nigeria,NGN,2021-04-09,Walk-in,Not applicable,Not applicable,Not applicable,country_derived_from_city
XT-00866,Kobo Bank PLC,Corporate,kobo.bank.plc@outlook.com,Unknown,Lagos,Nigeria,NGN,Unknown,Agency Partner,Owes balance,Not applicable,Not applicable,phone_invalid_8_digits
XT-00867,Renée Ibrahim,Individual,renee.ibrahim@yahoo.com,Unknown,Dubai,United Arab Emirates,NGN,Unknown,Email,do not call before 10am,Not applicable,Not applicable,phone_invalid_8_digits
XT-00868,Sade Oyelaran,Individual,sade.oyelaran@gmail.com,+2348066734006,Ibadan,Nigeria,NGN,2024-01-29,Walk-in,VIP - handle w/ care,Not applicable,Not applicable,No issues
XT-00869,Kelechi Müller,Individual,kelechi.muller@yahoo.com,Unknown,Port Harcourt,Nigeria,NGN,2021-04-30,Walk-in,Not applicable,Not applicable,Not applicable,phone_invalid_9_digits
XT-00870,Halima Adebayo-Cole,Individual,halima.adebayo-cole@mail.com,+2348034143427,Lagos,Nigeria,NGN,2021-03-06,Unknown,prefers whatsapp,Not applicable,Not applicable,No issues
XT-00871,Olamide Bello,Individual,olamide.bello@mail.com,+2348042700917,Johannesburg,South Africa,NGN,2023-04-25,Referral,Not applicable,Not applicable,Not applicable,No issues
XT-00872,Obsidian Brands,Corporate,obsidian.brands@yahoo.com,Unknown,Abuja,Nigeria,NGN,2022-02-05,Google,prefers whatsapp,Not applicable,Not applicable,phone_invalid_9_digits
XT-00873,Northline Group,Corporate,northline.group@outlook.com,+2348035737852,Lagos,Nigeria,NGN,2023-07-03,Referral,VIP - handle w/ care,Not applicable,Not applicable,No issues
XT-00874,Northline Limited,Corporate,northline.limited@gmail.com,+2348058336268,Abuja,Nigeria,NGN,2023-06-25,Agency Partner,prefers whatsapp,Not applicable,Not applicable,No issues
XT-00875,Harmattan Bank PLC,Corporate,harmattan.bank.plc@gmail.com,+2348057922812,London,United Kingdom,NGN,2022-04-30,Agency Partner,Not applicable,Not applicable,Not applicable,No issues
XT-00876,Renée Mensah,Individual,Unknown,Unknown,Atlanta,United States,NGN,2023-01-14,Referral,"Repeat client, 3rd project see 2022 folder",Not applicable,Not applicable,phone_invalid_8_digits
XT-00877,Kraft Brands,Corporate,kraft.brands@yahoo.com,+2348017831021,Kano,Nigeria,NGN,2021-07-09,Instagram,Not applicable,XT-02877,0.909,No issues
XT-00878,Bola Smith,Individual,bola.smith@company.ng,+2348080135185,Abuja,Nigeria,NGN,2022-12-22,Agency Partner,VIP - handle w/ care,Not applicable,Not applicable,No issues
XT-00879,Sióbhan Sowore,Individual,siobhan.sowore@outlook.com,Unknown,Lagos,Nigeria,NGN,2022-08-20,Referral,prefers whatsapp,Not applicable,Not applicable,phone_invalid_9_digits
XT-00880,Kobo Agency,Corporate,kobo.agency@yahoo.com,+2348089466186,Lagos,Nigeria,NGN,2022-11-02,Walk-in,Not applicable,Not applicable,Not applicable,No issues
XT-00881,Delta Rise Collective,Corporate,delta.rise.collective@yahoo.com,+2348040290449,Accra,Ghana,NGN,Unknown,Walk-in,Owes balance,Not applicable,Not applicable,client_type_derived_from_name
XT-00882,Sióbhan Mensah,Individual,siobhan.mensah@mail.com,Unknown,Abuja,Nigeria,NGN,2023-07-29,Agency Partner,Owes balance,Not applicable,Not applicable,No issues
XT-00883,Obsidian Telecom,Corporate,obsidian.telecom@company.ng,+2348038716128,Lagos,Nigeria,NGN,2022-07-23,Email,prefers whatsapp,Not applicable,Not applicable,No issues
XT-00884,Ifeanyi Mohammed,Individual,ifeanyi.mohammed@yahoo.com,+2348064610913,Abuja,Nigeria,NGN,2021-07-26,Google,Not applicable,Not applicable,Not applicable,client_type_derived_from_name
XT-00885,Elena Kim,Individual,elena.kim@company.ng,Unknown,Abuja,Nigeria,NGN,2023-08-01,Unknown,prefers whatsapp,Not applicable,Not applicable,phone_invalid_9_digits
XT-00886,Zenith Collective,Corporate,zenith.collective@mail.com,Unknown,Unknown,Nigeria,NGN,2021-12-03,Walk-in,do not call before 10am,Not applicable,Not applicable,phone_invalid_9_digits
XT-00887,Kelechi García,Individual,Unknown,+2348046274986,Lagos,Nigeria,NGN,2022-08-26,Unknown,Not applicable,Not applicable,Not applicable,No issues
XT-00888,José Olawale,Individual,jose.olawale@outlook.com,Unknown,Enugu,Nigeria,NGN,2023-04-28,Email,Not applicable,Not applicable,Not applicable,No issues
XT-00889,Radiant Media,Corporate,radiant.media@gmail.com,+2348011388081,Abuja,Nigeria,NGN,2022-03-19,Google,"Repeat client, 3rd project see 2022 folder",Not applicable,Not applicable,No issues
XT-00890,Radiant Holdings,Corporate,radiant.holdings@mail.com,Unknown,Lagos,Nigeria,NGN,2023-07-25,Instagram,invoice to accounts dept,Not applicable,Not applicable,phone_invalid_9_digits
XT-00891,Zenith Foods,Corporate,zenith.foods@outlook.com,+2348017749193,Kano,Nigeria,NGN,2021-09-02,Walk-in,"Discount agreed, see email",Not applicable,Not applicable,No issues
XT-00892,Terra NGO,Corporate,terra.ngo@mail.com,+2348071432264,Lagos,Nigeria,NGN,2022-10-01,Email,Not applicable,Not applicable,Not applicable,No issues
XT-00893,Sahara Foods,Corporate,sahara.foods@company.ng,+2348040878966,Enugu,Nigeria,NGN,2024-06-18,Agency Partner,prefers whatsapp,Not applicable,Not applicable,No issues
XT-00894,Radiant Collective,Corporate,radiant.collective@gmail.com,Unknown,Lagos,Nigeria,NGN,2021-10-18,Agency Partner,Not applicable,Not applicable,Not applicable,No issues
XT-00895,Daniel Nwosu,Individual,daniel.nwosu@mail.com,Unknown,Abuja,Nigeria,NGN,2022-02-19,Google,do not call before 10am,XT-02895,0.952,phone_invalid_9_digits
XT-00896,Lagoon LTD,Corporate,lagoon.ltd@company.ng,Unknown,London,United Kingdom,NGN,2022-02-17,Google,prefers whatsapp,Not applicable,Not applicable,phone_invalid_9_digits
XT-00897,Marcus Olawale,Individual,marcus.olawale@yahoo.com,+2348012449455,Port Harcourt,Nigeria,NGN,2021-10-29,Email,"Discount agreed, see email",Not applicable,Not applicable,No issues
XT-00898,Cassava Records,Corporate,cassava.records@outlook.com,+2348076349023,Enugu,Nigeria,NGN,2023-11-01,Google,Not applicable,Not applicable,Not applicable,client_type_derived_from_name
XT-00899,Kobo Media,Corporate,kobo.media@gmail.com,+2348035526802,Nairobi,Kenya,NGN,2023-03-12,Agency Partner,Not applicable,Not applicable,Not applicable,No issues
XT-00900,Renée Balogun,Individual,renee.balogun@gmail.com,Unknown,Abuja,Nigeria,NGN,2022-12-31,TikTok,prefers whatsapp,Not applicable,Not applicable,phone_invalid_9_digits
XT-00901,Anchor NGO,Corporate,anchor.ngo@outlook.com,+2348099563762,London,United Kingdom,NGN,2022-04-30,Agency Partner,Owes balance,Not applicable,Not applicable,No issues
XT-00902,Ifeanyi Balogun,Individual,ifeanyi.balogun@yahoo.com,+2348078005748,Port Harcourt,Nigeria,NGN,2022-10-07,Email,invoice to accounts dept,Not applicable,Not applicable,No issues
XT-00903,Cassava Bank PLC,Corporate,cassava.bank.plc@gmail.com,+2348051288569,London,United Kingdom,NGN,2022-12-03,Unknown,Not applicable,Not applicable,Not applicable,city_taken_from_own_bookings
XT-00904,Chidinma Kim,Individual,chidinma.kim@yahoo.com,Unknown,Accra,Ghana,NGN,2022-09-13,Agency Partner,"Discount agreed, see email",Not applicable,Not applicable,phone_invalid_8_digits
XT-00905,Zenith Collective,Corporate,zenith.collective@company.ng,Unknown,Ibadan,Nigeria,NGN,2020-11-30,Agency Partner,Owes balance,Not applicable,Not applicable,phone_invalid_9_digits
XT-00906,Kelechi Olawale,Individual,kelechi.olawale@outlook.com,+2348073799962,London,United Kingdom,NGN,2023-09-01,Email,"Repeat client, 3rd project see 2022 folder",Not applicable,Not applicable,country_derived_from_city
XT-00907,Daniel Danjuma,Individual,daniel.danjuma@company.ng,+2348031939672,Lagos,Nigeria,NGN,2022-12-23,Unknown,prefers whatsapp,Not applicable,Not applicable,No issues
XT-00908,Emeka Farouk,Individual,emeka.farouk@mail.com,Unknown,Lagos,Nigeria,NGN,2022-01-05,TikTok,Not applicable,Not applicable,Not applicable,phone_invalid_9_digits
XT-00909,Ifeanyi Achebe,Individual,Unknown,+2348015411467,Abuja,Nigeria,NGN,2023-08-23,Instagram,VIP - handle w/ care,Not applicable,Not applicable,client_type_derived_from_name
XT-00910,Silverbird Telecom,Corporate,silverbird.telecom@company.ng,+2348030731003,London,United Kingdom,NGN,2023-04-11,Instagram,invoice to accounts dept,Not applicable,Not applicable,No issues
XT-00911,Uche Danjuma,Individual,uche.danjuma@gmail.com,+2348041563186,Nairobi,Kenya,NGN,2024-01-24,Unknown,Not applicable,Not applicable,Not applicable,No issues
XT-00912,Terra Records,Corporate,terra.records@gmail.com,+2348037794464,Abuja,Nigeria,NGN,2022-09-09,Instagram,invoice to accounts dept,Not applicable,Not applicable,No issues
XT-00913,Kobo Agency,Corporate,kobo.agency@mail.com,+2348059648161,Lagos,Nigeria,NGN,2022-12-12,Unknown,prefers whatsapp,Not applicable,Not applicable,No issues
XT-00914,Cassava Media,Corporate,cassava.media@yahoo.com,+2348096892946,Enugu,Nigeria,NGN,2022-06-23,Referral,"Repeat client, 3rd project see 2022 folder",Not applicable,Not applicable,client_type_derived_from_name
XT-00915,Halima Mensah,Individual,halima.mensah@yahoo.com,+2348011378823,Accra,Ghana,NGN,2023-03-03,Google,do not call before 10am,Not applicable,Not applicable,No issues
XT-00916,Obinna Dlamini,Individual,obinna.dlamini@gmail.com,Unknown,Abuja,Nigeria,NGN,2022-10-01,TikTok,Owes balance,Not applicable,Not applicable,phone_invalid_9_digits
XT-00917,Amaka Ojo,Individual,amaka.ojo@mail.com,+2348049989394,Lagos,Nigeria,NGN,2022-02-17,Unknown,prefers whatsapp,Not applicable,Not applicable,No issues
XT-00918,Zainab Chen,Individual,zainab.chen@mail.com,Unknown,Abuja,Nigeria,NGN,2021-09-01,Agency Partner,Not applicable,Not applicable,Not applicable,phone_invalid_9_digits
XT-00919,Kobo Limited,Corporate,kobo.limited@gmail.com,+2348036624086,Accra,Ghana,NGN,2022-06-23,Referral,"Discount agreed, see email",Not applicable,Not applicable,No issues
XT-00920,Delta Rise Bank PLC,Corporate,delta.rise.bank.plc@gmail.com,Unknown,Abuja,Nigeria,NGN,2022-05-23,Unknown,prefers whatsapp,Not applicable,Not applicable,phone_invalid_9_digits
XT-00921,Delta Rise Group,Corporate,delta.rise.group@mail.com,Unknown,Lagos,Nigeria,NGN,2022-11-03,Email,"Discount agreed, see email",Not applicable,Not applicable,phone_invalid_9_digits
XT-00922,José Chen,Individual,jose.chen@mail.com,Unknown,Ibadan,Nigeria,NGN,2021-12-19,Email,do not call before 10am,Not applicable,Not applicable,phone_invalid_9_digits
XT-00923,Cassava NGO,Corporate,cassava.ngo@yahoo.com,Unknown,Abuja,Nigeria,NGN,2021-12-20,Email,Not applicable,Not applicable,Not applicable,phone_invalid_8_digits
XT-00924,Sahara Media,Corporate,sahara.media@outlook.com,+2348069550613,Atlanta,United States,NGN,2023-02-23,Unknown,Owes balance,Not applicable,Not applicable,city_taken_from_own_bookings
XT-00925,Northline Media,Corporate,Unknown,Unknown,Lagos,Nigeria,NGN,2021-10-30,Unknown,do not call before 10am,Not applicable,Not applicable,No issues
XT-00926,Cassava Brands,Corporate,cassava.brands@company.ng,+2348061061778,London,United Kingdom,NGN,2022-06-24,Email,"Discount agreed, see email",Not applicable,Not applicable,No issues
XT-00927,Sahara Holdings,Corporate,sahara.holdings@mail.com,+2348014872236,Dubai,United Arab Emirates,NGN,2022-01-01,Email,"Discount agreed, see email",Not applicable,Not applicable,No issues
XT-00928,Chioma Adebayo-Cole,Individual,Unknown,+2348052429816,Ibadan,Nigeria,NGN,2024-08-20,TikTok,Owes balance,Not applicable,Not applicable,conflicting_values:phone
XT-00929,Kraft Agency,Corporate,kraft.agency@mail.com,Unknown,Lagos,Nigeria,NGN,2022-02-25,Instagram,Not applicable,Not applicable,Not applicable,phone_invalid_9_digits
XT-00930,Yusuf Ibrahim,Individual,yusuf.ibrahim@gmail.com,Unknown,Abuja,Nigeria,NGN,2022-10-02,Google,Not applicable,Not applicable,Not applicable,No issues
XT-00931,Kobo NGO,Corporate,kobo.ngo@outlook.com,+2348045423676,Accra,Ghana,NGN,2021-04-07,Walk-in,Not applicable,Not applicable,Not applicable,No issues
XT-00932,Kraft Bank PLC,Corporate,kraft.bank.plc@yahoo.com,Unknown,Abuja,Nigeria,NGN,2023-10-07,Referral,Not applicable,Not applicable,Not applicable,phone_invalid_9_digits
XT-00933,Marcus Kim,Individual,marcus.kim@mail.com,+2348031505570,Nairobi,Kenya,NGN,2024-03-06,Email,"Discount agreed, see email",XT-02933,0.889,No issues
XT-00934,Tunde Müller,Individual,tunde.muller@yahoo.com,+2348064222110,Abuja,Nigeria,NGN,2020-08-04,Instagram,"Discount agreed, see email",Not applicable,Not applicable,No issues
XT-00935,Yusuf Adeyemi,Individual,yusuf.adeyemi@outlook.com,Unknown,Abuja,Nigeria,NGN,2024-05-05,Google,invoice to accounts dept,Not applicable,Not applicable,"client_type_derived_from_name,phone_invalid_9_digits"
XT-00936,Ahmed Oyelaran,Individual,ahmed.oyelaran@mail.com,+2348076365482,Port Harcourt,Nigeria,NGN,2022-03-28,Email,prefers whatsapp,Not applicable,Not applicable,No issues
XT-00937,Anchor LTD,Corporate,anchor.ltd@mail.com,+2348019346300,Kano,Nigeria,NGN,2023-04-01,Agency Partner,Not applicable,Not applicable,Not applicable,No issues
XT-00938,Kraft Limited,Corporate,kraft.limited@yahoo.com,Unknown,Dubai,United Arab Emirates,NGN,2023-07-12,Email,invoice to accounts dept,XT-02938,0.957,phone_invalid_8_digits
XT-00939,Damilola O'Brien,Individual,damilola.obrien@yahoo.com,Unknown,Lagos,Nigeria,NGN,2022-01-22,Agency Partner,Not applicable,Not applicable,Not applicable,No issues
XT-00940,Ifeanyi Nwosu,Individual,Unknown,Unknown,Abuja,Nigeria,NGN,2022-12-13,Walk-in,invoice to accounts dept,Not applicable,Not applicable,"client_type_derived_from_name,phone_invalid_8_digits"
XT-00941,Sahara Collective,Corporate,sahara.collective@outlook.com,+2348059058169,London,United Kingdom,NGN,2022-12-20,Google,prefers whatsapp,XT-02941,1.0,No issues
XT-00942,Elena Mohammed,Individual,elena.mohammed@yahoo.com,+2348011734774,Dubai,United Arab Emirates,NGN,2021-10-04,Google,Not applicable,Not applicable,Not applicable,No issues
XT-00943,Bola Danjuma,Individual,bola.danjuma@mail.com,Unknown,Port Harcourt,Nigeria,NGN,2021-03-26,Referral,VIP - handle w/ care,Not applicable,Not applicable,phone_invalid_9_digits
XT-00944,Anchor Studios,Corporate,anchor.studios@outlook.com,Unknown,Atlanta,United States,NGN,2022-12-07,Email,invoice to accounts dept,Not applicable,Not applicable,phone_invalid_8_digits
XT-00945,Halima Olawale,Individual,halima.olawale@yahoo.com,Unknown,Atlanta,United States,NGN,2022-02-12,TikTok,do not call before 10am,Not applicable,Not applicable,No issues
XT-00946,Sahara Group,Corporate,sahara.group@mail.com,+2348060276133,Lagos,Nigeria,NGN,2023-01-15,Referral,VIP - handle w/ care,XT-02946,0.957,No issues
XT-00947,Anchor LTD,Corporate,anchor.ltd@gmail.com,+2348024738239,Lagos,Nigeria,NGN,Unknown,Referral,VIP - handle w/ care,Not applicable,Not applicable,No issues
XT-00948,Cassava Limited,Corporate,cassava.limited@company.ng,Unknown,Lagos,Nigeria,NGN,2024-02-11,Referral,Not applicable,Not applicable,Not applicable,phone_invalid_9_digits
XT-00949,Aisha Okafor,Individual,aisha.okafor@gmail.com,+2348016382337,Abuja,Nigeria,NGN,2022-05-27,Instagram,"Repeat client, 3rd project see 2022 folder",Not applicable,Not applicable,client_type_derived_from_name
XT-00950,Mango Telecom,Corporate,Unknown,+2348059903241,Port Harcourt,Nigeria,NGN,2021-12-08,Referral,Not applicable,Not applicable,Not applicable,No issues
XT-00951,Silverbird Telecom,Corporate,silverbird.telecom@outlook.com,Unknown,Lagos,Nigeria,NGN,2023-03-28,TikTok,Not applicable,Not applicable,Not applicable,No issues
XT-00952,Harmattan Media,Corporate,harmattan.media@gmail.com,+2348081552481,Dubai,United Arab Emirates,NGN,2023-12-18,Instagram,"Repeat client, 3rd project see 2022 folder",Not applicable,Not applicable,No issues
XT-00953,Sahara Brands,Corporate,sahara.brands@outlook.com,Unknown,Enugu,Nigeria,NGN,Unknown,Google,Not applicable,Not applicable,Not applicable,phone_invalid_9_digits
XT-00954,Northline Agency,Corporate,Unknown,+2348071092937,Accra,Ghana,NGN,2023-10-17,Agency Partner,Not applicable,Not applicable,Not applicable,No issues
XT-00955,Sarah Ibrahim,Individual,sarah.ibrahim@outlook.com,+2348052182695,Accra,Ghana,NGN,2021-05-28,Email,do not call before 10am,Not applicable,Not applicable,No issues
XT-00956,Thabo Müller,Individual,thabo.muller@company.ng,Unknown,Abuja,Nigeria,NGN,2023-02-08,Walk-in,"Repeat client, 3rd project see 2022 folder",Not applicable,Not applicable,No issues
XT-00957,Silverbird Limited,Corporate,silverbird.limited@mail.com,+2348078312819,Port Harcourt,Nigeria,NGN,2023-03-09,TikTok,prefers whatsapp,XT-02957,0.97,No issues
XT-00958,Obsidian Studios,Corporate,obsidian.studios@gmail.com,+2348047741910,Lagos,Nigeria,NGN,2022-01-20,TikTok,"Discount agreed, see email",Not applicable,Not applicable,No issues
XT-00959,Harmattan Collective,Corporate,harmattan.collective@mail.com,Unknown,Dubai,United Arab Emirates,NGN,2024-06-07,Email,VIP - handle w/ care,Not applicable,Not applicable,phone_invalid_9_digits
XT-00960,Kobo Foods,Corporate,kobo.foods@company.ng,+2348068713589,Lagos,Nigeria,NGN,2023-01-05,Unknown,Not applicable,Not applicable,Not applicable,No issues
XT-00961,Anchor Group,Corporate,anchor.group@yahoo.com,+2348068966789,Abuja,Nigeria,NGN,2023-04-08,TikTok,Not applicable,Not applicable,Not applicable,country_derived_from_city
XT-00962,Novo Foods,Corporate,novo.foods@company.ng,Unknown,Enugu,Nigeria,NGN,2022-06-08,Google,Not applicable,Not applicable,Not applicable,"city_taken_from_own_bookings,phone_invalid_8_digits"
XT-00963,Elena Danjuma,Individual,elena.danjuma@mail.com,+2348053710150,Abuja,Nigeria,NGN,2022-03-12,Instagram,VIP - handle w/ care,Not applicable,Not applicable,No issues
XT-00964,Sahara Bank PLC,Corporate,sahara.bank.plc@outlook.com,+2348065672843,Abuja,Nigeria,NGN,Unknown,Referral,prefers whatsapp,Not applicable,Not applicable,No issues
XT-00965,Delta Rise Holdings,Corporate,delta.rise.holdings@gmail.com,+2348019698036,Johannesburg,South Africa,NGN,2023-12-26,Referral,VIP - handle w/ care,Not applicable,Not applicable,client_type_derived_from_name
XT-00966,Damilola Mohammed,Individual,damilola.mohammed@yahoo.com,Unknown,Dubai,United Arab Emirates,NGN,2022-07-07,Walk-in,Not applicable,Not applicable,Not applicable,No issues
XT-00967,Delta Rise Records,Corporate,delta.rise.records@outlook.com,+2348012100600,Enugu,Nigeria,NGN,2022-04-03,Referral,do not call before 10am,Not applicable,Not applicable,No issues
XT-00968,Yusuf Mensah,Individual,yusuf.mensah@yahoo.com,Unknown,Port Harcourt,Nigeria,NGN,2023-07-17,Referral,prefers whatsapp,Not applicable,Not applicable,No issues
XT-00969,Kelechi Achebe,Individual,kelechi.achebe@yahoo.com,Unknown,Johannesburg,South Africa,NGN,2023-09-03,Unknown,invoice to accounts dept,Not applicable,Not applicable,phone_invalid_9_digits
XT-00970,Novo Media,Corporate,novo.media@outlook.com,Unknown,Abuja,Nigeria,NGN,2023-08-06,TikTok,Not applicable,Not applicable,Not applicable,phone_invalid_9_digits
XT-00971,Emeka Abiola,Individual,emeka.abiola@yahoo.com,Unknown,Dubai,United Arab Emirates,NGN,2022-04-18,Unknown,Not applicable,Not applicable,Not applicable,phone_invalid_8_digits
XT-00972,Sahara Bank PLC,Corporate,sahara.bank.plc@yahoo.com,+2348071078283,Abuja,Nigeria,NGN,2022-04-03,Google,Not applicable,Not applicable,Not applicable,No issues
XT-00973,Third Mainland Collective,Corporate,third.mainland.collective@yahoo.com,Unknown,Lagos,Nigeria,NGN,2024-09-11,Walk-in,Not applicable,Not applicable,Not applicable,phone_invalid_9_digits
XT-00974,Silverbird Holdings,Corporate,silverbird.holdings@yahoo.com,Unknown,Lagos,Nigeria,NGN,2022-04-02,Walk-in,do not call before 10am,Not applicable,Not applicable,No issues
XT-00975,Blue Ivy Foods,Corporate,blue.ivy.foods@mail.com,+2348098533356,Port Harcourt,Nigeria,NGN,2022-04-06,Email,"Discount agreed, see email",Not applicable,Not applicable,No issues
XT-00976,Zenith Holdings,Corporate,zenith.holdings@mail.com,+2348080073535,Port Harcourt,Nigeria,NGN,2024-04-09,Unknown,Not applicable,Not applicable,Not applicable,No issues
XT-00977,Zenith Studios,Corporate,zenith.studios@company.ng,+2348097632108,Lagos,Nigeria,NGN,2023-08-30,Google,Not applicable,Not applicable,Not applicable,No issues
XT-00978,Blue Ivy Foods,Corporate,blue.ivy.foods@company.ng,+2348029438172,London,United Kingdom,NGN,2023-01-21,Agency Partner,Not applicable,Not applicable,Not applicable,No issues
XT-00979,Northline Media,Corporate,northline.media@yahoo.com,Unknown,Lagos,Nigeria,NGN,2023-05-07,Google,Owes balance,Not applicable,Not applicable,No issues
XT-00980,Harmattan Media,Corporate,harmattan.media@outlook.com,+2348082170238,Lagos,Nigeria,NGN,2022-06-21,Agency Partner,VIP - handle w/ care,Not applicable,Not applicable,No issues
XT-00981,Kraft Studios,Corporate,kraft.studios@mail.com,+2348088701031,Port Harcourt,Nigeria,NGN,2022-01-16,Agency Partner,"Discount agreed, see email",Not applicable,Not applicable,client_type_derived_from_name
XT-00982,Mango Records,Corporate,mango.records@company.ng,+2348082176278,Atlanta,United States,NGN,2022-11-23,Google,"Repeat client, 3rd project see 2022 folder",XT-02982,1.0,No issues
XT-00983,Kraft Holdings,Corporate,kraft.holdings@mail.com,Unknown,London,United Kingdom,NGN,2022-02-27,TikTok,prefers whatsapp,Not applicable,Not applicable,No issues
XT-00984,Ahmed Mohammed,Individual,ahmed.mohammed@yahoo.com,+2348092294390,Unknown,Nigeria,NGN,2022-06-14,Referral,Owes balance,Not applicable,Not applicable,client_type_derived_from_name
XT-00985,Kobo Group,Corporate,kobo.group@yahoo.com,Unknown,Accra,Ghana,NGN,2023-09-05,Agency Partner,Owes balance,Not applicable,Not applicable,phone_invalid_9_digits
XT-00986,Blue Ivy Group,Corporate,blue.ivy.group@yahoo.com,+2348032473762,London,United Kingdom,NGN,2023-04-11,Email,Not applicable,Not applicable,Not applicable,No issues
XT-00987,Amaka Nwosu,Individual,amaka.nwosu@yahoo.com,Unknown,Port Harcourt,Nigeria,NGN,2023-04-21,TikTok,"Repeat client, 3rd project see 2022 folder",Not applicable,Not applicable,phone_invalid_9_digits
XT-00988,Grace Sowore,Individual,grace.sowore@gmail.com,+2348093244515,Accra,Ghana,NGN,2024-07-24,Google,do not call before 10am,XT-02988,0.952,No issues
XT-00989,Anchor Media,Corporate,anchor.media@gmail.com,+2348049463884,Lagos,Nigeria,NGN,2022-10-25,Email,Not applicable,Not applicable,Not applicable,No issues
XT-00990,Kobo Media,Corporate,kobo.media@mail.com,Unknown,Lagos,Nigeria,NGN,2022-05-13,TikTok,Not applicable,Not applicable,Not applicable,country_derived_from_city
XT-00991,Anchor LTD,Corporate,anchor.ltd@yahoo.com,Unknown,Lagos,Nigeria,NGN,2022-10-01,TikTok,Not applicable,Not applicable,Not applicable,phone_invalid_9_digits
XT-00992,Obsidian LTD,Corporate,obsidian.ltd@outlook.com,Unknown,Accra,Ghana,NGN,2021-10-31,Unknown,prefers whatsapp,Not applicable,Not applicable,phone_invalid_9_digits
XT-00993,Ifeanyi Chukwu,Individual,ifeanyi.chukwu@company.ng,Unknown,Johannesburg,South Africa,NGN,2023-04-04,Email,prefers whatsapp,Not applicable,Not applicable,country_derived_from_city
XT-00994,Priya Dlamini,Individual,priya.dlamini@outlook.com,Unknown,London,United Kingdom,NGN,2022-10-08,Instagram,Not applicable,Not applicable,Not applicable,phone_invalid_8_digits
XT-00995,Cassava Media,Corporate,cassava.media@outlook.com,+2348035461719,Lagos,Nigeria,NGN,2022-06-22,Referral,"Discount agreed, see email",XT-02995,0.96,No issues
XT-00996,Sahara Foods,Corporate,sahara.foods@yahoo.com,Unknown,Lagos,Nigeria,NGN,2022-01-04,Google,"Repeat client, 3rd project see 2022 folder",Not applicable,Not applicable,No issues
XT-00997,Adaeze Eze,Individual,adaeze.eze@gmail.com,Unknown,Dubai,United Arab Emirates,NGN,2023-08-03,Agency Partner,"Discount agreed, see email",XT-02997,0.889,No issues
XT-00998,Harmattan Holdings,Corporate,harmattan.holdings@company.ng,Unknown,Port Harcourt,Nigeria,NGN,2022-12-06,Instagram,Not applicable,Not applicable,Not applicable,"country_derived_from_city,phone_invalid_9_digits"
XT-00999,Zainab Farouk,Individual,zainab.farouk@gmail.com,+2348062579564,Lagos,Nigeria,NGN,2023-01-15,Referral,Not applicable,Not applicable,Not applicable,No issues
XT-01000,Silverbird Collective,Corporate,silverbird.collective@gmail.com,Unknown,Abuja,Nigeria,NGN,2023-10-25,Walk-in,Owes balance,XT-03000,0.974,phone_invalid_9_digits
XT-01001,Third Mainland Bank PLC,Corporate,third.mainland.bank.plc@gmail.com,+2348054622838,Lagos,Nigeria,NGN,2020-08-13,Walk-in,invoice to accounts dept,Not applicable,Not applicable,No issues
XT-01002,Ember Holdings,Corporate,ember.holdings@gmail.com,+2348059498394,Abuja,Nigeria,NGN,2023-02-26,Unknown,invoice to accounts dept,Not applicable,Not applicable,No issues
XT-01003,Kraft Holdings,Corporate,kraft.holdings@gmail.com,+2348085943818,Accra,Ghana,NGN,2021-02-16,Google,prefers whatsapp,Not applicable,Not applicable,No issues
XT-01004,Thabo Farouk,Individual,thabo.farouk@gmail.com,+2348094969044,Port Harcourt,Nigeria,NGN,2021-12-15,Referral,do not call before 10am,Not applicable,Not applicable,country_derived_from_city
XT-01005,Anchor NGO,Corporate,anchor.ngo@company.ng,Unknown,Unknown,United Arab Emirates,NGN,2023-03-25,Referral,Owes balance,Not applicable,Not applicable,phone_invalid_9_digits
XT-01006,Ngozi Osei,Individual,ngozi.osei@outlook.com,+2348044424322,Lagos,Nigeria,NGN,2024-06-27,Walk-in,invoice to accounts dept,Not applicable,Not applicable,client_type_derived_from_name
XT-01007,Northline Group,Corporate,northline.group@gmail.com,Unknown,Ibadan,Nigeria,NGN,2023-01-29,Referral,do not call before 10am,Not applicable,Not applicable,"country_derived_from_city,client_type_derived_from_name,phone_invalid_9_digits"
XT-01008,José Adeyemi,Individual,jose.adeyemi@mail.com,Unknown,Johannesburg,South Africa,NGN,2024-04-22,Instagram,Owes balance,Not applicable,Not applicable,phone_invalid_9_digits
XT-01009,Cassava Bank PLC,Corporate,cassava.bank.plc@company.ng,Unknown,Port Harcourt,Nigeria,NGN,2022-06-17,TikTok,Not applicable,Not applicable,Not applicable,"client_type_derived_from_name,phone_invalid_9_digits"
XT-01010,Priya Adebayo-Cole,Individual,priya.adebayo-cole@outlook.com,Unknown,Lagos,Nigeria,NGN,2024-03-21,Referral,Not applicable,Not applicable,Not applicable,phone_invalid_9_digits
XT-01011,Femi Eze,Individual,femi.eze@outlook.com,+2348088718867,Lagos,Nigeria,NGN,2021-12-10,Instagram,invoice to accounts dept,Not applicable,Not applicable,No issues
XT-01012,Sarah Abiola,Individual,sarah.abiola@company.ng,+2348067284763,Lagos,Nigeria,NGN,2024-01-12,Walk-in,"Repeat client, 3rd project see 2022 folder",XT-03012,0.909,No issues
XT-01013,Anchor Foods,Corporate,anchor.foods@company.ng,+2348084899398,Dubai,United Arab Emirates,NGN,2021-07-08,Unknown,Not applicable,Not applicable,Not applicable,No issues
XT-01014,Zenith Telecom,Corporate,Unknown,+2348068880900,Accra,Ghana,NGN,2023-12-08,Referral,Owes balance,Not applicable,Not applicable,No issues
XT-01015,Harmattan Foods,Corporate,harmattan.foods@gmail.com,+2348085288896,Nairobi,Kenya,NGN,2022-04-17,Walk-in,Not applicable,Not applicable,Not applicable,client_type_derived_from_name
XT-01016,Northline Foods,Corporate,northline.foods@mail.com,+2348074925503,Abuja,Nigeria,NGN,2023-08-23,Email,Not applicable,Not applicable,Not applicable,No issues
XT-01017,Terra Brands,Corporate,terra.brands@outlook.com,+2348033478972,Enugu,Nigeria,NGN,Unknown,TikTok,Not applicable,Not applicable,Not applicable,No issues
XT-01018,Lagoon Records,Corporate,lagoon.records@company.ng,Unknown,Nairobi,Kenya,NGN,2021-08-06,TikTok,VIP - handle w/ care,Not applicable,Not applicable,phone_invalid_9_digits
XT-01019,Aisha Osei,Individual,Unknown,Unknown,Lagos,Nigeria,NGN,2024-01-06,Email,Owes balance,Not applicable,Not applicable,phone_invalid_9_digits
XT-01020,Elena Smith,Individual,elena.smith@mail.com,+2348026000861,Nairobi,Kenya,NGN,2022-01-17,Instagram,Owes balance,Not applicable,Not applicable,No issues
XT-01021,Obsidian Collective,Corporate,obsidian.collective@company.ng,Unknown,Lagos,Nigeria,NGN,2023-02-10,Walk-in,VIP - handle w/ care,Not applicable,Not applicable,phone_invalid_9_digits
XT-01022,Björn Sowore,Individual,bjorn.sowore@company.ng,+2348042904534,Ibadan,Nigeria,NGN,2020-12-13,Email,invoice to accounts dept,Not applicable,Not applicable,No issues
XT-01023,Silverbird NGO,Corporate,silverbird.ngo@yahoo.com,Unknown,Abuja,Nigeria,NGN,2023-02-17,Unknown,Not applicable,Not applicable,Not applicable,phone_invalid_9_digits
XT-01024,José Balogun,Individual,jose.balogun@outlook.com,+2348036725226,Atlanta,United States,NGN,2022-01-15,Unknown,do not call before 10am,Not applicable,Not applicable,No issues
XT-01025,Sarah Adebayo-Cole,Individual,sarah.adebayo-cole@company.ng,+2348043391430,Lagos,Nigeria,NGN,Unknown,Referral,VIP - handle w/ care,Not applicable,Not applicable,city_taken_from_own_bookings
XT-01026,Novo Holdings,Corporate,novo.holdings@mail.com,Unknown,Lagos,Nigeria,NGN,Unknown,TikTok,prefers whatsapp,Not applicable,Not applicable,"client_type_derived_from_name,phone_invalid_9_digits"
XT-01027,Delta Rise Telecom,Corporate,delta.rise.telecom@outlook.com,+2348048067461,London,United Kingdom,NGN,2023-02-28,Email,do not call before 10am,Not applicable,Not applicable,No issues
XT-01028,Novo Holdings,Corporate,novo.holdings@company.ng,Unknown,Dubai,United Arab Emirates,NGN,2021-08-17,TikTok,"Repeat client, 3rd project see 2022 folder",Not applicable,Not applicable,No issues
XT-01029,Tunde Chukwu,Individual,tunde.chukwu@gmail.com,+2348086159677,Lagos,Nigeria,NGN,2022-11-14,Unknown,Not applicable,Not applicable,Not applicable,country_derived_from_city
XT-01030,Cassava Agency,Corporate,cassava.agency@company.ng,+2348020905891,Abuja,Nigeria,NGN,2020-11-22,Agency Partner,Not applicable,Not applicable,Not applicable,No issues
XT-01031,Obsidian Brands,Corporate,obsidian.brands@mail.com,Unknown,Lagos,Nigeria,NGN,2022-05-13,Referral,Not applicable,Not applicable,Not applicable,phone_invalid_9_digits
XT-01032,Tunde O'Brien,Individual,tunde.obrien@mail.com,+2348092396766,Accra,Ghana,NGN,2023-07-31,Unknown,Owes balance,Not applicable,Not applicable,No issues
XT-01033,Mango Media,Corporate,mango.media@yahoo.com,Unknown,Abuja,Nigeria,NGN,2022-11-07,Referral,Owes balance,Not applicable,Not applicable,No issues
XT-01034,Terra Media,Corporate,terra.media@gmail.com,+2348085292574,Lagos,Nigeria,NGN,2022-04-03,Walk-in,invoice to accounts dept,Not applicable,Not applicable,No issues
XT-01035,Kobo LTD,Corporate,kobo.ltd@mail.com,Unknown,Accra,Ghana,NGN,2022-07-26,Agency Partner,do not call before 10am,Not applicable,Not applicable,phone_invalid_9_digits
XT-01036,Blue Ivy Holdings,Corporate,blue.ivy.holdings@outlook.com,+2348022038159,Port Harcourt,Nigeria,NGN,2021-01-25,TikTok,VIP - handle w/ care,Not applicable,Not applicable,No issues
XT-01037,Sahara NGO,Corporate,sahara.ngo@company.ng,Unknown,Port Harcourt,Nigeria,NGN,2023-12-11,Agency Partner,do not call before 10am,Not applicable,Not applicable,phone_invalid_9_digits
XT-01038,Wei Ibrahim,Individual,wei.ibrahim@gmail.com,+2348046544404,Lagos,Nigeria,NGN,2022-12-02,Email,"Repeat client, 3rd project see 2022 folder",Not applicable,Not applicable,No issues
XT-01039,Kobo NGO,Corporate,kobo.ngo@yahoo.com,+2348094393621,Nairobi,Kenya,NGN,2023-08-28,Walk-in,Not applicable,Not applicable,Not applicable,No issues
XT-01040,Ember Bank PLC,Corporate,ember.bank.plc@yahoo.com,Unknown,Lagos,Nigeria,NGN,2022-10-17,Agency Partner,prefers whatsapp,Not applicable,Not applicable,"city_taken_from_own_bookings,phone_invalid_9_digits"
XT-01041,Blue Ivy Media,Corporate,blue.ivy.media@company.ng,+2348057740265,Accra,Ghana,NGN,2022-07-16,Google,"Repeat client, 3rd project see 2022 folder",Not applicable,Not applicable,No issues
XT-01042,Northline Bank PLC,Corporate,northline.bank.plc@mail.com,Unknown,Accra,Ghana,NGN,2022-07-29,Agency Partner,Not applicable,Not applicable,Not applicable,phone_invalid_8_digits
XT-01043,Lagoon Records,Corporate,lagoon.records@company.ng,Unknown,Atlanta,United States,NGN,2023-08-17,Email,Not applicable,Not applicable,Not applicable,phone_invalid_9_digits
XT-01044,Sade Achebe,Individual,sade.achebe@company.ng,+2348095247425,Nairobi,Kenya,NGN,2023-08-24,Referral,Not applicable,XT-03044,0.952,No issues
XT-01045,Mango Studios,Corporate,mango.studios@outlook.com,+2348040106726,London,United Kingdom,NGN,2021-06-25,Unknown,invoice to accounts dept,Not applicable,Not applicable,No issues
XT-01046,Obsidian Group,Corporate,Unknown,Unknown,Lagos,Nigeria,NGN,2023-04-15,Agency Partner,invoice to accounts dept,Not applicable,Not applicable,phone_invalid_9_digits
XT-01047,Sahara Holdings,Corporate,sahara.holdings@yahoo.com,+2348041251060,Lagos,Nigeria,NGN,2022-07-27,Instagram,"Discount agreed, see email",Not applicable,Not applicable,No issues
XT-01048,Kofi Oyelaran,Individual,kofi.oyelaran@outlook.com,Unknown,Dubai,United Arab Emirates,NGN,2022-11-08,TikTok,Owes balance,Not applicable,Not applicable,phone_invalid_9_digits
XT-01049,Kraft LTD,Corporate,kraft.ltd@yahoo.com,+2348096411112,London,United Kingdom,NGN,2023-11-17,Google,do not call before 10am,Not applicable,Not applicable,client_type_derived_from_name
XT-01050,Núria Smith,Individual,nuria.smith@outlook.com,Unknown,Lagos,Nigeria,NGN,2022-11-09,TikTok,VIP - handle w/ care,Not applicable,Not applicable,phone_invalid_9_digits
XT-01051,Obsidian Limited,Corporate,obsidian.limited@company.ng,Unknown,Atlanta,United States,NGN,2021-05-21,Agency Partner,"Repeat client, 3rd project see 2022 folder",Not applicable,Not applicable,phone_invalid_9_digits
XT-01052,Anchor Media,Corporate,anchor.media@outlook.com,Unknown,Dubai,United Arab Emirates,NGN,2021-09-21,Walk-in,invoice to accounts dept,Not applicable,Not applicable,"city_taken_from_own_bookings,phone_invalid_8_digits"
XT-01053,Ifeanyi Okafor,Individual,ifeanyi.okafor@mail.com,+2348023914174,Lagos,Nigeria,NGN,2023-09-05,TikTok,Owes balance,Not applicable,Not applicable,No issues
XT-01054,Tunde Eze,Individual,tunde.eze@company.ng,Unknown,Abuja,Nigeria,NGN,2023-06-09,TikTok,VIP - handle w/ care,Not applicable,Not applicable,phone_invalid_9_digits
XT-01055,Ifeanyi Osei,Individual,ifeanyi.osei@mail.com,+2348066361055,Abuja,Nigeria,NGN,2022-11-26,TikTok,invoice to accounts dept,XT-03055,0.957,No issues
XT-01056,Delta Rise Collective,Corporate,delta.rise.collective@company.ng,+2348043456550,Lagos,Nigeria,NGN,2022-08-23,TikTok,Not applicable,Not applicable,Not applicable,No issues
XT-01057,Harmattan Bank PLC,Corporate,harmattan.bank.plc@outlook.com,Unknown,Lagos,Nigeria,NGN,Unknown,Google,invoice to accounts dept,Not applicable,Not applicable,phone_invalid_9_digits
XT-01058,Sade Achebe,Individual,sade.achebe@company.ng,Unknown,Ibadan,Nigeria,NGN,2021-10-13,Unknown,Not applicable,Not applicable,Not applicable,phone_invalid_9_digits
XT-01059,Björn Mohammed,Individual,Unknown,+2348082120084,Lagos,Nigeria,NGN,2022-11-03,TikTok,Not applicable,Not applicable,Not applicable,No issues
XT-01060,Mango Studios,Corporate,mango.studios@company.ng,+2348024608867,Accra,Ghana,NGN,2023-03-23,TikTok,Not applicable,Not applicable,Not applicable,No issues
XT-01061,Priya Dlamini,Individual,priya.dlamini@company.ng,+2348090372260,Abuja,Nigeria,NGN,2023-03-08,TikTok,VIP - handle w/ care,Not applicable,Not applicable,No issues
XT-01062,Chioma Chukwu,Individual,chioma.chukwu@company.ng,+2348092210217,Port Harcourt,Nigeria,NGN,2023-03-23,Google,do not call before 10am,Not applicable,Not applicable,No issues
XT-01063,Anchor Media,Corporate,anchor.media@outlook.com,+2348048483380,Atlanta,United States,NGN,2022-07-28,Instagram,Not applicable,Not applicable,Not applicable,No issues
XT-01064,Harmattan Holdings,Corporate,harmattan.holdings@yahoo.com,+2348065913380,Lagos,Nigeria,NGN,2022-11-14,Referral,invoice to accounts dept,Not applicable,Not applicable,No issues
XT-01065,Harmattan Records,Corporate,harmattan.records@outlook.com,+2348075939276,Ibadan,Nigeria,NGN,2022-12-21,Walk-in,Not applicable,Not applicable,Not applicable,No issues
XT-01066,Sahara NGO,Corporate,sahara.ngo@company.ng,+2348081314520,London,United Kingdom,NGN,2022-03-31,Referral,prefers whatsapp,Not applicable,Not applicable,No issues
XT-01067,Damilola Kim,Individual,damilola.kim@gmail.com,+2348037743062,Lagos,Nigeria,NGN,2022-08-10,Unknown,"Repeat client, 3rd project see 2022 folder",Not applicable,Not applicable,No issues
XT-01068,Sade Ojo,Individual,sade.ojo@company.ng,Unknown,Lagos,Nigeria,NGN,2024-01-17,Unknown,do not call before 10am,Not applicable,Not applicable,No issues
XT-01069,Núria Chukwu,Individual,Unknown,Unknown,Accra,Ghana,NGN,2022-09-12,Email,"Discount agreed, see email",Not applicable,Not applicable,phone_invalid_8_digits
XT-01070,Chioma Müller,Individual,chioma.muller@yahoo.com,+2348035263973,Lagos,Nigeria,NGN,2023-09-09,Google,Not applicable,XT-03070,0.96,No issues
XT-01071,Kobo Collective,Corporate,kobo.collective@company.ng,Unknown,Ibadan,Nigeria,NGN,2024-03-10,Unknown,Owes balance,Not applicable,Not applicable,phone_invalid_8_digits
XT-01072,Radiant LTD,Corporate,radiant.ltd@gmail.com,Unknown,Lagos,Nigeria,NGN,2022-01-12,Walk-in,"Discount agreed, see email",Not applicable,Not applicable,No issues
XT-01073,Damilola Achebe,Individual,damilola.achebe@outlook.com,+2348083708313,Ibadan,Nigeria,NGN,2023-02-23,Instagram,"Discount agreed, see email",Not applicable,Not applicable,client_type_derived_from_name
XT-01074,Obsidian Brands,Corporate,obsidian.brands@company.ng,+2348094644115,Dubai,United Arab Emirates,NGN,2021-05-14,Agency Partner,Not applicable,Not applicable,Not applicable,No issues
XT-01075,Chidinma Adeyemi,Individual,chidinma.adeyemi@gmail.com,Unknown,Enugu,Nigeria,NGN,2022-01-02,Instagram,VIP - handle w/ care,Not applicable,Not applicable,phone_invalid_9_digits
XT-01076,Delta Rise Telecom,Corporate,delta.rise.telecom@outlook.com,Unknown,Abuja,Nigeria,NGN,2021-07-26,TikTok,"Discount agreed, see email",Not applicable,Not applicable,No issues
XT-01077,Delta Rise Collective,Corporate,delta.rise.collective@outlook.com,+2348082568821,Port Harcourt,Nigeria,NGN,2022-12-12,Instagram,do not call before 10am,Not applicable,Not applicable,No issues
XT-01078,Harmattan Telecom,Corporate,harmattan.telecom@mail.com,+2348022508089,Johannesburg,South Africa,NGN,2021-11-17,Walk-in,Not applicable,Not applicable,Not applicable,No issues
XT-01079,Lagoon Bank PLC,Corporate,lagoon.bank.plc@company.ng,+2348048761801,Port Harcourt,Nigeria,NGN,2023-01-31,Instagram,"Discount agreed, see email",Not applicable,Not applicable,No issues
XT-01080,Blue Ivy Telecom,Corporate,blue.ivy.telecom@gmail.com,+2348078852746,Lagos,Nigeria,NGN,2023-03-15,Google,"Repeat client, 3rd project see 2022 folder",Not applicable,Not applicable,No issues
XT-01081,Ember Collective,Corporate,ember.collective@mail.com,+2348084007563,Abuja,Nigeria,NGN,2021-11-16,Referral,VIP - handle w/ care,Not applicable,Not applicable,No issues
XT-01082,Radiant LTD,Corporate,radiant.ltd@yahoo.com,Unknown,Ibadan,Nigeria,NGN,2022-01-14,Agency Partner,Not applicable,Not applicable,Not applicable,No issues
XT-01083,Renée Okafor,Individual,renee.okafor@mail.com,+2348090935618,Abuja,Nigeria,NGN,2023-05-13,Unknown,prefers whatsapp,Not applicable,Not applicable,No issues
XT-01084,Chioma Adebayo-Cole,Individual,chioma.adebayo-cole@outlook.com,+2348029381671,Lagos,Nigeria,NGN,2024-01-04,Email,Owes balance,Not applicable,Not applicable,No issues
XT-01085,Amaka Danjuma,Individual,amaka.danjuma@company.ng,+2348020543959,Enugu,Nigeria,NGN,2022-05-30,Unknown,"Repeat client, 3rd project see 2022 folder",Not applicable,Not applicable,No issues
XT-01086,Halima Balogun,Individual,Unknown,+2348044293772,Lagos,Nigeria,NGN,2024-07-27,Google,Not applicable,Not applicable,Not applicable,client_type_derived_from_name
XT-01087,Third Mainland Agency,Corporate,third.mainland.agency@outlook.com,Unknown,Accra,Ghana,NGN,2023-01-11,Email,Not applicable,Not applicable,Not applicable,phone_invalid_8_digits
XT-01088,Elena Oyelaran,Individual,elena.oyelaran@mail.com,Unknown,Enugu,Nigeria,NGN,2021-10-27,Unknown,Owes balance,Not applicable,Not applicable,phone_invalid_9_digits
XT-01089,Olamide Adeyemi,Individual,olamide.adeyemi@outlook.com,+2348032855982,Ibadan,Nigeria,NGN,2024-05-07,Google,prefers whatsapp,Not applicable,Not applicable,city_taken_from_own_bookings
XT-01090,Blue Ivy Studios,Corporate,blue.ivy.studios@company.ng,Unknown,Atlanta,United States,NGN,Unknown,Referral,Not applicable,Not applicable,Not applicable,No issues
XT-01091,José Olawale,Individual,jose.olawale@gmail.com,+2348074922966,Enugu,Nigeria,NGN,2022-06-24,Referral,do not call before 10am,Not applicable,Not applicable,No issues
XT-01092,Obsidian LTD,Corporate,obsidian.ltd@company.ng,Unknown,Lagos,Nigeria,NGN,2022-12-30,Unknown,prefers whatsapp,Not applicable,Not applicable,phone_invalid_9_digits
XT-01093,Radiant Bank PLC,Corporate,radiant.bank.plc@gmail.com,+2348099103572,Enugu,Nigeria,NGN,2022-12-03,Email,"Discount agreed, see email",XT-03093,0.966,No issues
XT-01094,Third Mainland Collective,Corporate,third.mainland.collective@mail.com,+2348084678380,Lagos,Nigeria,NGN,2022-10-31,Walk-in,"Repeat client, 3rd project see 2022 folder",Not applicable,Not applicable,No issues
XT-01095,Palmwine Bank PLC,Corporate,palmwine.bank.plc@gmail.com,Unknown,Lagos,Nigeria,NGN,2022-09-23,Walk-in,"Discount agreed, see email",Not applicable,Not applicable,phone_invalid_9_digits
XT-01096,Novo Holdings,Corporate,novo.holdings@yahoo.com,Unknown,Lagos,Nigeria,NGN,2022-06-02,Walk-in,"Repeat client, 3rd project see 2022 folder",Not applicable,Not applicable,phone_invalid_9_digits
XT-01097,Silverbird Studios,Corporate,silverbird.studios@gmail.com,Unknown,Lagos,Nigeria,NGN,Unknown,Unknown,Owes balance,Not applicable,Not applicable,phone_invalid_8_digits
XT-01098,Radiant Studios,Corporate,radiant.studios@outlook.com,Unknown,Abuja,Nigeria,NGN,2023-08-28,TikTok,Not applicable,XT-03098,0.929,phone_invalid_9_digits
XT-01099,Silverbird Agency,Corporate,silverbird.agency@gmail.com,Unknown,Abuja,Nigeria,NGN,2023-02-26,Referral,prefers whatsapp,Not applicable,Not applicable,No issues
XT-01100,Northline Holdings,Corporate,Unknown,+2348087259202,Lagos,Nigeria,NGN,2023-03-08,TikTok,Not applicable,Not applicable,Not applicable,client_type_derived_from_name
XT-01101,Zenith Agency,Corporate,zenith.agency@company.ng,+2348084975928,Unknown,Kenya,NGN,2022-05-24,Google,VIP - handle w/ care,Not applicable,Not applicable,No issues
XT-01102,Zenith Media,Corporate,zenith.media@gmail.com,Unknown,Nairobi,Kenya,NGN,2022-06-01,Walk-in,invoice to accounts dept,Not applicable,Not applicable,phone_invalid_9_digits
XT-01103,Sade Danjuma,Individual,sade.danjuma@outlook.com,Unknown,Port Harcourt,Nigeria,NGN,2022-12-05,Unknown,Not applicable,Not applicable,Not applicable,phone_invalid_9_digits
XT-01104,Aisha Dlamini,Individual,aisha.dlamini@yahoo.com,Unknown,Lagos,Nigeria,NGN,2022-03-20,Referral,Not applicable,Not applicable,Not applicable,phone_invalid_9_digits
XT-01105,Radiant Brands,Corporate,radiant.brands@yahoo.com,+2348062497782,Lagos,Nigeria,NGN,2022-03-13,Walk-in,Not applicable,Not applicable,Not applicable,No issues
XT-01106,Silverbird Media,Corporate,silverbird.media@company.ng,Unknown,Johannesburg,South Africa,NGN,2022-01-13,Referral,do not call before 10am,Not applicable,Not applicable,phone_invalid_9_digits
XT-01107,Adaeze Anyanwu,Individual,adaeze.anyanwu@outlook.com,Unknown,Abuja,Nigeria,NGN,2021-06-28,Walk-in,Owes balance,Not applicable,Not applicable,No issues
XT-01108,Daniel Achebe,Individual,daniel.achebe@company.ng,+2348015847799,Lagos,Nigeria,NGN,2021-03-09,Instagram,Owes balance,Not applicable,Not applicable,No issues
XT-01109,Tunde Adeyemi,Individual,Unknown,+2348024956891,Abuja,Nigeria,NGN,2021-04-16,Email,"Repeat client, 3rd project see 2022 folder",Not applicable,Not applicable,No issues
XT-01110,Third Mainland NGO,Corporate,third.mainland.ngo@company.ng,Unknown,Atlanta,United States,NGN,2022-03-10,Referral,do not call before 10am,Not applicable,Not applicable,phone_invalid_9_digits
XT-01111,Femi Chukwu,Individual,femi.chukwu@gmail.com,Unknown,Abuja,Nigeria,NGN,2022-10-06,Walk-in,"Discount agreed, see email",XT-03111,0.9,phone_invalid_8_digits
XT-01112,Kobo Telecom,Corporate,kobo.telecom@outlook.com,+2348021519610,Lagos,Nigeria,NGN,2023-02-02,Email,"Discount agreed, see email",Not applicable,Not applicable,No issues
XT-01113,Yusuf Sowore,Individual,yusuf.sowore@company.ng,+2348030532198,London,United Kingdom,NGN,2021-11-21,Email,Not applicable,Not applicable,Not applicable,No issues
XT-01114,Mango Telecom,Corporate,mango.telecom@outlook.com,Unknown,Abuja,Nigeria,NGN,2022-11-28,TikTok,Owes balance,Not applicable,Not applicable,phone_invalid_8_digits
XT-01115,Kobo Media,Corporate,Unknown,+2348026303586,Lagos,Nigeria,NGN,2023-04-19,Instagram,Not applicable,Not applicable,Not applicable,No issues
XT-01116,Grace Dlamini,Individual,grace.dlamini@outlook.com,Unknown,Abuja,Nigeria,NGN,2022-07-20,Referral,do not call before 10am,Not applicable,Not applicable,phone_invalid_9_digits
XT-01117,Kraft NGO,Corporate,kraft.ngo@gmail.com,Unknown,Abuja,Nigeria,NGN,2022-11-04,Unknown,Not applicable,Not applicable,Not applicable,phone_invalid_9_digits
XT-01118,Chioma Adeyemi,Individual,Unknown,Unknown,Lagos,Nigeria,NGN,2023-05-12,Unknown,"Repeat client, 3rd project see 2022 folder",Not applicable,Not applicable,No issues
XT-01119,Núria Chukwu,Individual,nuria.chukwu@yahoo.com,+2348027226787,Lagos,Nigeria,NGN,2021-12-21,TikTok,"Repeat client, 3rd project see 2022 folder",Not applicable,Not applicable,No issues
XT-01120,Northline Agency,Corporate,Unknown,Unknown,Lagos,Nigeria,NGN,2024-01-21,Agency Partner,prefers whatsapp,XT-03120,0.968,phone_invalid_8_digits
XT-01121,Kofi Bello,Individual,kofi.bello@yahoo.com,Unknown,Enugu,Nigeria,NGN,2022-09-09,Email,Not applicable,Not applicable,Not applicable,phone_invalid_9_digits
XT-01122,Ember Records,Corporate,ember.records@mail.com,Unknown,Port Harcourt,Nigeria,NGN,2024-02-26,Referral,Not applicable,Not applicable,Not applicable,phone_invalid_9_digits
XT-01123,Wei Adeyemi,Individual,wei.adeyemi@outlook.com,Unknown,Lagos,Nigeria,NGN,2022-08-01,Unknown,Not applicable,Not applicable,Not applicable,phone_invalid_9_digits
XT-01124,Terra Records,Corporate,terra.records@outlook.com,Unknown,Atlanta,United States,NGN,2021-11-20,Email,Not applicable,Not applicable,Not applicable,phone_invalid_9_digits
XT-01125,Ahmed Kim,Individual,ahmed.kim@mail.com,Unknown,Lagos,Nigeria,NGN,2023-08-16,Email,VIP - handle w/ care,Not applicable,Not applicable,phone_invalid_8_digits
XT-01126,Olamide Achebe,Individual,olamide.achebe+1@gmail.com,+2348049988430,Lagos,Nigeria,NGN,2022-06-15,Instagram,invoice to accounts dept,XT-03126,0.963,No issues
XT-01127,Northline Collective,Corporate,Unknown,+2348037127981,Abuja,Nigeria,NGN,2022-06-03,Referral,VIP - handle w/ care,Not applicable,Not applicable,No issues
XT-01128,Daniel Adebayo-Cole,Individual,daniel.adebayo-cole@yahoo.com,Unknown,Ibadan,Nigeria,NGN,2023-12-29,Referral,Not applicable,Not applicable,Not applicable,No issues
XT-01129,Anchor NGO,Corporate,anchor.ngo@company.ng,+2348038903435,Lagos,Nigeria,NGN,2024-06-07,Referral,"Discount agreed, see email",Not applicable,Not applicable,No issues
XT-01130,Lagoon Studios,Corporate,lagoon.studios@mail.com,+2348083898827,Abuja,Nigeria,NGN,2022-11-24,Referral,Not applicable,Not applicable,Not applicable,country_derived_from_city
XT-01131,Cassava LTD,Corporate,cassava.ltd@company.ng,+2348029170953,London,United Kingdom,NGN,2023-10-09,Walk-in,prefers whatsapp,Not applicable,Not applicable,No issues
XT-01132,Temitope Nwosu,Individual,temitope.nwosu@yahoo.com,+2348082349658,Enugu,Nigeria,NGN,2022-03-15,Instagram,prefers whatsapp,Not applicable,Not applicable,No issues
XT-01133,Cassava Telecom,Corporate,cassava.telecom@outlook.com,+2348025838826,Kano,Nigeria,NGN,2024-04-01,Instagram,prefers whatsapp,Not applicable,Not applicable,No issues
XT-01134,José Danjuma,Individual,jose.danjuma@gmail.com,Unknown,Abuja,Nigeria,NGN,2022-03-09,Google,prefers whatsapp,Not applicable,Not applicable,phone_invalid_9_digits
XT-01135,Novo Records,Corporate,novo.records@gmail.com,Unknown,London,United Kingdom,NGN,2023-10-19,Google,invoice to accounts dept,XT-03135,0.952,phone_invalid_9_digits
XT-01136,Sade Sowore,Individual,sade.sowore@company.ng,+2348066392572,Lagos,Nigeria,NGN,2022-10-18,Instagram,Not applicable,Not applicable,Not applicable,No issues
XT-01137,Kobo Brands,Corporate,kobo.brands@mail.com,+2348091198382,Accra,Ghana,NGN,2022-08-29,Google,do not call before 10am,Not applicable,Not applicable,No issues
XT-01138,Radiant Holdings,Corporate,radiant.holdings@outlook.com,+2348056009976,Abuja,Nigeria,NGN,2022-08-03,Unknown,Not applicable,Not applicable,Not applicable,No issues
XT-01139,Kelechi Chukwu,Individual,kelechi.chukwu@outlook.com,Unknown,London,United Kingdom,NGN,2023-01-15,Instagram,"Repeat client, 3rd project see 2022 folder",Not applicable,Not applicable,phone_invalid_9_digits
XT-01140,Obinna Osei,Individual,obinna.osei@outlook.com,Unknown,Abuja,Nigeria,NGN,2022-06-19,TikTok,Not applicable,Not applicable,Not applicable,phone_invalid_8_digits
XT-01141,Kraft Media,Corporate,kraft.media@mail.com,+2348063160940,Abuja,Nigeria,NGN,2021-11-24,Unknown,Not applicable,Not applicable,Not applicable,No issues
XT-01142,Zenith Bank PLC,Corporate,zenith.bank.plc@company.ng,+2348059966388,Unknown,Nigeria,NGN,2021-06-06,Google,Owes balance,Not applicable,Not applicable,No issues
XT-01143,Ifeanyi Anyanwu,Individual,ifeanyi.anyanwu@company.ng,Unknown,Abuja,Nigeria,NGN,2021-12-04,Walk-in,Not applicable,Not applicable,Not applicable,country_derived_from_city
XT-01144,Anchor Media,Corporate,anchor.media@mail.com,+2348080113313,Port Harcourt,Nigeria,NGN,2022-04-04,Referral,Not applicable,Not applicable,Not applicable,No issues
XT-01145,Lagoon Collective,Corporate,lagoon.collective@yahoo.com,+2348055661115,Abuja,Nigeria,NGN,2022-07-11,Email,Not applicable,Not applicable,Not applicable,No issues
XT-01146,Sarah Achebe,Individual,sarah.achebe@mail.com,+2348016984468,Lagos,Nigeria,NGN,2023-03-03,Walk-in,"Discount agreed, see email",Not applicable,Not applicable,No issues
XT-01147,Chioma Müller,Individual,chioma.muller@gmail.com,+2348088060556,Johannesburg,South Africa,NGN,2023-03-18,Referral,"Repeat client, 3rd project see 2022 folder",Not applicable,Not applicable,No issues
XT-01148,Thabo Mensah,Individual,thabo.mensah@company.ng,+2348058240280,Johannesburg,South Africa,NGN,2024-04-04,Google,Not applicable,Not applicable,Not applicable,No issues
XT-01149,Renée Nwosu,Individual,Unknown,+2348034017085,Lagos,Nigeria,NGN,2023-01-12,TikTok,invoice to accounts dept,Not applicable,Not applicable,No issues
XT-01150,Palmwine Bank PLC,Corporate,palmwine.bank.plc@mail.com,Unknown,Lagos,Nigeria,NGN,2021-04-13,Agency Partner,"Discount agreed, see email",Not applicable,Not applicable,phone_invalid_9_digits
XT-01151,Cassava Collective,Corporate,Unknown,+2348070264349,Port Harcourt,Nigeria,NGN,2023-02-03,Agency Partner,Not applicable,Not applicable,Not applicable,client_type_derived_from_name
XT-01152,Aisha Bello,Individual,Unknown,Unknown,Lagos,Nigeria,NGN,2023-09-11,Google,"Repeat client, 3rd project see 2022 folder",Not applicable,Not applicable,phone_invalid_9_digits
XT-01153,Blue Ivy Brands,Corporate,blue.ivy.brands@mail.com,+2348011009929,Abuja,Nigeria,NGN,2022-08-04,Unknown,prefers whatsapp,Not applicable,Not applicable,No issues
XT-01154,Palmwine NGO,Corporate,palmwine.ngo@yahoo.com,+2348015688708,London,United Kingdom,NGN,2023-01-10,Google,prefers whatsapp,Not applicable,Not applicable,conflicting_values:phone
XT-01155,Adaeze Chen,Individual,adaeze.chen@mail.com,Unknown,Nairobi,Kenya,NGN,2023-09-27,Email,do not call before 10am,Not applicable,Not applicable,"country_derived_from_city,phone_invalid_9_digits"
XT-01156,Halima Adebayo-Cole,Individual,halima.adebayo-cole@mail.com,+2348088503417,Lagos,Nigeria,NGN,2023-04-08,Agency Partner,Not applicable,XT-03156,1.0,No issues
XT-01157,Renée Eze,Individual,renee.eze@mail.com,Unknown,Atlanta,United States,NGN,2023-08-24,Email,invoice to accounts dept,XT-03157,1.0,phone_invalid_9_digits
XT-01158,Kofi Nwosu,Individual,Unknown,+2348096214566,Port Harcourt,Nigeria,NGN,2024-03-02,Agency Partner,Not applicable,Not applicable,Not applicable,No issues
XT-01159,André Balogun,Individual,Unknown,+2348092475555,Nairobi,Kenya,NGN,2023-01-12,Unknown,do not call before 10am,Not applicable,Not applicable,No issues
XT-01160,Zenith Agency,Corporate,Unknown,Unknown,Abuja,Nigeria,NGN,2023-08-12,Email,Owes balance,Not applicable,Not applicable,phone_invalid_8_digits
XT-01161,Femi Osei,Individual,femi.osei@outlook.com,+2348089149685,Lagos,Nigeria,NGN,2023-12-19,Referral,Not applicable,Not applicable,Not applicable,client_type_derived_from_name
XT-01162,André García,Individual,andre.garcia@gmail.com,Unknown,Abuja,Nigeria,NGN,2023-05-06,Agency Partner,prefers whatsapp,Not applicable,Not applicable,"country_derived_from_city,client_type_derived_from_name,phone_invalid_8_digits"
XT-01163,Kobo Telecom,Corporate,Unknown,Unknown,Unknown,Nigeria,NGN,2022-09-16,Email,"Repeat client, 3rd project see 2022 folder",Not applicable,Not applicable,"client_type_derived_from_name,phone_invalid_9_digits"
XT-01164,Radiant Foods,Corporate,radiant.foods@outlook.com,Unknown,London,United Kingdom,NGN,2022-03-28,Instagram,Not applicable,Not applicable,Not applicable,No issues
XT-01165,Northline Group,Corporate,northline.group@mail.com,+2348071812357,Lagos,Nigeria,NGN,2023-03-23,Google,prefers whatsapp,Not applicable,Not applicable,No issues
XT-01166,André Nwosu,Individual,andre.nwosu@yahoo.com,+2348097757693,Lagos,Nigeria,NGN,2022-11-11,Email,invoice to accounts dept,Not applicable,Not applicable,country_derived_from_city
XT-01167,Delta Rise Studios,Corporate,delta.rise.studios@gmail.com,Unknown,Ibadan,Nigeria,NGN,2024-06-29,Unknown,"Repeat client, 3rd project see 2022 folder",Not applicable,Not applicable,phone_invalid_9_digits
XT-01168,Mango Bank PLC,Corporate,mango.bank.plc@company.ng,+2348014725781,Abuja,Nigeria,NGN,2021-12-27,Email,Not applicable,Not applicable,Not applicable,No issues
XT-01169,Third Mainland Agency,Corporate,third.mainland.agency@yahoo.com,Unknown,Enugu,Nigeria,NGN,2022-08-01,TikTok,invoice to accounts dept,Not applicable,Not applicable,phone_invalid_8_digits
XT-01170,Zainab Danjuma,Individual,zainab.danjuma@company.ng,Unknown,London,United Kingdom,NGN,2021-03-03,TikTok,Not applicable,Not applicable,Not applicable,phone_invalid_9_digits
XT-01171,Kelechi Smith,Individual,kelechi.smith@outlook.com,+2348076142535,Accra,Ghana,NGN,2021-03-08,Agency Partner,Not applicable,Not applicable,Not applicable,No issues
XT-01172,Sahara Collective,Corporate,sahara.collective@outlook.com,+2348097773678,Lagos,Nigeria,NGN,Unknown,TikTok,Not applicable,Not applicable,Not applicable,No issues
XT-01173,Emeka Dlamini,Individual,emeka.dlamini@gmail.com,+2348053634487,Abuja,Nigeria,NGN,2021-06-27,Agency Partner,"Repeat client, 3rd project see 2022 folder",Not applicable,Not applicable,No issues
XT-01174,Ember Brands,Corporate,ember.brands@gmail.com,+2348052882126,Port Harcourt,Nigeria,NGN,2022-05-04,Instagram,Not applicable,Not applicable,Not applicable,No issues
XT-01175,Cassava Limited,Corporate,Unknown,Unknown,Lagos,Nigeria,NGN,2024-02-23,Referral,Not applicable,Not applicable,Not applicable,No issues
XT-01176,Sióbhan Farouk,Individual,siobhan.farouk@gmail.com,Unknown,Port Harcourt,Nigeria,NGN,2023-08-22,Unknown,prefers whatsapp,Not applicable,Not applicable,No issues
XT-01177,Kobo Agency,Corporate,kobo.agency@company.ng,+2348056026909,Nairobi,Kenya,NGN,2021-05-27,Agency Partner,"Repeat client, 3rd project see 2022 folder",Not applicable,Not applicable,No issues
XT-01178,Adaeze Olawale,Individual,adaeze.olawale@outlook.com,+2348023771503,Lagos,Nigeria,NGN,2023-06-02,Walk-in,invoice to accounts dept,XT-03178,0.96,No issues
XT-01179,Ahmed Anyanwu,Individual,ahmed.anyanwu@outlook.com,+2348049572117,Lagos,Nigeria,NGN,2023-09-12,Email,Not applicable,Not applicable,Not applicable,No issues
XT-01180,Aisha Olawale,Individual,aisha.olawale@yahoo.com,Unknown,Kano,Nigeria,NGN,2023-09-14,Unknown,do not call before 10am,Not applicable,Not applicable,phone_invalid_9_digits
XT-01181,Renée Okafor,Individual,renee.okafor@mail.com,+2348010159143,Port Harcourt,Nigeria,NGN,2023-09-21,Email,Not applicable,Not applicable,Not applicable,No issues
XT-01182,Kobo Media,Corporate,kobo.media@gmail.com,Unknown,London,United Kingdom,NGN,2023-06-20,Walk-in,VIP - handle w/ care,Not applicable,Not applicable,phone_invalid_9_digits
XT-01183,Anchor LTD,Corporate,Unknown,+2348067803010,Lagos,Nigeria,NGN,2023-01-31,Referral,"Discount agreed, see email",Not applicable,Not applicable,No issues
XT-01184,Segun Oyelaran,Individual,segun.oyelaran@gmail.com,Unknown,Atlanta,United States,NGN,2020-10-30,Walk-in,Owes balance,Not applicable,Not applicable,phone_invalid_9_digits
XT-01185,Halima Adeyemi,Individual,halima.adeyemi@company.ng,+2348048365619,Abuja,Nigeria,NGN,2022-10-15,Google,Owes balance,Not applicable,Not applicable,No issues
XT-01186,Radiant LTD,Corporate,Unknown,Unknown,Abuja,Nigeria,NGN,2022-08-02,Walk-in,Not applicable,Not applicable,Not applicable,phone_invalid_9_digits
XT-01187,Kelechi Adeyemi,Individual,kelechi.adeyemi@gmail.com,+2348064133284,Enugu,Nigeria,NGN,2021-03-31,Google,VIP - handle w/ care,Not applicable,Not applicable,No issues
XT-01188,Fatima Chukwu,Individual,fatima.chukwu@mail.com,+2348035156555,Kano,Nigeria,NGN,2022-06-13,Agency Partner,do not call before 10am,Not applicable,Not applicable,No issues
XT-01189,Sióbhan Danjuma,Individual,siobhan.danjuma@yahoo.com,Unknown,Enugu,Nigeria,NGN,2022-03-16,Instagram,VIP - handle w/ care,Not applicable,Not applicable,No issues
XT-01190,Northline Bank PLC,Corporate,northline.bank.plc@gmail.com,Unknown,Port Harcourt,Nigeria,NGN,2021-10-07,Walk-in,invoice to accounts dept,Not applicable,Not applicable,phone_invalid_9_digits
XT-01191,Anchor Holdings,Corporate,anchor.holdings@gmail.com,Unknown,Accra,Ghana,NGN,2022-09-26,Email,Not applicable,Not applicable,Not applicable,phone_invalid_9_digits
XT-01192,Marcus O'Brien,Individual,marcus.obrien@gmail.com,+2348063889983,Abuja,Nigeria,NGN,2022-08-03,Instagram,Not applicable,Not applicable,Not applicable,No issues
XT-01193,Björn Farouk,Individual,bjorn.farouk@mail.com,+2348036571662,Lagos,Nigeria,NGN,2024-03-11,Walk-in,"Repeat client, 3rd project see 2022 folder",Not applicable,Not applicable,No issues
XT-01194,Silverbird Bank PLC,Corporate,silverbird.bank.plc@mail.com,+2348084919937,Nairobi,Kenya,NGN,2021-07-19,Walk-in,VIP - handle w/ care,XT-03194,0.971,No issues
XT-01195,Cassava Bank PLC,Corporate,cassava.bank.plc@mail.com,Unknown,Lagos,Nigeria,NGN,2024-10-22,Walk-in,prefers whatsapp,Not applicable,Not applicable,No issues
XT-01196,Lagoon LTD,Corporate,lagoon.ltd@company.ng,Unknown,Port Harcourt,Nigeria,NGN,2023-03-02,Agency Partner,Not applicable,Not applicable,Not applicable,phone_invalid_9_digits
XT-01197,Cassava Media,Corporate,cassava.media@gmail.com,+2348099768890,Lagos,Nigeria,NGN,2022-10-11,Google,Not applicable,Not applicable,Not applicable,No issues
XT-01198,Silverbird Brands,Corporate,silverbird.brands@yahoo.com,+2348025513295,Accra,Ghana,NGN,2022-09-22,TikTok,"Repeat client, 3rd project see 2022 folder",Not applicable,Not applicable,No issues
XT-01199,Kobo Foods,Corporate,kobo.foods@gmail.com,Unknown,Lagos,Nigeria,NGN,2021-04-24,Unknown,Owes balance,Not applicable,Not applicable,No issues
XT-01200,Sahara Collective,Corporate,sahara.collective@yahoo.com,+2348093028157,Johannesburg,South Africa,NGN,2023-03-29,Referral,Owes balance,Not applicable,Not applicable,city_taken_from_own_bookings
XT-01201,Zenith Records,Corporate,zenith.records@company.ng,Unknown,Lagos,Nigeria,NGN,2023-05-15,Google,Not applicable,Not applicable,Not applicable,phone_invalid_9_digits
XT-01202,Kobo Telecom,Corporate,kobo.telecom@yahoo.com,+2348066656725,Kano,Nigeria,NGN,2023-02-21,Email,VIP - handle w/ care,XT-03202,0.952,No issues
XT-01203,Novo Foods,Corporate,novo.foods@mail.com,Unknown,Lagos,Nigeria,NGN,2021-11-02,Email,Not applicable,Not applicable,Not applicable,No issues
XT-01204,Blue Ivy Records,Corporate,Unknown,+2348038905975,London,United Kingdom,NGN,2024-04-04,Agency Partner,"Discount agreed, see email",Not applicable,Not applicable,No issues
XT-01205,Cassava Studios,Corporate,cassava.studios@yahoo.com,+2348050969133,Enugu,Nigeria,NGN,2023-04-20,Walk-in,invoice to accounts dept,Not applicable,Not applicable,No issues
XT-01206,Mango Brands,Corporate,Unknown,Unknown,Kano,Nigeria,NGN,2023-08-07,Agency Partner,Owes balance,Not applicable,Not applicable,No issues
XT-01207,Wei Sowore,Individual,wei.sowore@company.ng,Unknown,Port Harcourt,Nigeria,NGN,2022-09-19,Unknown,Not applicable,Not applicable,Not applicable,city_taken_from_own_bookings
XT-01208,Lagoon Limited,Corporate,lagoon.limited@company.ng,Unknown,Abuja,Nigeria,NGN,2022-04-26,Walk-in,Not applicable,Not applicable,Not applicable,phone_invalid_9_digits
XT-01209,Novo LTD,Corporate,novo.ltd@company.ng,+2348030370282,Lagos,Nigeria,NGN,2022-06-24,Agency Partner,do not call before 10am,Not applicable,Not applicable,No issues
XT-01210,Harmattan Media,Corporate,harmattan.media@company.ng,Unknown,Lagos,Nigeria,NGN,2023-02-15,Google,"Repeat client, 3rd project see 2022 folder",Not applicable,Not applicable,phone_invalid_9_digits
XT-01211,Kraft Bank PLC,Corporate,kraft.bank.plc@outlook.com,Unknown,Ibadan,Nigeria,NGN,2023-02-28,Agency Partner,Not applicable,Not applicable,Not applicable,phone_invalid_9_digits
XT-01212,Olamide Ibrahim,Individual,olamide.ibrahim@gmail.com,+2348071752784,Lagos,Nigeria,NGN,2021-12-19,TikTok,prefers whatsapp,Not applicable,Not applicable,client_type_derived_from_name
XT-01213,Obinna Bello,Individual,obinna.bello@company.ng,+2348098824237,Abuja,Nigeria,NGN,2023-03-20,Unknown,"Repeat client, 3rd project see 2022 folder",Not applicable,Not applicable,No issues
XT-01214,Blue Ivy Records,Corporate,blue.ivy.records@company.ng,Unknown,Lagos,Nigeria,NGN,2022-09-01,Unknown,"Repeat client, 3rd project see 2022 folder",Not applicable,Not applicable,No issues
XT-01215,Renée Adebayo-Cole,Individual,renee.adebayo-cole@mail.com,+2348088188509,London,United Kingdom,NGN,Unknown,Unknown,Owes balance,Not applicable,Not applicable,country_derived_from_city
XT-01216,Núria Farouk,Individual,nuria.farouk@gmail.com,Unknown,Lagos,Nigeria,NGN,2020-11-21,Referral,do not call before 10am,Not applicable,Not applicable,No issues
XT-01217,Mango Studios,Corporate,mango.studios@mail.com,+2348061937274,London,United Kingdom,NGN,2024-07-09,Google,VIP - handle w/ care,Not applicable,Not applicable,No issues
XT-01218,Segun Smith,Individual,segun.smith@outlook.com,+2348017686886,Abuja,Nigeria,NGN,2024-02-29,Instagram,prefers whatsapp,Not applicable,Not applicable,No issues
XT-01219,Novo Brands,Corporate,novo.brands@mail.com,Unknown,Lagos,Nigeria,NGN,2023-04-20,Unknown,prefers whatsapp,Not applicable,Not applicable,phone_invalid_8_digits
XT-01220,Fatima Okafor,Individual,Unknown,+2348094522036,Lagos,Nigeria,NGN,2024-05-24,Email,"Discount agreed, see email",Not applicable,Not applicable,No issues
XT-01221,Third Mainland Telecom,Corporate,third.mainland.telecom@gmail.com,Unknown,Kano,Nigeria,NGN,2022-10-24,Referral,Owes balance,Not applicable,Not applicable,phone_invalid_9_digits
XT-01222,Terra Agency,Corporate,terra.agency@outlook.com,Unknown,Lagos,Nigeria,NGN,2022-01-22,Email,Not applicable,Not applicable,Not applicable,phone_invalid_9_digits
XT-01223,Priya Smith,Individual,priya.smith@yahoo.com,Unknown,Lagos,Nigeria,NGN,2023-10-31,Instagram,invoice to accounts dept,Not applicable,Not applicable,phone_invalid_9_digits
XT-01224,Grace Farouk,Individual,grace.farouk@gmail.com,Unknown,Ibadan,Nigeria,NGN,2023-02-23,Email,Not applicable,Not applicable,Not applicable,No issues
XT-01225,Third Mainland Bank PLC,Corporate,third.mainland.bank.plc@outlook.com,+2348071730792,London,United Kingdom,NGN,2023-01-29,Email,"Repeat client, 3rd project see 2022 folder",Not applicable,Not applicable,No issues
XT-01226,Lagoon Bank PLC,Corporate,lagoon.bank.plc@gmail.com,+2348041389419,Port Harcourt,Nigeria,NGN,2023-05-04,Walk-in,Not applicable,Not applicable,Not applicable,No issues
XT-01227,Marcus Chen,Individual,marcus.chen@gmail.com,Unknown,Ibadan,Nigeria,NGN,2022-01-21,Email,Not applicable,Not applicable,Not applicable,phone_invalid_9_digits
XT-01228,Terra Records,Corporate,Unknown,+2348014916608,Atlanta,United States,NGN,2024-01-12,Instagram,prefers whatsapp,Not applicable,Not applicable,country_derived_from_city
XT-01229,Delta Rise Studios,Corporate,delta.rise.studios@company.ng,+2348071120269,Abuja,Nigeria,NGN,2023-03-11,Agency Partner,VIP - handle w/ care,XT-03229,0.97,No issues
XT-01230,Blue Ivy Group,Corporate,blue.ivy.group@mail.com,+2348011041466,Lagos,Nigeria,NGN,2023-06-29,Email,invoice to accounts dept,Not applicable,Not applicable,No issues
XT-01231,Ember Media,Corporate,ember.media@yahoo.com,+2348096820496,Lagos,Nigeria,NGN,2021-08-14,Instagram,Not applicable,Not applicable,Not applicable,"country_derived_from_city,client_type_derived_from_name"
XT-01232,Damilola Balogun,Individual,damilola.balogun@mail.com,+2348069156767,Lagos,Nigeria,NGN,2022-07-06,TikTok,Not applicable,XT-03232,0.968,No issues
XT-01233,Silverbird Agency,Corporate,silverbird.agency@mail.com,+2348074720022,Accra,Ghana,NGN,2024-06-05,Agency Partner,prefers whatsapp,Not applicable,Not applicable,No issues
XT-01234,Cassava Foods,Corporate,cassava.foods@yahoo.com,+2348094815429,Enugu,Nigeria,NGN,2022-09-12,Agency Partner,Not applicable,Not applicable,Not applicable,No issues
XT-01235,Ahmed Kim,Individual,ahmed.kim@company.ng,Unknown,London,United Kingdom,NGN,2022-07-03,Instagram,"Repeat client, 3rd project see 2022 folder",XT-03235,1.0,phone_invalid_9_digits
XT-01236,Silverbird Bank PLC,Corporate,silverbird.bank.plc@gmail.com,+2348058780582,Lagos,Nigeria,NGN,2022-02-25,Email,VIP - handle w/ care,Not applicable,Not applicable,client_type_derived_from_name
XT-01237,Kelechi Chen,Individual,kelechi.chen@outlook.com,+2348031805440,Lagos,Nigeria,NGN,Unknown,Referral,prefers whatsapp,Not applicable,Not applicable,No issues
XT-01238,Damilola Sowore,Individual,damilola.sowore@gmail.com,+2348076096908,Unknown,Nigeria,NGN,2022-01-10,Walk-in,"Repeat client, 3rd project see 2022 folder",Not applicable,Not applicable,No issues
XT-01239,Third Mainland Records,Corporate,third.mainland.records@gmail.com,+2348054460975,Lagos,Nigeria,NGN,2022-02-19,Unknown,"Repeat client, 3rd project see 2022 folder",Not applicable,Not applicable,No issues
XT-01240,Third Mainland NGO,Corporate,third.mainland.ngo@yahoo.com,+2348080001372,Lagos,Nigeria,NGN,2022-12-28,Email,VIP - handle w/ care,Not applicable,Not applicable,No issues
XT-01241,Zenith Studios,Corporate,zenith.studios@yahoo.com,+2348030598108,Lagos,Nigeria,NGN,2023-02-20,Instagram,prefers whatsapp,Not applicable,Not applicable,No issues
XT-01242,Olamide Balogun,Individual,olamide.balogun@outlook.com,+2348098071166,Abuja,Nigeria,NGN,2022-04-14,Google,invoice to accounts dept,Not applicable,Not applicable,No issues
XT-01243,Grace Müller,Individual,grace.muller@outlook.com,+2348071131412,Lagos,Nigeria,NGN,Unknown,Instagram,do not call before 10am,Not applicable,Not applicable,No issues
XT-01244,Tunde Okafor,Individual,tunde.okafor@company.ng,Unknown,Atlanta,United States,NGN,2022-11-21,Referral,"Discount agreed, see email",Not applicable,Not applicable,phone_invalid_9_digits
XT-01245,Ifeanyi Balogun,Individual,ifeanyi.balogun@outlook.com,Unknown,Abuja,Nigeria,NGN,2023-10-19,Walk-in,Owes balance,Not applicable,Not applicable,phone_invalid_9_digits
XT-01246,Kraft Studios,Corporate,kraft.studios@outlook.com,Unknown,London,United Kingdom,NGN,2023-11-11,Google,Owes balance,Not applicable,Not applicable,"country_derived_from_city,phone_invalid_9_digits"
XT-01247,Zenith NGO,Corporate,zenith.ngo@gmail.com,+2348083141644,Johannesburg,South Africa,NGN,2022-07-26,Agency Partner,Not applicable,Not applicable,Not applicable,No issues
XT-01248,Silverbird Agency,Corporate,Unknown,Unknown,Dubai,United Arab Emirates,NGN,2022-03-14,Unknown,Not applicable,Not applicable,Not applicable,phone_invalid_9_digits
XT-01249,Kraft Brands,Corporate,kraft.brands@gmail.com,+2348012137596,Dubai,United Arab Emirates,NGN,2024-03-12,TikTok,Not applicable,XT-03249,0.952,No issues
XT-01250,Núria Mohammed,Individual,nuria.mohammed@gmail.com,Unknown,Abuja,Nigeria,NGN,2021-11-08,Instagram,Not applicable,Not applicable,Not applicable,phone_invalid_9_digits
XT-01251,Ember LTD,Corporate,ember.ltd@outlook.com,Unknown,Ibadan,Nigeria,NGN,2021-10-29,Google,do not call before 10am,Not applicable,Not applicable,phone_invalid_9_digits
XT-01252,Daniel Chen,Individual,daniel.chen@outlook.com,Unknown,Lagos,Nigeria,NGN,2022-07-29,Walk-in,VIP - handle w/ care,Not applicable,Not applicable,client_type_derived_from_name
XT-01253,Delta Rise Collective,Corporate,delta.rise.collective@mail.com,+2348013406919,Lagos,Nigeria,NGN,2023-09-02,Email,Not applicable,Not applicable,Not applicable,No issues
XT-01254,Uche Okafor,Individual,uche.okafor@yahoo.com,Unknown,Ibadan,Nigeria,NGN,2022-08-02,Unknown,"Discount agreed, see email",Not applicable,Not applicable,phone_invalid_8_digits
XT-01255,Harmattan Limited,Corporate,harmattan.limited@yahoo.com,Unknown,Accra,Ghana,NGN,2022-06-11,Email,"Repeat client, 3rd project see 2022 folder",Not applicable,Not applicable,No issues
XT-01256,Terra Agency,Corporate,terra.agency@outlook.com,Unknown,Nairobi,Kenya,NGN,Unknown,Walk-in,invoice to accounts dept,Not applicable,Not applicable,"city_taken_from_own_bookings,phone_invalid_9_digits"
XT-01257,Thabo Achebe,Individual,thabo.achebe@company.ng,Unknown,Port Harcourt,Nigeria,NGN,2022-04-18,Referral,"Repeat client, 3rd project see 2022 folder",Not applicable,Not applicable,phone_invalid_8_digits
XT-01258,Sahara Records,Corporate,sahara.records@gmail.com,+2348028414252,Abuja,Nigeria,NGN,2023-03-31,Email,do not call before 10am,Not applicable,Not applicable,No issues
XT-01259,Sahara Holdings,Corporate,sahara.holdings@outlook.com,Unknown,Abuja,Nigeria,NGN,Unknown,Google,"Discount agreed, see email",Not applicable,Not applicable,phone_invalid_8_digits
XT-01260,Ngozi Danjuma,Individual,ngozi.danjuma@outlook.com,Unknown,Lagos,Nigeria,NGN,2022-10-23,Unknown,"Repeat client, 3rd project see 2022 folder",Not applicable,Not applicable,phone_invalid_9_digits
XT-01261,Third Mainland Studios,Corporate,third.mainland.studios@company.ng,Unknown,Lagos,Nigeria,NGN,2023-03-16,Google,Not applicable,Not applicable,Not applicable,"client_type_derived_from_name,phone_invalid_9_digits"
XT-01262,Olamide Adebayo-Cole,Individual,Unknown,+2348074214642,Abuja,Nigeria,NGN,2022-07-09,Unknown,prefers whatsapp,Not applicable,Not applicable,No issues
XT-01263,Northline Brands,Corporate,northline.brands@outlook.com,+2348060077106,Lagos,Nigeria,NGN,2023-02-23,Agency Partner,VIP - handle w/ care,Not applicable,Not applicable,No issues
XT-01264,Harmattan Limited,Corporate,harmattan.limited@yahoo.com,Unknown,Lagos,Nigeria,NGN,2023-08-26,Referral,invoice to accounts dept,Not applicable,Not applicable,phone_invalid_9_digits
XT-01265,Ember Limited,Corporate,ember.limited@gmail.com,Unknown,Dubai,United Arab Emirates,NGN,2022-04-30,Referral,Not applicable,Not applicable,Not applicable,No issues
XT-01266,Blue Ivy Foods,Corporate,blue.ivy.foods@company.ng,+2348095770000,Lagos,Nigeria,NGN,2021-12-23,TikTok,do not call before 10am,XT-03266,0.96,No issues
XT-01267,Harmattan Limited,Corporate,harmattan.limited@mail.com,+2348074541648,Lagos,Nigeria,NGN,2024-06-14,TikTok,Not applicable,Not applicable,Not applicable,No issues
XT-01268,Ember Agency,Corporate,ember.agency@mail.com,+2348040208818,Abuja,Nigeria,NGN,Unknown,Unknown,Not applicable,Not applicable,Not applicable,No issues
XT-01269,Ember Media,Corporate,ember.media@company.ng,+2348080308019,Abuja,Nigeria,NGN,2022-10-22,TikTok,Not applicable,Not applicable,Not applicable,No issues
XT-01270,Amaka Okafor,Individual,amaka.okafor@gmail.com,Unknown,Abuja,Nigeria,NGN,2022-10-15,Unknown,prefers whatsapp,Not applicable,Not applicable,phone_invalid_9_digits
XT-01271,Yusuf García,Individual,yusuf.garcia@company.ng,+2348038685111,Johannesburg,South Africa,NGN,2022-03-17,Google,"Discount agreed, see email",Not applicable,Not applicable,No issues
XT-01272,Kobo Studios,Corporate,Unknown,Unknown,Port Harcourt,Nigeria,NGN,2023-02-22,Walk-in,Not applicable,Not applicable,Not applicable,phone_invalid_9_digits
XT-01273,Halima Müller,Individual,halima.muller@gmail.com,+2348039413242,Atlanta,United States,NGN,2024-01-09,Google,prefers whatsapp,Not applicable,Not applicable,No issues
XT-01274,Lagoon Foods,Corporate,lagoon.foods@mail.com,+2348093805278,Ibadan,Nigeria,NGN,2022-05-07,TikTok,"Discount agreed, see email",Not applicable,Not applicable,country_derived_from_city
XT-01275,Emeka García,Individual,emeka.garcia@mail.com,Unknown,Lagos,Nigeria,NGN,2022-10-04,Referral,do not call before 10am,Not applicable,Not applicable,phone_invalid_8_digits
XT-01276,Northline Agency,Corporate,northline.agency@company.ng,+2348017189545,Johannesburg,South Africa,NGN,2023-03-24,Instagram,prefers whatsapp,Not applicable,Not applicable,No issues
XT-01277,Harmattan NGO,Corporate,harmattan.ngo@yahoo.com,Unknown,Lagos,Nigeria,NGN,2023-12-10,Referral,Not applicable,Not applicable,Not applicable,phone_invalid_9_digits
XT-01278,Blue Ivy Media,Corporate,Unknown,+2348086212169,Nairobi,Kenya,NGN,2021-12-01,TikTok,Not applicable,Not applicable,Not applicable,No issues
XT-01279,Temitope O'Brien,Individual,temitope.obrien@gmail.com,+2348027780749,Enugu,Nigeria,NGN,2024-01-02,Instagram,Not applicable,Not applicable,Not applicable,No issues
XT-01280,Third Mainland Bank PLC,Corporate,third.mainland.bank.plc@mail.com,Unknown,Abuja,Nigeria,NGN,2022-09-07,Google,Not applicable,Not applicable,Not applicable,"client_type_derived_from_name,phone_invalid_9_digits"
XT-01281,Renée Mensah,Individual,renee.mensah@mail.com,+2348076089813,London,United Kingdom,NGN,2021-11-11,Agency Partner,invoice to accounts dept,Not applicable,Not applicable,No issues
XT-01282,Northline Telecom,Corporate,northline.telecom@gmail.com,+2348092297329,Lagos,Nigeria,NGN,2022-12-28,Email,Not applicable,Not applicable,Not applicable,No issues
XT-01283,Lagoon Brands,Corporate,lagoon.brands@outlook.com,+2348011057199,Lagos,Nigeria,NGN,2021-12-09,Email,Not applicable,Not applicable,Not applicable,No issues
XT-01284,Segun Adeyemi,Individual,segun.adeyemi@company.ng,+2348047549047,Lagos,Nigeria,NGN,2022-04-01,Agency Partner,prefers whatsapp,Not applicable,Not applicable,No issues
XT-01285,Third Mainland Telecom,Corporate,third.mainland.telecom@outlook.com,Unknown,London,United Kingdom,NGN,2023-12-31,Google,VIP - handle w/ care,XT-03285,0.976,phone_invalid_9_digits
XT-01286,Zainab Dlamini,Individual,zainab.dlamini@gmail.com,+2348066112713,Abuja,Nigeria,NGN,2022-10-27,Referral,Not applicable,Not applicable,Not applicable,No issues
XT-01287,Zenith Group,Corporate,zenith.group@mail.com,+2348079057503,Port Harcourt,Nigeria,NGN,2021-08-13,Walk-in,Not applicable,Not applicable,Not applicable,"country_derived_from_city,client_type_derived_from_name"
XT-01288,Kraft Foods,Corporate,kraft.foods@gmail.com,Unknown,Abuja,Nigeria,NGN,2024-03-19,Google,Not applicable,Not applicable,Not applicable,"country_derived_from_city,phone_invalid_9_digits"
XT-01289,Sahara Group,Corporate,sahara.group@yahoo.com,+2348035891119,Lagos,Nigeria,NGN,2021-03-19,Walk-in,Not applicable,Not applicable,Not applicable,No issues
XT-01290,Cassava Media,Corporate,cassava.media@company.ng,+2348085244553,Lagos,Nigeria,NGN,2021-07-11,Unknown,prefers whatsapp,Not applicable,Not applicable,client_type_derived_from_name
XT-01291,Kofi Okafor,Individual,kofi.okafor@company.ng,Unknown,Ibadan,Nigeria,NGN,2022-07-02,Google,do not call before 10am,Not applicable,Not applicable,No issues
XT-01292,Zenith Limited,Corporate,zenith.limited@outlook.com,Unknown,Johannesburg,South Africa,NGN,2024-07-30,Agency Partner,Not applicable,Not applicable,Not applicable,phone_invalid_9_digits
XT-01293,Blue Ivy Collective,Corporate,blue.ivy.collective@outlook.com,+2348043101689,Johannesburg,South Africa,NGN,2021-05-18,Email,invoice to accounts dept,XT-03293,0.97,No issues
XT-01294,Emeka Mensah,Individual,Unknown,Unknown,Lagos,Nigeria,NGN,2023-12-06,Email,"Discount agreed, see email",Not applicable,Not applicable,phone_invalid_9_digits
XT-01295,Northline Studios,Corporate,northline.studios@mail.com,+2348063699600,Lagos,Nigeria,NGN,2023-06-13,Agency Partner,Not applicable,Not applicable,Not applicable,No issues
XT-01296,Radiant Agency,Corporate,radiant.agency@yahoo.com,Unknown,Port Harcourt,Nigeria,NGN,2021-02-05,Unknown,"Discount agreed, see email",Not applicable,Not applicable,No issues
XT-01297,Third Mainland Limited,Corporate,third.mainland.limited@gmail.com,Unknown,Abuja,Nigeria,NGN,2021-10-16,Agency Partner,Not applicable,Not applicable,Not applicable,phone_invalid_8_digits
XT-01298,Terra Holdings,Corporate,terra.holdings@yahoo.com,+2348080705247,Ibadan,Nigeria,NGN,2021-11-01,Referral,invoice to accounts dept,Not applicable,Not applicable,client_type_derived_from_name
XT-01299,Sahara Records,Corporate,sahara.records@company.ng,+2348020686823,Dubai,United Arab Emirates,NGN,2022-06-20,Email,Not applicable,Not applicable,Not applicable,No issues
XT-01300,Anchor Group,Corporate,anchor.group@company.ng,Unknown,Lagos,Nigeria,NGN,2021-08-29,TikTok,Not applicable,Not applicable,Not applicable,phone_invalid_9_digits
XT-01301,Ahmed Chen,Individual,Unknown,+2348065717623,Johannesburg,South Africa,NGN,2023-06-09,Referral,Not applicable,Not applicable,Not applicable,No issues
XT-01302,Anchor Studios,Corporate,anchor.studios@mail.com,Unknown,Enugu,Nigeria,NGN,2022-02-17,Unknown,"Repeat client, 3rd project see 2022 folder",Not applicable,Not applicable,phone_invalid_8_digits
XT-01303,Sade Balogun,Individual,sade.balogun@yahoo.com,+2348026534731,Lagos,Nigeria,NGN,2024-03-27,Agency Partner,prefers whatsapp,Not applicable,Not applicable,client_type_derived_from_name
XT-01304,Temitope Mensah,Individual,temitope.mensah@mail.com,Unknown,Abuja,Nigeria,NGN,2022-07-22,Unknown,Owes balance,Not applicable,Not applicable,phone_invalid_8_digits
XT-01305,Obinna Bello,Individual,obinna.bello@yahoo.com,+2348019808841,Lagos,Nigeria,NGN,2024-08-24,TikTok,do not call before 10am,XT-03305,0.952,No issues
XT-01306,Third Mainland Bank PLC,Corporate,third.mainland.bank.plc@mail.com,+2348085419813,Lagos,Nigeria,NGN,2021-10-13,Referral,"Repeat client, 3rd project see 2022 folder",Not applicable,Not applicable,conflicting_values:phone
XT-01307,Marcus Smith,Individual,Unknown,+2348092982107,Lagos,Nigeria,NGN,2021-04-15,Instagram,Not applicable,Not applicable,Not applicable,No issues
XT-01308,Palmwine Bank PLC,Corporate,palmwine.bank.plc@mail.com,Unknown,Enugu,Nigeria,NGN,Unknown,Email,Not applicable,Not applicable,Not applicable,phone_invalid_9_digits
XT-01309,Kraft Group,Corporate,Unknown,Unknown,Abuja,Nigeria,NGN,2023-03-29,Walk-in,Not applicable,Not applicable,Not applicable,phone_invalid_8_digits
XT-01310,Kelechi Nwosu,Individual,kelechi.nwosu@company.ng,+2348073899572,Ibadan,Nigeria,NGN,2022-11-09,Unknown,do not call before 10am,Not applicable,Not applicable,No issues
XT-01311,Anchor Records,Corporate,anchor.records@outlook.com,Unknown,Lagos,Nigeria,NGN,2021-07-09,Agency Partner,invoice to accounts dept,Not applicable,Not applicable,No issues
XT-01312,Northline Group,Corporate,Unknown,+2348048228931,Accra,Ghana,NGN,2023-01-24,TikTok,prefers whatsapp,Not applicable,Not applicable,No issues
XT-01313,Ember Studios,Corporate,ember.studios@gmail.com,+2348091378472,Unknown,Nigeria,NGN,2023-05-05,Instagram,Owes balance,Not applicable,Not applicable,No issues
XT-01314,Sade Farouk,Individual,sade.farouk@outlook.com,Unknown,Lagos,Nigeria,NGN,2021-08-01,Instagram,Not applicable,Not applicable,Not applicable,phone_invalid_9_digits
XT-01315,Kraft Brands,Corporate,kraft.brands@gmail.com,Unknown,Lagos,Nigeria,NGN,2022-10-11,Referral,do not call before 10am,Not applicable,Not applicable,phone_invalid_9_digits
XT-01316,Blue Ivy Group,Corporate,blue.ivy.group@mail.com,+2348043313670,Lagos,Nigeria,NGN,2022-06-03,Google,Not applicable,Not applicable,Not applicable,No issues
XT-01317,Silverbird Foods,Corporate,silverbird.foods@outlook.com,+2348053047604,Lagos,Nigeria,NGN,2023-11-21,Email,VIP - handle w/ care,Not applicable,Not applicable,No issues
XT-01318,Cassava Collective,Corporate,cassava.collective@yahoo.com,Unknown,Johannesburg,South Africa,NGN,2023-02-26,Walk-in,do not call before 10am,Not applicable,Not applicable,No issues
XT-01319,Novo Telecom,Corporate,novo.telecom@outlook.com,+2348059967810,Port Harcourt,Nigeria,NGN,2023-10-07,Referral,Not applicable,XT-03319,0.957,No issues
XT-01320,Bola Balogun,Individual,bola.balogun@company.ng,+2348038127169,Enugu,Nigeria,NGN,2023-01-22,Google,prefers whatsapp,Not applicable,Not applicable,No issues
XT-01321,Cassava Studios,Corporate,cassava.studios@yahoo.com,Unknown,Johannesburg,South Africa,NGN,2022-07-09,Email,Not applicable,Not applicable,Not applicable,phone_invalid_9_digits
XT-01322,Delta Rise Group,Corporate,delta.rise.group@company.ng,+2348055830351,Johannesburg,South Africa,NGN,2024-01-10,Walk-in,invoice to accounts dept,Not applicable,Not applicable,No issues
XT-01323,Lagoon Collective,Corporate,Unknown,+2348067937761,Abuja,Nigeria,NGN,2023-08-20,TikTok,Not applicable,Not applicable,Not applicable,city_taken_from_own_bookings
XT-01324,Blue Ivy Media,Corporate,blue.ivy.media@outlook.com,Unknown,London,United Kingdom,NGN,2022-05-19,Unknown,Not applicable,Not applicable,Not applicable,phone_invalid_8_digits
XT-01325,Ifeanyi Chen,Individual,ifeanyi.chen@yahoo.com,Unknown,Dubai,United Arab Emirates,NGN,2023-05-15,Agency Partner,Owes balance,XT-03325,0.957,phone_invalid_8_digits
XT-01326,Wei Mensah,Individual,wei.mensah@company.ng,+2348044087269,Abuja,Nigeria,NGN,2022-09-16,Unknown,Not applicable,Not applicable,Not applicable,city_taken_from_own_bookings
XT-01327,Segun Adebayo-Cole,Individual,segun.adebayo-cole@outlook.com,Unknown,Abuja,Nigeria,NGN,Unknown,Email,VIP - handle w/ care,Not applicable,Not applicable,No issues
XT-01328,Temitope Anyanwu,Individual,temitope.anyanwu@company.ng,+2348023430379,Lagos,Nigeria,NGN,2024-03-21,Agency Partner,invoice to accounts dept,Not applicable,Not applicable,No issues
XT-01329,Femi Oyelaran,Individual,femi.oyelaran@outlook.com,Unknown,Atlanta,United States,NGN,2021-06-05,Walk-in,do not call before 10am,Not applicable,Not applicable,phone_invalid_9_digits
XT-01330,Zenith Media,Corporate,zenith.media@outlook.com,Unknown,Lagos,Nigeria,NGN,2023-12-30,Agency Partner,Owes balance,Not applicable,Not applicable,No issues
XT-01331,Kraft Records,Corporate,kraft.records@yahoo.com,+2348032653279,Dubai,United Arab Emirates,NGN,2022-03-24,TikTok,prefers whatsapp,Not applicable,Not applicable,No issues
XT-01332,Temitope Müller,Individual,temitope.muller@company.ng,+2348058162039,Kano,Nigeria,NGN,2022-01-18,Agency Partner,Owes balance,Not applicable,Not applicable,No issues
XT-01333,Renée Nwosu,Individual,renee.nwosu@outlook.com,+2348046321833,London,United Kingdom,NGN,2021-01-30,Agency Partner,Not applicable,Not applicable,Not applicable,No issues
XT-01334,Radiant LTD,Corporate,radiant.ltd@yahoo.com,+2348077697587,Lagos,Nigeria,NGN,2021-12-23,Google,"Repeat client, 3rd project see 2022 folder",Not applicable,Not applicable,country_derived_from_city
XT-01335,Harmattan Holdings,Corporate,harmattan.holdings@gmail.com,+2348042904380,Abuja,Nigeria,NGN,2022-07-14,Referral,Not applicable,Not applicable,Not applicable,No issues
XT-01336,Zenith Records,Corporate,zenith.records@outlook.com,+2348042655881,Lagos,Nigeria,NGN,2023-08-10,TikTok,Not applicable,Not applicable,Not applicable,No issues
XT-01337,Sahara Telecom,Corporate,sahara.telecom@gmail.com,+2348032371446,Port Harcourt,Nigeria,NGN,2024-03-25,Referral,"Repeat client, 3rd project see 2022 folder",Not applicable,Not applicable,client_type_derived_from_name
XT-01338,Ahmed Chen,Individual,ahmed.chen@yahoo.com,+2348028258634,Lagos,Nigeria,NGN,2023-07-21,Walk-in,Owes balance,Not applicable,Not applicable,No issues
XT-01339,Chioma Chukwu,Individual,chioma.chukwu@mail.com,+2348069295819,Lagos,Nigeria,NGN,2021-07-12,Email,VIP - handle w/ care,Not applicable,Not applicable,No issues
XT-01340,Daniel Chen,Individual,daniel.chen@gmail.com,Unknown,Abuja,Nigeria,NGN,2021-08-29,Walk-in,"Discount agreed, see email",Not applicable,Not applicable,phone_invalid_9_digits
XT-01341,Uche Dlamini,Individual,uche.dlamini@gmail.com,+2348053760580,Accra,Ghana,NGN,2024-06-18,TikTok,invoice to accounts dept,Not applicable,Not applicable,No issues
XT-01342,Anchor Limited,Corporate,anchor.limited@company.ng,Unknown,Lagos,Nigeria,NGN,2022-08-26,Agency Partner,Not applicable,Not applicable,Not applicable,phone_invalid_9_digits
XT-01343,André Abiola,Individual,andre.abiola@company.ng,+2348082283178,Nairobi,Kenya,NGN,2023-04-29,Google,Owes balance,Not applicable,Not applicable,No issues
XT-01344,Zenith Records,Corporate,zenith.records@outlook.com,Unknown,Enugu,Nigeria,NGN,2022-11-24,Unknown,Not applicable,Not applicable,Not applicable,client_type_derived_from_name
XT-01345,Third Mainland LTD,Corporate,third.mainland.ltd@gmail.com,+2348068965577,Dubai,United Arab Emirates,NGN,2021-07-25,Email,Not applicable,Not applicable,Not applicable,No issues
XT-01346,Chioma Olawale,Individual,chioma.olawale@company.ng,Unknown,London,United Kingdom,NGN,2022-06-09,Email,invoice to accounts dept,Not applicable,Not applicable,country_derived_from_city
XT-01347,Silverbird Telecom,Corporate,silverbird.telecom@mail.com,+2348021305246,Abuja,Nigeria,NGN,2024-02-21,Google,"Discount agreed, see email",Not applicable,Not applicable,No issues
XT-01348,Zenith Records,Corporate,zenith.records@yahoo.com,Unknown,Abuja,Nigeria,NGN,2023-06-24,Google,VIP - handle w/ care,Not applicable,Not applicable,"city_taken_from_own_bookings,phone_invalid_9_digits"
XT-01349,Northline Telecom,Corporate,northline.telecom@company.ng,Unknown,Lagos,Nigeria,NGN,2024-07-25,Agency Partner,do not call before 10am,Not applicable,Not applicable,phone_invalid_8_digits
XT-01350,Bola Oyelaran,Individual,bola.oyelaran@gmail.com,+2348030793710,Accra,Ghana,NGN,2022-08-27,Referral,Owes balance,Not applicable,Not applicable,No issues
XT-01351,Sahara Agency,Corporate,sahara.agency@yahoo.com,Unknown,Lagos,Nigeria,NGN,2020-10-29,Unknown,Owes balance,Not applicable,Not applicable,No issues
XT-01352,Radiant Collective,Corporate,radiant.collective@outlook.com,+2348023847637,Atlanta,United States,NGN,2023-02-14,Agency Partner,Not applicable,Not applicable,Not applicable,country_derived_from_city
XT-01353,Third Mainland Telecom,Corporate,third.mainland.telecom@company.ng,Unknown,Lagos,Nigeria,NGN,2021-08-15,Email,Not applicable,Not applicable,Not applicable,phone_invalid_8_digits
XT-01354,Kraft Brands,Corporate,kraft.brands@outlook.com,+2348077553745,Ibadan,Nigeria,NGN,2021-11-04,Unknown,"Discount agreed, see email",Not applicable,Not applicable,No issues
XT-01355,Palmwine Group,Corporate,palmwine.group@mail.com,+2348052720241,Lagos,Nigeria,NGN,2021-09-26,Email,"Repeat client, 3rd project see 2022 folder",Not applicable,Not applicable,No issues
XT-01356,Bola Chen,Individual,bola.chen@gmail.com,Unknown,Abuja,Nigeria,NGN,2022-05-30,Google,"Repeat client, 3rd project see 2022 folder",Not applicable,Not applicable,phone_invalid_9_digits
XT-01357,Obinna Farouk,Individual,Unknown,+2348075116800,London,United Kingdom,NGN,2021-01-31,Referral,Not applicable,Not applicable,Not applicable,No issues
XT-01358,Obinna Nwosu,Individual,obinna.nwosu@company.ng,Unknown,Abuja,Nigeria,NGN,2022-04-14,Instagram,Not applicable,Not applicable,Not applicable,phone_invalid_9_digits
XT-01359,Ember Group,Corporate,ember.group@yahoo.com,Unknown,Abuja,Nigeria,NGN,2023-08-25,Referral,"Discount agreed, see email",Not applicable,Not applicable,city_taken_from_own_bookings
XT-01360,Kraft Studios,Corporate,kraft.studios@company.ng,+2348031964188,Lagos,Nigeria,NGN,2022-09-23,Agency Partner,"Repeat client, 3rd project see 2022 folder",Not applicable,Not applicable,No issues
XT-01361,Third Mainland Holdings,Corporate,third.mainland.holdings@outlook.com,Unknown,Nairobi,Kenya,NGN,2022-01-04,TikTok,Not applicable,Not applicable,Not applicable,No issues
XT-01362,Cassava Brands,Corporate,cassava.brands@gmail.com,+2348073647398,Abuja,Nigeria,NGN,2023-12-18,Google,"Repeat client, 3rd project see 2022 folder",Not applicable,Not applicable,No issues
XT-01363,Fatima Balogun,Individual,fatima.balogun@mail.com,+2348070258917,Abuja,Nigeria,NGN,2023-08-22,Agency Partner,prefers whatsapp,Not applicable,Not applicable,No issues
XT-01364,Radiant Records,Corporate,radiant.records@outlook.com,Unknown,Kano,Nigeria,NGN,2022-05-29,Agency Partner,do not call before 10am,Not applicable,Not applicable,No issues
XT-01365,Anchor Telecom,Corporate,anchor.telecom@mail.com,+2348053575830,Lagos,Nigeria,NGN,2021-12-05,Google,VIP - handle w/ care,Not applicable,Not applicable,No issues
XT-01366,Björn Danjuma,Individual,bjorn.danjuma@company.ng,Unknown,Johannesburg,South Africa,NGN,2021-12-20,Referral,"Discount agreed, see email",Not applicable,Not applicable,No issues
XT-01367,Terra Holdings,Corporate,terra.holdings@company.ng,+2348079609498,Lagos,Nigeria,NGN,2021-05-05,Walk-in,VIP - handle w/ care,Not applicable,Not applicable,No issues
XT-01368,Temitope Danjuma,Individual,temitope.danjuma@company.ng,+2348098434010,Lagos,Nigeria,NGN,2023-11-24,Walk-in,Owes balance,Not applicable,Not applicable,No issues
XT-01369,Uche Danjuma,Individual,uche.danjuma@company.ng,+2348055702704,Port Harcourt,Nigeria,NGN,2022-01-26,Google,prefers whatsapp,Not applicable,Not applicable,country_derived_from_city
XT-01370,Palmwine Limited,Corporate,palmwine.limited@gmail.com,+2348043619937,Lagos,Nigeria,NGN,2023-01-21,Unknown,prefers whatsapp,Not applicable,Not applicable,No issues
XT-01371,Amaka Dlamini,Individual,amaka.dlamini@company.ng,+2348064635137,Lagos,Nigeria,NGN,2024-03-12,Email,Not applicable,Not applicable,Not applicable,No issues
XT-01372,Renée O'Brien,Individual,renee.obrien@gmail.com,+2348082775444,Accra,Ghana,NGN,2022-12-15,Referral,VIP - handle w/ care,Not applicable,Not applicable,client_type_derived_from_name
XT-01373,Wei Chen,Individual,wei.chen@yahoo.com,+2348066445424,Johannesburg,South Africa,NGN,2022-04-12,Google,do not call before 10am,Not applicable,Not applicable,No issues
XT-01374,Yusuf Okafor,Individual,yusuf.okafor@mail.com,Unknown,Enugu,Nigeria,NGN,Unknown,Agency Partner,"Repeat client, 3rd project see 2022 folder",Not applicable,Not applicable,phone_invalid_9_digits
XT-01375,Blue Ivy Studios,Corporate,blue.ivy.studios@company.ng,Unknown,Port Harcourt,Nigeria,NGN,2021-10-17,Walk-in,do not call before 10am,Not applicable,Not applicable,phone_invalid_9_digits
XT-01376,Third Mainland Foods,Corporate,third.mainland.foods@company.ng,+2348095292507,Johannesburg,South Africa,NGN,2024-03-31,Referral,Not applicable,Not applicable,Not applicable,No issues
XT-01377,Marcus Okafor,Individual,marcus.okafor@yahoo.com,+2348073495766,Lagos,Nigeria,NGN,2023-11-10,Unknown,do not call before 10am,Not applicable,Not applicable,No issues
XT-01378,Zainab Smith,Individual,zainab.smith@mail.com,Unknown,Lagos,Nigeria,NGN,2024-03-03,Email,"Discount agreed, see email",Not applicable,Not applicable,phone_invalid_9_digits
XT-01379,Ifeanyi Smith,Individual,Unknown,+2348039402477,London,United Kingdom,NGN,2023-03-12,TikTok,do not call before 10am,Not applicable,Not applicable,country_derived_from_city
XT-01380,Adaeze Olawale,Individual,Unknown,Unknown,Port Harcourt,Nigeria,NGN,2022-02-12,TikTok,"Discount agreed, see email",Not applicable,Not applicable,phone_invalid_9_digits
XT-01381,Blue Ivy Agency,Corporate,blue.ivy.agency@gmail.com,Unknown,Lagos,Nigeria,NGN,2022-09-16,Unknown,Owes balance,Not applicable,Not applicable,phone_invalid_9_digits
XT-01382,Blue Ivy Brands,Corporate,blue.ivy.brands@mail.com,+2348025766185,Ibadan,Nigeria,NGN,2023-01-15,Referral,Not applicable,Not applicable,Not applicable,No issues
XT-01383,Ngozi Eze,Individual,ngozi.eze@outlook.com,+2348022047412,Lagos,Nigeria,NGN,2024-01-16,Walk-in,do not call before 10am,XT-03383,1.0,No issues
XT-01384,Kobo Holdings,Corporate,kobo.holdings@mail.com,+2348011615586,Lagos,Nigeria,NGN,2024-02-21,TikTok,do not call before 10am,Not applicable,Not applicable,No issues
XT-01385,Anchor Holdings,Corporate,anchor.holdings@mail.com,Unknown,Atlanta,United States,NGN,2023-09-29,Instagram,Not applicable,Not applicable,Not applicable,No issues
XT-01386,Delta Rise Media,Corporate,delta.rise.media@outlook.com,+2348044948770,Lagos,Nigeria,NGN,2022-02-26,Email,Not applicable,Not applicable,Not applicable,No issues
XT-01387,Terra Foods,Corporate,terra.foods@outlook.com,+2348032809622,Lagos,Nigeria,NGN,2022-10-13,Google,"Discount agreed, see email",Not applicable,Not applicable,No issues
XT-01388,Terra LTD,Corporate,terra.ltd@outlook.com,+2348036300288,Enugu,Nigeria,NGN,2022-06-27,Agency Partner,Not applicable,Not applicable,Not applicable,city_taken_from_own_bookings
XT-01389,Harmattan Collective,Corporate,harmattan.collective@mail.com,+2348019889316,Ibadan,Nigeria,NGN,2022-02-20,Unknown,Not applicable,Not applicable,Not applicable,country_derived_from_city
XT-01390,Núria Nwosu,Individual,nuria.nwosu@gmail.com,Unknown,Lagos,Nigeria,NGN,2021-12-20,Referral,"Repeat client, 3rd project see 2022 folder",XT-03390,0.947,No issues
XT-01391,Silverbird Bank PLC,Corporate,silverbird.bank.plc@company.ng,+2348049540496,Atlanta,United States,NGN,2021-07-28,Agency Partner,Not applicable,Not applicable,Not applicable,No issues
XT-01392,Bola Chen,Individual,bola.chen@company.ng,+2348087845031,Abuja,Nigeria,NGN,2022-01-28,Walk-in,do not call before 10am,Not applicable,Not applicable,city_taken_from_own_bookings
XT-01393,Novo Studios,Corporate,novo.studios@mail.com,+2348085064467,Dubai,United Arab Emirates,NGN,2023-04-24,Google,VIP - handle w/ care,Not applicable,Not applicable,No issues
XT-01394,Kobo Foods,Corporate,kobo.foods@outlook.com,+2348054743348,Enugu,Nigeria,NGN,2023-08-09,Email,invoice to accounts dept,Not applicable,Not applicable,No issues
XT-01395,Sióbhan Abiola,Individual,siobhan.abiola@yahoo.com,Unknown,Unknown,United States,NGN,2022-10-02,Referral,Not applicable,Not applicable,Not applicable,phone_invalid_9_digits
XT-01396,Kraft Studios,Corporate,kraft.studios@mail.com,Unknown,Atlanta,United States,NGN,2021-08-27,Walk-in,"Repeat client, 3rd project see 2022 folder",Not applicable,Not applicable,phone_invalid_9_digits
XT-01397,Terra Collective,Corporate,terra.collective@gmail.com,Unknown,Abuja,Nigeria,NGN,2022-06-12,TikTok,invoice to accounts dept,Not applicable,Not applicable,city_taken_from_own_bookings
XT-01398,Renée Müller,Individual,renee.muller@yahoo.com,+2348019552419,Lagos,Nigeria,NGN,2022-08-17,Unknown,invoice to accounts dept,Not applicable,Not applicable,No issues
XT-01399,Blue Ivy NGO,Corporate,blue.ivy.ngo@mail.com,+2348041909290,Abuja,Nigeria,NGN,2024-08-21,Google,Not applicable,XT-03399,0.9,No issues
XT-01400,Zenith NGO,Corporate,Unknown,+2348062238796,Lagos,Nigeria,NGN,2023-04-11,Agency Partner,invoice to accounts dept,Not applicable,Not applicable,No issues
XT-01401,Blue Ivy Brands,Corporate,blue.ivy.brands@company.ng,+2348050387940,Lagos,Nigeria,NGN,2023-10-07,Unknown,Not applicable,Not applicable,Not applicable,No issues
XT-01402,Kraft Collective,Corporate,kraft.collective@mail.com,Unknown,Lagos,Nigeria,NGN,2021-09-09,Email,VIP - handle w/ care,Not applicable,Not applicable,"client_type_derived_from_name,phone_invalid_9_digits"
XT-01403,Palmwine Bank PLC,Corporate,palmwine.bank.plc@outlook.com,Unknown,London,United Kingdom,NGN,2021-03-15,Referral,"Discount agreed, see email",Not applicable,Not applicable,"country_derived_from_city,phone_invalid_8_digits"
XT-01404,Terra Group,Corporate,terra.group@company.ng,Unknown,Lagos,Nigeria,NGN,2022-04-02,Instagram,do not call before 10am,Not applicable,Not applicable,phone_invalid_8_digits
XT-01405,Sade Ibrahim,Individual,Unknown,+2348096748899,Lagos,Nigeria,NGN,2022-01-04,Walk-in,VIP - handle w/ care,Not applicable,Not applicable,No issues
XT-01406,Cassava Studios,Corporate,cassava.studios@gmail.com,Unknown,Lagos,Nigeria,NGN,2024-04-01,Instagram,"Discount agreed, see email",Not applicable,Not applicable,No issues
XT-01407,Kraft NGO,Corporate,kraft.ngo@company.ng,+2348049269738,Dubai,United Arab Emirates,NGN,2021-08-27,Referral,do not call before 10am,Not applicable,Not applicable,city_taken_from_own_bookings
XT-01408,Novo Studios,Corporate,novo.studios@gmail.com,Unknown,Accra,Ghana,NGN,2023-06-03,Referral,Not applicable,Not applicable,Not applicable,No issues
XT-01409,Emeka Müller,Individual,emeka.muller@outlook.com,+2348028061997,Enugu,Nigeria,NGN,2022-08-06,Google,Not applicable,Not applicable,Not applicable,No issues
XT-01410,Ember Foods,Corporate,ember.foods@outlook.com,+2348058306909,Dubai,United Arab Emirates,NGN,2023-10-06,Referral,prefers whatsapp,Not applicable,Not applicable,No issues
XT-01411,Obinna Adeyemi,Individual,obinna.adeyemi@yahoo.com,Unknown,Dubai,United Arab Emirates,NGN,2021-09-14,Referral,Owes balance,Not applicable,Not applicable,phone_invalid_9_digits
XT-01412,Ngozi Mohammed,Individual,ngozi.mohammed@gmail.com,+2348035712014,Abuja,Nigeria,NGN,2023-04-07,TikTok,Not applicable,Not applicable,Not applicable,No issues
XT-01413,Daniel Adeyemi,Individual,daniel.adeyemi@outlook.com,+2348091125952,Lagos,Nigeria,NGN,2023-05-15,Instagram,Not applicable,Not applicable,Not applicable,No issues
XT-01414,Palmwine Agency,Corporate,palmwine.agency@outlook.com,Unknown,Lagos,Nigeria,NGN,2022-06-10,Walk-in,prefers whatsapp,XT-03414,0.963,No issues
XT-01415,Priya Danjuma,Individual,priya.danjuma@mail.com,Unknown,Lagos,Nigeria,NGN,2023-07-06,Agency Partner,VIP - handle w/ care,Not applicable,Not applicable,phone_invalid_9_digits
XT-01416,Silverbird Telecom,Corporate,silverbird.telecom@mail.com,+2348097017837,Ibadan,Nigeria,NGN,2021-06-06,Unknown,Not applicable,Not applicable,Not applicable,No issues
XT-01417,Silverbird Telecom,Corporate,silverbird.telecom@yahoo.com,+2348070674079,Lagos,Nigeria,NGN,2023-02-04,Google,do not call before 10am,Not applicable,Not applicable,No issues
XT-01418,Aisha Adeyemi,Individual,aisha.adeyemi@gmail.com,Unknown,Abuja,Nigeria,NGN,2023-06-06,Instagram,invoice to accounts dept,Not applicable,Not applicable,No issues
XT-01419,Blue Ivy Limited,Corporate,blue.ivy.limited@gmail.com,Unknown,Abuja,Nigeria,NGN,2021-08-07,Unknown,do not call before 10am,Not applicable,Not applicable,phone_invalid_8_digits
XT-01420,Blue Ivy LTD,Corporate,blue.ivy.ltd@gmail.com,+2348020641173,Lagos,Nigeria,NGN,Unknown,Walk-in,Not applicable,Not applicable,Not applicable,No issues
XT-01421,Third Mainland Bank PLC,Corporate,third.mainland.bank.plc@company.ng,+2348090330846,Ibadan,Nigeria,NGN,2021-10-15,Instagram,Not applicable,Not applicable,Not applicable,No issues
XT-01422,Marcus Chukwu,Individual,marcus.chukwu@mail.com,+2348075920001,Accra,Ghana,NGN,2023-01-01,Referral,do not call before 10am,Not applicable,Not applicable,client_type_derived_from_name
XT-01423,Cassava Limited,Corporate,cassava.limited@company.ng,+2348027006957,Ibadan,Nigeria,NGN,2021-08-29,Email,Owes balance,Not applicable,Not applicable,country_derived_from_city
XT-01424,Sahara Bank PLC,Corporate,sahara.bank.plc@company.ng,Unknown,Port Harcourt,Nigeria,NGN,2024-04-21,Instagram,Not applicable,Not applicable,Not applicable,"client_type_derived_from_name,phone_invalid_9_digits"
XT-01425,Sade Bello,Individual,sade.bello@company.ng,+2348099114890,Dubai,United Arab Emirates,NGN,2022-04-12,Google,Not applicable,Not applicable,Not applicable,No issues
XT-01426,Kobo Agency,Corporate,kobo.agency@yahoo.com,+2348097827210,Lagos,Nigeria,NGN,2023-06-12,Instagram,Not applicable,Not applicable,Not applicable,No issues
XT-01427,Harmattan Studios,Corporate,harmattan.studios@yahoo.com,+2348021840255,Lagos,Nigeria,NGN,2021-08-26,Email,prefers whatsapp,Not applicable,Not applicable,No issues
XT-01428,Delta Rise LTD,Corporate,delta.rise.ltd@yahoo.com,+2348071478082,Lagos,Nigeria,NGN,2021-06-10,Google,"Repeat client, 3rd project see 2022 folder",Not applicable,Not applicable,No issues
XT-01429,Bola García,Individual,bola.garcia@company.ng,+2348050141476,London,United Kingdom,NGN,2023-12-24,Google,invoice to accounts dept,Not applicable,Not applicable,No issues
XT-01430,Adaeze Dlamini,Individual,adaeze.dlamini@gmail.com,Unknown,Lagos,Nigeria,NGN,2022-05-23,Agency Partner,invoice to accounts dept,Not applicable,Not applicable,phone_invalid_9_digits
XT-01431,Radiant Bank PLC,Corporate,radiant.bank.plc@outlook.com,+2348067601253,Lagos,Nigeria,NGN,2023-10-03,Agency Partner,invoice to accounts dept,Not applicable,Not applicable,No issues
XT-01432,Blue Ivy Foods,Corporate,blue.ivy.foods@company.ng,Unknown,Atlanta,United States,NGN,2021-02-02,Google,Owes balance,Not applicable,Not applicable,phone_invalid_9_digits
XT-01433,Olamide Ojo,Individual,olamide.ojo@company.ng,Unknown,Kano,Nigeria,NGN,2022-08-26,Agency Partner,prefers whatsapp,Not applicable,Not applicable,phone_invalid_9_digits
XT-01434,Renée Achebe,Individual,renee.achebe@yahoo.com,+2348057626938,Kano,Nigeria,NGN,2023-11-11,Agency Partner,do not call before 10am,XT-03434,0.957,No issues
XT-01435,Palmwine Limited,Corporate,palmwine.limited@gmail.com,+2348018827901,Lagos,Nigeria,NGN,2023-08-08,Walk-in,"Repeat client, 3rd project see 2022 folder",Not applicable,Not applicable,No issues
XT-01436,Thabo Mohammed,Individual,thabo.mohammed@company.ng,+2348054997902,Lagos,Nigeria,NGN,2023-05-25,Walk-in,prefers whatsapp,Not applicable,Not applicable,No issues
XT-01437,Sarah Danjuma,Individual,sarah.danjuma@yahoo.com,+2348033490893,Lagos,Nigeria,NGN,2021-11-12,TikTok,"Discount agreed, see email",Not applicable,Not applicable,No issues
XT-01438,Yusuf Mohammed,Individual,yusuf.mohammed@gmail.com,+2348040027967,Lagos,Nigeria,NGN,2022-10-04,Email,prefers whatsapp,Not applicable,Not applicable,No issues
XT-01439,Radiant Telecom,Corporate,radiant.telecom@gmail.com,+2348026097520,Lagos,Nigeria,NGN,2021-10-05,Referral,Not applicable,Not applicable,Not applicable,No issues
XT-01440,Renée Dlamini,Individual,renee.dlamini@mail.com,+2348015909151,Lagos,Nigeria,NGN,2021-12-30,Instagram,Not applicable,Not applicable,Not applicable,No issues
XT-01441,Marcus Ibrahim,Individual,marcus.ibrahim@gmail.com,+2348036250125,Lagos,Nigeria,NGN,2021-02-05,Agency Partner,Not applicable,Not applicable,Not applicable,No issues
XT-01442,Mango Collective,Corporate,mango.collective@gmail.com,+2348081236002,Lagos,Nigeria,NGN,2022-01-30,Instagram,prefers whatsapp,Not applicable,Not applicable,No issues
XT-01443,Kobo Foods,Corporate,kobo.foods@company.ng,+2348080757404,Abuja,Nigeria,NGN,2023-07-02,Referral,Owes balance,Not applicable,Not applicable,No issues
XT-01444,Cassava Holdings,Corporate,cassava.holdings@company.ng,+2348078705389,Johannesburg,South Africa,NGN,2023-03-10,Unknown,Not applicable,Not applicable,Not applicable,No issues
XT-01445,Harmattan Telecom,Corporate,Unknown,+2348094455200,Abuja,Nigeria,NGN,2021-09-07,Walk-in,VIP - handle w/ care,Not applicable,Not applicable,No issues
XT-01446,Zainab Kim,Individual,zainab.kim@yahoo.com,Unknown,Ibadan,Nigeria,NGN,2023-06-02,Unknown,VIP - handle w/ care,Not applicable,Not applicable,phone_invalid_9_digits
XT-01447,Uche Mohammed,Individual,uche.mohammed@yahoo.com,Unknown,Port Harcourt,Nigeria,NGN,2023-08-15,Referral,Owes balance,Not applicable,Not applicable,"client_type_derived_from_name,phone_invalid_9_digits"
XT-01448,Third Mainland Group,Corporate,third.mainland.group@company.ng,Unknown,Kano,Nigeria,NGN,2022-01-01,Agency Partner,VIP - handle w/ care,Not applicable,Not applicable,phone_invalid_8_digits
XT-01449,Terra Holdings,Corporate,terra.holdings@yahoo.com,Unknown,Lagos,Nigeria,NGN,2023-07-05,TikTok,"Repeat client, 3rd project see 2022 folder",Not applicable,Not applicable,phone_invalid_8_digits
XT-01450,Terra Media,Corporate,terra.media@yahoo.com,+2348082638928,Johannesburg,South Africa,NGN,2022-02-08,Referral,Owes balance,Not applicable,Not applicable,No issues
XT-01451,Aisha Okafor,Individual,aisha.okafor@gmail.com,+2348064476913,Lagos,Nigeria,NGN,2021-02-10,Referral,invoice to accounts dept,Not applicable,Not applicable,No issues
XT-01452,Ember Limited,Corporate,ember.limited@yahoo.com,Unknown,Lagos,Nigeria,NGN,2023-10-25,Email,invoice to accounts dept,XT-03452,0.96,phone_invalid_8_digits
XT-01453,Kelechi García,Individual,kelechi.garcia@company.ng,Unknown,Johannesburg,South Africa,NGN,2021-04-29,Referral,do not call before 10am,Not applicable,Not applicable,phone_invalid_8_digits
XT-01454,Damilola Dlamini,Individual,damilola.dlamini@yahoo.com,Unknown,Ibadan,Nigeria,NGN,2022-08-29,Agency Partner,VIP - handle w/ care,Not applicable,Not applicable,No issues
XT-01455,Silverbird Group,Corporate,silverbird.group+1@gmail.com,+2348046385853,Kano,Nigeria,NGN,2020-09-27,Agency Partner,"Repeat client, 3rd project see 2022 folder",XT-03455,0.966,No issues
XT-01456,Palmwine Group,Corporate,palmwine.group@company.ng,Unknown,Nairobi,Kenya,NGN,2022-12-19,Unknown,Not applicable,Not applicable,Not applicable,phone_invalid_9_digits
XT-01457,Northline Limited,Corporate,northline.limited@company.ng,Unknown,Lagos,Nigeria,NGN,2021-12-22,Google,Not applicable,Not applicable,Not applicable,phone_invalid_9_digits
XT-01458,Cassava Holdings,Corporate,cassava.holdings@mail.com,+2348069322219,Ibadan,Nigeria,NGN,2022-10-22,Instagram,Not applicable,Not applicable,Not applicable,No issues
XT-01459,Segun Kim,Individual,segun.kim@company.ng,+2348092612398,Lagos,Nigeria,NGN,2021-07-28,Google,Not applicable,Not applicable,Not applicable,No issues
XT-01460,Thabo Eze,Individual,thabo.eze@company.ng,+2348082469556,Ibadan,Nigeria,NGN,2023-06-06,Google,Not applicable,Not applicable,Not applicable,No issues
XT-01461,Ngozi Okafor,Individual,ngozi.okafor@mail.com,+2348039194511,London,United Kingdom,NGN,2023-09-09,Instagram,VIP - handle w/ care,XT-03461,0.957,No issues
XT-01462,Sade Farouk,Individual,sade.farouk@outlook.com,Unknown,Port Harcourt,Nigeria,NGN,2023-04-16,Google,"Discount agreed, see email",Not applicable,Not applicable,phone_invalid_9_digits
XT-01463,Obsidian Collective,Corporate,obsidian.collective@mail.com,+2348098581349,Atlanta,United States,NGN,2022-06-06,Instagram,VIP - handle w/ care,Not applicable,Not applicable,No issues
XT-01464,Kraft Foods,Corporate,kraft.foods@company.ng,+2348024266248,Lagos,Nigeria,NGN,2022-03-26,Instagram,"Repeat client, 3rd project see 2022 folder",Not applicable,Not applicable,No issues
XT-01465,Anchor Brands,Corporate,anchor.brands@yahoo.com,Unknown,Lagos,Nigeria,NGN,2023-05-05,Instagram,VIP - handle w/ care,Not applicable,Not applicable,No issues
XT-01466,Blue Ivy Group,Corporate,blue.ivy.group@outlook.com,Unknown,Ibadan,Nigeria,NGN,2023-01-16,Email,Not applicable,Not applicable,Not applicable,phone_invalid_9_digits
XT-01467,Cassava Foods,Corporate,cassava.foods@company.ng,+2348063715342,Unknown,Nigeria,NGN,2023-09-22,Unknown,VIP - handle w/ care,Not applicable,Not applicable,No issues
XT-01468,Chidinma Chen,Individual,chidinma.chen@gmail.com,Unknown,Abuja,Nigeria,NGN,Unknown,Unknown,Not applicable,Not applicable,Not applicable,phone_invalid_9_digits
XT-01469,Palmwine Bank PLC,Corporate,palmwine.bank.plc@outlook.com,+2348037114041,Dubai,United Arab Emirates,NGN,2024-02-23,Agency Partner,invoice to accounts dept,XT-03469,0.968,No issues
XT-01470,Third Mainland Group,Corporate,third.mainland.group@mail.com,Unknown,Lagos,Nigeria,NGN,2023-11-18,Email,"Discount agreed, see email",Not applicable,Not applicable,"country_derived_from_city,phone_invalid_9_digits"
XT-01471,Blue Ivy Bank PLC,Corporate,blue.ivy.bank.plc@company.ng,+2348014496291,Lagos,Nigeria,NGN,2022-04-19,Unknown,Owes balance,Not applicable,Not applicable,No issues
XT-01472,Tunde Chukwu,Individual,Unknown,+2348059881628,Abuja,Nigeria,NGN,2021-04-30,Instagram,"Discount agreed, see email",Not applicable,Not applicable,No issues
XT-01473,Harmattan Holdings,Corporate,harmattan.holdings@gmail.com,Unknown,Accra,Ghana,NGN,2023-09-13,Walk-in,Not applicable,Not applicable,Not applicable,No issues
XT-01474,Silverbird LTD,Corporate,silverbird.ltd@mail.com,+2348022072998,Port Harcourt,Nigeria,NGN,2022-03-18,Referral,prefers whatsapp,Not applicable,Not applicable,No issues
XT-01475,Ember Records,Corporate,ember.records@gmail.com,Unknown,London,United Kingdom,NGN,2022-12-27,Email,"Repeat client, 3rd project see 2022 folder",Not applicable,Not applicable,country_derived_from_city
XT-01476,Kraft Media,Corporate,kraft.media@company.ng,Unknown,Lagos,Nigeria,NGN,2024-02-03,Unknown,VIP - handle w/ care,Not applicable,Not applicable,No issues
XT-01477,Obinna Smith,Individual,obinna.smith@mail.com,+2348059357448,Atlanta,United States,NGN,2024-09-05,Email,"Discount agreed, see email",Not applicable,Not applicable,No issues
XT-01478,Blue Ivy Group,Corporate,blue.ivy.group@company.ng,Unknown,Lagos,Nigeria,NGN,2021-11-05,Walk-in,Owes balance,XT-03478,0.957,No issues
XT-01479,Novo Holdings,Corporate,novo.holdings@company.ng,+2348056034110,Port Harcourt,Nigeria,NGN,2022-06-17,Unknown,do not call before 10am,Not applicable,Not applicable,No issues
XT-01480,Sahara LTD,Corporate,sahara.ltd@mail.com,+2348054313763,Abuja,Nigeria,NGN,2021-09-05,Walk-in,"Discount agreed, see email",Not applicable,Not applicable,No issues
XT-01481,Sahara Bank PLC,Corporate,sahara.bank.plc@gmail.com,+2348084211854,Lagos,Nigeria,NGN,2023-05-05,Instagram,invoice to accounts dept,Not applicable,Not applicable,No issues
XT-01482,Third Mainland Studios,Corporate,third.mainland.studios@company.ng,Unknown,Abuja,Nigeria,NGN,2022-11-21,Unknown,Not applicable,Not applicable,Not applicable,phone_invalid_9_digits
XT-01483,Third Mainland Group,Corporate,third.mainland.group@outlook.com,+2348030361985,Lagos,Nigeria,NGN,2022-09-02,Instagram,"Repeat client, 3rd project see 2022 folder",Not applicable,Not applicable,No issues
XT-01484,Terra Media,Corporate,terra.media@gmail.com,+2348089921690,Lagos,Nigeria,NGN,2023-02-17,TikTok,invoice to accounts dept,Not applicable,Not applicable,No issues
XT-01485,Harmattan Telecom,Corporate,harmattan.telecom+1@company.ng,+2348029848293,Lagos,Nigeria,NGN,2021-01-30,Google,invoice to accounts dept,XT-03485,0.968,No issues
XT-01486,Sióbhan Olawale,Individual,siobhan.olawale@company.ng,+2348091568149,London,United Kingdom,NGN,2024-01-25,TikTok,Not applicable,Not applicable,Not applicable,No issues
XT-01487,Silverbird Collective,Corporate,silverbird.collective@outlook.com,+2348042094482,Ibadan,Nigeria,NGN,2021-07-05,Walk-in,Not applicable,Not applicable,Not applicable,No issues
XT-01488,Silverbird Studios,Corporate,silverbird.studios@yahoo.com,Unknown,London,United Kingdom,NGN,2021-04-28,TikTok,Not applicable,Not applicable,Not applicable,phone_invalid_9_digits
XT-01489,Yusuf Ojo,Individual,yusuf.ojo@yahoo.com,Unknown,Atlanta,United States,NGN,2024-04-10,Unknown,prefers whatsapp,Not applicable,Not applicable,phone_invalid_9_digits
XT-01490,Olamide Mensah,Individual,olamide.mensah@outlook.com,Unknown,Enugu,Nigeria,NGN,2023-02-15,Unknown,Not applicable,Not applicable,Not applicable,phone_invalid_9_digits
XT-01491,Northline Limited,Corporate,northline.limited@gmail.com,Unknown,London,United Kingdom,NGN,2022-01-14,Email,prefers whatsapp,Not applicable,Not applicable,No issues
XT-01492,Marcus Anyanwu,Individual,marcus.anyanwu@yahoo.com,+2348023799043,Lagos,Nigeria,NGN,2023-02-15,Walk-in,Not applicable,Not applicable,Not applicable,No issues
XT-01493,Zainab Osei,Individual,zainab.osei@yahoo.com,+2348021062702,Port Harcourt,Nigeria,NGN,2022-09-08,TikTok,Not applicable,Not applicable,Not applicable,No issues
XT-01494,Núria Achebe,Individual,nuria.achebe@outlook.com,Unknown,Lagos,Nigeria,NGN,2024-06-09,Instagram,Owes balance,Not applicable,Not applicable,No issues
XT-01495,Silverbird Holdings,Corporate,silverbird.holdings@yahoo.com,+2348061336379,Lagos,Nigeria,NGN,2023-03-20,Instagram,do not call before 10am,Not applicable,Not applicable,No issues
XT-01496,Delta Rise Agency,Corporate,delta.rise.agency@gmail.com,+2348052750292,Abuja,Nigeria,NGN,2023-03-17,Walk-in,Not applicable,Not applicable,Not applicable,No issues
XT-01497,Zenith Foods,Corporate,zenith.foods@company.ng,+2348098333497,Atlanta,United States,NGN,2022-06-08,Agency Partner,Not applicable,Not applicable,Not applicable,No issues
XT-01498,Sahara Foods,Corporate,sahara.foods@mail.com,+2348057494058,Lagos,Nigeria,NGN,2021-07-12,Referral,"Repeat client, 3rd project see 2022 folder",Not applicable,Not applicable,No issues
XT-01499,Mango Bank PLC,Corporate,mango.bank.plc@outlook.com,Unknown,Abuja,Nigeria,NGN,2022-10-10,Walk-in,Not applicable,Not applicable,Not applicable,"country_derived_from_city,phone_invalid_9_digits"
XT-01500,Chidinma Oyelaran,Individual,chidinma.oyelaran@outlook.com,+2348067818186,Ibadan,Nigeria,NGN,2022-12-13,Walk-in,Owes balance,Not applicable,Not applicable,No issues
XT-01501,Delta Rise Holdings,Corporate,Unknown,Unknown,Enugu,Nigeria,NGN,2023-02-08,Agency Partner,VIP - handle w/ care,Not applicable,Not applicable,No issues
XT-01502,Kobo Group,Corporate,kobo.group@yahoo.com,+2348047278638,Lagos,Nigeria,NGN,2022-12-01,Instagram,do not call before 10am,Not applicable,Not applicable,No issues
XT-01503,Northline NGO,Corporate,northline.ngo@mail.com,+2348096297698,Nairobi,Kenya,NGN,2022-09-26,Google,prefers whatsapp,Not applicable,Not applicable,No issues
XT-01504,Harmattan Media,Corporate,harmattan.media@mail.com,+2348059285141,Nairobi,Kenya,NGN,2023-07-10,Unknown,prefers whatsapp,Not applicable,Not applicable,No issues
XT-01505,Ahmed Mensah,Individual,ahmed.mensah@company.ng,+2348089094149,Dubai,United Arab Emirates,NGN,2022-07-15,TikTok,Owes balance,Not applicable,Not applicable,No issues
XT-01506,Palmwine Limited,Corporate,palmwine.limited@company.ng,+2348067413764,London,United Kingdom,NGN,2023-12-18,Unknown,Not applicable,Not applicable,Not applicable,No issues
XT-01507,Emeka Kim,Individual,emeka.kim@gmail.com,+2348090591766,Abuja,Nigeria,NGN,2023-08-31,Email,Not applicable,Not applicable,Not applicable,No issues
XT-01508,Blue Ivy Limited,Corporate,Unknown,+2348036015668,Lagos,Nigeria,NGN,2021-11-16,Google,VIP - handle w/ care,Not applicable,Not applicable,No issues
XT-01509,Uche Chukwu,Individual,uche.chukwu@gmail.com,+2348052855063,Lagos,Nigeria,NGN,2024-04-28,Referral,Owes balance,XT-03509,0.947,No issues
XT-01510,Palmwine Records,Corporate,palmwine.records+1@yahoo.com,+2348021435300,Lagos,Nigeria,NGN,2023-08-14,Google,VIP - handle w/ care,XT-03510,0.966,No issues
XT-01511,Marcus Farouk,Individual,marcus.farouk@mail.com,+2348030922530,Atlanta,United States,NGN,2023-11-12,Instagram,"Discount agreed, see email",Not applicable,Not applicable,No issues
XT-01512,Núria Chen,Individual,nuria.chen@outlook.com,+2348046702727,Nairobi,Kenya,NGN,2022-08-18,Unknown,invoice to accounts dept,Not applicable,Not applicable,No issues
XT-01513,Kobo Limited,Corporate,kobo.limited@gmail.com,+2348089543449,London,United Kingdom,NGN,2023-11-07,Instagram,"Repeat client, 3rd project see 2022 folder",Not applicable,Not applicable,No issues
XT-01514,Sade Anyanwu,Individual,sade.anyanwu@yahoo.com,+2348043476055,Lagos,Nigeria,NGN,2022-09-04,Agency Partner,VIP - handle w/ care,Not applicable,Not applicable,city_taken_from_own_bookings
XT-01515,Bola Anyanwu,Individual,bola.anyanwu@yahoo.com,Unknown,Port Harcourt,Nigeria,NGN,2021-12-21,Google,Not applicable,Not applicable,Not applicable,phone_invalid_9_digits
XT-01516,André Dlamini,Individual,andre.dlamini@yahoo.com,+2348069136155,Lagos,Nigeria,NGN,2023-05-23,TikTok,Not applicable,Not applicable,Not applicable,No issues
XT-01517,Adaeze Chen,Individual,adaeze.chen@company.ng,+2348059574815,Lagos,Nigeria,NGN,2023-06-24,Referral,VIP - handle w/ care,XT-03517,0.9,No issues
XT-01518,Thabo Bello,Individual,thabo.bello@gmail.com,Unknown,Abuja,Nigeria,NGN,2022-09-07,Referral,Not applicable,Not applicable,Not applicable,phone_invalid_9_digits
XT-01519,Ahmed Chen,Individual,ahmed.chen@outlook.com,Unknown,Abuja,Nigeria,NGN,2023-09-01,Instagram,Not applicable,Not applicable,Not applicable,phone_invalid_8_digits
XT-01520,Segun Mensah,Individual,segun.mensah@yahoo.com,+2348048774376,Accra,Ghana,NGN,Unknown,Email,Not applicable,Not applicable,Not applicable,No issues
XT-01521,Mango Telecom,Corporate,mango.telecom@outlook.com,Unknown,Lagos,Nigeria,NGN,2024-06-29,Walk-in,invoice to accounts dept,XT-03521,0.957,phone_invalid_9_digits
XT-01522,Sahara Media,Corporate,sahara.media@yahoo.com,+2348044310711,Accra,Ghana,NGN,2023-04-04,Agency Partner,Not applicable,Not applicable,Not applicable,city_taken_from_own_bookings
XT-01523,Emeka Smith,Individual,emeka.smith@outlook.com,Unknown,Port Harcourt,Nigeria,NGN,2023-03-16,Agency Partner,Not applicable,Not applicable,Not applicable,No issues
XT-01524,Sióbhan Olawale,Individual,Unknown,Unknown,Lagos,Nigeria,NGN,2021-07-17,Email,invoice to accounts dept,Not applicable,Not applicable,client_type_derived_from_name
XT-01525,Kobo Agency,Corporate,kobo.agency@outlook.com,Unknown,Lagos,Nigeria,NGN,2023-11-07,Instagram,do not call before 10am,XT-03525,0.9,phone_invalid_9_digits
XT-01526,Renée Eze,Individual,renee.eze@gmail.com,+2348037564777,Enugu,Nigeria,NGN,2023-10-16,Referral,VIP - handle w/ care,XT-03526,1.0,No issues
XT-01527,Novo Collective,Corporate,novo.collective@mail.com,Unknown,London,United Kingdom,NGN,Unknown,Unknown,Not applicable,Not applicable,Not applicable,"city_taken_from_own_bookings,phone_invalid_9_digits"
XT-01528,Anchor Foods,Corporate,anchor.foods@mail.com,Unknown,Johannesburg,South Africa,NGN,2022-12-07,Google,Not applicable,Not applicable,Not applicable,phone_invalid_8_digits
XT-01529,Halima Olawale,Individual,halima.olawale@gmail.com,Unknown,Port Harcourt,Nigeria,NGN,2022-11-07,Instagram,VIP - handle w/ care,Not applicable,Not applicable,No issues
XT-01530,José Müller,Individual,jose.muller@gmail.com,Unknown,Atlanta,United States,NGN,2021-11-20,Walk-in,VIP - handle w/ care,Not applicable,Not applicable,phone_invalid_9_digits
XT-01531,Ember Limited,Corporate,ember.limited@company.ng,+2348087222000,Accra,Ghana,NGN,2023-01-31,Instagram,Owes balance,Not applicable,Not applicable,No issues
XT-01532,Ember Bank PLC,Corporate,ember.bank.plc@company.ng,Unknown,Ibadan,Nigeria,NGN,2023-03-24,Agency Partner,Not applicable,Not applicable,Not applicable,phone_invalid_9_digits
XT-01533,Ahmed Chukwu,Individual,ahmed.chukwu@outlook.com,+2348014042862,Enugu,Nigeria,NGN,2022-07-15,Unknown,"Discount agreed, see email",Not applicable,Not applicable,No issues
XT-01534,Núria García,Individual,nuria.garcia@outlook.com,+2348016908279,Enugu,Nigeria,NGN,2023-10-07,Walk-in,prefers whatsapp,XT-03534,0.952,No issues
XT-01535,Kobo NGO,Corporate,kobo.ngo@outlook.com,+2348014593429,Kano,Nigeria,NGN,2024-02-13,Agency Partner,VIP - handle w/ care,XT-03535,1.0,No issues
XT-01536,Halima Oyelaran,Individual,halima.oyelaran@company.ng,Unknown,Ibadan,Nigeria,NGN,2022-10-07,Unknown,Not applicable,Not applicable,Not applicable,phone_invalid_9_digits
XT-01537,Northline Collective,Corporate,northline.collective@yahoo.com,Unknown,Abuja,Nigeria,NGN,2022-03-24,Email,VIP - handle w/ care,Not applicable,Not applicable,phone_invalid_9_digits
XT-01538,Palmwine Brands,Corporate,palmwine.brands@outlook.com,Unknown,Johannesburg,South Africa,NGN,2022-12-03,Google,invoice to accounts dept,Not applicable,Not applicable,phone_invalid_8_digits
XT-01539,Björn Ibrahim,Individual,bjorn.ibrahim@yahoo.com,+2348042823532,Enugu,Nigeria,NGN,2021-06-29,Unknown,Not applicable,Not applicable,Not applicable,No issues
XT-01540,Grace Smith,Individual,grace.smith@company.ng,+2348086217186,Unknown,Nigeria,NGN,2021-08-08,Agency Partner,prefers whatsapp,Not applicable,Not applicable,client_type_derived_from_name
XT-01541,Chioma Dlamini,Individual,chioma.dlamini@outlook.com,Unknown,Abuja,Nigeria,NGN,2022-04-18,Agency Partner,"Repeat client, 3rd project see 2022 folder",Not applicable,Not applicable,No issues
XT-01542,Thabo Bello,Individual,thabo.bello@company.ng,Unknown,Lagos,Nigeria,NGN,2022-11-11,Unknown,Owes balance,Not applicable,Not applicable,phone_invalid_9_digits
XT-01543,Chidinma Kim,Individual,chidinma.kim@outlook.com,Unknown,Lagos,Nigeria,NGN,2023-01-11,Instagram,Not applicable,Not applicable,Not applicable,phone_invalid_8_digits
XT-01544,Tunde Balogun,Individual,tunde.balogun@gmail.com,+2348076864381,Ibadan,Nigeria,NGN,Unknown,Agency Partner,prefers whatsapp,Not applicable,Not applicable,No issues
XT-01545,Sióbhan Ibrahim,Individual,siobhan.ibrahim@gmail.com,+2348035524044,Lagos,Nigeria,NGN,2024-08-07,Agency Partner,invoice to accounts dept,Not applicable,Not applicable,No issues
XT-01546,Radiant Media,Corporate,radiant.media@outlook.com,+2348020188799,Unknown,Nigeria,NGN,2023-08-13,Google,Not applicable,Not applicable,Not applicable,No issues
XT-01547,Ifeanyi Okafor,Individual,ifeanyi.okafor@outlook.com,+2348054980096,London,United Kingdom,NGN,2023-12-11,Email,VIP - handle w/ care,Not applicable,Not applicable,No issues
XT-01548,Musa Ojo,Individual,musa.ojo@mail.com,Unknown,Lagos,Nigeria,NGN,2020-08-30,Instagram,Not applicable,Not applicable,Not applicable,phone_invalid_9_digits
XT-01549,Sahara Holdings,Corporate,sahara.holdings@mail.com,+2348062493283,Abuja,Nigeria,NGN,2024-06-22,Walk-in,Owes balance,Not applicable,Not applicable,client_type_derived_from_name
XT-01550,Northline Group,Corporate,northline.group@gmail.com,+2348011392456,Atlanta,United States,NGN,2021-07-29,Referral,invoice to accounts dept,Not applicable,Not applicable,No issues
XT-01551,Björn Eze,Individual,bjorn.eze@yahoo.com,Unknown,Abuja,Nigeria,NGN,2022-04-27,TikTok,do not call before 10am,Not applicable,Not applicable,phone_invalid_9_digits
XT-01552,Sióbhan Olawale,Individual,Unknown,+2348092341700,Atlanta,United States,NGN,2022-09-15,Agency Partner,invoice to accounts dept,Not applicable,Not applicable,No issues
XT-01553,Mango Media,Corporate,mango.media@outlook.com,Unknown,London,United Kingdom,NGN,2023-03-23,Walk-in,do not call before 10am,Not applicable,Not applicable,city_taken_from_own_bookings
XT-01554,Delta Rise Studios,Corporate,delta.rise.studios@company.ng,Unknown,Abuja,Nigeria,NGN,2022-12-31,Referral,VIP - handle w/ care,Not applicable,Not applicable,No issues
XT-01555,Lagoon Studios,Corporate,lagoon.studios@mail.com,+2348018055727,Dubai,United Arab Emirates,NGN,2023-06-16,Email,VIP - handle w/ care,Not applicable,Not applicable,No issues
XT-01556,Chioma Dlamini,Individual,chioma.dlamini@mail.com,Unknown,Lagos,Nigeria,NGN,2022-10-10,TikTok,prefers whatsapp,XT-03556,0.923,No issues
XT-01557,Daniel Sowore,Individual,daniel.sowore@company.ng,+2348037045920,Johannesburg,South Africa,NGN,2024-05-05,Unknown,invoice to accounts dept,Not applicable,Not applicable,No issues
XT-01558,Lagoon Holdings,Corporate,lagoon.holdings@yahoo.com,Unknown,Port Harcourt,Nigeria,NGN,2022-01-14,TikTok,"Repeat client, 3rd project see 2022 folder",Not applicable,Not applicable,No issues
XT-01559,Radiant Group,Corporate,radiant.group@yahoo.com,+2348091962852,Lagos,Nigeria,NGN,2021-11-21,Referral,"Repeat client, 3rd project see 2022 folder",Not applicable,Not applicable,No issues
XT-01560,Grace Ojo,Individual,grace.ojo@yahoo.com,Unknown,Atlanta,United States,NGN,2023-02-27,Instagram,prefers whatsapp,Not applicable,Not applicable,phone_invalid_8_digits
XT-01561,Third Mainland Group,Corporate,third.mainland.group@gmail.com,+2348068369953,Lagos,Nigeria,NGN,2022-12-07,Referral,"Discount agreed, see email",Not applicable,Not applicable,No issues
XT-01562,Daniel Bello,Individual,daniel.bello@yahoo.com,+2348074333530,Lagos,Nigeria,NGN,2023-04-08,Unknown,Not applicable,Not applicable,Not applicable,No issues
XT-01563,Harmattan Brands,Corporate,harmattan.brands@company.ng,Unknown,Ibadan,Nigeria,NGN,2022-01-31,Instagram,do not call before 10am,Not applicable,Not applicable,phone_invalid_9_digits
XT-01564,Femi Dlamini,Individual,femi.dlamini@outlook.com,Unknown,Abuja,Nigeria,NGN,Unknown,TikTok,Not applicable,Not applicable,Not applicable,phone_invalid_9_digits
XT-01565,Yusuf Chen,Individual,yusuf.chen@yahoo.com,+2348045602352,Abuja,Nigeria,NGN,2024-06-19,Agency Partner,Not applicable,Not applicable,Not applicable,No issues
XT-01566,Harmattan LTD,Corporate,harmattan.ltd@gmail.com,+2348097174599,Abuja,Nigeria,NGN,2022-02-02,Unknown,Owes balance,Not applicable,Not applicable,No issues
XT-01567,Kofi Anyanwu,Individual,kofi.anyanwu@company.ng,Unknown,Lagos,Nigeria,NGN,2021-03-11,Unknown,Not applicable,Not applicable,Not applicable,phone_invalid_9_digits
XT-01568,Silverbird Collective,Corporate,silverbird.collective@company.ng,Unknown,Lagos,Nigeria,NGN,2022-03-11,TikTok,invoice to accounts dept,Not applicable,Not applicable,No issues
XT-01569,Chioma Abiola,Individual,chioma.abiola@company.ng,Unknown,Port Harcourt,Nigeria,NGN,2020-11-04,Email,"Repeat client, 3rd project see 2022 folder",Not applicable,Not applicable,phone_invalid_9_digits
XT-01570,Zenith Telecom,Corporate,zenith.telecom@outlook.com,Unknown,Johannesburg,South Africa,NGN,2022-10-04,Unknown,Not applicable,Not applicable,Not applicable,No issues
XT-01571,Anchor Limited,Corporate,anchor.limited@company.ng,+2348012410367,Enugu,Nigeria,NGN,2022-10-15,Referral,prefers whatsapp,Not applicable,Not applicable,No issues
XT-01572,Núria Anyanwu,Individual,Unknown,Unknown,Johannesburg,South Africa,NGN,2022-08-10,Google,Not applicable,Not applicable,Not applicable,phone_invalid_9_digits
XT-01573,Segun Smith,Individual,segun.smith@yahoo.com,Unknown,Port Harcourt,Nigeria,NGN,2022-06-01,Agency Partner,"Repeat client, 3rd project see 2022 folder",Not applicable,Not applicable,phone_invalid_8_digits
XT-01574,Blue Ivy Limited,Corporate,blue.ivy.limited@company.ng,+2348030466836,Atlanta,United States,NGN,2023-09-08,Google,"Repeat client, 3rd project see 2022 folder",Not applicable,Not applicable,No issues
XT-01575,Sade Ojo,Individual,sade.ojo@outlook.com,+2348035109293,Port Harcourt,Nigeria,NGN,2022-08-08,TikTok,"Repeat client, 3rd project see 2022 folder",Not applicable,Not applicable,No issues
XT-01576,José Farouk,Individual,jose.farouk@mail.com,+2348021185443,London,United Kingdom,NGN,2021-12-19,Unknown,Not applicable,Not applicable,Not applicable,No issues
XT-01577,Sióbhan Adeyemi,Individual,siobhan.adeyemi@gmail.com,Unknown,Port Harcourt,Nigeria,NGN,2023-01-30,Unknown,Not applicable,Not applicable,Not applicable,phone_invalid_9_digits
XT-01578,José Balogun,Individual,jose.balogun@company.ng,+2348094251323,Abuja,Nigeria,NGN,2022-02-12,Email,invoice to accounts dept,Not applicable,Not applicable,No issues
XT-01579,Ember Collective,Corporate,ember.collective@outlook.com,Unknown,Dubai,United Arab Emirates,NGN,2022-01-12,Unknown,VIP - handle w/ care,Not applicable,Not applicable,phone_invalid_9_digits
XT-01580,Cassava Bank PLC,Corporate,cassava.bank.plc@gmail.com,+2348070712741,Enugu,Nigeria,NGN,2022-04-12,Instagram,do not call before 10am,Not applicable,Not applicable,No issues
XT-01581,Sióbhan Oyelaran,Individual,siobhan.oyelaran@gmail.com,+2348084351664,Enugu,Nigeria,NGN,2021-08-05,Walk-in,Not applicable,Not applicable,Not applicable,No issues
XT-01582,Harmattan Agency,Corporate,harmattan.agency@mail.com,+2348058275947,Kano,Nigeria,NGN,2023-11-19,Email,"Repeat client, 3rd project see 2022 folder",Not applicable,Not applicable,client_type_derived_from_name
XT-01583,Palmwine Media,Corporate,palmwine.media@gmail.com,Unknown,Nairobi,Kenya,NGN,2022-11-28,Google,"Discount agreed, see email",Not applicable,Not applicable,phone_invalid_9_digits
XT-01584,Obsidian Media,Corporate,obsidian.media@company.ng,+2348037115347,London,United Kingdom,NGN,2023-01-23,Google,Not applicable,Not applicable,Not applicable,No issues
XT-01585,Blue Ivy Telecom,Corporate,blue.ivy.telecom@outlook.com,Unknown,Dubai,United Arab Emirates,NGN,2022-02-06,Instagram,prefers whatsapp,Not applicable,Not applicable,phone_invalid_9_digits
XT-01586,Ngozi Mohammed,Individual,ngozi.mohammed@outlook.com,+2348038697922,Atlanta,United States,NGN,2021-09-20,Unknown,"Repeat client, 3rd project see 2022 folder",Not applicable,Not applicable,No issues
XT-01587,Novo Agency,Corporate,novo.agency@gmail.com,+2348069770824,Accra,Ghana,NGN,2022-08-17,Google,Owes balance,Not applicable,Not applicable,client_type_derived_from_name
XT-01588,Amaka Mohammed,Individual,amaka.mohammed@outlook.com,Unknown,Abuja,Nigeria,NGN,2021-05-04,TikTok,Not applicable,Not applicable,Not applicable,No issues
XT-01589,Ahmed Oyelaran,Individual,ahmed.oyelaran@mail.com,+2348013853867,Enugu,Nigeria,NGN,2021-04-02,Unknown,do not call before 10am,Not applicable,Not applicable,No issues
XT-01590,Palmwine Holdings,Corporate,palmwine.holdings@yahoo.com,+2348017315415,Dubai,United Arab Emirates,NGN,2021-12-17,Referral,Not applicable,Not applicable,Not applicable,No issues
XT-01591,Damilola Adebayo-Cole,Individual,Unknown,Unknown,Atlanta,United States,NGN,2021-01-15,Instagram,Not applicable,Not applicable,Not applicable,phone_invalid_9_digits
XT-01592,Amaka Mohammed,Individual,amaka.mohammed@mail.com,Unknown,Lagos,Nigeria,NGN,2022-11-11,Agency Partner,Not applicable,Not applicable,Not applicable,phone_invalid_9_digits
XT-01593,Sahara NGO,Corporate,sahara.ngo@gmail.com,+2348076835237,Lagos,Nigeria,NGN,2022-06-13,Google,prefers whatsapp,Not applicable,Not applicable,No issues
XT-01594,Northline Media,Corporate,Unknown,Unknown,Atlanta,United States,NGN,2023-06-21,Referral,prefers whatsapp,Not applicable,Not applicable,phone_invalid_9_digits
XT-01595,Northline Telecom,Corporate,northline.telecom@yahoo.com,Unknown,Port Harcourt,Nigeria,NGN,2021-12-23,Walk-in,invoice to accounts dept,Not applicable,Not applicable,"city_taken_from_own_bookings,client_type_derived_from_name"
XT-01596,Cassava LTD,Corporate,Unknown,+2348056953376,Enugu,Nigeria,NGN,2021-10-07,Agency Partner,Not applicable,Not applicable,Not applicable,No issues
XT-01597,Kraft Records,Corporate,kraft.records@company.ng,+2348039001558,Lagos,Nigeria,NGN,2023-02-01,Google,invoice to accounts dept,Not applicable,Not applicable,No issues
XT-01598,Anchor Bank PLC,Corporate,anchor.bank.plc@mail.com,+2348085532706,Lagos,Nigeria,NGN,2024-03-21,Walk-in,do not call before 10am,Not applicable,Not applicable,No issues
XT-01599,Kelechi Kim,Individual,kelechi.kim@company.ng,Unknown,London,United Kingdom,NGN,2023-09-19,Walk-in,Not applicable,Not applicable,Not applicable,phone_invalid_9_digits
XT-01600,Terra Agency,Corporate,terra.agency@yahoo.com,+2348013415073,Accra,Ghana,NGN,2021-07-24,Instagram,"Discount agreed, see email",Not applicable,Not applicable,No issues
XT-01601,Zenith Bank PLC,Corporate,zenith.bank.plc@company.ng,Unknown,Dubai,United Arab Emirates,NGN,2022-06-26,Email,VIP - handle w/ care,XT-03601,0.923,phone_invalid_9_digits
XT-01602,André Mensah,Individual,andre.mensah@gmail.com,+2348057581100,Abuja,Nigeria,NGN,2021-04-14,TikTok,"Repeat client, 3rd project see 2022 folder",Not applicable,Not applicable,No issues
XT-01603,Anchor Collective,Corporate,anchor.collective@yahoo.com,Unknown,Lagos,Nigeria,NGN,2023-11-13,Agency Partner,invoice to accounts dept,Not applicable,Not applicable,phone_invalid_9_digits
XT-01604,Segun Müller,Individual,segun.muller@company.ng,Unknown,Nairobi,Kenya,NGN,2024-08-26,Email,invoice to accounts dept,Not applicable,Not applicable,phone_invalid_9_digits
XT-01605,Harmattan LTD,Corporate,harmattan.ltd@yahoo.com,Unknown,Lagos,Nigeria,NGN,2021-05-21,Referral,do not call before 10am,Not applicable,Not applicable,No issues
XT-01606,Harmattan Records,Corporate,harmattan.records@yahoo.com,+2348031116306,London,United Kingdom,NGN,2022-08-24,Instagram,prefers whatsapp,Not applicable,Not applicable,No issues
XT-01607,Björn Oyelaran,Individual,bjorn.oyelaran@gmail.com,Unknown,Lagos,Nigeria,NGN,2023-07-29,Instagram,Not applicable,Not applicable,Not applicable,phone_invalid_9_digits
XT-01608,Damilola Balogun,Individual,damilola.balogun@outlook.com,+2348066612006,Lagos,Nigeria,NGN,2021-02-24,Instagram,do not call before 10am,Not applicable,Not applicable,No issues
XT-01609,Sióbhan Okafor,Individual,siobhan.okafor@mail.com,Unknown,Lagos,Nigeria,NGN,2023-01-16,Unknown,Not applicable,Not applicable,Not applicable,phone_invalid_8_digits
XT-01610,Kobo LTD,Corporate,kobo.ltd@mail.com,+2348064594453,Ibadan,Nigeria,NGN,2022-02-23,Walk-in,invoice to accounts dept,Not applicable,Not applicable,No issues
XT-01611,Northline LTD,Corporate,northline.ltd@yahoo.com,Unknown,Lagos,Nigeria,NGN,2023-05-19,Google,"Discount agreed, see email",Not applicable,Not applicable,No issues
XT-01612,Amaka Kim,Individual,amaka.kim@gmail.com,+2348056406653,Lagos,Nigeria,NGN,2023-05-25,Agency Partner,Not applicable,Not applicable,Not applicable,No issues
XT-01613,Radiant LTD,Corporate,radiant.ltd@outlook.com,Unknown,Abuja,Nigeria,NGN,2024-08-04,Walk-in,Owes balance,Not applicable,Not applicable,No issues
XT-01614,Terra Brands,Corporate,Unknown,Unknown,Lagos,Nigeria,NGN,2022-01-29,Email,invoice to accounts dept,Not applicable,Not applicable,phone_invalid_9_digits
XT-01615,Cassava Collective,Corporate,cassava.collective@yahoo.com,Unknown,London,United Kingdom,NGN,2023-08-07,Referral,do not call before 10am,Not applicable,Not applicable,No issues
XT-01616,Femi Oyelaran,Individual,femi.oyelaran@outlook.com,Unknown,London,United Kingdom,NGN,2022-11-05,Agency Partner,Not applicable,Not applicable,Not applicable,phone_invalid_8_digits
XT-01617,Priya Ojo,Individual,priya.ojo@company.ng,+2348053835809,Lagos,Nigeria,NGN,2022-03-13,Agency Partner,Not applicable,Not applicable,Not applicable,No issues
XT-01618,Ngozi Smith,Individual,ngozi.smith@mail.com,Unknown,Abuja,Nigeria,NGN,2021-09-14,Referral,Not applicable,Not applicable,Not applicable,phone_invalid_8_digits
XT-01619,Uche Müller,Individual,uche.muller@yahoo.com,+2348053748312,Port Harcourt,Nigeria,NGN,2021-03-12,TikTok,invoice to accounts dept,XT-03619,0.952,No issues
XT-01620,Northline Telecom,Corporate,northline.telecom@yahoo.com,Unknown,Lagos,Nigeria,NGN,2021-05-27,Agency Partner,Owes balance,Not applicable,Not applicable,No issues
XT-01621,Lagoon LTD,Corporate,lagoon.ltd@outlook.com,+2348055600641,Abuja,Nigeria,NGN,2023-01-06,Instagram,"Discount agreed, see email",Not applicable,Not applicable,No issues
XT-01622,Obsidian Records,Corporate,obsidian.records@gmail.com,+2348036655549,Kano,Nigeria,NGN,2022-07-08,Email,prefers whatsapp,Not applicable,Not applicable,No issues
XT-01623,Sahara Foods,Corporate,sahara.foods@yahoo.com,Unknown,Abuja,Nigeria,NGN,2022-08-20,Walk-in,prefers whatsapp,Not applicable,Not applicable,phone_invalid_9_digits
XT-01624,Third Mainland Holdings,Corporate,third.mainland.holdings@mail.com,Unknown,Abuja,Nigeria,NGN,2022-10-11,Instagram,invoice to accounts dept,Not applicable,Not applicable,phone_invalid_9_digits
XT-01625,José Sowore,Individual,jose.sowore@outlook.com,Unknown,Abuja,Nigeria,NGN,2023-04-03,TikTok,prefers whatsapp,Not applicable,Not applicable,phone_invalid_9_digits
XT-01626,Sade Bello,Individual,sade.bello@company.ng,Unknown,Lagos,Nigeria,NGN,2022-05-24,TikTok,VIP - handle w/ care,Not applicable,Not applicable,No issues
XT-01627,Anchor Media,Corporate,anchor.media@outlook.com,+2348095647373,Lagos,Nigeria,NGN,2022-11-21,Referral,VIP - handle w/ care,Not applicable,Not applicable,No issues
XT-01628,Renée Abiola,Individual,renee.abiola@gmail.com,Unknown,Enugu,Nigeria,NGN,2021-05-30,TikTok,Not applicable,Not applicable,Not applicable,phone_invalid_9_digits
XT-01629,Silverbird Studios,Corporate,silverbird.studios@mail.com,+2348067858564,London,United Kingdom,NGN,Unknown,TikTok,prefers whatsapp,Not applicable,Not applicable,No issues
XT-01630,Radiant Records,Corporate,radiant.records@gmail.com,+2348096619850,London,United Kingdom,NGN,2023-09-20,Email,do not call before 10am,Not applicable,Not applicable,No issues
XT-01631,Olamide Chukwu,Individual,olamide.chukwu@mail.com,+2348070973573,Accra,Ghana,NGN,2024-03-25,Email,prefers whatsapp,XT-03631,0.96,No issues
XT-01632,Renée Osei,Individual,renee.osei@yahoo.com,Unknown,Abuja,Nigeria,NGN,2022-11-06,TikTok,Not applicable,Not applicable,Not applicable,phone_invalid_9_digits
XT-01633,Blue Ivy LTD,Corporate,blue.ivy.ltd@yahoo.com,Unknown,Lagos,Nigeria,NGN,2023-05-07,Email,Not applicable,Not applicable,Not applicable,No issues
XT-01634,Priya Adeyemi,Individual,priya.adeyemi@gmail.com,+2348027234255,Accra,Ghana,NGN,2023-10-26,Unknown,prefers whatsapp,Not applicable,Not applicable,No issues
XT-01635,Zainab Olawale,Individual,zainab.olawale@yahoo.com,Unknown,Lagos,Nigeria,NGN,2022-06-29,Agency Partner,do not call before 10am,Not applicable,Not applicable,phone_invalid_9_digits
XT-01636,Palmwine Limited,Corporate,palmwine.limited@gmail.com,Unknown,Port Harcourt,Nigeria,NGN,2021-11-21,Referral,"Discount agreed, see email",Not applicable,Not applicable,phone_invalid_8_digits
XT-01637,Harmattan Studios,Corporate,harmattan.studios@mail.com,+2348018999177,Lagos,Nigeria,NGN,2022-01-28,Referral,Not applicable,Not applicable,Not applicable,No issues
XT-01638,Sahara Records,Corporate,sahara.records@outlook.com,+2348033903391,Unknown,Nigeria,NGN,2020-10-23,Google,prefers whatsapp,Not applicable,Not applicable,No issues
XT-01639,Femi Bello,Individual,femi.bello@gmail.com,Unknown,Abuja,Nigeria,NGN,2021-11-28,Google,"Repeat client, 3rd project see 2022 folder",Not applicable,Not applicable,phone_invalid_8_digits
XT-01640,Cassava Telecom,Corporate,cassava.telecom@company.ng,+2348030981879,London,United Kingdom,NGN,2023-12-14,TikTok,invoice to accounts dept,XT-03640,0.963,No issues
XT-01641,Silverbird Foods,Corporate,silverbird.foods@company.ng,Unknown,Abuja,Nigeria,NGN,2023-01-30,Unknown,prefers whatsapp,Not applicable,Not applicable,phone_invalid_9_digits
XT-01642,Kraft Collective,Corporate,kraft.collective@yahoo.com,Unknown,Lagos,Nigeria,NGN,2023-01-02,TikTok,Owes balance,Not applicable,Not applicable,phone_invalid_9_digits
XT-01643,Kraft Studios,Corporate,kraft.studios@mail.com,Unknown,Lagos,Nigeria,NGN,2021-10-23,Instagram,prefers whatsapp,Not applicable,Not applicable,phone_invalid_8_digits
XT-01644,Delta Rise Brands,Corporate,delta.rise.brands@yahoo.com,+2348062032840,Lagos,Nigeria,NGN,2023-07-28,TikTok,invoice to accounts dept,Not applicable,Not applicable,country_derived_from_city
XT-01645,Amaka Okafor,Individual,amaka.okafor@yahoo.com,Unknown,Abuja,Nigeria,NGN,2023-03-25,Agency Partner,VIP - handle w/ care,Not applicable,Not applicable,phone_invalid_8_digits
XT-01646,Novo Bank PLC,Corporate,Unknown,+2348032689538,Ibadan,Nigeria,NGN,2022-12-16,Referral,Not applicable,Not applicable,Not applicable,No issues
XT-01647,Musa Eze,Individual,musa.eze@outlook.com,Unknown,Atlanta,United States,NGN,2022-03-26,Walk-in,"Discount agreed, see email",Not applicable,Not applicable,phone_invalid_9_digits
XT-01648,Thabo Chen,Individual,thabo.chen@mail.com,+2348063373297,Atlanta,United States,NGN,Unknown,Google,"Discount agreed, see email",Not applicable,Not applicable,No issues
XT-01649,Thabo Adeyemi,Individual,thabo.adeyemi@gmail.com,+2348015130715,Lagos,Nigeria,NGN,2022-11-26,Walk-in,do not call before 10am,Not applicable,Not applicable,No issues
XT-01650,Grace Ibrahim,Individual,grace.ibrahim@gmail.com,+2348056028981,Abuja,Nigeria,NGN,2022-07-06,TikTok,Not applicable,Not applicable,Not applicable,No issues
XT-01651,Radiant Media,Corporate,radiant.media@yahoo.com,Unknown,Abuja,Nigeria,NGN,2022-11-07,Instagram,"Discount agreed, see email",Not applicable,Not applicable,phone_invalid_8_digits
XT-01652,Aisha Chen,Individual,Unknown,Unknown,London,United Kingdom,NGN,2021-01-11,Unknown,Not applicable,Not applicable,Not applicable,phone_invalid_9_digits
XT-01653,Palmwine Foods,Corporate,palmwine.foods@gmail.com,+2348095852910,Enugu,Nigeria,NGN,2022-03-14,Instagram,invoice to accounts dept,Not applicable,Not applicable,No issues
XT-01654,Sade Kim,Individual,Unknown,Unknown,Abuja,Nigeria,NGN,2022-06-17,Google,VIP - handle w/ care,Not applicable,Not applicable,phone_invalid_9_digits
XT-01655,Third Mainland Agency,Corporate,third.mainland.agency@company.ng,Unknown,Atlanta,United States,NGN,2023-10-03,Referral,do not call before 10am,Not applicable,Not applicable,phone_invalid_9_digits
XT-01656,Sade Adeyemi,Individual,sade.adeyemi@outlook.com,Unknown,London,United Kingdom,NGN,2021-06-20,Email,Not applicable,Not applicable,Not applicable,city_taken_from_own_bookings
XT-01657,André Oyelaran,Individual,andre.oyelaran@company.ng,Unknown,Lagos,Nigeria,NGN,2022-10-10,Referral,"Repeat client, 3rd project see 2022 folder",Not applicable,Not applicable,phone_invalid_8_digits
XT-01658,Segun Farouk,Individual,segun.farouk@gmail.com,+2348092033187,Accra,Ghana,NGN,2022-12-22,Agency Partner,do not call before 10am,Not applicable,Not applicable,No issues
XT-01659,Chidinma Smith,Individual,chidinma.smith@company.ng,+2348062035784,Nairobi,Kenya,NGN,2023-03-21,Instagram,VIP - handle w/ care,Not applicable,Not applicable,No issues
XT-01660,Femi Mensah,Individual,femi.mensah@company.ng,+2348052184275,Lagos,Nigeria,NGN,2022-04-03,Unknown,prefers whatsapp,Not applicable,Not applicable,No issues
XT-01661,Cassava Records,Corporate,cassava.records@outlook.com,+2348076116838,London,United Kingdom,NGN,2023-07-27,Walk-in,Not applicable,Not applicable,Not applicable,No issues
XT-01662,Kobo Limited,Corporate,kobo.limited@company.ng,Unknown,Nairobi,Kenya,NGN,2021-07-22,Unknown,Not applicable,Not applicable,Not applicable,"client_type_derived_from_name,phone_invalid_8_digits"
XT-01663,Cassava NGO,Corporate,cassava.ngo@outlook.com,+2348080667182,Lagos,Nigeria,NGN,2022-02-04,Instagram,VIP - handle w/ care,Not applicable,Not applicable,No issues
XT-01664,Obinna Adebayo-Cole,Individual,obinna.adebayo-cole@gmail.com,Unknown,Enugu,Nigeria,NGN,2022-07-30,Instagram,Owes balance,Not applicable,Not applicable,phone_invalid_9_digits
XT-01665,Amaka Ibrahim,Individual,amaka.ibrahim@company.ng,+2348017432654,Lagos,Nigeria,NGN,2021-05-28,Referral,Not applicable,Not applicable,Not applicable,No issues
XT-01666,Olamide Abiola,Individual,olamide.abiola@yahoo.com,Unknown,Atlanta,United States,NGN,2022-01-08,Email,do not call before 10am,Not applicable,Not applicable,phone_invalid_9_digits
XT-01667,Terra Telecom,Corporate,Unknown,Unknown,Lagos,Nigeria,NGN,2022-09-17,Referral,Owes balance,Not applicable,Not applicable,"city_taken_from_own_bookings,phone_invalid_9_digits"
XT-01668,Third Mainland Telecom,Corporate,third.mainland.telecom@company.ng,+2348099746491,Johannesburg,South Africa,NGN,2023-04-14,Google,invoice to accounts dept,Not applicable,Not applicable,No issues
XT-01669,Kraft Brands,Corporate,kraft.brands@gmail.com,+2348079027877,Lagos,Nigeria,NGN,2022-06-07,Unknown,Not applicable,Not applicable,Not applicable,No issues
XT-01670,Daniel Nwosu,Individual,daniel.nwosu@gmail.com,Unknown,Port Harcourt,Nigeria,NGN,2022-07-27,Email,Not applicable,Not applicable,Not applicable,phone_invalid_8_digits
XT-01671,Kobo Studios,Corporate,kobo.studios@mail.com,Unknown,Lagos,Nigeria,NGN,2023-04-11,TikTok,Not applicable,Not applicable,Not applicable,phone_invalid_8_digits
XT-01672,Kobo Telecom,Corporate,kobo.telecom@mail.com,+2348059190582,Lagos,Nigeria,NGN,2022-08-09,Referral,Not applicable,Not applicable,Not applicable,No issues
XT-01673,André Mensah,Individual,andre.mensah@outlook.com,+2348069286255,Nairobi,Kenya,NGN,Unknown,Agency Partner,Not applicable,Not applicable,Not applicable,No issues
XT-01674,Fatima Olawale,Individual,fatima.olawale@yahoo.com,Unknown,Unknown,Nigeria,NGN,2022-10-11,Agency Partner,Not applicable,Not applicable,Not applicable,phone_invalid_9_digits
XT-01675,Lagoon Telecom,Corporate,lagoon.telecom@gmail.com,+2348020602452,Abuja,Nigeria,NGN,2022-05-24,Walk-in,invoice to accounts dept,Not applicable,Not applicable,No issues
XT-01676,Ngozi Sowore,Individual,ngozi.sowore@gmail.com,Unknown,London,United Kingdom,NGN,2022-04-04,Email,Not applicable,Not applicable,Not applicable,phone_invalid_8_digits
XT-01677,Cassava Agency,Corporate,cassava.agency@yahoo.com,+2348081106080,Lagos,Nigeria,NGN,2022-10-30,TikTok,"Repeat client, 3rd project see 2022 folder",Not applicable,Not applicable,No issues
XT-01678,Tunde Bello,Individual,tunde.bello@mail.com,Unknown,London,United Kingdom,NGN,2023-07-14,Referral,Owes balance,Not applicable,Not applicable,phone_invalid_9_digits
XT-01679,Damilola Mensah,Individual,damilola.mensah@yahoo.com,Unknown,Ibadan,Nigeria,NGN,2021-02-08,Instagram,Not applicable,Not applicable,Not applicable,No issues
XT-01680,Anchor Telecom,Corporate,anchor.telecom@mail.com,+2348095857117,Lagos,Nigeria,NGN,2022-11-21,Google,VIP - handle w/ care,Not applicable,Not applicable,No issues
XT-01681,Chioma Ibrahim,Individual,chioma.ibrahim@company.ng,+2348023789196,Lagos,Nigeria,NGN,2021-10-06,Referral,Not applicable,Not applicable,Not applicable,country_derived_from_city
XT-01682,Zenith Collective,Corporate,zenith.collective@outlook.com,+2348016520392,Dubai,United Arab Emirates,NGN,2023-07-01,Email,do not call before 10am,Not applicable,Not applicable,client_type_derived_from_name
XT-01683,Palmwine Holdings,Corporate,palmwine.holdings@gmail.com,+2348097944941,Lagos,Nigeria,NGN,2021-02-26,TikTok,Owes balance,XT-03683,0.938,No issues
XT-01684,Harmattan Media,Corporate,harmattan.media@outlook.com,Unknown,Abuja,Nigeria,NGN,2022-01-19,Agency Partner,"Discount agreed, see email",Not applicable,Not applicable,phone_invalid_9_digits
XT-01685,Blue Ivy LTD,Corporate,blue.ivy.ltd@gmail.com,+2348077757556,Accra,Ghana,NGN,2023-09-02,TikTok,"Discount agreed, see email",Not applicable,Not applicable,conflicting_values:phone
XT-01686,Anchor NGO,Corporate,anchor.ngo@yahoo.com,Unknown,Port Harcourt,Nigeria,NGN,2022-06-08,Unknown,"Discount agreed, see email",Not applicable,Not applicable,No issues
XT-01687,Obinna Balogun,Individual,obinna.balogun@outlook.com,+2348047226860,London,United Kingdom,NGN,2022-10-30,Instagram,Not applicable,Not applicable,Not applicable,No issues
XT-01688,Ahmed Danjuma,Individual,ahmed.danjuma@mail.com,+2348050264790,Lagos,Nigeria,NGN,2022-10-10,Walk-in,Not applicable,Not applicable,Not applicable,No issues
XT-01689,Bola Sowore,Individual,bola.sowore@yahoo.com,Unknown,Enugu,Nigeria,NGN,2021-10-09,Unknown,prefers whatsapp,Not applicable,Not applicable,phone_invalid_9_digits
XT-01690,Northline NGO,Corporate,northline.ngo@yahoo.com,+2348038234156,London,United Kingdom,NGN,2023-09-04,Referral,Not applicable,Not applicable,Not applicable,No issues
XT-01691,Radiant Records,Corporate,radiant.records@gmail.com,+2348043689540,Lagos,Nigeria,NGN,2024-01-08,Walk-in,prefers whatsapp,XT-03691,0.966,No issues
XT-01692,Priya Adebayo-Cole,Individual,priya.adebayo-cole@company.ng,Unknown,Lagos,Nigeria,NGN,2023-01-11,Instagram,do not call before 10am,Not applicable,Not applicable,No issues
XT-01693,Palmwine Records,Corporate,Unknown,+2348038562483,London,United Kingdom,NGN,2023-09-12,Google,invoice to accounts dept,Not applicable,Not applicable,No issues
XT-01694,Aisha Farouk,Individual,aisha.farouk@company.ng,Unknown,Nairobi,Kenya,NGN,2021-05-21,Referral,prefers whatsapp,Not applicable,Not applicable,No issues
XT-01695,Northline NGO,Corporate,northline.ngo@yahoo.com,+2348068084697,Nairobi,Kenya,NGN,2023-05-22,Google,prefers whatsapp,Not applicable,Not applicable,No issues
XT-01696,Kraft Records,Corporate,kraft.records@outlook.com,Unknown,Port Harcourt,Nigeria,NGN,2024-08-08,Referral,"Discount agreed, see email",Not applicable,Not applicable,phone_invalid_9_digits
XT-01697,Zenith Studios,Corporate,zenith.studios@mail.com,+2348088414882,Accra,Ghana,NGN,2022-07-10,Walk-in,prefers whatsapp,Not applicable,Not applicable,No issues
XT-01698,Olamide Danjuma,Individual,olamide.danjuma@outlook.com,+2348087887904,Enugu,Nigeria,NGN,2022-10-17,Agency Partner,Not applicable,Not applicable,Not applicable,city_taken_from_own_bookings
XT-01699,Obsidian Group,Corporate,obsidian.group@mail.com,Unknown,Lagos,Nigeria,NGN,2022-05-16,Agency Partner,invoice to accounts dept,Not applicable,Not applicable,phone_invalid_8_digits
XT-01700,Sade Ibrahim,Individual,sade.ibrahim@company.ng,Unknown,Lagos,Nigeria,NGN,2023-05-01,Unknown,do not call before 10am,Not applicable,Not applicable,phone_invalid_9_digits
XT-01701,Blue Ivy Telecom,Corporate,blue.ivy.telecom@mail.com,Unknown,Abuja,Nigeria,NGN,2022-04-01,Referral,VIP - handle w/ care,Not applicable,Not applicable,"country_derived_from_city,phone_invalid_9_digits"
XT-01702,Radiant NGO,Corporate,radiant.ngo@yahoo.com,+2348014079010,Lagos,Nigeria,NGN,2022-05-20,Walk-in,Not applicable,Not applicable,Not applicable,No issues
XT-01703,Zainab Smith,Individual,zainab.smith@yahoo.com,Unknown,Johannesburg,South Africa,NGN,2022-09-30,Email,do not call before 10am,Not applicable,Not applicable,"country_derived_from_city,phone_invalid_9_digits"
XT-01704,Björn Chukwu,Individual,bjorn.chukwu@outlook.com,Unknown,Lagos,Nigeria,NGN,2023-01-24,Google,"Discount agreed, see email",Not applicable,Not applicable,"city_taken_from_own_bookings,phone_invalid_9_digits"
XT-01705,Obinna Chen,Individual,obinna.chen@yahoo.com,Unknown,Dubai,United Arab Emirates,NGN,2022-02-19,Instagram,do not call before 10am,Not applicable,Not applicable,"client_type_derived_from_name,phone_invalid_9_digits"
XT-01706,Zenith Collective,Corporate,zenith.collective@company.ng,+2348087710649,Lagos,Nigeria,NGN,2021-12-20,Instagram,prefers whatsapp,XT-03706,0.968,No issues
XT-01707,Damilola Kim,Individual,damilola.kim@mail.com,Unknown,Port Harcourt,Nigeria,NGN,2023-03-16,Walk-in,Owes balance,Not applicable,Not applicable,phone_invalid_9_digits
XT-01708,Marcus Mohammed,Individual,marcus.mohammed@yahoo.com,Unknown,Dubai,United Arab Emirates,NGN,2021-07-22,Instagram,Not applicable,Not applicable,Not applicable,No issues
XT-01709,Northline Holdings,Corporate,northline.holdings@outlook.com,+2348082900051,Kano,Nigeria,NGN,2024-05-13,Instagram,VIP - handle w/ care,Not applicable,Not applicable,No issues
XT-01710,Adaeze Ibrahim,Individual,adaeze.ibrahim@gmail.com,Unknown,London,United Kingdom,NGN,2024-02-14,Referral,Not applicable,Not applicable,Not applicable,"city_taken_from_own_bookings,phone_invalid_9_digits"
XT-01711,Grace Okafor,Individual,grace.okafor@gmail.com,Unknown,Kano,Nigeria,NGN,2023-05-27,TikTok,Not applicable,Not applicable,Not applicable,phone_invalid_9_digits
XT-01712,Anchor Studios,Corporate,anchor.studios@outlook.com,+2348049752958,Lagos,Nigeria,NGN,2021-02-13,Referral,VIP - handle w/ care,Not applicable,Not applicable,No issues
XT-01713,Ember Foods,Corporate,ember.foods@company.ng,Unknown,Ibadan,Nigeria,NGN,2022-02-05,Walk-in,"Repeat client, 3rd project see 2022 folder",Not applicable,Not applicable,"city_taken_from_own_bookings,phone_invalid_9_digits"
XT-01714,Novo Telecom,Corporate,novo.telecom@outlook.com,Unknown,Abuja,Nigeria,NGN,2023-11-26,Agency Partner,Not applicable,Not applicable,Not applicable,"client_type_derived_from_name,phone_invalid_9_digits"
XT-01715,Lagoon LTD,Corporate,Unknown,+2348086587930,Lagos,Nigeria,NGN,2021-04-08,Email,"Repeat client, 3rd project see 2022 folder",Not applicable,Not applicable,No issues
XT-01716,Cassava Foods,Corporate,cassava.foods@outlook.com,+2348040246907,Accra,Ghana,NGN,2023-06-19,TikTok,Not applicable,Not applicable,Not applicable,No issues
XT-01717,Anchor Holdings,Corporate,anchor.holdings@gmail.com,+2348046017773,Lagos,Nigeria,NGN,2023-10-17,TikTok,Not applicable,Not applicable,Not applicable,city_taken_from_own_bookings
XT-01718,Delta Rise Telecom,Corporate,delta.rise.telecom@mail.com,Unknown,Abuja,Nigeria,NGN,2024-03-04,Unknown,Not applicable,Not applicable,Not applicable,No issues
XT-01719,Musa Bello,Individual,musa.bello@yahoo.com,+2348022427526,Accra,Ghana,NGN,2023-03-18,Instagram,"Discount agreed, see email",Not applicable,Not applicable,No issues
XT-01720,José Dlamini,Individual,jose.dlamini@company.ng,+2348065764331,Johannesburg,South Africa,NGN,2023-07-14,Referral,prefers whatsapp,XT-03720,0.957,No issues
XT-01721,Harmattan Holdings,Corporate,harmattan.holdings@gmail.com,Unknown,Lagos,Nigeria,NGN,2021-09-03,Agency Partner,Not applicable,XT-03721,0.941,phone_invalid_8_digits
XT-01722,Yusuf Anyanwu,Individual,yusuf.anyanwu@company.ng,Unknown,Abuja,Nigeria,NGN,2023-12-22,TikTok,Not applicable,Not applicable,Not applicable,phone_invalid_9_digits
XT-01723,Priya Mohammed,Individual,priya.mohammed@mail.com,+2348026964466,Lagos,Nigeria,NGN,2021-02-11,Instagram,"Repeat client, 3rd project see 2022 folder",Not applicable,Not applicable,No issues
XT-01724,Grace Osei,Individual,grace.osei@yahoo.com,+2348034911325,Lagos,Nigeria,NGN,2024-01-06,Instagram,do not call before 10am,Not applicable,Not applicable,conflicting_values:phone
XT-01725,Blue Ivy Studios,Corporate,blue.ivy.studios@gmail.com,+2348015865687,Abuja,Nigeria,NGN,2021-09-12,Walk-in,Not applicable,Not applicable,Not applicable,country_derived_from_city
XT-01726,Obinna Müller,Individual,obinna.muller@outlook.com,+2348017088617,Port Harcourt,Nigeria,NGN,2022-12-20,TikTok,do not call before 10am,Not applicable,Not applicable,No issues
XT-01727,Olamide Eze,Individual,olamide.eze@yahoo.com,+2348082615990,Enugu,Nigeria,NGN,2021-11-10,Google,Not applicable,Not applicable,Not applicable,No issues
XT-01728,Kobo NGO,Corporate,kobo.ngo@outlook.com,Unknown,Dubai,United Arab Emirates,NGN,2021-03-04,Agency Partner,Not applicable,Not applicable,Not applicable,phone_invalid_8_digits
XT-01729,Third Mainland Media,Corporate,third.mainland.media@gmail.com,+2348064602734,Port Harcourt,Nigeria,NGN,2021-04-20,Google,Not applicable,Not applicable,Not applicable,client_type_derived_from_name
XT-01730,Olamide Smith,Individual,olamide.smith@mail.com,+2348091311840,Ibadan,Nigeria,NGN,2022-10-05,Email,"Repeat client, 3rd project see 2022 folder",Not applicable,Not applicable,city_taken_from_own_bookings
XT-01731,Kobo Media,Corporate,kobo.media@gmail.com,Unknown,Lagos,Nigeria,NGN,2021-10-29,Google,do not call before 10am,Not applicable,Not applicable,phone_invalid_9_digits
XT-01732,Third Mainland Studios,Corporate,third.mainland.studios@outlook.com,+2348083917019,Nairobi,Kenya,NGN,2021-01-18,Unknown,Not applicable,Not applicable,Not applicable,No issues
XT-01733,Palmwine LTD,Corporate,palmwine.ltd@company.ng,Unknown,London,United Kingdom,NGN,2021-10-27,Email,Not applicable,Not applicable,Not applicable,phone_invalid_9_digits
XT-01734,Daniel Ibrahim,Individual,daniel.ibrahim@mail.com,+2348057001832,Lagos,Nigeria,NGN,2021-03-13,TikTok,Not applicable,Not applicable,Not applicable,No issues
XT-01735,Yusuf Okafor,Individual,yusuf.okafor@outlook.com,+2348017392629,Lagos,Nigeria,NGN,2022-06-19,Agency Partner,prefers whatsapp,Not applicable,Not applicable,No issues
XT-01736,Third Mainland Records,Corporate,Unknown,+2348028683497,Lagos,Nigeria,NGN,2021-12-14,Instagram,"Repeat client, 3rd project see 2022 folder",Not applicable,Not applicable,No issues
XT-01737,Ahmed Achebe,Individual,ahmed.achebe@company.ng,Unknown,Lagos,Nigeria,NGN,2022-11-08,Google,prefers whatsapp,Not applicable,Not applicable,phone_invalid_9_digits
XT-01738,Radiant Collective,Corporate,radiant.collective@gmail.com,Unknown,Lagos,Nigeria,NGN,2021-09-20,Walk-in,Not applicable,Not applicable,Not applicable,phone_invalid_9_digits
XT-01739,Chioma Eze,Individual,chioma.eze@yahoo.com,Unknown,Lagos,Nigeria,NGN,2023-12-10,Google,Not applicable,Not applicable,Not applicable,No issues
XT-01740,Kraft Limited,Corporate,kraft.limited@outlook.com,+2348027084704,Lagos,Nigeria,NGN,2023-02-20,Agency Partner,Not applicable,Not applicable,Not applicable,city_taken_from_own_bookings
XT-01741,Radiant Brands,Corporate,radiant.brands@gmail.com,+2348016424318,Lagos,Nigeria,NGN,2021-09-22,Referral,Owes balance,Not applicable,Not applicable,No issues
XT-01742,Anchor Agency,Corporate,anchor.agency@mail.com,+2348062943629,Lagos,Nigeria,NGN,2022-08-03,Agency Partner,Not applicable,Not applicable,Not applicable,No issues
XT-01743,Blue Ivy Limited,Corporate,blue.ivy.limited@mail.com,+2348019992109,Lagos,Nigeria,NGN,2021-07-01,Unknown,Not applicable,Not applicable,Not applicable,No issues
XT-01744,Delta Rise Group,Corporate,delta.rise.group@mail.com,Unknown,Abuja,Nigeria,NGN,2023-05-22,Agency Partner,VIP - handle w/ care,Not applicable,Not applicable,phone_invalid_9_digits
XT-01745,Olamide García,Individual,olamide.garcia@outlook.com,+2348033514407,Enugu,Nigeria,NGN,2023-01-10,Agency Partner,Not applicable,Not applicable,Not applicable,No issues
XT-01746,Obsidian Media,Corporate,obsidian.media@yahoo.com,+2348011344609,Ibadan,Nigeria,NGN,2021-04-18,TikTok,Owes balance,Not applicable,Not applicable,No issues
XT-01747,Mango Foods,Corporate,mango.foods@mail.com,Unknown,Lagos,Nigeria,NGN,2023-06-24,Agency Partner,Not applicable,Not applicable,Not applicable,"country_derived_from_city,phone_invalid_9_digits"
XT-01748,Kraft Records,Corporate,kraft.records@company.ng,+2348040830209,Lagos,Nigeria,NGN,2021-12-28,Unknown,invoice to accounts dept,Not applicable,Not applicable,No issues
XT-01749,Delta Rise Foods,Corporate,delta.rise.foods@gmail.com,+2348077298936,Port Harcourt,Nigeria,NGN,2021-12-20,Email,Not applicable,Not applicable,Not applicable,No issues
XT-01750,Grace Chen,Individual,grace.chen@mail.com,Unknown,Abuja,Nigeria,NGN,2022-09-13,Instagram,"Discount agreed, see email",Not applicable,Not applicable,phone_invalid_9_digits
XT-01751,André Mensah,Individual,andre.mensah@gmail.com,+2348069313901,Abuja,Nigeria,NGN,2022-01-06,Email,Not applicable,Not applicable,Not applicable,No issues
XT-01752,Priya Balogun,Individual,Unknown,+2348039646352,Abuja,Nigeria,NGN,2024-01-09,Instagram,Not applicable,Not applicable,Not applicable,city_taken_from_own_bookings
XT-01753,Halima Oyelaran,Individual,halima.oyelaran@mail.com,+2348080932984,Kano,Nigeria,NGN,2023-02-27,Google,Not applicable,Not applicable,Not applicable,No issues
XT-01754,Terra Collective,Corporate,terra.collective@yahoo.com,Unknown,Ibadan,Nigeria,NGN,2023-06-29,Walk-in,Not applicable,Not applicable,Not applicable,phone_invalid_8_digits
XT-01755,Temitope Anyanwu,Individual,temitope.anyanwu@yahoo.com,+2348014428811,Kano,Nigeria,NGN,2023-08-22,Unknown,Not applicable,Not applicable,Not applicable,No issues
XT-01756,Lagoon Brands,Corporate,lagoon.brands@mail.com,Unknown,London,United Kingdom,NGN,2023-10-09,Google,Not applicable,Not applicable,Not applicable,No issues
XT-01757,Kofi Adebayo-Cole,Individual,kofi.adebayo-cole@yahoo.com,Unknown,Lagos,Nigeria,NGN,2023-02-13,Unknown,VIP - handle w/ care,Not applicable,Not applicable,phone_invalid_8_digits
XT-01758,Harmattan Holdings,Corporate,harmattan.holdings@outlook.com,+2348061952762,Unknown,United Arab Emirates,NGN,2022-05-23,Agency Partner,Not applicable,Not applicable,Not applicable,No issues
XT-01759,Delta Rise Limited,Corporate,delta.rise.limited@outlook.com,+2348091756941,Lagos,Nigeria,NGN,2023-05-27,TikTok,Owes balance,Not applicable,Not applicable,country_derived_from_city
XT-01760,Palmwine Studios,Corporate,palmwine.studios@outlook.com,+2348099524147,Johannesburg,South Africa,NGN,2021-10-13,Email,invoice to accounts dept,XT-03760,0.968,No issues
XT-01761,André Müller,Individual,andre.muller@mail.com,+2348024816533,Nairobi,Kenya,NGN,2023-08-16,Unknown,prefers whatsapp,Not applicable,Not applicable,No issues
XT-01762,Wei Ibrahim,Individual,Unknown,+2348021163236,Abuja,Nigeria,NGN,2023-06-11,Agency Partner,invoice to accounts dept,Not applicable,Not applicable,No issues
XT-01763,Grace Ojo,Individual,grace.ojo@outlook.com,+2348076770734,Port Harcourt,Nigeria,NGN,2020-11-04,Unknown,"Repeat client, 3rd project see 2022 folder",Not applicable,Not applicable,city_taken_from_own_bookings
XT-01764,Sahara Limited,Corporate,sahara.limited@gmail.com,+2348069758326,Kano,Nigeria,NGN,2023-12-14,TikTok,do not call before 10am,Not applicable,Not applicable,No issues
XT-01765,Uche Osei,Individual,uche.osei@gmail.com,Unknown,Lagos,Nigeria,NGN,Unknown,Email,do not call before 10am,Not applicable,Not applicable,phone_invalid_9_digits
XT-01766,Halima Farouk,Individual,halima.farouk@mail.com,Unknown,Lagos,Nigeria,NGN,2021-02-20,Google,do not call before 10am,Not applicable,Not applicable,phone_invalid_9_digits
XT-01767,Tunde Sowore,Individual,tunde.sowore@yahoo.com,+2348098320535,Enugu,Nigeria,NGN,2023-11-18,Referral,"Discount agreed, see email",Not applicable,Not applicable,No issues
XT-01768,Emeka Oyelaran,Individual,emeka.oyelaran@outlook.com,Unknown,London,United Kingdom,NGN,2022-05-21,Referral,"Repeat client, 3rd project see 2022 folder",Not applicable,Not applicable,phone_invalid_8_digits
XT-01769,Kraft LTD,Corporate,kraft.ltd@mail.com,+2348059721427,London,United Kingdom,NGN,2022-11-26,Email,do not call before 10am,Not applicable,Not applicable,No issues
XT-01770,Obsidian Brands,Corporate,obsidian.brands@outlook.com,+2348084035170,Port Harcourt,Nigeria,NGN,2022-07-22,Email,"Discount agreed, see email",Not applicable,Not applicable,No issues
XT-01771,Lagoon LTD,Corporate,lagoon.ltd@gmail.com,+2348063934044,Dubai,United Arab Emirates,NGN,2023-06-15,Instagram,"Repeat client, 3rd project see 2022 folder",Not applicable,Not applicable,No issues
XT-01772,Ember Studios,Corporate,ember.studios@yahoo.com,Unknown,Lagos,Nigeria,NGN,2023-07-05,Agency Partner,"Discount agreed, see email",Not applicable,Not applicable,phone_invalid_9_digits
XT-01773,Radiant Telecom,Corporate,radiant.telecom@mail.com,Unknown,Abuja,Nigeria,NGN,2021-11-27,Unknown,"Discount agreed, see email",Not applicable,Not applicable,phone_invalid_9_digits
XT-01774,Obsidian Studios,Corporate,obsidian.studios@company.ng,+2348014599851,Abuja,Nigeria,NGN,2022-12-19,Instagram,invoice to accounts dept,Not applicable,Not applicable,No issues
XT-01775,Delta Rise Bank PLC,Corporate,delta.rise.bank.plc@mail.com,+2348077296308,Johannesburg,South Africa,NGN,2022-10-16,TikTok,prefers whatsapp,Not applicable,Not applicable,No issues
XT-01776,Northline Group,Corporate,northline.group@yahoo.com,+2348090312776,Enugu,Nigeria,NGN,2022-11-14,Instagram,"Discount agreed, see email",Not applicable,Not applicable,city_taken_from_own_bookings
XT-01777,Sahara Studios,Corporate,sahara.studios@mail.com,+2348062825650,Port Harcourt,Nigeria,NGN,2022-12-22,Walk-in,VIP - handle w/ care,Not applicable,Not applicable,No issues
XT-01778,Harmattan LTD,Corporate,harmattan.ltd@yahoo.com,Unknown,Port Harcourt,Nigeria,NGN,2023-01-04,Agency Partner,Not applicable,Not applicable,Not applicable,phone_invalid_9_digits
XT-01779,Harmattan Media,Corporate,harmattan.media@company.ng,+2348025636936,Accra,Ghana,NGN,2021-10-29,Unknown,do not call before 10am,Not applicable,Not applicable,No issues
XT-01780,Radiant Foods,Corporate,radiant.foods@company.ng,+2348042953725,Lagos,Nigeria,NGN,2022-01-16,Unknown,Not applicable,Not applicable,Not applicable,No issues
XT-01781,Lagoon Agency,Corporate,lagoon.agency@mail.com,+2348024144864,Lagos,Nigeria,NGN,2021-06-23,Email,Not applicable,Not applicable,Not applicable,No issues
XT-01782,Uche Balogun,Individual,uche.balogun@outlook.com,+2348048792860,Accra,Ghana,NGN,2021-12-17,Email,Not applicable,Not applicable,Not applicable,No issues
XT-01783,Ember Media,Corporate,ember.media@mail.com,Unknown,Lagos,Nigeria,NGN,2022-01-04,Email,do not call before 10am,Not applicable,Not applicable,phone_invalid_8_digits
XT-01784,Anchor Telecom,Corporate,anchor.telecom@company.ng,+2348032595205,Enugu,Nigeria,NGN,2021-11-25,Instagram,prefers whatsapp,Not applicable,Not applicable,No issues
XT-01785,Bola Okafor,Individual,bola.okafor@mail.com,Unknown,Accra,Ghana,NGN,2022-10-05,Google,VIP - handle w/ care,Not applicable,Not applicable,phone_invalid_9_digits
XT-01786,Kobo Foods,Corporate,kobo.foods@gmail.com,Unknown,Abuja,Nigeria,NGN,2022-05-13,Walk-in,"Discount agreed, see email",Not applicable,Not applicable,phone_invalid_9_digits
XT-01787,Novo NGO,Corporate,novo.ngo@company.ng,Unknown,Lagos,Nigeria,NGN,2023-12-27,Agency Partner,invoice to accounts dept,Not applicable,Not applicable,phone_invalid_9_digits
XT-01788,Bola Anyanwu,Individual,bola.anyanwu@gmail.com,+2348095888462,Abuja,Nigeria,NGN,2021-09-12,Agency Partner,Not applicable,Not applicable,Not applicable,No issues
XT-01789,Delta Rise Collective,Corporate,delta.rise.collective@yahoo.com,+2348074282851,Lagos,Nigeria,NGN,Unknown,Instagram,Not applicable,Not applicable,Not applicable,No issues
XT-01790,Zainab Farouk,Individual,zainab.farouk@gmail.com,Unknown,Lagos,Nigeria,NGN,2022-12-13,Email,invoice to accounts dept,Not applicable,Not applicable,phone_invalid_9_digits
XT-01791,Obsidian Media,Corporate,obsidian.media@mail.com,+2348089129027,Dubai,United Arab Emirates,NGN,2022-07-07,Referral,invoice to accounts dept,Not applicable,Not applicable,No issues
XT-01792,Obsidian Collective,Corporate,obsidian.collective@gmail.com,+2348089825697,Lagos,Nigeria,NGN,2022-10-21,Unknown,Not applicable,Not applicable,Not applicable,No issues
XT-01793,Kraft Media,Corporate,kraft.media@outlook.com,Unknown,Dubai,United Arab Emirates,NGN,2022-06-15,Agency Partner,do not call before 10am,Not applicable,Not applicable,phone_invalid_9_digits
XT-01794,Aisha Olawale,Individual,Unknown,+2348058414832,Lagos,Nigeria,NGN,2020-12-25,Agency Partner,VIP - handle w/ care,Not applicable,Not applicable,client_type_derived_from_name
XT-01795,Björn Chukwu,Individual,bjorn.chukwu@mail.com,Unknown,Lagos,Nigeria,NGN,2021-05-17,Unknown,prefers whatsapp,Not applicable,Not applicable,phone_invalid_9_digits
XT-01796,Halima Mohammed,Individual,halima.mohammed@company.ng,Unknown,Abuja,Nigeria,NGN,2021-09-08,Walk-in,"Discount agreed, see email",Not applicable,Not applicable,phone_invalid_9_digits
XT-01797,Fatima Achebe,Individual,fatima.achebe@mail.com,Unknown,Lagos,Nigeria,NGN,2022-03-16,Referral,Not applicable,Not applicable,Not applicable,No issues
XT-01798,Uche Oyelaran,Individual,uche.oyelaran@outlook.com,+2348036493254,Lagos,Nigeria,NGN,2021-07-22,Google,prefers whatsapp,Not applicable,Not applicable,No issues
XT-01799,Emeka Adeyemi,Individual,emeka.adeyemi@gmail.com,+2348017751293,Port Harcourt,Nigeria,NGN,2021-10-02,Instagram,Not applicable,Not applicable,Not applicable,No issues
XT-01800,Kobo Studios,Corporate,kobo.studios@mail.com,Unknown,Port Harcourt,Nigeria,NGN,2024-01-09,Agency Partner,do not call before 10am,XT-03800,0.957,phone_invalid_9_digits
XT-01801,Femi Dlamini,Individual,femi.dlamini@outlook.com,Unknown,Ibadan,Nigeria,NGN,2022-11-03,Google,"Discount agreed, see email",Not applicable,Not applicable,"city_taken_from_own_bookings,phone_invalid_9_digits"
XT-01802,Anchor Studios,Corporate,anchor.studios@yahoo.com,+2348022591521,Johannesburg,South Africa,NGN,2023-02-05,Agency Partner,Not applicable,Not applicable,Not applicable,city_taken_from_own_bookings
XT-01803,Anchor Holdings,Corporate,anchor.holdings@yahoo.com,Unknown,Enugu,Nigeria,NGN,2022-01-07,Unknown,Not applicable,Not applicable,Not applicable,phone_invalid_9_digits
XT-01804,Novo NGO,Corporate,novo.ngo@gmail.com,Unknown,Lagos,Nigeria,NGN,2022-05-17,Unknown,do not call before 10am,Not applicable,Not applicable,"country_derived_from_city,phone_invalid_9_digits"
XT-01805,Ahmed Mensah,Individual,ahmed.mensah@mail.com,+2348096553935,Nairobi,Kenya,NGN,2021-05-05,Referral,invoice to accounts dept,Not applicable,Not applicable,No issues
XT-01806,Third Mainland Group,Corporate,third.mainland.group@mail.com,Unknown,Port Harcourt,Nigeria,NGN,2022-01-13,Instagram,do not call before 10am,Not applicable,Not applicable,phone_invalid_9_digits
XT-01807,Harmattan NGO,Corporate,harmattan.ngo@outlook.com,+2348027284534,Lagos,Nigeria,NGN,2023-09-01,Referral,VIP - handle w/ care,Not applicable,Not applicable,No issues
XT-01808,Priya Olawale,Individual,priya.olawale@company.ng,+2348059825765,Abuja,Nigeria,NGN,2023-01-06,Walk-in,Not applicable,Not applicable,Not applicable,No issues
XT-01809,Palmwine Agency,Corporate,palmwine.agency@company.ng,Unknown,Lagos,Nigeria,NGN,2021-05-04,Walk-in,"Repeat client, 3rd project see 2022 folder",Not applicable,Not applicable,phone_invalid_9_digits
XT-01810,Grace Müller,Individual,grace.muller@mail.com,Unknown,Johannesburg,South Africa,NGN,2021-06-25,Email,Not applicable,Not applicable,Not applicable,phone_invalid_9_digits
XT-01811,Chioma Bello,Individual,chioma.bello@yahoo.com,+2348054131336,Ibadan,Nigeria,NGN,2021-03-15,Email,Owes balance,XT-03811,0.952,No issues
XT-01812,Delta Rise Studios,Corporate,delta.rise.studios@outlook.com,+2348041316961,Port Harcourt,Nigeria,NGN,2024-10-11,Google,Not applicable,Not applicable,Not applicable,No issues
XT-01813,Mango Bank PLC,Corporate,mango.bank.plc@company.ng,+2348077903971,Lagos,Nigeria,NGN,2021-11-18,Unknown,Not applicable,Not applicable,Not applicable,No issues
XT-01814,Blue Ivy NGO,Corporate,Unknown,+2348065390412,Lagos,Nigeria,NGN,2023-07-18,Instagram,VIP - handle w/ care,Not applicable,Not applicable,No issues
XT-01815,Kraft Media,Corporate,kraft.media@mail.com,+2348063981861,Abuja,Nigeria,NGN,2022-05-13,TikTok,Not applicable,Not applicable,Not applicable,No issues
XT-01816,Cassava Telecom,Corporate,cassava.telecom@yahoo.com,+2348052887555,Abuja,Nigeria,NGN,2024-08-09,Agency Partner,Not applicable,Not applicable,Not applicable,No issues
XT-01817,Adaeze Osei,Individual,adaeze.osei@outlook.com,+2348055156410,Lagos,Nigeria,NGN,2024-02-02,Instagram,Not applicable,Not applicable,Not applicable,No issues
XT-01818,Amaka Eze,Individual,amaka.eze@gmail.com,Unknown,Lagos,Nigeria,NGN,2023-08-07,Referral,Not applicable,Not applicable,Not applicable,No issues
XT-01819,Ember Agency,Corporate,ember.agency@outlook.com,Unknown,Lagos,Nigeria,NGN,2021-10-04,Email,Owes balance,XT-03819,0.957,phone_invalid_9_digits
XT-01820,Sahara Holdings,Corporate,sahara.holdings@mail.com,+2348052361333,Lagos,Nigeria,NGN,2022-04-17,Instagram,do not call before 10am,Not applicable,Not applicable,No issues
XT-01821,Priya Olawale,Individual,priya.olawale@yahoo.com,Unknown,Lagos,Nigeria,NGN,2023-06-01,Referral,Not applicable,Not applicable,Not applicable,phone_invalid_9_digits
XT-01822,Kraft Studios,Corporate,kraft.studios@company.ng,+2348023757738,Atlanta,United States,NGN,2023-01-27,Agency Partner,"Discount agreed, see email",Not applicable,Not applicable,No issues
XT-01823,Emeka Oyelaran,Individual,emeka.oyelaran@company.ng,Unknown,Ibadan,Nigeria,NGN,2024-02-18,Walk-in,Not applicable,Not applicable,Not applicable,"city_taken_from_own_bookings,phone_invalid_8_digits"
XT-01824,Lagoon Foods,Corporate,lagoon.foods@outlook.com,Unknown,Nairobi,Kenya,NGN,2022-05-13,Referral,invoice to accounts dept,Not applicable,Not applicable,"city_taken_from_own_bookings,phone_invalid_9_digits"
XT-01825,Lagoon Limited,Corporate,lagoon.limited@mail.com,Unknown,Abuja,Nigeria,NGN,2024-02-27,Agency Partner,VIP - handle w/ care,Not applicable,Not applicable,No issues
XT-01826,Amaka Ojo,Individual,amaka.ojo@mail.com,+2348014699718,Dubai,United Arab Emirates,NGN,2021-01-13,Email,Not applicable,XT-03826,0.875,No issues
XT-01827,Mango Studios,Corporate,Unknown,Unknown,Lagos,Nigeria,NGN,2022-08-04,Google,"Discount agreed, see email",Not applicable,Not applicable,phone_invalid_9_digits
XT-01828,Thabo Eze,Individual,thabo.eze@company.ng,+2348038222659,Atlanta,United States,NGN,2023-08-24,Instagram,invoice to accounts dept,Not applicable,Not applicable,No issues
XT-01829,Yusuf Chen,Individual,yusuf.chen@yahoo.com,Unknown,Lagos,Nigeria,NGN,2022-09-21,Unknown,"Discount agreed, see email",Not applicable,Not applicable,phone_invalid_8_digits
XT-01830,Kofi García,Individual,kofi.garcia@outlook.com,+2348062062020,Enugu,Nigeria,NGN,2022-11-21,Google,"Discount agreed, see email",Not applicable,Not applicable,No issues
XT-01831,Núria Adebayo-Cole,Individual,nuria.adebayo-cole@gmail.com,+2348083123253,Lagos,Nigeria,NGN,2021-07-19,Referral,Not applicable,Not applicable,Not applicable,No issues
XT-01832,Terra LTD,Corporate,terra.ltd@company.ng,Unknown,Lagos,Nigeria,NGN,2022-08-19,TikTok,do not call before 10am,Not applicable,Not applicable,No issues
XT-01833,Zainab Danjuma,Individual,zainab.danjuma@mail.com,Unknown,London,United Kingdom,NGN,2022-12-25,Unknown,"Repeat client, 3rd project see 2022 folder",Not applicable,Not applicable,phone_invalid_9_digits
XT-01834,Emeka Adeyemi,Individual,emeka.adeyemi@gmail.com,+2348079005467,London,United Kingdom,NGN,2022-02-26,Agency Partner,prefers whatsapp,XT-03834,0.917,No issues
XT-01835,Palmwine Records,Corporate,palmwine.records@company.ng,+2348058811810,Lagos,Nigeria,NGN,2022-11-03,Walk-in,Not applicable,Not applicable,Not applicable,No issues
XT-01836,Obsidian Foods,Corporate,Unknown,+2348031133248,Lagos,Nigeria,NGN,2022-06-15,Referral,Not applicable,Not applicable,Not applicable,No issues
XT-01837,Grace Bello,Individual,grace.bello@company.ng,Unknown,London,United Kingdom,NGN,2021-12-02,Unknown,Not applicable,Not applicable,Not applicable,phone_invalid_9_digits
XT-01838,Bola Olawale,Individual,bola.olawale@mail.com,+2348055909259,Lagos,Nigeria,NGN,2021-03-01,Referral,invoice to accounts dept,XT-03838,0.957,No issues
XT-01839,Mango Records,Corporate,mango.records@gmail.com,+2348018439068,Atlanta,United States,NGN,2022-11-19,Unknown,do not call before 10am,Not applicable,Not applicable,No issues
XT-01840,Chidinma O'Brien,Individual,chidinma.obrien@company.ng,+2348069125617,Lagos,Nigeria,NGN,2021-12-03,Walk-in,"Discount agreed, see email",Not applicable,Not applicable,No issues
XT-01841,Third Mainland Group,Corporate,third.mainland.group@company.ng,+2348061685668,Abuja,Nigeria,NGN,2022-04-18,Google,Not applicable,Not applicable,Not applicable,No issues
XT-01842,Lagoon Records,Corporate,lagoon.records@outlook.com,Unknown,Lagos,Nigeria,NGN,2021-06-22,Agency Partner,invoice to accounts dept,Not applicable,Not applicable,"country_derived_from_city,phone_invalid_9_digits"
XT-01843,Harmattan Agency,Corporate,harmattan.agency@yahoo.com,+2348082183220,Port Harcourt,Nigeria,NGN,2024-04-14,Unknown,invoice to accounts dept,Not applicable,Not applicable,No issues
XT-01844,Kraft Collective,Corporate,kraft.collective@company.ng,+2348037395887,Abuja,Nigeria,NGN,2023-07-25,Referral,Owes balance,Not applicable,Not applicable,No issues
XT-01845,Novo NGO,Corporate,novo.ngo@gmail.com,Unknown,Lagos,Nigeria,NGN,2022-08-07,Instagram,Not applicable,Not applicable,Not applicable,phone_invalid_8_digits
XT-01846,Musa Anyanwu,Individual,musa.anyanwu@yahoo.com,+2348031444381,Unknown,United Kingdom,NGN,2022-06-06,Agency Partner,Not applicable,Not applicable,Not applicable,No issues
XT-01847,Harmattan Agency,Corporate,harmattan.agency@yahoo.com,Unknown,Kano,Nigeria,NGN,2023-12-09,TikTok,Not applicable,Not applicable,Not applicable,No issues
XT-01848,Obinna Bello,Individual,obinna.bello@yahoo.com,+2348067035082,Port Harcourt,Nigeria,NGN,2023-07-21,Walk-in,Not applicable,Not applicable,Not applicable,city_taken_from_own_bookings
XT-01849,Palmwine Telecom,Corporate,palmwine.telecom@outlook.com,Unknown,Lagos,Nigeria,NGN,2024-05-04,Agency Partner,"Repeat client, 3rd project see 2022 folder",Not applicable,Not applicable,phone_invalid_8_digits
XT-01850,José Adebayo-Cole,Individual,jose.adebayo-cole@company.ng,+2348089676820,Lagos,Nigeria,NGN,2023-03-18,Agency Partner,Not applicable,Not applicable,Not applicable,No issues
XT-01851,Silverbird Bank PLC,Corporate,silverbird.bank.plc@yahoo.com,+2348085034814,Lagos,Nigeria,NGN,2023-06-28,Walk-in,Not applicable,Not applicable,Not applicable,No issues
XT-01852,Wei Adeyemi,Individual,wei.adeyemi@mail.com,+2348047671017,Unknown,Nigeria,NGN,2024-02-06,Google,invoice to accounts dept,Not applicable,Not applicable,No issues
XT-01853,Sahara LTD,Corporate,sahara.ltd@company.ng,Unknown,Lagos,Nigeria,NGN,2021-04-27,Unknown,Not applicable,Not applicable,Not applicable,phone_invalid_9_digits
XT-01854,Kraft NGO,Corporate,kraft.ngo@gmail.com,Unknown,Lagos,Nigeria,NGN,2023-01-13,Agency Partner,Not applicable,Not applicable,Not applicable,"client_type_derived_from_name,phone_invalid_9_digits"
XT-01855,Olamide Dlamini,Individual,olamide.dlamini@mail.com,+2348020347350,Enugu,Nigeria,NGN,2022-10-09,Google,Not applicable,Not applicable,Not applicable,No issues
XT-01856,Femi O'Brien,Individual,Unknown,+2348063866785,Ibadan,Nigeria,NGN,2022-11-10,Email,Not applicable,Not applicable,Not applicable,No issues
XT-01857,Novo Collective,Corporate,novo.collective@yahoo.com,Unknown,Lagos,Nigeria,NGN,2023-01-20,Email,"Repeat client, 3rd project see 2022 folder",Not applicable,Not applicable,country_derived_from_city
XT-01858,Zenith LTD,Corporate,zenith.ltd@gmail.com,+2348060903431,Lagos,Nigeria,NGN,2022-06-06,Unknown,Not applicable,Not applicable,Not applicable,No issues
XT-01859,Northline Foods,Corporate,northline.foods@mail.com,+2348049408605,Lagos,Nigeria,NGN,2021-12-20,Email,Owes balance,Not applicable,Not applicable,No issues
XT-01860,Wei Abiola,Individual,wei.abiola@outlook.com,+2348028841085,Abuja,Nigeria,NGN,2023-12-03,Email,Not applicable,Not applicable,Not applicable,No issues
XT-01861,Novo LTD,Corporate,novo.ltd@outlook.com,Unknown,Lagos,Nigeria,NGN,2021-08-06,Walk-in,Not applicable,Not applicable,Not applicable,No issues
XT-01862,Marcus Adeyemi,Individual,marcus.adeyemi@company.ng,Unknown,Kano,Nigeria,NGN,2022-01-03,Email,VIP - handle w/ care,Not applicable,Not applicable,phone_invalid_8_digits
XT-01863,Sióbhan Eze,Individual,siobhan.eze@gmail.com,+2348050385537,Port Harcourt,Nigeria,NGN,2023-08-07,Instagram,do not call before 10am,Not applicable,Not applicable,No issues
XT-01864,Delta Rise Bank PLC,Corporate,delta.rise.bank.plc@yahoo.com,Unknown,Lagos,Nigeria,NGN,2024-03-14,TikTok,"Repeat client, 3rd project see 2022 folder",XT-03864,1.0,phone_invalid_9_digits
XT-01865,André O'Brien,Individual,andre.obrien@company.ng,+2348040455596,Lagos,Nigeria,NGN,2022-07-23,Email,VIP - handle w/ care,Not applicable,Not applicable,No issues
XT-01866,Terra Studios,Corporate,terra.studios@gmail.com,+2348041409384,Port Harcourt,Nigeria,NGN,2022-07-30,Google,Not applicable,Not applicable,Not applicable,No issues
XT-01867,Delta Rise Bank PLC,Corporate,delta.rise.bank.plc@gmail.com,+2348096841356,Abuja,Nigeria,NGN,2022-11-29,Walk-in,invoice to accounts dept,Not applicable,Not applicable,No issues
XT-01868,Terra Limited,Corporate,terra.limited@mail.com,+2348041637190,Accra,Ghana,NGN,2023-08-10,Google,"Discount agreed, see email",XT-03868,0.957,No issues
XT-01869,Sahara Agency,Corporate,sahara.agency@gmail.com,Unknown,Abuja,Nigeria,NGN,2023-12-06,Referral,invoice to accounts dept,Not applicable,Not applicable,client_type_derived_from_name
XT-01870,Sahara Brands,Corporate,sahara.brands@outlook.com,+2348076954835,Lagos,Nigeria,NGN,2023-05-16,Email,invoice to accounts dept,Not applicable,Not applicable,No issues
XT-01871,Mango Telecom,Corporate,mango.telecom@mail.com,Unknown,Johannesburg,South Africa,NGN,2024-05-12,Unknown,Owes balance,Not applicable,Not applicable,No issues
XT-01872,Musa Achebe,Individual,musa.achebe@gmail.com,+2348070455732,Ibadan,Nigeria,NGN,2021-05-16,Referral,invoice to accounts dept,Not applicable,Not applicable,No issues
XT-01873,Fatima Ojo,Individual,fatima.ojo@outlook.com,+2348053485841,Lagos,Nigeria,NGN,2022-04-02,Google,prefers whatsapp,Not applicable,Not applicable,No issues
XT-01874,Ahmed Anyanwu,Individual,ahmed.anyanwu@mail.com,Unknown,Johannesburg,South Africa,NGN,2022-11-27,TikTok,Not applicable,Not applicable,Not applicable,No issues
XT-01875,Delta Rise LTD,Corporate,delta.rise.ltd@outlook.com,Unknown,Lagos,Nigeria,NGN,2023-03-10,Walk-in,"Discount agreed, see email",Not applicable,Not applicable,phone_invalid_9_digits
XT-01876,Elena Achebe,Individual,elena.achebe@outlook.com,Unknown,Johannesburg,South Africa,NGN,2021-12-30,Agency Partner,Not applicable,Not applicable,Not applicable,phone_invalid_8_digits
XT-01877,José Olawale,Individual,jose.olawale@yahoo.com,Unknown,Johannesburg,South Africa,NGN,2022-11-04,TikTok,Not applicable,Not applicable,Not applicable,phone_invalid_9_digits
XT-01878,Chidinma Achebe,Individual,chidinma.achebe@company.ng,Unknown,Johannesburg,South Africa,NGN,2022-04-14,Instagram,Not applicable,Not applicable,Not applicable,phone_invalid_9_digits
XT-01879,Delta Rise Limited,Corporate,delta.rise.limited@mail.com,+2348054921085,Lagos,Nigeria,NGN,2022-07-25,Unknown,invoice to accounts dept,Not applicable,Not applicable,No issues
XT-01880,Anchor NGO,Corporate,anchor.ngo@gmail.com,+2348077519294,Lagos,Nigeria,NGN,2023-04-11,Walk-in,Not applicable,Not applicable,Not applicable,No issues
XT-01881,Palmwine Collective,Corporate,palmwine.collective@mail.com,+2348083362826,Unknown,Nigeria,NGN,2021-05-10,Agency Partner,"Repeat client, 3rd project see 2022 folder",Not applicable,Not applicable,No issues
XT-01882,Third Mainland Foods,Corporate,third.mainland.foods@mail.com,+2348022871261,Port Harcourt,Nigeria,NGN,2022-08-10,Walk-in,VIP - handle w/ care,Not applicable,Not applicable,No issues
XT-01883,Cassava Studios,Corporate,cassava.studios@yahoo.com,Unknown,Enugu,Nigeria,NGN,Unknown,Google,do not call before 10am,Not applicable,Not applicable,No issues
XT-01884,Thabo Ojo,Individual,thabo.ojo@company.ng,+2348072077091,Lagos,Nigeria,NGN,2023-05-27,Instagram,"Discount agreed, see email",XT-03884,0.933,No issues
XT-01885,Sade Bello,Individual,sade.bello@outlook.com,Unknown,Abuja,Nigeria,NGN,2021-04-27,Agency Partner,do not call before 10am,Not applicable,Not applicable,phone_invalid_8_digits
XT-01886,Sade Smith,Individual,sade.smith@mail.com,+2348015601718,Lagos,Nigeria,NGN,2021-08-12,Agency Partner,"Discount agreed, see email",Not applicable,Not applicable,No issues
XT-01887,Northline Collective,Corporate,northline.collective@company.ng,Unknown,Lagos,Nigeria,NGN,2023-02-16,Email,Not applicable,Not applicable,Not applicable,phone_invalid_8_digits
XT-01888,Kofi Abiola,Individual,kofi.abiola@mail.com,+2348081711366,Lagos,Nigeria,NGN,2021-01-07,Google,"Repeat client, 3rd project see 2022 folder",Not applicable,Not applicable,conflicting_values:phone
XT-01889,Delta Rise Holdings,Corporate,delta.rise.holdings@mail.com,Unknown,Lagos,Nigeria,NGN,2021-05-03,TikTok,Not applicable,Not applicable,Not applicable,"country_derived_from_city,phone_invalid_9_digits"
XT-01890,Daniel Balogun,Individual,daniel.balogun@company.ng,+2348057528041,Dubai,United Arab Emirates,NGN,2021-10-09,Agency Partner,Not applicable,Not applicable,Not applicable,No issues
XT-01891,Musa Ojo,Individual,Unknown,Unknown,Port Harcourt,Nigeria,NGN,2023-11-24,Email,VIP - handle w/ care,Not applicable,Not applicable,"city_taken_from_own_bookings,phone_invalid_9_digits"
XT-01892,Mango Collective,Corporate,Unknown,Unknown,Abuja,Nigeria,NGN,2022-10-15,Walk-in,do not call before 10am,Not applicable,Not applicable,phone_invalid_9_digits
XT-01893,Temitope Ibrahim,Individual,temitope.ibrahim@outlook.com,Unknown,Kano,Nigeria,NGN,2022-10-17,Unknown,Not applicable,Not applicable,Not applicable,No issues
XT-01894,Chidinma Ojo,Individual,chidinma.ojo@company.ng,Unknown,Lagos,Nigeria,NGN,2022-07-29,Unknown,"Discount agreed, see email",XT-03894,1.0,No issues
XT-01895,Bola Olawale,Individual,bola.olawale@gmail.com,+2348023869954,Lagos,Nigeria,NGN,2023-07-04,Email,"Repeat client, 3rd project see 2022 folder",Not applicable,Not applicable,No issues
XT-01896,Cassava Bank PLC,Corporate,cassava.bank.plc@outlook.com,+2348062686955,Kano,Nigeria,NGN,2023-01-17,Walk-in,Owes balance,Not applicable,Not applicable,No issues
XT-01897,Novo Group,Corporate,novo.group@outlook.com,+2348034755000,Lagos,Nigeria,NGN,2023-03-29,TikTok,VIP - handle w/ care,Not applicable,Not applicable,No issues
XT-01898,Silverbird Telecom,Corporate,Unknown,+2348054498727,Atlanta,United States,NGN,2022-11-27,Email,Not applicable,Not applicable,Not applicable,No issues
XT-01899,Segun Adeyemi,Individual,segun.adeyemi@gmail.com,+2348086455632,Lagos,Nigeria,NGN,2023-04-03,Referral,invoice to accounts dept,Not applicable,Not applicable,No issues
XT-01900,Halima Okafor,Individual,halima.okafor@yahoo.com,Unknown,Lagos,Nigeria,NGN,2022-08-26,Google,do not call before 10am,Not applicable,Not applicable,"client_type_derived_from_name,phone_invalid_9_digits"
