rate_date,from_currency,to_currency,rate,is_filled,source_rate_date,is_corrected,original_rate
2023-01-01,EUR,NGN,508.9167,True,2023-01-02,False,508.9167
2023-01-02,EUR,NGN,508.9167,False,2023-01-02,False,508.9167
2023-01-03,EUR,NGN,505.8,False,2023-01-03,False,505.8
2023-01-04,EUR,NGN,502.2919,False,2023-01-04,False,502.2919
2023-01-05,EUR,NGN,504.27,False,2023-01-05,False,504.27
2023-01-06,EUR,NGN,507.3,False,2023-01-06,False,507.3
2023-01-07,EUR,NGN,507.3,True,2023-01-06,False,507.3
2023-01-08,EUR,NGN,507.3,True,2023-01-06,False,507.3
2023-01-09,EUR,NGN,503.53,False,2023-01-09,False,503.53
2023-01-10,EUR,NGN,500.9,False,2023-01-10,False,500.9
2023-01-11,EUR,NGN,500.9,True,2023-01-10,False,500.9
2023-01-12,EUR,NGN,505.3437,False,2023-01-12,False,505.3437
2023-01-13,EUR,NGN,507.63,False,2023-01-13,False,507.63
2023-01-14,EUR,NGN,507.63,True,2023-01-13,False,507.63
2023-01-15,EUR,NGN,507.63,True,2023-01-13,False,507.63
2023-01-16,EUR,NGN,515.4522,False,2023-01-16,False,515.4522
2023-01-17,EUR,NGN,515.1055,False,2023-01-17,False,515.1055
2023-01-18,EUR,NGN,518.0214,False,2023-01-18,False,518.0214
2023-01-19,EUR,NGN,517.8654,False,2023-01-19,False,517.8654
2023-01-20,EUR,NGN,517.89,False,2023-01-20,False,517.89
2023-01-21,EUR,NGN,517.89,True,2023-01-20,False,517.89
2023-01-22,EUR,NGN,517.89,True,2023-01-20,False,517.89
2023-01-23,EUR,NGN,516.3721,False,2023-01-23,False,516.3721
2023-01-24,EUR,NGN,517.79,False,2023-01-24,False,517.79
2023-01-25,EUR,NGN,521.5866,False,2023-01-25,False,521.5866
2023-01-26,EUR,NGN,522.806,False,2023-01-26,False,522.806
2023-01-27,EUR,NGN,524.522,False,2023-01-27,False,524.522
2023-01-28,EUR,NGN,524.522,True,2023-01-27,False,524.522
2023-01-29,EUR,NGN,524.522,True,2023-01-27,False,524.522
2023-01-30,EUR,NGN,531.98,False,2023-01-30,False,531.98
2023-01-31,EUR,NGN,534.19,False,2023-01-31,False,534.19
2023-02-01,EUR,NGN,534.19,True,2023-01-31,False,534.19
2023-02-02,EUR,NGN,540.3105,False,2023-02-02,False,540.3105
2023-02-03,EUR,NGN,538.61,False,2023-02-03,False,538.61
2023-02-04,EUR,NGN,538.61,True,2023-02-03,False,538.61
2023-02-05,EUR,NGN,538.61,True,2023-02-03,False,538.61
2023-02-06,EUR,NGN,538.09,False,2023-02-06,False,538.09
2023-02-07,EUR,NGN,533.1252,False,2023-02-07,False,533.1252
2023-02-08,EUR,NGN,528.7473,False,2023-02-08,False,528.7473
2023-02-09,EUR,NGN,533.2301,False,2023-02-09,False,533.2301
2023-02-10,EUR,NGN,533.2301,True,2023-02-09,False,533.2301
2023-02-11,EUR,NGN,533.2301,True,2023-02-09,False,533.2301
2023-02-12,EUR,NGN,533.2301,True,2023-02-09,False,533.2301
2023-02-13,EUR,NGN,533.2301,True,2023-02-09,False,533.2301
2023-02-14,EUR,NGN,545.381,False,2023-02-14,False,545.381
2023-02-15,EUR,NGN,540.68,False,2023-02-15,False,540.68
2023-02-16,EUR,NGN,543.8701,False,2023-02-16,False,543.8701
2023-02-17,EUR,NGN,553.291,False,2023-02-17,False,553.291
2023-02-18,EUR,NGN,553.291,True,2023-02-17,False,553.291
2023-02-19,EUR,NGN,553.291,True,2023-02-17,False,553.291
2023-02-20,EUR,NGN,555.35,False,2023-02-20,False,555.35
2023-02-21,EUR,NGN,558.3629,False,2023-02-21,False,558.3629
2023-02-22,EUR,NGN,556.0819,False,2023-02-22,False,556.0819
2023-02-23,EUR,NGN,557.53,False,2023-02-23,False,557.53
2023-02-24,EUR,NGN,559.0508,False,2023-02-24,False,559.0508
2023-02-25,EUR,NGN,559.0508,True,2023-02-24,False,559.0508
2023-02-26,EUR,NGN,559.0508,True,2023-02-24,False,559.0508
2023-02-27,EUR,NGN,559.0508,True,2023-02-24,False,559.0508
2023-02-28,EUR,NGN,553.55,False,2023-02-28,False,553.55
2023-03-01,EUR,NGN,554.08,False,2023-03-01,False,554.08
2023-03-02,EUR,NGN,555.5628,False,2023-03-02,False,555.5628
2023-03-03,EUR,NGN,557.4202,False,2023-03-03,False,557.4202
2023-03-04,EUR,NGN,557.4202,True,2023-03-03,False,557.4202
2023-03-05,EUR,NGN,557.4202,True,2023-03-03,False,557.4202
2023-03-06,EUR,NGN,562.0364,False,2023-03-06,False,562.0364
2023-03-07,EUR,NGN,560.65,False,2023-03-07,False,560.65
2023-03-08,EUR,NGN,559.39,False,2023-03-08,False,559.39
2023-03-09,EUR,NGN,566.2001,False,2023-03-09,False,566.2001
2023-03-10,EUR,NGN,564.0928,False,2023-03-10,False,564.0928
2023-03-11,EUR,NGN,564.0928,True,2023-03-10,False,564.0928
2023-03-12,EUR,NGN,564.0928,True,2023-03-10,False,564.0928
2023-03-13,EUR,NGN,567.3244,False,2023-03-13,False,567.3244
2023-03-14,EUR,NGN,571.3098,False,2023-03-14,False,571.3098
2023-03-15,EUR,NGN,570.8541,False,2023-03-15,False,570.8541
2023-03-16,EUR,NGN,572.34,False,2023-03-16,False,572.34
2023-03-17,EUR,NGN,571.19,False,2023-03-17,False,571.19
2023-03-18,EUR,NGN,571.19,True,2023-03-17,False,571.19
2023-03-19,EUR,NGN,571.19,True,2023-03-17,False,571.19
2023-03-20,EUR,NGN,582.0399,False,2023-03-20,False,582.0399
2023-03-21,EUR,NGN,582.0399,True,2023-03-20,False,582.0399
2023-03-22,EUR,NGN,573.6884,False,2023-03-22,False,573.6884
2023-03-23,EUR,NGN,572.0263,False,2023-03-23,False,572.0263
2023-03-24,EUR,NGN,572.0263,True,2023-03-23,False,572.0263
2023-03-25,EUR,NGN,572.0263,True,2023-03-23,False,572.0263
2023-03-26,EUR,NGN,572.0263,True,2023-03-23,False,572.0263
2023-03-27,EUR,NGN,577.13,False,2023-03-27,False,577.13
2023-03-28,EUR,NGN,577.2428,False,2023-03-28,False,577.2428
2023-03-29,EUR,NGN,575.8674,False,2023-03-29,False,575.8674
2023-03-30,EUR,NGN,573.088,False,2023-03-30,True,5730.88
2023-03-31,EUR,NGN,575.28,False,2023-03-31,False,575.28
2023-04-01,EUR,NGN,575.28,True,2023-03-31,False,575.28
2023-04-02,EUR,NGN,575.28,True,2023-03-31,False,575.28
2023-04-03,EUR,NGN,573.7904,False,2023-04-03,False,573.7904
2023-04-04,EUR,NGN,578.574,False,2023-04-04,False,578.574
2023-04-05,EUR,NGN,577.05,False,2023-04-05,False,577.05
2023-04-06,EUR,NGN,572.53,False,2023-04-06,False,572.53
2023-04-07,EUR,NGN,572.53,True,2023-04-06,False,572.53
2023-04-08,EUR,NGN,572.53,True,2023-04-06,False,572.53
2023-04-09,EUR,NGN,572.53,True,2023-04-06,False,572.53
2023-04-10,EUR,NGN,577.2222,False,2023-04-10,False,577.2222
2023-04-11,EUR,NGN,580.6,False,2023-04-11,False,580.6
2023-04-12,EUR,NGN,576.4595,False,2023-04-12,False,576.4595
2023-04-13,EUR,NGN,572.5024,False,2023-04-13,False,572.5024
2023-04-14,EUR,NGN,571.3641,False,2023-04-14,False,571.3641
2023-04-15,EUR,NGN,571.3641,True,2023-04-14,False,571.3641
2023-04-16,EUR,NGN,571.3641,True,2023-04-14,False,571.3641
2023-04-17,EUR,NGN,578.5623,False,2023-04-17,False,578.5623
2023-04-18,EUR,NGN,579.577,False,2023-04-18,False,579.577
2023-04-19,EUR,NGN,575.9878,False,2023-04-19,False,575.9878
2023-04-20,EUR,NGN,579.08,False,2023-04-20,False,579.08
2023-04-21,EUR,NGN,577.08,False,2023-04-21,False,577.08
2023-04-22,EUR,NGN,577.08,True,2023-04-21,False,577.08
2023-04-23,EUR,NGN,577.08,True,2023-04-21,False,577.08
2023-04-24,EUR,NGN,567.389,False,2023-04-24,False,567.389
2023-04-25,EUR,NGN,568.8698,False,2023-04-25,False,568.8698
2023-04-26,EUR,NGN,571.589,False,2023-04-26,False,571.589
2023-04-27,EUR,NGN,575.6739,False,2023-04-27,False,575.6739
2023-04-28,EUR,NGN,575.301,False,2023-04-28,False,575.301
2023-04-29,EUR,NGN,575.301,True,2023-04-28,False,575.301
2023-04-30,EUR,NGN,575.301,True,2023-04-28,False,575.301
2023-05-01,EUR,NGN,573.9443,False,2023-05-01,False,573.9443
2023-05-02,EUR,NGN,573.9443,True,2023-05-01,False,573.9443
2023-05-03,EUR,NGN,582.52,False,2023-05-03,False,582.52
2023-05-04,EUR,NGN,589.0949,False,2023-05-04,False,589.0949
2023-05-05,EUR,NGN,586.31,False,2023-05-05,False,586.31
2023-05-06,EUR,NGN,586.31,True,2023-05-05,False,586.31
2023-05-07,EUR,NGN,586.31,True,2023-05-05,False,586.31
2023-05-08,EUR,NGN,593.94,False,2023-05-08,False,593.94
2023-05-09,EUR,NGN,597.09,False,2023-05-09,False,597.09
2023-05-10,EUR,NGN,597.09,True,2023-05-09,False,597.09
2023-05-11,EUR,NGN,597.9755,False,2023-05-11,False,597.9755
2023-05-12,EUR,NGN,602.86,False,2023-05-12,False,602.86
2023-05-13,EUR,NGN,602.86,True,2023-05-12,False,602.86
2023-05-14,EUR,NGN,602.86,True,2023-05-12,False,602.86
2023-05-15,EUR,NGN,615.2394,False,2023-05-15,False,615.2394
2023-05-16,EUR,NGN,613.6482,False,2023-05-16,False,613.6482
2023-05-17,EUR,NGN,612.8577,False,2023-05-17,False,612.8577
2023-05-18,EUR,NGN,614.7238,False,2023-05-18,False,614.7238
2023-05-19,EUR,NGN,614.4936,False,2023-05-19,False,614.4936
2023-05-20,EUR,NGN,614.4936,True,2023-05-19,False,614.4936
2023-05-21,EUR,NGN,614.4936,True,2023-05-19,False,614.4936
2023-05-22,EUR,NGN,622.3156,False,2023-05-22,False,622.3156
2023-05-23,EUR,NGN,620.6619,False,2023-05-23,False,620.6619
2023-05-24,EUR,NGN,626.4508,False,2023-05-24,False,626.4508
2023-05-25,EUR,NGN,631.4,False,2023-05-25,False,631.4
2023-05-26,EUR,NGN,628.4,False,2023-05-26,False,628.4
2023-05-27,EUR,NGN,628.4,True,2023-05-26,False,628.4
2023-05-28,EUR,NGN,628.4,True,2023-05-26,False,628.4
2023-05-29,EUR,NGN,642.9028,False,2023-05-29,False,642.9028
2023-05-30,EUR,NGN,642.9028,True,2023-05-29,False,642.9028
2023-05-31,EUR,NGN,645.74,False,2023-05-31,False,645.74
2023-06-01,EUR,NGN,650.2858,False,2023-06-01,False,650.2858
2023-06-02,EUR,NGN,654.5058,False,2023-06-02,False,654.5058
2023-06-03,EUR,NGN,654.5058,True,2023-06-02,False,654.5058
2023-06-04,EUR,NGN,654.5058,True,2023-06-02,False,654.5058
2023-06-05,EUR,NGN,664.58,False,2023-06-05,False,664.58
2023-06-06,EUR,NGN,664.58,True,2023-06-05,False,664.58
2023-06-07,EUR,NGN,664.3672,False,2023-06-07,False,664.3672
2023-06-08,EUR,NGN,663.45,False,2023-06-08,False,663.45
2023-06-09,EUR,NGN,665.5744,False,2023-06-09,False,665.5744
2023-06-10,EUR,NGN,665.5744,True,2023-06-09,False,665.5744
2023-06-11,EUR,NGN,665.5744,True,2023-06-09,False,665.5744
2023-06-12,EUR,NGN,664.6693,False,2023-06-12,False,664.6693
2023-06-13,EUR,NGN,670.5538,False,2023-06-13,False,670.5538
2023-06-14,EUR,NGN,1086.297,False,2023-06-14,True,10862.97
2023-06-15,EUR,NGN,1098.93,False,2023-06-15,False,1098.93
2023-06-16,EUR,NGN,1107.7767,False,2023-06-16,False,1107.7767
2023-06-17,EUR,NGN,1107.7767,True,2023-06-16,False,1107.7767
2023-06-18,EUR,NGN,1107.7767,True,2023-06-16,False,1107.7767
2023-06-19,EUR,NGN,1110.64,False,2023-06-19,False,1110.64
2023-06-20,EUR,NGN,1108.59,False,2023-06-20,False,1108.59
2023-06-21,EUR,NGN,1113.9221,False,2023-06-21,False,1113.9221
2023-06-22,EUR,NGN,1118.1653,False,2023-06-22,False,1118.1653
2023-06-23,EUR,NGN,1114.42,False,2023-06-23,False,1114.42
2023-06-24,EUR,NGN,1114.42,True,2023-06-23,False,1114.42
2023-06-25,EUR,NGN,1114.42,True,2023-06-23,False,1114.42
2023-06-26,EUR,NGN,1093.5453,False,2023-06-26,False,1093.5453
2023-06-27,EUR,NGN,1102.28,False,2023-06-27,False,1102.28
2023-06-28,EUR,NGN,1102.7249,False,2023-06-28,False,1102.7249
2023-06-29,EUR,NGN,1113.6599,False,2023-06-29,False,1113.6599
2023-06-30,EUR,NGN,1105.2555,False,2023-06-30,False,1105.2555
2023-07-01,EUR,NGN,1105.2555,True,2023-06-30,False,1105.2555
2023-07-02,EUR,NGN,1105.2555,True,2023-06-30,False,1105.2555
2023-07-03,EUR,NGN,1081.1821,False,2023-07-03,False,1081.1821
2023-07-04,EUR,NGN,1078.9851,False,2023-07-04,False,1078.9851
2023-07-05,EUR,NGN,1080.5372,False,2023-07-05,False,1080.5372
2023-07-06,EUR,NGN,1082.6796,False,2023-07-06,False,1082.6796
2023-07-07,EUR,NGN,1082.6796,True,2023-07-06,False,1082.6796
2023-07-08,EUR,NGN,1082.6796,True,2023-07-06,False,1082.6796
2023-07-09,EUR,NGN,1082.6796,True,2023-07-06,False,1082.6796
2023-07-10,EUR,NGN,1064.6508,False,2023-07-10,False,1064.6508
2023-07-11,EUR,NGN,1055.2741,False,2023-07-11,False,1055.2741
2023-07-12,EUR,NGN,1062.011,False,2023-07-12,False,1062.011
2023-07-13,EUR,NGN,1053.7664,False,2023-07-13,False,1053.7664
2023-07-14,EUR,NGN,1054.4195,False,2023-07-14,False,1054.4195
2023-07-15,EUR,NGN,1054.4195,True,2023-07-14,False,1054.4195
2023-07-16,EUR,NGN,1054.4195,True,2023-07-14,False,1054.4195
2023-07-17,EUR,NGN,1062.6905,False,2023-07-17,False,1062.6905
2023-07-18,EUR,NGN,1059.6,False,2023-07-18,False,1059.6
2023-07-19,EUR,NGN,1055.11,False,2023-07-19,False,1055.11
2023-07-20,EUR,NGN,1057.14,False,2023-07-20,False,1057.14
2023-07-21,EUR,NGN,1065.96,False,2023-07-21,False,1065.96
2023-07-22,EUR,NGN,1065.96,True,2023-07-21,False,1065.96
2023-07-23,EUR,NGN,1065.96,True,2023-07-21,False,1065.96
2023-07-24,EUR,NGN,1085.09,False,2023-07-24,False,1085.09
2023-07-25,EUR,NGN,1086.8109,False,2023-07-25,False,1086.8109
2023-07-26,EUR,NGN,1086.34,False,2023-07-26,False,1086.34
2023-07-27,EUR,NGN,1093.6342,False,2023-07-27,False,1093.6342
2023-07-28,EUR,NGN,1096.36,False,2023-07-28,False,1096.36
2023-07-29,EUR,NGN,1096.36,True,2023-07-28,False,1096.36
2023-07-30,EUR,NGN,1096.36,True,2023-07-28,False,1096.36
2023-07-31,EUR,NGN,1092.15,False,2023-07-31,False,1092.15
2023-08-01,EUR,NGN,1086.5614,False,2023-08-01,False,1086.5614
2023-08-02,EUR,NGN,1091.4875,False,2023-08-02,False,1091.4875
2023-08-03,EUR,NGN,1107.7603,False,2023-08-03,False,1107.7603
2023-08-04,EUR,NGN,1107.7603,True,2023-08-03,False,1107.7603
2023-08-05,EUR,NGN,1107.7603,True,2023-08-03,False,1107.7603
2023-08-06,EUR,NGN,1107.7603,True,2023-08-03,False,1107.7603
2023-08-07,EUR,NGN,1129.08,False,2023-08-07,False,1129.08
2023-08-08,EUR,NGN,1133.7958,False,2023-08-08,False,1133.7958
2023-08-09,EUR,NGN,1137.07,False,2023-08-09,False,1137.07
2023-08-10,EUR,NGN,1136.4695,False,2023-08-10,False,1136.4695
2023-08-11,EUR,NGN,1147.28,False,2023-08-11,False,1147.28
2023-08-12,EUR,NGN,1147.28,True,2023-08-11,False,1147.28
2023-08-13,EUR,NGN,1147.28,True,2023-08-11,False,1147.28
2023-08-14,EUR,NGN,1147.28,True,2023-08-11,False,1147.28
2023-08-15,EUR,NGN,1170.9376,False,2023-08-15,False,1170.9376
2023-08-16,EUR,NGN,1168.203,False,2023-08-16,False,1168.203
2023-08-17,EUR,NGN,1169.42,False,2023-08-17,False,1169.42
2023-08-18,EUR,NGN,1164.7312,False,2023-08-18,False,1164.7312
2023-08-19,EUR,NGN,1164.7312,True,2023-08-18,False,1164.7312
2023-08-20,EUR,NGN,1164.7312,True,2023-08-18,False,1164.7312
2023-08-21,EUR,NGN,1163.6648,False,2023-08-21,False,1163.6648
2023-08-22,EUR,NGN,1169.8231,False,2023-08-22,False,1169.8231
2023-08-23,EUR,NGN,1160.6713,False,2023-08-23,False,1160.6713
2023-08-24,EUR,NGN,1161.0834,False,2023-08-24,False,1161.0834
2023-08-25,EUR,NGN,1161.0834,True,2023-08-24,False,1161.0834
2023-08-26,EUR,NGN,1161.0834,True,2023-08-24,False,1161.0834
2023-08-27,EUR,NGN,1161.0834,True,2023-08-24,False,1161.0834
2023-08-28,EUR,NGN,1170.915,False,2023-08-28,False,1170.915
2023-08-29,EUR,NGN,1165.67,False,2023-08-29,False,1165.67
2023-08-30,EUR,NGN,1170.13,False,2023-08-30,False,1170.13
2023-08-31,EUR,NGN,1176.96,False,2023-08-31,False,1176.96
2023-09-01,EUR,NGN,1175.705,False,2023-09-01,False,1175.705
2023-09-02,EUR,NGN,1175.705,True,2023-09-01,False,1175.705
2023-09-03,EUR,NGN,1175.705,True,2023-09-01,False,1175.705
2023-09-04,EUR,NGN,1177.1579,False,2023-09-04,False,1177.1579
2023-09-05,EUR,NGN,1182.7386,False,2023-09-05,False,1182.7386
2023-09-06,EUR,NGN,1189.33,False,2023-09-06,False,1189.33
2023-09-07,EUR,NGN,1203.9925,False,2023-09-07,False,1203.9925
2023-09-08,EUR,NGN,1214.665,False,2023-09-08,False,1214.665
2023-09-09,EUR,NGN,1214.665,True,2023-09-08,False,1214.665
2023-09-10,EUR,NGN,1214.665,True,2023-09-08,False,1214.665
2023-09-11,EUR,NGN,1232.6217,False,2023-09-11,False,1232.6217
2023-09-12,EUR,NGN,1227.1205,False,2023-09-12,False,1227.1205
2023-09-13,EUR,NGN,1219.8012,False,2023-09-13,False,1219.8012
2023-09-14,EUR,NGN,1217.4359,False,2023-09-14,False,1217.4359
2023-09-15,EUR,NGN,1217.17,False,2023-09-15,False,1217.17
2023-09-16,EUR,NGN,1217.17,True,2023-09-15,False,1217.17
2023-09-17,EUR,NGN,1217.17,True,2023-09-15,False,1217.17
2023-09-18,EUR,NGN,1244.9734,False,2023-09-18,False,1244.9734
2023-09-19,EUR,NGN,1247.18,False,2023-09-19,False,1247.18
2023-09-20,EUR,NGN,1251.0628,False,2023-09-20,False,1251.0628
2023-09-21,EUR,NGN,1243.65,False,2023-09-21,False,1243.65
2023-09-22,EUR,NGN,1242.0823,False,2023-09-22,False,1242.0823
2023-09-23,EUR,NGN,1242.0823,True,2023-09-22,False,1242.0823
2023-09-24,EUR,NGN,1242.0823,True,2023-09-22,False,1242.0823
2023-09-25,EUR,NGN,1240.1,False,2023-09-25,False,1240.1
2023-09-26,EUR,NGN,1241.677,False,2023-09-26,False,1241.677
2023-09-27,EUR,NGN,1248.3517,False,2023-09-27,False,1248.3517
2023-09-28,EUR,NGN,1259.8542,False,2023-09-28,False,1259.8542
2023-09-29,EUR,NGN,1273.1699,False,2023-09-29,False,1273.1699
2023-09-30,EUR,NGN,1273.1699,True,2023-09-29,False,1273.1699
2023-10-01,EUR,NGN,1273.1699,True,2023-09-29,False,1273.1699
2023-10-02,EUR,NGN,1280.0554,False,2023-10-02,False,1280.0554
2023-10-03,EUR,NGN,1275.23,False,2023-10-03,False,1275.23
2023-10-04,EUR,NGN,1275.23,True,2023-10-03,False,1275.23
2023-10-05,EUR,NGN,1288.67,False,2023-10-05,False,1288.67
2023-10-06,EUR,NGN,1280.3791,False,2023-10-06,False,1280.3791
2023-10-07,EUR,NGN,1280.3791,True,2023-10-06,False,1280.3791
2023-10-08,EUR,NGN,1280.3791,True,2023-10-06,False,1280.3791
2023-10-09,EUR,NGN,1304.3133,False,2023-10-09,False,1304.3133
2023-10-10,EUR,NGN,1307.0925,False,2023-10-10,False,1307.0925
2023-10-11,EUR,NGN,1297.5381,False,2023-10-11,False,1297.5381
2023-10-12,EUR,NGN,1299.0101,False,2023-10-12,False,1299.0101
2023-10-13,EUR,NGN,1308.8749,False,2023-10-13,False,1308.8749
2023-10-14,EUR,NGN,1308.8749,True,2023-10-13,False,1308.8749
2023-10-15,EUR,NGN,1308.8749,True,2023-10-13,False,1308.8749
2023-10-16,EUR,NGN,1289.03,False,2023-10-16,False,1289.03
2023-10-17,EUR,NGN,1295.4103,False,2023-10-17,False,1295.4103
2023-10-18,EUR,NGN,1292.0972,False,2023-10-18,False,1292.0972
2023-10-19,EUR,NGN,1307.6038,False,2023-10-19,False,1307.6038
2023-10-20,EUR,NGN,1306.719,False,2023-10-20,False,1306.719
2023-10-21,EUR,NGN,1306.719,True,2023-10-20,False,1306.719
2023-10-22,EUR,NGN,1306.719,True,2023-10-20,False,1306.719
2023-10-23,EUR,NGN,1294.32,False,2023-10-23,False,1294.32
2023-10-24,EUR,NGN,1298.5629,False,2023-10-24,False,1298.5629
2023-10-25,EUR,NGN,1290.6334,False,2023-10-25,False,1290.6334
2023-10-26,EUR,NGN,1299.9093,False,2023-10-26,False,1299.9093
2023-10-27,EUR,NGN,1297.275,False,2023-10-27,False,1297.275
2023-10-28,EUR,NGN,1297.275,True,2023-10-27,False,1297.275
2023-10-29,EUR,NGN,1297.275,True,2023-10-27,False,1297.275
2023-10-30,EUR,NGN,1322.4545,False,2023-10-30,False,1322.4545
2023-10-31,EUR,NGN,1330.91,False,2023-10-31,False,1330.91
2023-11-01,EUR,NGN,1330.94,False,2023-11-01,False,1330.94
2023-11-02,EUR,NGN,1329.9633,False,2023-11-02,False,1329.9633
2023-11-03,EUR,NGN,1331.531,False,2023-11-03,False,1331.531
2023-11-04,EUR,NGN,1331.531,True,2023-11-03,False,1331.531
2023-11-05,EUR,NGN,1331.531,True,2023-11-03,False,1331.531
2023-11-06,EUR,NGN,1347.6946,False,2023-11-06,False,1347.6946
2023-11-07,EUR,NGN,1344.78,False,2023-11-07,False,1344.78
2023-11-08,EUR,NGN,1339.05,False,2023-11-08,False,1339.05
2023-11-09,EUR,NGN,1338.0942,False,2023-11-09,False,1338.0942
2023-11-10,EUR,NGN,1341.68,False,2023-11-10,False,1341.68
2023-11-11,EUR,NGN,1341.68,True,2023-11-10,False,1341.68
2023-11-12,EUR,NGN,1341.68,True,2023-11-10,False,1341.68
2023-11-13,EUR,NGN,1357.2478,False,2023-11-13,False,1357.2478
2023-11-14,EUR,NGN,1358.6868,False,2023-11-14,False,1358.6868
2023-11-15,EUR,NGN,1358.806,False,2023-11-15,False,1358.806
2023-11-16,EUR,NGN,1371.5098,False,2023-11-16,False,1371.5098
2023-11-17,EUR,NGN,1377.16,False,2023-11-17,False,1377.16
2023-11-18,EUR,NGN,1377.16,True,2023-11-17,False,1377.16
2023-11-19,EUR,NGN,1377.16,True,2023-11-17,False,1377.16
2023-11-20,EUR,NGN,1377.1244,False,2023-11-20,False,1377.1244
2023-11-21,EUR,NGN,1378.4974,False,2023-11-21,False,1378.4974
2023-11-22,EUR,NGN,1373.17,False,2023-11-22,False,1373.17
2023-11-23,EUR,NGN,1381.92,False,2023-11-23,False,1381.92
2023-11-24,EUR,NGN,1365.23,False,2023-11-24,False,1365.23
2023-11-25,EUR,NGN,1365.23,True,2023-11-24,False,1365.23
2023-11-26,EUR,NGN,1365.23,True,2023-11-24,False,1365.23
2023-11-27,EUR,NGN,1361.8569,False,2023-11-27,False,1361.8569
2023-11-28,EUR,NGN,1371.7571,False,2023-11-28,False,1371.7571
2023-11-29,EUR,NGN,1378.729,False,2023-11-29,False,1378.729
2023-11-30,EUR,NGN,1378.29,False,2023-11-30,False,1378.29
2023-12-01,EUR,NGN,1378.81,False,2023-12-01,False,1378.81
2023-12-02,EUR,NGN,1378.81,True,2023-12-01,False,1378.81
2023-12-03,EUR,NGN,1378.81,True,2023-12-01,False,1378.81
2023-12-04,EUR,NGN,1365.4906,False,2023-12-04,False,1365.4906
2023-12-05,EUR,NGN,1372.9576,False,2023-12-05,False,1372.9576
2023-12-06,EUR,NGN,1361.9884,False,2023-12-06,False,1361.9884
2023-12-07,EUR,NGN,1347.327,False,2023-12-07,False,1347.327
2023-12-08,EUR,NGN,1340.3198,False,2023-12-08,False,1340.3198
2023-12-09,EUR,NGN,1340.3198,True,2023-12-08,False,1340.3198
2023-12-10,EUR,NGN,1340.3198,True,2023-12-08,False,1340.3198
2023-12-11,EUR,NGN,1345.8956,False,2023-12-11,False,1345.8956
2023-12-12,EUR,NGN,1345.8956,True,2023-12-11,False,1345.8956
2023-12-13,EUR,NGN,1377.8064,False,2023-12-13,False,1377.8064
2023-12-14,EUR,NGN,1385.56,False,2023-12-14,False,1385.56
2023-12-15,EUR,NGN,1393.39,False,2023-12-15,False,1393.39
2023-12-16,EUR,NGN,1393.39,True,2023-12-15,False,1393.39
2023-12-17,EUR,NGN,1393.39,True,2023-12-15,False,1393.39
2023-12-18,EUR,NGN,1417.6753,False,2023-12-18,False,1417.6753
2023-12-19,EUR,NGN,1419.6418,False,2023-12-19,False,1419.6418
2023-12-20,EUR,NGN,1423.8075,False,2023-12-20,False,1423.8075
2023-12-21,EUR,NGN,1421.8562,False,2023-12-21,False,1421.8562
2023-12-22,EUR,NGN,1436.0335,False,2023-12-22,False,1436.0335
2023-12-23,EUR,NGN,1436.0335,True,2023-12-22,False,1436.0335
2023-12-24,EUR,NGN,1436.0335,True,2023-12-22,False,1436.0335
2023-12-25,EUR,NGN,1423.3126,False,2023-12-25,False,1423.3126
2023-12-26,EUR,NGN,1425.23,False,2023-12-26,False,1425.23
2023-12-27,EUR,NGN,1429.1708,False,2023-12-27,False,1429.1708
2023-12-28,EUR,NGN,1430.9377,False,2023-12-28,False,1430.9377
2023-12-29,EUR,NGN,1428.5084,False,2023-12-29,False,1428.5084
2023-12-30,EUR,NGN,1428.5084,True,2023-12-29,False,1428.5084
2023-12-31,EUR,NGN,1428.5084,True,2023-12-29,False,1428.5084
2024-01-01,EUR,NGN,1424.5188,False,2024-01-01,False,1424.5188
2024-01-02,EUR,NGN,1434.9266,False,2024-01-02,False,1434.9266
2024-01-03,EUR,NGN,1431.5232,False,2024-01-03,False,1431.5232
2024-01-04,EUR,NGN,1437.8272,False,2024-01-04,False,1437.8272
2024-01-05,EUR,NGN,1436.28,False,2024-01-05,False,1436.28
2024-01-06,EUR,NGN,1436.28,True,2024-01-05,False,1436.28
2024-01-07,EUR,NGN,1436.28,True,2024-01-05,False,1436.28
2024-01-08,EUR,NGN,1444.98,False,2024-01-08,False,1444.98
2024-01-09,EUR,NGN,1447.5928,False,2024-01-09,False,1447.5928
2024-01-10,EUR,NGN,1455.34,False,2024-01-10,False,1455.34
2024-01-11,EUR,NGN,1463.372,False,2024-01-11,False,1463.372
2024-01-12,EUR,NGN,1473.9815,False,2024-01-12,False,1473.9815
2024-01-13,EUR,NGN,1473.9815,True,2024-01-12,False,1473.9815
2024-01-14,EUR,NGN,1473.9815,True,2024-01-12,False,1473.9815
2024-01-15,EUR,NGN,1463.09,False,2024-01-15,False,1463.09
2024-01-16,EUR,NGN,1467.7761,False,2024-01-16,False,1467.7761
2024-01-17,EUR,NGN,1467.467,False,2024-01-17,False,1467.467
2024-01-18,EUR,NGN,1451.1495,False,2024-01-18,False,1451.1495
2024-01-19,EUR,NGN,1463.5685,False,2024-01-19,False,1463.5685
2024-01-20,EUR,NGN,1463.5685,True,2024-01-19,False,1463.5685
2024-01-21,EUR,NGN,1463.5685,True,2024-01-19,False,1463.5685
2024-01-22,EUR,NGN,1464.8349,False,2024-01-22,False,1464.8349
2024-01-23,EUR,NGN,1469.825,False,2024-01-23,False,1469.825
2024-01-24,EUR,NGN,1473.83,False,2024-01-24,False,1473.83
2024-01-25,EUR,NGN,1473.0541,False,2024-01-25,False,1473.0541
2024-01-26,EUR,NGN,1483.2472,False,2024-01-26,False,1483.2472
2024-01-27,EUR,NGN,1483.2472,True,2024-01-26,False,1483.2472
2024-01-28,EUR,NGN,1483.2472,True,2024-01-26,False,1483.2472
2024-01-29,EUR,NGN,1976.6761,False,2024-01-29,False,1976.6761
2024-01-30,EUR,NGN,1960.1592,False,2024-01-30,False,1960.1592
2024-01-31,EUR,NGN,1964.27,False,2024-01-31,False,1964.27
2024-02-01,EUR,NGN,1950.99,False,2024-02-01,False,1950.99
2024-02-02,EUR,NGN,1949.77,False,2024-02-02,False,1949.77
2024-02-03,EUR,NGN,1949.77,True,2024-02-02,False,1949.77
2024-02-04,EUR,NGN,1949.77,True,2024-02-02,False,1949.77
2024-02-05,EUR,NGN,1977.3429,False,2024-02-05,False,1977.3429
2024-02-06,EUR,NGN,1996.61,False,2024-02-06,False,1996.61
2024-02-07,EUR,NGN,1989.0291,False,2024-02-07,False,1989.0291
2024-02-08,EUR,NGN,1987.39,False,2024-02-08,False,1987.39
2024-02-09,EUR,NGN,1979.7259,False,2024-02-09,False,1979.7259
2024-02-10,EUR,NGN,1979.7259,True,2024-02-09,False,1979.7259
2024-02-11,EUR,NGN,1979.7259,True,2024-02-09,False,1979.7259
2024-02-12,EUR,NGN,1986.35,False,2024-02-12,False,1986.35
2024-02-13,EUR,NGN,1989.5689,False,2024-02-13,False,1989.5689
2024-02-14,EUR,NGN,1985.6831,False,2024-02-14,False,1985.6831
2024-02-15,EUR,NGN,2003.6404,False,2024-02-15,False,2003.6404
2024-02-16,EUR,NGN,1985.65,False,2024-02-16,False,1985.65
2024-02-17,EUR,NGN,1985.65,True,2024-02-16,False,1985.65
2024-02-18,EUR,NGN,1985.65,True,2024-02-16,False,1985.65
2024-02-19,EUR,NGN,2037.0133,False,2024-02-19,False,2037.0133
2024-02-20,EUR,NGN,2037.45,False,2024-02-20,False,2037.45
2024-02-21,EUR,NGN,2043.56,False,2024-02-21,False,2043.56
2024-02-22,EUR,NGN,2050.1478,False,2024-02-22,False,2050.1478
2024-02-23,EUR,NGN,2050.1478,True,2024-02-22,False,2050.1478
2024-02-24,EUR,NGN,2050.1478,True,2024-02-22,False,2050.1478
2024-02-25,EUR,NGN,2050.1478,True,2024-02-22,False,2050.1478
2024-02-26,EUR,NGN,2065.1002,False,2024-02-26,False,2065.1002
2024-02-27,EUR,NGN,2072.0792,False,2024-02-27,False,2072.0792
2024-02-28,EUR,NGN,2075.3849,False,2024-02-28,False,2075.3849
2024-02-29,EUR,NGN,2075.3849,True,2024-02-28,False,2075.3849
2024-03-01,EUR,NGN,2060.6412,False,2024-03-01,False,2060.6412
2024-03-02,EUR,NGN,2060.6412,True,2024-03-01,False,2060.6412
2024-03-03,EUR,NGN,2060.6412,True,2024-03-01,False,2060.6412
2024-03-04,EUR,NGN,2060.6412,True,2024-03-01,False,2060.6412
2024-03-05,EUR,NGN,2074.32,False,2024-03-05,False,2074.32
2024-03-06,EUR,NGN,2074.7871,False,2024-03-06,False,2074.7871
2024-03-07,EUR,NGN,2088.3796,False,2024-03-07,False,2088.3796
2024-03-08,EUR,NGN,2095.44,False,2024-03-08,False,2095.44
2024-03-09,EUR,NGN,2095.44,True,2024-03-08,False,2095.44
2024-03-10,EUR,NGN,2095.44,True,2024-03-08,False,2095.44
2024-03-11,EUR,NGN,2107.4643,False,2024-03-11,False,2107.4643
2024-03-12,EUR,NGN,2118.4635,False,2024-03-12,False,2118.4635
2024-03-13,EUR,NGN,2104.35,False,2024-03-13,False,2104.35
2024-03-14,EUR,NGN,2110.3131,False,2024-03-14,False,2110.3131
2024-03-15,EUR,NGN,2133.9242,False,2024-03-15,False,2133.9242
2024-03-16,EUR,NGN,2133.9242,True,2024-03-15,False,2133.9242
2024-03-17,EUR,NGN,2133.9242,True,2024-03-15,False,2133.9242
2024-03-18,EUR,NGN,2140.59,False,2024-03-18,False,2140.59
2024-03-19,EUR,NGN,2120.431,False,2024-03-19,False,2120.431
2024-03-20,EUR,NGN,2125.1053,False,2024-03-20,False,2125.1053
2024-03-21,EUR,NGN,2133.15,False,2024-03-21,False,2133.15
2024-03-22,EUR,NGN,2132.629,False,2024-03-22,False,2132.629
2024-03-23,EUR,NGN,2132.629,True,2024-03-22,False,2132.629
2024-03-24,EUR,NGN,2132.629,True,2024-03-22,False,2132.629
2024-03-25,EUR,NGN,2148.3736,False,2024-03-25,False,2148.3736
2024-03-26,EUR,NGN,2143.24,False,2024-03-26,False,2143.24
2024-03-27,EUR,NGN,2143.8282,False,2024-03-27,False,2143.8282
2024-03-28,EUR,NGN,2127.9713,False,2024-03-28,False,2127.9713
2024-03-29,EUR,NGN,2135.174,False,2024-03-29,False,2135.174
2024-03-30,EUR,NGN,2135.174,True,2024-03-29,False,2135.174
2024-03-31,EUR,NGN,2135.174,True,2024-03-29,False,2135.174
2024-04-01,EUR,NGN,2176.48,False,2024-04-01,False,2176.48
2024-04-02,EUR,NGN,2198.5304,False,2024-04-02,False,2198.5304
2024-04-03,EUR,NGN,2233.634,False,2024-04-03,False,2233.634
2024-04-04,EUR,NGN,2228.1291,False,2024-04-04,False,2228.1291
2024-04-05,EUR,NGN,2243.36,False,2024-04-05,False,2243.36
2024-04-06,EUR,NGN,2243.36,True,2024-04-05,False,2243.36
2024-04-07,EUR,NGN,2243.36,True,2024-04-05,False,2243.36
2024-04-08,EUR,NGN,2247.93,False,2024-04-08,False,2247.93
2024-04-09,EUR,NGN,2247.93,True,2024-04-08,False,2247.93
2024-04-10,EUR,NGN,2270.5,False,2024-04-10,False,2270.5
2024-04-11,EUR,NGN,2298.93,False,2024-04-11,False,2298.93
2024-04-12,EUR,NGN,2285.8808,False,2024-04-12,False,2285.8808
2024-04-13,EUR,NGN,2285.8808,True,2024-04-12,False,2285.8808
2024-04-14,EUR,NGN,2285.8808,True,2024-04-12,False,2285.8808
2024-04-15,EUR,NGN,2267.7191,False,2024-04-15,False,2267.7191
2024-04-16,EUR,NGN,2269.2636,False,2024-04-16,False,2269.2636
2024-04-17,EUR,NGN,2268.304,False,2024-04-17,False,2268.304
2024-04-18,EUR,NGN,2289.592,False,2024-04-18,False,2289.592
2024-04-19,EUR,NGN,2315.55,False,2024-04-19,False,2315.55
2024-04-20,EUR,NGN,2315.55,True,2024-04-19,False,2315.55
2024-04-21,EUR,NGN,2315.55,True,2024-04-19,False,2315.55
2024-04-22,EUR,NGN,2340.9838,False,2024-04-22,False,2340.9838
2024-04-23,EUR,NGN,2331.55,False,2024-04-23,False,2331.55
2024-04-24,EUR,NGN,2342.7,False,2024-04-24,False,2342.7
2024-04-25,EUR,NGN,2317.439,False,2024-04-25,False,2317.439
2024-04-26,EUR,NGN,2304.83,False,2024-04-26,False,2304.83
2024-04-27,EUR,NGN,2304.83,True,2024-04-26,False,2304.83
2024-04-28,EUR,NGN,2304.83,True,2024-04-26,False,2304.83
2024-04-29,EUR,NGN,2293.677,False,2024-04-29,False,2293.677
2024-04-30,EUR,NGN,2312.34,False,2024-04-30,False,2312.34
2024-05-01,EUR,NGN,2306.17,False,2024-05-01,False,2306.17
2024-05-02,EUR,NGN,2318.6162,False,2024-05-02,False,2318.6162
2024-05-03,EUR,NGN,2320.9906,False,2024-05-03,False,2320.9906
2024-05-04,EUR,NGN,2320.9906,True,2024-05-03,False,2320.9906
2024-05-05,EUR,NGN,2320.9906,True,2024-05-03,False,2320.9906
2024-05-06,EUR,NGN,2319.233,False,2024-05-06,False,2319.233
2024-05-07,EUR,NGN,2332.9753,False,2024-05-07,False,2332.9753
2024-05-08,EUR,NGN,2307.8776,False,2024-05-08,False,2307.8776
2024-05-09,EUR,NGN,2339.5337,False,2024-05-09,False,2339.5337
2024-05-10,EUR,NGN,2337.8972,False,2024-05-10,False,2337.8972
2024-05-11,EUR,NGN,2337.8972,True,2024-05-10,False,2337.8972
2024-05-12,EUR,NGN,2337.8972,True,2024-05-10,False,2337.8972
2024-05-13,EUR,NGN,2300.23,False,2024-05-13,False,2300.23
2024-05-14,EUR,NGN,2292.6049,False,2024-05-14,False,2292.6049
2024-05-15,EUR,NGN,2274.79,False,2024-05-15,False,2274.79
2024-05-16,EUR,NGN,2289.93,False,2024-05-16,False,2289.93
2024-05-17,EUR,NGN,2305.84,False,2024-05-17,False,2305.84
2024-05-18,EUR,NGN,2305.84,True,2024-05-17,False,2305.84
2024-05-19,EUR,NGN,2305.84,True,2024-05-17,False,2305.84
2024-05-20,EUR,NGN,2338.9135,False,2024-05-20,False,2338.9135
2024-05-21,EUR,NGN,2322.5578,False,2024-05-21,False,2322.5578
2024-05-22,EUR,NGN,2328.196,False,2024-05-22,False,2328.196
2024-05-23,EUR,NGN,2313.0389,False,2024-05-23,False,2313.0389
2024-05-24,EUR,NGN,2320.9498,False,2024-05-24,False,2320.9498
2024-05-25,EUR,NGN,2320.9498,True,2024-05-24,False,2320.9498
2024-05-26,EUR,NGN,2320.9498,True,2024-05-24,False,2320.9498
2024-05-27,EUR,NGN,2306.9966,False,2024-05-27,False,2306.9966
2024-05-28,EUR,NGN,2334.05,False,2024-05-28,False,2334.05
2024-05-29,EUR,NGN,2366.74,False,2024-05-29,False,2366.74
2024-05-30,EUR,NGN,2352.9792,False,2024-05-30,False,2352.9792
2024-05-31,EUR,NGN,2355.1,False,2024-05-31,False,2355.1
2024-06-01,EUR,NGN,2355.1,True,2024-05-31,False,2355.1
2024-06-02,EUR,NGN,2355.1,True,2024-05-31,False,2355.1
2024-06-03,EUR,NGN,2344.96,False,2024-06-03,False,2344.96
2024-06-04,EUR,NGN,2361.4813,False,2024-06-04,False,2361.4813
2024-06-05,EUR,NGN,2356.1662,False,2024-06-05,False,2356.1662
2024-06-06,EUR,NGN,2328.43,False,2024-06-06,False,2328.43
2024-06-07,EUR,NGN,2326.19,False,2024-06-07,False,2326.19
2024-06-08,EUR,NGN,2326.19,True,2024-06-07,False,2326.19
2024-06-09,EUR,NGN,2326.19,True,2024-06-07,False,2326.19
2024-06-10,EUR,NGN,2384.6304,False,2024-06-10,False,2384.6304
2024-06-11,EUR,NGN,2417.4428,False,2024-06-11,False,2417.4428
2024-06-12,EUR,NGN,2417.4428,True,2024-06-11,False,2417.4428
2024-06-13,EUR,NGN,2441.99,False,2024-06-13,False,2441.99
2024-06-14,EUR,NGN,2487.6331,False,2024-06-14,False,2487.6331
2024-06-15,EUR,NGN,2487.6331,True,2024-06-14,False,2487.6331
2024-06-16,EUR,NGN,2487.6331,True,2024-06-14,False,2487.6331
2024-06-17,EUR,NGN,2477.1398,False,2024-06-17,False,2477.1398
2024-06-18,EUR,NGN,2468.6527,False,2024-06-18,False,2468.6527
2024-06-19,EUR,NGN,2476.8203,False,2024-06-19,False,2476.8203
2024-06-20,EUR,NGN,2484.66,False,2024-06-20,False,2484.66
2024-06-21,EUR,NGN,2487.75,False,2024-06-21,False,2487.75
2024-06-22,EUR,NGN,2487.75,True,2024-06-21,False,2487.75
2024-06-23,EUR,NGN,2487.75,True,2024-06-21,False,2487.75
2024-06-24,EUR,NGN,2543.81,False,2024-06-24,False,2543.81
2024-06-25,EUR,NGN,2536.4804,False,2024-06-25,False,2536.4804
2024-06-26,EUR,NGN,2543.566,False,2024-06-26,False,2543.566
2024-06-27,EUR,NGN,2535.5968,False,2024-06-27,False,2535.5968
2024-06-28,EUR,NGN,2536.536,False,2024-06-28,False,2536.536
2024-06-29,EUR,NGN,2536.536,True,2024-06-28,False,2536.536
2024-06-30,EUR,NGN,2536.536,True,2024-06-28,False,2536.536
2024-07-01,EUR,NGN,2549.0288,False,2024-07-01,False,2549.0288
2024-07-02,EUR,NGN,2554.64,False,2024-07-02,False,2554.64
2024-07-03,EUR,NGN,2549.702,False,2024-07-03,False,2549.702
2024-07-04,EUR,NGN,2547.4616,False,2024-07-04,False,2547.4616
2024-07-05,EUR,NGN,2577.6013,False,2024-07-05,False,2577.6013
2024-07-06,EUR,NGN,2577.6013,True,2024-07-05,False,2577.6013
2024-07-07,EUR,NGN,2577.6013,True,2024-07-05,False,2577.6013
2024-07-08,EUR,NGN,2616.829,False,2024-07-08,False,2616.829
2024-07-09,EUR,NGN,2616.7482,False,2024-07-09,False,2616.7482
2024-07-10,EUR,NGN,2652.48,False,2024-07-10,False,2652.48
2024-07-11,EUR,NGN,2639.4,False,2024-07-11,False,2639.4
2024-07-12,EUR,NGN,2658.61,False,2024-07-12,False,2658.61
2024-07-13,EUR,NGN,2658.61,True,2024-07-12,False,2658.61
2024-07-14,EUR,NGN,2658.61,True,2024-07-12,False,2658.61
2024-07-15,EUR,NGN,2686.3645,False,2024-07-15,False,2686.3645
2024-07-16,EUR,NGN,2681.45,False,2024-07-16,False,2681.45
2024-07-17,EUR,NGN,2681.45,True,2024-07-16,False,2681.45
2024-07-18,EUR,NGN,2694.497,False,2024-07-18,False,2694.497
2024-07-19,EUR,NGN,2709.76,False,2024-07-19,False,2709.76
2024-07-20,EUR,NGN,2709.76,True,2024-07-19,False,2709.76
2024-07-21,EUR,NGN,2709.76,True,2024-07-19,False,2709.76
2024-07-22,EUR,NGN,2724.59,False,2024-07-22,False,2724.59
2024-07-23,EUR,NGN,2708.48,False,2024-07-23,False,2708.48
2024-07-24,EUR,NGN,2701.2469,False,2024-07-24,False,2701.2469
2024-07-25,EUR,NGN,2691.55,False,2024-07-25,False,2691.55
2024-07-26,EUR,NGN,2709.47,False,2024-07-26,False,2709.47
2024-07-27,EUR,NGN,2709.47,True,2024-07-26,False,2709.47
2024-07-28,EUR,NGN,2709.47,True,2024-07-26,False,2709.47
2024-07-29,EUR,NGN,2734.91,False,2024-07-29,False,2734.91
2024-07-30,EUR,NGN,2751.1336,False,2024-07-30,False,2751.1336
2024-07-31,EUR,NGN,2761.6671,False,2024-07-31,False,2761.6671
2024-08-01,EUR,NGN,2765.7743,False,2024-08-01,False,2765.7743
2024-08-02,EUR,NGN,2758.83,False,2024-08-02,False,2758.83
2024-08-03,EUR,NGN,2758.83,True,2024-08-02,False,2758.83
2024-08-04,EUR,NGN,2758.83,True,2024-08-02,False,2758.83
2024-08-05,EUR,NGN,2766.6397,False,2024-08-05,False,2766.6397
2024-08-06,EUR,NGN,2760.3187,False,2024-08-06,False,2760.3187
2024-08-07,EUR,NGN,2746.26,False,2024-08-07,False,2746.26
2024-08-08,EUR,NGN,2761.4506,False,2024-08-08,False,2761.4506
2024-08-09,EUR,NGN,2770.2594,False,2024-08-09,False,2770.2594
2024-08-10,EUR,NGN,2770.2594,True,2024-08-09,False,2770.2594
2024-08-11,EUR,NGN,2770.2594,True,2024-08-09,False,2770.2594
2024-08-12,EUR,NGN,2815.3773,False,2024-08-12,False,2815.3773
2024-08-13,EUR,NGN,2807.81,False,2024-08-13,False,2807.81
2024-08-14,EUR,NGN,2840.64,False,2024-08-14,False,2840.64
2024-08-15,EUR,NGN,2866.7178,False,2024-08-15,False,2866.7178
2024-08-16,EUR,NGN,2876.2731,False,2024-08-16,False,2876.2731
2024-08-17,EUR,NGN,2876.2731,True,2024-08-16,False,2876.2731
2024-08-18,EUR,NGN,2876.2731,True,2024-08-16,False,2876.2731
2024-08-19,EUR,NGN,2918.6075,False,2024-08-19,False,2918.6075
2024-08-20,EUR,NGN,2933.5771,False,2024-08-20,False,2933.5771
2024-08-21,EUR,NGN,2952.1265,False,2024-08-21,False,2952.1265
2024-08-22,EUR,NGN,2959.3376,False,2024-08-22,False,2959.3376
2024-08-23,EUR,NGN,3000.5525,False,2024-08-23,False,3000.5525
2024-08-24,EUR,NGN,3000.5525,True,2024-08-23,False,3000.5525
2024-08-25,EUR,NGN,3000.5525,True,2024-08-23,False,3000.5525
2024-08-26,EUR,NGN,3030.9186,False,2024-08-26,False,3030.9186
2024-08-27,EUR,NGN,3020.62,False,2024-08-27,False,3020.62
2024-08-28,EUR,NGN,3020.62,True,2024-08-27,False,3020.62
2024-08-29,EUR,NGN,3008.48,False,2024-08-29,False,3008.48
2024-08-30,EUR,NGN,3008.48,True,2024-08-29,False,3008.48
2024-08-31,EUR,NGN,3008.48,True,2024-08-29,False,3008.48
2024-09-01,EUR,NGN,3008.48,True,2024-08-29,False,3008.48
2024-09-02,EUR,NGN,3100.1099,False,2024-09-02,False,3100.1099
2024-09-03,EUR,NGN,3100.1099,True,2024-09-02,False,3100.1099
2024-09-04,EUR,NGN,3155.56,False,2024-09-04,False,3155.56
2024-09-05,EUR,NGN,3171.0533,False,2024-09-05,False,3171.0533
2024-09-06,EUR,NGN,3170.07,False,2024-09-06,False,3170.07
2024-09-07,EUR,NGN,3170.07,True,2024-09-06,False,3170.07
2024-09-08,EUR,NGN,3170.07,True,2024-09-06,False,3170.07
2024-09-09,EUR,NGN,3202.6825,False,2024-09-09,False,3202.6825
2024-09-10,EUR,NGN,3230.21,False,2024-09-10,False,3230.21
2024-09-11,EUR,NGN,3235.37,False,2024-09-11,False,3235.37
2024-09-12,EUR,NGN,3260.53,False,2024-09-12,False,3260.53
2024-09-13,EUR,NGN,3284.0576,False,2024-09-13,False,3284.0576
2024-09-14,EUR,NGN,3284.0576,True,2024-09-13,False,3284.0576
2024-09-15,EUR,NGN,3284.0576,True,2024-09-13,False,3284.0576
2024-09-16,EUR,NGN,3279.04,False,2024-09-16,False,3279.04
2024-09-17,EUR,NGN,3285.6,False,2024-09-17,False,3285.6
2024-09-18,EUR,NGN,3248.01,False,2024-09-18,False,3248.01
2024-09-19,EUR,NGN,3262.39,False,2024-09-19,False,3262.39
2024-09-20,EUR,NGN,3278.9861,False,2024-09-20,False,3278.9861
2024-09-21,EUR,NGN,3278.9861,True,2024-09-20,False,3278.9861
2024-09-22,EUR,NGN,3278.9861,True,2024-09-20,False,3278.9861
2024-09-23,EUR,NGN,3306.2462,False,2024-09-23,False,3306.2462
2024-09-24,EUR,NGN,3293.6289,False,2024-09-24,False,3293.6289
2024-09-25,EUR,NGN,3292.2159,False,2024-09-25,False,3292.2159
2024-09-26,EUR,NGN,3328.6026,False,2024-09-26,False,3328.6026
2024-09-27,EUR,NGN,3322.0142,False,2024-09-27,False,3322.0142
2024-09-28,EUR,NGN,3322.0142,True,2024-09-27,False,3322.0142
2024-09-29,EUR,NGN,3322.0142,True,2024-09-27,False,3322.0142
2024-09-30,EUR,NGN,3347.5374,False,2024-09-30,False,3347.5374
2024-10-01,EUR,NGN,3371.6,False,2024-10-01,False,3371.6
2024-10-02,EUR,NGN,3384.0004,False,2024-10-02,False,3384.0004
2024-10-03,EUR,NGN,3394.16,False,2024-10-03,False,3394.16
2024-10-04,EUR,NGN,3415.636,False,2024-10-04,False,3415.636
2024-10-05,EUR,NGN,3415.636,True,2024-10-04,False,3415.636
2024-10-06,EUR,NGN,3415.636,True,2024-10-04,False,3415.636
2024-10-07,EUR,NGN,3458.09,False,2024-10-07,False,3458.09
2024-10-08,EUR,NGN,3477.65,False,2024-10-08,False,3477.65
2024-10-09,EUR,NGN,3484.2793,False,2024-10-09,False,3484.2793
2024-10-10,EUR,NGN,3509.8012,False,2024-10-10,False,3509.8012
2024-10-11,EUR,NGN,3525.2107,False,2024-10-11,False,3525.2107
2024-10-12,EUR,NGN,3525.2107,True,2024-10-11,False,3525.2107
2024-10-13,EUR,NGN,3525.2107,True,2024-10-11,False,3525.2107
2024-10-14,EUR,NGN,3544.96,False,2024-10-14,False,3544.96
2024-10-15,EUR,NGN,3562.81,False,2024-10-15,False,3562.81
2024-10-16,EUR,NGN,3558.2165,False,2024-10-16,False,3558.2165
2024-10-17,EUR,NGN,3567.5679,False,2024-10-17,False,3567.5679
2024-10-18,EUR,NGN,3606.74,False,2024-10-18,False,3606.74
2024-10-19,EUR,NGN,3606.74,True,2024-10-18,False,3606.74
2024-10-20,EUR,NGN,3606.74,True,2024-10-18,False,3606.74
2024-10-21,EUR,NGN,3658.87,False,2024-10-21,False,3658.87
2024-10-22,EUR,NGN,3723.9922,False,2024-10-22,False,3723.9922
2024-10-23,EUR,NGN,3734.76,False,2024-10-23,False,3734.76
2024-10-24,EUR,NGN,3686.79,False,2024-10-24,False,3686.79
2024-10-25,EUR,NGN,3706.1786,False,2024-10-25,False,3706.1786
2024-10-26,EUR,NGN,3706.1786,True,2024-10-25,False,3706.1786
2024-10-27,EUR,NGN,3706.1786,True,2024-10-25,False,3706.1786
2024-10-28,EUR,NGN,3673.7689,False,2024-10-28,False,3673.7689
2024-10-29,EUR,NGN,3675.2876,False,2024-10-29,False,3675.2876
2024-10-30,EUR,NGN,3724.9758,False,2024-10-30,False,3724.9758
2024-10-31,EUR,NGN,3706.3279,False,2024-10-31,False,3706.3279
2024-11-01,EUR,NGN,3698.16,False,2024-11-01,False,3698.16
2024-11-02,EUR,NGN,3698.16,True,2024-11-01,False,3698.16
2024-11-03,EUR,NGN,3698.16,True,2024-11-01,False,3698.16
2024-11-04,EUR,NGN,3742.0654,False,2024-11-04,False,3742.0654
2024-11-05,EUR,NGN,3749.54,False,2024-11-05,False,3749.54
2024-11-06,EUR,NGN,3784.1057,False,2024-11-06,False,3784.1057
2024-11-07,EUR,NGN,3760.9425,False,2024-11-07,False,3760.9425
2024-11-08,EUR,NGN,3797.0277,False,2024-11-08,False,3797.0277
2024-11-09,EUR,NGN,3797.0277,True,2024-11-08,False,3797.0277
2024-11-10,EUR,NGN,3797.0277,True,2024-11-08,False,3797.0277
2024-11-11,EUR,NGN,3821.72,False,2024-11-11,False,3821.72
2024-11-12,EUR,NGN,3779.2458,False,2024-11-12,False,3779.2458
2024-11-13,EUR,NGN,3767.8582,False,2024-11-13,False,3767.8582
2024-11-14,EUR,NGN,3774.68,False,2024-11-14,False,3774.68
2024-11-15,EUR,NGN,3763.92,False,2024-11-15,False,3763.92
2024-11-16,EUR,NGN,3763.92,True,2024-11-15,False,3763.92
2024-11-17,EUR,NGN,3763.92,True,2024-11-15,False,3763.92
2024-11-18,EUR,NGN,3763.92,True,2024-11-15,False,3763.92
2024-11-19,EUR,NGN,3822.82,False,2024-11-19,False,3822.82
2024-11-20,EUR,NGN,3813.6096,False,2024-11-20,False,3813.6096
2024-11-21,EUR,NGN,3813.6955,False,2024-11-21,False,3813.6955
2024-11-22,EUR,NGN,3800.3984,False,2024-11-22,False,3800.3984
2024-11-23,EUR,NGN,3800.3984,True,2024-11-22,False,3800.3984
2024-11-24,EUR,NGN,3800.3984,True,2024-11-22,False,3800.3984
2024-11-25,EUR,NGN,3765.9664,False,2024-11-25,False,3765.9664
2024-11-26,EUR,NGN,3769.2546,False,2024-11-26,False,3769.2546
2024-11-27,EUR,NGN,3767.1765,False,2024-11-27,False,3767.1765
2024-11-28,EUR,NGN,3792.46,False,2024-11-28,False,3792.46
2024-11-29,EUR,NGN,3799.34,False,2024-11-29,False,3799.34
2024-11-30,EUR,NGN,3799.34,True,2024-11-29,False,3799.34
2024-12-01,EUR,NGN,3799.34,True,2024-11-29,False,3799.34
2024-12-02,EUR,NGN,3762.938,False,2024-12-02,False,3762.938
2024-12-03,EUR,NGN,3762.938,True,2024-12-02,False,3762.938
2024-12-04,EUR,NGN,3739.8994,False,2024-12-04,False,3739.8994
2024-12-05,EUR,NGN,3739.8994,True,2024-12-04,False,3739.8994
2024-12-06,EUR,NGN,3765.4003,False,2024-12-06,False,3765.4003
2024-12-07,EUR,NGN,3765.4003,True,2024-12-06,False,3765.4003
2024-12-08,EUR,NGN,3765.4003,True,2024-12-06,False,3765.4003
2024-12-09,EUR,NGN,3820.9466,False,2024-12-09,False,3820.9466
2024-12-10,EUR,NGN,3835.29,False,2024-12-10,False,3835.29
2024-12-11,EUR,NGN,3857.5747,False,2024-12-11,False,3857.5747
2024-12-12,EUR,NGN,3870.1858,False,2024-12-12,False,3870.1858
2024-12-13,EUR,NGN,3920.3336,False,2024-12-13,False,3920.3336
2024-12-14,EUR,NGN,3920.3336,True,2024-12-13,False,3920.3336
2024-12-15,EUR,NGN,3920.3336,True,2024-12-13,False,3920.3336
2024-12-16,EUR,NGN,4000.461,False,2024-12-16,True,40004.61
2024-12-17,EUR,NGN,3989.4014,False,2024-12-17,False,3989.4014
2024-12-18,EUR,NGN,3999.66,False,2024-12-18,False,3999.66
2024-12-19,EUR,NGN,4015.2557,False,2024-12-19,False,4015.2557
2024-12-20,EUR,NGN,4014.3401,False,2024-12-20,False,4014.3401
2024-12-21,EUR,NGN,4014.3401,True,2024-12-20,False,4014.3401
2024-12-22,EUR,NGN,4014.3401,True,2024-12-20,False,4014.3401
2024-12-23,EUR,NGN,4042.3157,False,2024-12-23,False,4042.3157
2024-12-24,EUR,NGN,4134.4021,False,2024-12-24,False,4134.4021
2024-12-25,EUR,NGN,4145.5688,False,2024-12-25,False,4145.5688
2024-12-26,EUR,NGN,4113.7819,False,2024-12-26,False,4113.7819
2024-12-27,EUR,NGN,4132.4606,False,2024-12-27,False,4132.4606
2024-12-28,EUR,NGN,4132.4606,True,2024-12-27,False,4132.4606
2024-12-29,EUR,NGN,4132.4606,True,2024-12-27,False,4132.4606
2024-12-30,EUR,NGN,4105.3603,False,2024-12-30,False,4105.3603
2024-12-31,EUR,NGN,4075.0779,False,2024-12-31,False,4075.0779
2025-01-01,EUR,NGN,4085.8081,False,2025-01-01,False,4085.8081
2025-01-02,EUR,NGN,4117.8662,False,2025-01-02,False,4117.8662
2025-01-03,EUR,NGN,4119.99,False,2025-01-03,False,4119.99
2025-01-04,EUR,NGN,4119.99,True,2025-01-03,False,4119.99
2025-01-05,EUR,NGN,4119.99,True,2025-01-03,False,4119.99
2025-01-06,EUR,NGN,4093.159,False,2025-01-06,True,40931.59
2025-01-07,EUR,NGN,4118.91,False,2025-01-07,False,4118.91
2025-01-08,EUR,NGN,4149.2658,False,2025-01-08,False,4149.2658
2025-01-09,EUR,NGN,4138.9172,False,2025-01-09,False,4138.9172
2025-01-10,EUR,NGN,4177.4203,False,2025-01-10,False,4177.4203
2025-01-11,EUR,NGN,4177.4203,True,2025-01-10,False,4177.4203
2025-01-12,EUR,NGN,4177.4203,True,2025-01-10,False,4177.4203
2025-01-13,EUR,NGN,4165.3211,False,2025-01-13,False,4165.3211
2025-01-14,EUR,NGN,4168.5,False,2025-01-14,False,4168.5
2025-01-15,EUR,NGN,4198.6691,False,2025-01-15,False,4198.6691
2025-01-16,EUR,NGN,4228.449,False,2025-01-16,False,4228.449
2025-01-17,EUR,NGN,4269.23,False,2025-01-17,False,4269.23
2025-01-18,EUR,NGN,4269.23,True,2025-01-17,False,4269.23
2025-01-19,EUR,NGN,4269.23,True,2025-01-17,False,4269.23
2025-01-20,EUR,NGN,4189.3065,False,2025-01-20,False,4189.3065
2025-01-21,EUR,NGN,4219.1314,False,2025-01-21,False,4219.1314
2025-01-22,EUR,NGN,4275.4108,False,2025-01-22,False,4275.4108
2025-01-23,EUR,NGN,4317.4182,False,2025-01-23,False,4317.4182
2025-01-24,EUR,NGN,4293.9,False,2025-01-24,False,4293.9
2025-01-25,EUR,NGN,4293.9,True,2025-01-24,False,4293.9
2025-01-26,EUR,NGN,4293.9,True,2025-01-24,False,4293.9
2025-01-27,EUR,NGN,4344.8863,False,2025-01-27,False,4344.8863
2025-01-28,EUR,NGN,4354.921,False,2025-01-28,False,4354.921
2025-01-29,EUR,NGN,4358.45,False,2025-01-29,False,4358.45
2025-01-30,EUR,NGN,4384.4106,False,2025-01-30,False,4384.4106
2025-01-31,EUR,NGN,4383.02,False,2025-01-31,False,4383.02
2025-02-01,EUR,NGN,4383.02,True,2025-01-31,False,4383.02
2025-02-02,EUR,NGN,4383.02,True,2025-01-31,False,4383.02
2025-02-03,EUR,NGN,4391.1143,False,2025-02-03,False,4391.1143
2025-02-04,EUR,NGN,4449.652,False,2025-02-04,False,4449.652
2025-02-05,EUR,NGN,4434.7042,False,2025-02-05,False,4434.7042
2025-02-06,EUR,NGN,4447.55,False,2025-02-06,False,4447.55
2025-02-07,EUR,NGN,4445.086,False,2025-02-07,False,4445.086
2025-02-08,EUR,NGN,4445.086,True,2025-02-07,False,4445.086
2025-02-09,EUR,NGN,4445.086,True,2025-02-07,False,4445.086
2025-02-10,EUR,NGN,4535.859,False,2025-02-10,False,4535.859
2025-02-11,EUR,NGN,4522.1117,False,2025-02-11,False,4522.1117
2025-02-12,EUR,NGN,4510.2193,False,2025-02-12,False,4510.2193
2025-02-13,EUR,NGN,4500.72,False,2025-02-13,False,4500.72
2025-02-14,EUR,NGN,4456.5813,False,2025-02-14,False,4456.5813
2025-02-15,EUR,NGN,4456.5813,True,2025-02-14,False,4456.5813
2025-02-16,EUR,NGN,4456.5813,True,2025-02-14,False,4456.5813
2025-02-17,EUR,NGN,4456.5813,True,2025-02-14,False,4456.5813
2025-02-18,EUR,NGN,4476.529,False,2025-02-18,False,4476.529
2025-02-19,EUR,NGN,4490.4604,False,2025-02-19,False,4490.4604
2025-02-20,EUR,NGN,4557.6989,False,2025-02-20,False,4557.6989
2025-02-21,EUR,NGN,4517.6,False,2025-02-21,False,4517.6
2025-02-22,EUR,NGN,4517.6,True,2025-02-21,False,4517.6
2025-02-23,EUR,NGN,4517.6,True,2025-02-21,False,4517.6
2025-02-24,EUR,NGN,4521.2181,False,2025-02-24,False,4521.2181
2025-02-25,EUR,NGN,4510.2446,False,2025-02-25,False,4510.2446
2025-02-26,EUR,NGN,4555.06,False,2025-02-26,False,4555.06
2025-02-27,EUR,NGN,4569.5606,False,2025-02-27,False,4569.5606
2025-02-28,EUR,NGN,4559.65,False,2025-02-28,False,4559.65
2025-03-01,EUR,NGN,4559.65,True,2025-02-28,False,4559.65
2025-03-02,EUR,NGN,4559.65,True,2025-02-28,False,4559.65
2025-03-03,EUR,NGN,4673.0743,False,2025-03-03,False,4673.0743
2025-03-04,EUR,NGN,4706.4933,False,2025-03-04,False,4706.4933
2025-03-05,EUR,NGN,4626.0763,False,2025-03-05,False,4626.0763
2025-03-06,EUR,NGN,4661.41,False,2025-03-06,False,4661.41
2025-03-07,EUR,NGN,4668.8792,False,2025-03-07,False,4668.8792
2025-03-08,EUR,NGN,4668.8792,True,2025-03-07,False,4668.8792
2025-03-09,EUR,NGN,4668.8792,True,2025-03-07,False,4668.8792
2025-03-10,EUR,NGN,4758.3462,False,2025-03-10,False,4758.3462
2025-03-11,EUR,NGN,4776.95,False,2025-03-11,False,4776.95
2025-03-12,EUR,NGN,4795.8819,False,2025-03-12,False,4795.8819
2025-03-13,EUR,NGN,4804.6924,False,2025-03-13,False,4804.6924
2025-03-14,EUR,NGN,4778.6463,False,2025-03-14,False,4778.6463
2025-03-15,EUR,NGN,4778.6463,True,2025-03-14,False,4778.6463
2025-03-16,EUR,NGN,4778.6463,True,2025-03-14,False,4778.6463
2025-03-17,EUR,NGN,4785.98,False,2025-03-17,False,4785.98
2025-03-18,EUR,NGN,4862.3873,False,2025-03-18,False,4862.3873
2025-03-19,EUR,NGN,4929.1463,False,2025-03-19,False,4929.1463
2025-03-20,EUR,NGN,4925.1103,False,2025-03-20,False,4925.1103
2025-03-21,EUR,NGN,4932.5786,False,2025-03-21,False,4932.5786
2025-03-22,EUR,NGN,4932.5786,True,2025-03-21,False,4932.5786
2025-03-23,EUR,NGN,4932.5786,True,2025-03-21,False,4932.5786
2025-03-24,EUR,NGN,4917.4327,False,2025-03-24,False,4917.4327
2025-03-25,EUR,NGN,4932.2294,False,2025-03-25,False,4932.2294
2025-03-26,EUR,NGN,4917.8,False,2025-03-26,False,4917.8
2025-03-27,EUR,NGN,4954.79,False,2025-03-27,False,4954.79
2025-03-28,EUR,NGN,4951.63,False,2025-03-28,False,4951.63
2025-03-29,EUR,NGN,4951.63,True,2025-03-28,False,4951.63
2025-03-30,EUR,NGN,4951.63,True,2025-03-28,False,4951.63
2025-03-31,EUR,NGN,4972.1745,False,2025-03-31,False,4972.1745
2025-04-01,EUR,NGN,5021.0245,False,2025-04-01,False,5021.0245
2025-04-02,EUR,NGN,4989.4429,False,2025-04-02,False,4989.4429
2025-04-03,EUR,NGN,5025.1808,False,2025-04-03,False,5025.1808
2025-04-04,EUR,NGN,5048.4054,False,2025-04-04,False,5048.4054
2025-04-05,EUR,NGN,5048.4054,True,2025-04-04,False,5048.4054
2025-04-06,EUR,NGN,5048.4054,True,2025-04-04,False,5048.4054
2025-04-07,EUR,NGN,5059.15,False,2025-04-07,False,5059.15
2025-04-08,EUR,NGN,5085.1809,False,2025-04-08,False,5085.1809
2025-04-09,EUR,NGN,5111.0649,False,2025-04-09,False,5111.0649
2025-04-10,EUR,NGN,5126.77,False,2025-04-10,False,5126.77
2025-04-11,EUR,NGN,5141.5598,False,2025-04-11,False,5141.5598
2025-04-12,EUR,NGN,5141.5598,True,2025-04-11,False,5141.5598
2025-04-13,EUR,NGN,5141.5598,True,2025-04-11,False,5141.5598
2025-04-14,EUR,NGN,5184.5763,False,2025-04-14,False,5184.5763
2025-04-15,EUR,NGN,5233.64,False,2025-04-15,False,5233.64
2025-04-16,EUR,NGN,5255.1939,False,2025-04-16,False,5255.1939
2025-04-17,EUR,NGN,5266.04,False,2025-04-17,False,5266.04
2025-04-18,EUR,NGN,5255.0145,False,2025-04-18,False,5255.0145
2025-04-19,EUR,NGN,5255.0145,True,2025-04-18,False,5255.0145
2025-04-20,EUR,NGN,5255.0145,True,2025-04-18,False,5255.0145
2025-04-21,EUR,NGN,5183.43,False,2025-04-21,False,5183.43
2025-04-22,EUR,NGN,5122.2791,False,2025-04-22,False,5122.2791
2025-04-23,EUR,NGN,5105.53,False,2025-04-23,False,5105.53
2025-04-24,EUR,NGN,5136.9785,False,2025-04-24,False,5136.9785
2025-04-25,EUR,NGN,5131.7,False,2025-04-25,False,5131.7
2025-04-26,EUR,NGN,5131.7,True,2025-04-25,False,5131.7
2025-04-27,EUR,NGN,5131.7,True,2025-04-25,False,5131.7
2025-04-28,EUR,NGN,5068.1912,False,2025-04-28,False,5068.1912
2025-04-29,EUR,NGN,5097.97,False,2025-04-29,False,5097.97
2025-04-30,EUR,NGN,5092.9815,False,2025-04-30,False,5092.9815
2025-05-01,EUR,NGN,5022.34,False,2025-05-01,False,5022.34
2025-05-02,EUR,NGN,5054.36,False,2025-05-02,False,5054.36
2025-05-03,EUR,NGN,5054.36,True,2025-05-02,False,5054.36
2025-05-04,EUR,NGN,5054.36,True,2025-05-02,False,5054.36
2025-05-05,EUR,NGN,5099.95,False,2025-05-05,False,5099.95
2025-05-06,EUR,NGN,5146.6785,False,2025-05-06,False,5146.6785
2025-05-07,EUR,NGN,5164.55,False,2025-05-07,False,5164.55
2025-05-08,EUR,NGN,5160.0147,False,2025-05-08,False,5160.0147
2025-05-09,EUR,NGN,5161.15,False,2025-05-09,False,5161.15
2025-05-10,EUR,NGN,5161.15,True,2025-05-09,False,5161.15
2025-05-11,EUR,NGN,5161.15,True,2025-05-09,False,5161.15
2025-05-12,EUR,NGN,5275.9389,False,2025-05-12,False,5275.9389
2025-05-13,EUR,NGN,5275.9389,True,2025-05-12,False,5275.9389
2025-05-14,EUR,NGN,5253.5298,False,2025-05-14,False,5253.5298
2025-05-15,EUR,NGN,5230.6361,False,2025-05-15,False,5230.6361
2025-05-16,EUR,NGN,5228.5,False,2025-05-16,False,5228.5
2025-05-17,EUR,NGN,5228.5,True,2025-05-16,False,5228.5
2025-05-18,EUR,NGN,5228.5,True,2025-05-16,False,5228.5
2025-05-19,EUR,NGN,5219.6343,False,2025-05-19,False,5219.6343
2025-05-20,EUR,NGN,5236.8721,False,2025-05-20,False,5236.8721
2025-05-21,EUR,NGN,5236.7064,False,2025-05-21,False,5236.7064
2025-05-22,EUR,NGN,5260.5019,False,2025-05-22,False,5260.5019
2025-05-23,EUR,NGN,5293.2316,False,2025-05-23,False,5293.2316
2025-05-24,EUR,NGN,5293.2316,True,2025-05-23,False,5293.2316
2025-05-25,EUR,NGN,5293.2316,True,2025-05-23,False,5293.2316
2025-05-26,EUR,NGN,5293.2316,True,2025-05-23,False,5293.2316
2025-05-27,EUR,NGN,5289.8481,False,2025-05-27,False,5289.8481
2025-05-28,EUR,NGN,5313.97,False,2025-05-28,False,5313.97
2025-05-29,EUR,NGN,5331.02,False,2025-05-29,False,5331.02
2025-05-30,EUR,NGN,5352.7154,False,2025-05-30,False,5352.7154
2025-05-31,EUR,NGN,5352.7154,True,2025-05-30,False,5352.7154
2025-06-01,EUR,NGN,5352.7154,True,2025-05-30,False,5352.7154
2025-06-02,EUR,NGN,5398.04,False,2025-06-02,False,5398.04
2025-06-03,EUR,NGN,5387.31,False,2025-06-03,False,5387.31
2025-06-04,EUR,NGN,5422.99,False,2025-06-04,False,5422.99
2025-06-05,EUR,NGN,5434.2553,False,2025-06-05,False,5434.2553
2025-06-06,EUR,NGN,5465.6876,False,2025-06-06,False,5465.6876
2025-06-07,EUR,NGN,5465.6876,True,2025-06-06,False,5465.6876
2025-06-08,EUR,NGN,5465.6876,True,2025-06-06,False,5465.6876
2025-06-09,EUR,NGN,5566.5956,False,2025-06-09,False,5566.5956
2025-06-10,EUR,NGN,5582.8571,False,2025-06-10,False,5582.8571
2025-06-11,EUR,NGN,5580.3529,False,2025-06-11,False,5580.3529
2025-06-12,EUR,NGN,5532.7148,False,2025-06-12,False,5532.7148
2025-06-13,EUR,NGN,5532.7148,True,2025-06-12,False,5532.7148
2025-06-14,EUR,NGN,5532.7148,True,2025-06-12,False,5532.7148
2025-06-15,EUR,NGN,5532.7148,True,2025-06-12,False,5532.7148
2025-06-16,EUR,NGN,5467.1975,False,2025-06-16,False,5467.1975
2025-06-17,EUR,NGN,5481.1878,False,2025-06-17,False,5481.1878
2025-06-18,EUR,NGN,5485.05,False,2025-06-18,False,5485.05
2025-06-19,EUR,NGN,5501.16,False,2025-06-19,False,5501.16
2025-06-20,EUR,NGN,5505.36,False,2025-06-20,False,5505.36
2025-06-21,EUR,NGN,5505.36,True,2025-06-20,False,5505.36
2025-06-22,EUR,NGN,5505.36,True,2025-06-20,False,5505.36
2025-06-23,EUR,NGN,5472.32,False,2025-06-23,False,5472.32
2025-06-24,EUR,NGN,5478.4322,False,2025-06-24,False,5478.4322
2025-06-25,EUR,NGN,5524.34,False,2025-06-25,False,5524.34
2025-06-26,EUR,NGN,5466.68,False,2025-06-26,False,5466.68
2025-06-27,EUR,NGN,5478.14,False,2025-06-27,False,5478.14
2025-06-28,EUR,NGN,5478.14,True,2025-06-27,False,5478.14
2025-06-29,EUR,NGN,5478.14,True,2025-06-27,False,5478.14
2025-06-30,EUR,NGN,5530.696,False,2025-06-30,False,5530.696
2025-07-01,EUR,NGN,5535.0314,False,2025-07-01,False,5535.0314
2025-07-02,EUR,NGN,5535.0314,True,2025-07-01,False,5535.0314
2025-07-03,EUR,NGN,5571.7744,False,2025-07-03,False,5571.7744
2025-07-04,EUR,NGN,5551.1608,False,2025-07-04,False,5551.1608
2023-01-01,GBP,NGN,568.04,True,2023-01-02,False,568.04
2023-01-02,GBP,NGN,568.04,False,2023-01-02,False,568.04
2023-01-03,GBP,NGN,570.79,False,2023-01-03,False,570.79
2023-01-04,GBP,NGN,569.2,False,2023-01-04,False,569.2
2023-01-05,GBP,NGN,574.9604,False,2023-01-05,False,574.9604
2023-01-06,GBP,NGN,577.2317,False,2023-01-06,False,577.2317
2023-01-07,GBP,NGN,577.2317,True,2023-01-06,False,577.2317
2023-01-08,GBP,NGN,577.2317,True,2023-01-06,False,577.2317
2023-01-09,GBP,NGN,571.3005,False,2023-01-09,False,571.3005
2023-01-10,GBP,NGN,574.97,False,2023-01-10,False,574.97
2023-01-11,GBP,NGN,574.97,True,2023-01-10,False,574.97
2023-01-12,GBP,NGN,578.3677,False,2023-01-12,False,578.3677
2023-01-13,GBP,NGN,574.1625,False,2023-01-13,False,574.1625
2023-01-14,GBP,NGN,574.1625,True,2023-01-13,False,574.1625
2023-01-15,GBP,NGN,574.1625,True,2023-01-13,False,574.1625
2023-01-16,GBP,NGN,576.9544,False,2023-01-16,False,576.9544
2023-01-17,GBP,NGN,574.75,False,2023-01-17,False,574.75
2023-01-18,GBP,NGN,576.54,False,2023-01-18,False,576.54
2023-01-19,GBP,NGN,578.67,False,2023-01-19,False,578.67
2023-01-20,GBP,NGN,574.67,False,2023-01-20,False,574.67
2023-01-21,GBP,NGN,574.67,True,2023-01-20,False,574.67
2023-01-22,GBP,NGN,574.67,True,2023-01-20,False,574.67
2023-01-23,GBP,NGN,577.3394,False,2023-01-23,False,577.3394
2023-01-24,GBP,NGN,579.2432,False,2023-01-24,False,579.2432
2023-01-25,GBP,NGN,575.6409,False,2023-01-25,False,575.6409
2023-01-26,GBP,NGN,573.5757,False,2023-01-26,False,573.5757
2023-01-27,GBP,NGN,581.0398,False,2023-01-27,False,581.0398
2023-01-28,GBP,NGN,581.0398,True,2023-01-27,False,581.0398
2023-01-29,GBP,NGN,581.0398,True,2023-01-27,False,581.0398
2023-01-30,GBP,NGN,578.16,False,2023-01-30,False,578.16
2023-01-31,GBP,NGN,571.94,False,2023-01-31,False,571.94
2023-02-01,GBP,NGN,571.94,True,2023-01-31,False,571.94
2023-02-02,GBP,NGN,569.5778,False,2023-02-02,False,569.5778
2023-02-03,GBP,NGN,568.59,False,2023-02-03,False,568.59
2023-02-04,GBP,NGN,568.59,True,2023-02-03,False,568.59
2023-02-05,GBP,NGN,568.59,True,2023-02-03,False,568.59
2023-02-06,GBP,NGN,570.72,False,2023-02-06,False,570.72
2023-02-07,GBP,NGN,575.3488,False,2023-02-07,False,575.3488
2023-02-08,GBP,NGN,580.2982,False,2023-02-08,False,580.2982
2023-02-09,GBP,NGN,583.6439,False,2023-02-09,False,583.6439
2023-02-10,GBP,NGN,583.6439,True,2023-02-09,False,583.6439
2023-02-11,GBP,NGN,583.6439,True,2023-02-09,False,583.6439
2023-02-12,GBP,NGN,583.6439,True,2023-02-09,False,583.6439
2023-02-13,GBP,NGN,583.6439,True,2023-02-09,False,583.6439
2023-02-14,GBP,NGN,578.6889,False,2023-02-14,False,578.6889
2023-02-15,GBP,NGN,578.93,False,2023-02-15,False,578.93
2023-02-16,GBP,NGN,579.8479,False,2023-02-16,False,579.8479
2023-02-17,GBP,NGN,586.34,False,2023-02-17,False,586.34
2023-02-18,GBP,NGN,586.34,True,2023-02-17,False,586.34
2023-02-19,GBP,NGN,586.34,True,2023-02-17,False,586.34
2023-02-20,GBP,NGN,584.64,False,2023-02-20,False,584.64
2023-02-21,GBP,NGN,584.21,False,2023-02-21,False,584.21
2023-02-22,GBP,NGN,584.7108,False,2023-02-22,False,584.7108
2023-02-23,GBP,NGN,587.7181,False,2023-02-23,False,587.7181
2023-02-24,GBP,NGN,581.3645,False,2023-02-24,False,581.3645
2023-02-25,GBP,NGN,581.3645,True,2023-02-24,False,581.3645
2023-02-26,GBP,NGN,581.3645,True,2023-02-24,False,581.3645
2023-02-27,GBP,NGN,581.3645,True,2023-02-24,False,581.3645
2023-02-28,GBP,NGN,602.1188,False,2023-02-28,False,602.1188
2023-03-01,GBP,NGN,598.4838,False,2023-03-01,False,598.4838
2023-03-02,GBP,NGN,595.2643,False,2023-03-02,False,595.2643
2023-03-03,GBP,NGN,597.76,False,2023-03-03,False,597.76
2023-03-04,GBP,NGN,597.76,True,2023-03-03,False,597.76
2023-03-05,GBP,NGN,597.76,True,2023-03-03,False,597.76
2023-03-06,GBP,NGN,602.8867,False,2023-03-06,False,602.8867
2023-03-07,GBP,NGN,603.2018,False,2023-03-07,False,603.2018
2023-03-08,GBP,NGN,593.1082,False,2023-03-08,False,593.1082
2023-03-09,GBP,NGN,597.6643,False,2023-03-09,False,597.6643
2023-03-10,GBP,NGN,593.69,False,2023-03-10,False,593.69
2023-03-11,GBP,NGN,593.69,True,2023-03-10,False,593.69
2023-03-12,GBP,NGN,593.69,True,2023-03-10,False,593.69
2023-03-13,GBP,NGN,596.2213,False,2023-03-13,False,596.2213
2023-03-14,GBP,NGN,595.7369,False,2023-03-14,False,595.7369
2023-03-15,GBP,NGN,590.4328,False,2023-03-15,False,590.4328
2023-03-16,GBP,NGN,590.9722,False,2023-03-16,False,590.9722
2023-03-17,GBP,NGN,590.7345,False,2023-03-17,False,590.7345
2023-03-18,GBP,NGN,590.7345,True,2023-03-17,False,590.7345
2023-03-19,GBP,NGN,590.7345,True,2023-03-17,False,590.7345
2023-03-20,GBP,NGN,599.5981,False,2023-03-20,False,599.5981
2023-03-21,GBP,NGN,599.5981,True,2023-03-20,False,599.5981
2023-03-22,GBP,NGN,618.91,False,2023-03-22,False,618.91
2023-03-23,GBP,NGN,614.7746,False,2023-03-23,False,614.7746
2023-03-24,GBP,NGN,614.7746,True,2023-03-23,False,614.7746
2023-03-25,GBP,NGN,614.7746,True,2023-03-23,False,614.7746
2023-03-26,GBP,NGN,614.7746,True,2023-03-23,False,614.7746
2023-03-27,GBP,NGN,625.0229,False,2023-03-27,False,625.0229
2023-03-28,GBP,NGN,626.63,False,2023-03-28,False,626.63
2023-03-29,GBP,NGN,629.4602,False,2023-03-29,False,629.4602
2023-03-30,GBP,NGN,628.1126,False,2023-03-30,False,628.1126
2023-03-31,GBP,NGN,624.0338,False,2023-03-31,False,624.0338
2023-04-01,GBP,NGN,624.0338,True,2023-03-31,False,624.0338
2023-04-02,GBP,NGN,624.0338,True,2023-03-31,False,624.0338
2023-04-03,GBP,NGN,626.443,False,2023-04-03,False,626.443
2023-04-04,GBP,NGN,627.35,False,2023-04-04,False,627.35
2023-04-05,GBP,NGN,626.3645,False,2023-04-05,False,626.3645
2023-04-06,GBP,NGN,623.7623,False,2023-04-06,False,623.7623
2023-04-07,GBP,NGN,623.7623,True,2023-04-06,False,623.7623
2023-04-08,GBP,NGN,623.7623,True,2023-04-06,False,623.7623
2023-04-09,GBP,NGN,623.7623,True,2023-04-06,False,623.7623
2023-04-10,GBP,NGN,627.89,False,2023-04-10,False,627.89
2023-04-11,GBP,NGN,627.133,False,2023-04-11,False,627.133
2023-04-12,GBP,NGN,626.8096,False,2023-04-12,False,626.8096
2023-04-13,GBP,NGN,628.62,False,2023-04-13,False,628.62
2023-04-14,GBP,NGN,631.01,False,2023-04-14,False,631.01
2023-04-15,GBP,NGN,631.01,True,2023-04-14,False,631.01
2023-04-16,GBP,NGN,631.01,True,2023-04-14,False,631.01
2023-04-17,GBP,NGN,618.6131,False,2023-04-17,False,618.6131
2023-04-18,GBP,NGN,621.28,False,2023-04-18,False,621.28
2023-04-19,GBP,NGN,623.86,False,2023-04-19,False,623.86
2023-04-20,GBP,NGN,622.5929,False,2023-04-20,False,622.5929
2023-04-21,GBP,NGN,625.3851,False,2023-04-21,False,625.3851
2023-04-22,GBP,NGN,625.3851,True,2023-04-21,False,625.3851
2023-04-23,GBP,NGN,625.3851,True,2023-04-21,False,625.3851
2023-04-24,GBP,NGN,629.78,False,2023-04-24,False,629.78
2023-04-25,GBP,NGN,631.0877,False,2023-04-25,False,631.0877
2023-04-26,GBP,NGN,635.1,False,2023-04-26,False,635.1
2023-04-27,GBP,NGN,631.23,False,2023-04-27,False,631.23
2023-04-28,GBP,NGN,636.3821,False,2023-04-28,False,636.3821
2023-04-29,GBP,NGN,636.3821,True,2023-04-28,False,636.3821
2023-04-30,GBP,NGN,636.3821,True,2023-04-28,False,636.3821
2023-05-01,GBP,NGN,631.9571,False,2023-05-01,False,631.9571
2023-05-02,GBP,NGN,631.9571,True,2023-05-01,False,631.9571
2023-05-03,GBP,NGN,632.05,False,2023-05-03,False,632.05
2023-05-04,GBP,NGN,635.18,False,2023-05-04,False,635.18
2023-05-05,GBP,NGN,634.2106,False,2023-05-05,False,634.2106
2023-05-06,GBP,NGN,634.2106,True,2023-05-05,False,634.2106
2023-05-07,GBP,NGN,634.2106,True,2023-05-05,False,634.2106
2023-05-08,GBP,NGN,641.8297,False,2023-05-08,False,641.8297
2023-05-09,GBP,NGN,642.61,False,2023-05-09,False,642.61
2023-05-10,GBP,NGN,642.61,True,2023-05-09,False,642.61
2023-05-11,GBP,NGN,645.3712,False,2023-05-11,False,645.3712
2023-05-12,GBP,NGN,645.191,False,2023-05-12,False,645.191
2023-05-13,GBP,NGN,645.191,True,2023-05-12,False,645.191
2023-05-14,GBP,NGN,645.191,True,2023-05-12,False,645.191
2023-05-15,GBP,NGN,651.26,False,2023-05-15,False,651.26
2023-05-16,GBP,NGN,651.84,False,2023-05-16,False,651.84
2023-05-17,GBP,NGN,647.5152,False,2023-05-17,False,647.5152
2023-05-18,GBP,NGN,651.81,False,2023-05-18,False,651.81
2023-05-19,GBP,NGN,657.86,False,2023-05-19,False,657.86
2023-05-20,GBP,NGN,657.86,True,2023-05-19,False,657.86
2023-05-21,GBP,NGN,657.86,True,2023-05-19,False,657.86
2023-05-22,GBP,NGN,664.5456,False,2023-05-22,False,664.5456
2023-05-23,GBP,NGN,660.29,False,2023-05-23,False,660.29
2023-05-24,GBP,NGN,660.328,False,2023-05-24,False,660.328
2023-05-25,GBP,NGN,659.58,False,2023-05-25,False,659.58
2023-05-26,GBP,NGN,658.7369,False,2023-05-26,False,658.7369
2023-05-27,GBP,NGN,658.7369,True,2023-05-26,False,658.7369
2023-05-28,GBP,NGN,658.7369,True,2023-05-26,False,658.7369
2023-05-29,GBP,NGN,649.3842,False,2023-05-29,False,649.3842
2023-05-30,GBP,NGN,649.3842,True,2023-05-29,False,649.3842
2023-05-31,GBP,NGN,653.92,False,2023-05-31,False,653.92
2023-06-01,GBP,NGN,654.5852,False,2023-06-01,False,654.5852
2023-06-02,GBP,NGN,657.4983,False,2023-06-02,False,657.4983
2023-06-03,GBP,NGN,657.4983,True,2023-06-02,False,657.4983
2023-06-04,GBP,NGN,657.4983,True,2023-06-02,False,657.4983
2023-06-05,GBP,NGN,660.23,False,2023-06-05,False,660.23
2023-06-06,GBP,NGN,660.23,True,2023-06-05,False,660.23
2023-06-07,GBP,NGN,668.32,False,2023-06-07,False,668.32
2023-06-08,GBP,NGN,673.53,False,2023-06-08,False,673.53
2023-06-09,GBP,NGN,674.34,False,2023-06-09,False,674.34
2023-06-10,GBP,NGN,674.34,True,2023-06-09,False,674.34
2023-06-11,GBP,NGN,674.34,True,2023-06-09,False,674.34
2023-06-12,GBP,NGN,673.4357,False,2023-06-12,False,673.4357
2023-06-13,GBP,NGN,677.01,False,2023-06-13,False,677.01
2023-06-14,GBP,NGN,1096.76,False,2023-06-14,False,1096.76
2023-06-15,GBP,NGN,1105.8507,False,2023-06-15,False,1105.8507
2023-06-16,GBP,NGN,1099.1548,False,2023-06-16,False,1099.1548
2023-06-17,GBP,NGN,1099.1548,True,2023-06-16,False,1099.1548
2023-06-18,GBP,NGN,1099.1548,True,2023-06-16,False,1099.1548
2023-06-19,GBP,NGN,1116.3479,False,2023-06-19,False,1116.3479
2023-06-20,GBP,NGN,1120.57,False,2023-06-20,False,1120.57
2023-06-21,GBP,NGN,1127.93,False,2023-06-21,False,1127.93
2023-06-22,GBP,NGN,1138.4076,False,2023-06-22,False,1138.4076
2023-06-23,GBP,NGN,1152.3105,False,2023-06-23,False,1152.3105
2023-06-24,GBP,NGN,1152.3105,True,2023-06-23,False,1152.3105
2023-06-25,GBP,NGN,1152.3105,True,2023-06-23,False,1152.3105
2023-06-26,GBP,NGN,1151.74,False,2023-06-26,False,1151.74
2023-06-27,GBP,NGN,1155.1198,False,2023-06-27,False,1155.1198
2023-06-28,GBP,NGN,1141.92,False,2023-06-28,False,1141.92
2023-06-29,GBP,NGN,1154.99,False,2023-06-29,False,1154.99
2023-06-30,GBP,NGN,1166.48,False,2023-06-30,False,1166.48
2023-07-01,GBP,NGN,1166.48,True,2023-06-30,False,1166.48
2023-07-02,GBP,NGN,1166.48,True,2023-06-30,False,1166.48
2023-07-03,GBP,NGN,1177.69,False,2023-07-03,False,1177.69
2023-07-04,GBP,NGN,1184.14,False,2023-07-04,False,1184.14
2023-07-05,GBP,NGN,1197.35,False,2023-07-05,False,1197.35
2023-07-06,GBP,NGN,1192.0172,False,2023-07-06,False,1192.0172
2023-07-07,GBP,NGN,1192.0172,True,2023-07-06,False,1192.0172
2023-07-08,GBP,NGN,1192.0172,True,2023-07-06,False,1192.0172
2023-07-09,GBP,NGN,1192.0172,True,2023-07-06,False,1192.0172
2023-07-10,GBP,NGN,1207.83,False,2023-07-10,False,1207.83
2023-07-11,GBP,NGN,1205.5125,False,2023-07-11,False,1205.5125
2023-07-12,GBP,NGN,1217.64,False,2023-07-12,False,1217.64
2023-07-13,GBP,NGN,1219.7961,False,2023-07-13,False,1219.7961
2023-07-14,GBP,NGN,1221.9043,False,2023-07-14,False,1221.9043
2023-07-15,GBP,NGN,1221.9043,True,2023-07-14,False,1221.9043
2023-07-16,GBP,NGN,1221.9043,True,2023-07-14,False,1221.9043
2023-07-17,GBP,NGN,1234.914,False,2023-07-17,False,1234.914
2023-07-18,GBP,NGN,1238.54,False,2023-07-18,False,1238.54
2023-07-19,GBP,NGN,1244.4665,False,2023-07-19,False,1244.4665
2023-07-20,GBP,NGN,1246.91,False,2023-07-20,False,1246.91
2023-07-21,GBP,NGN,1253.04,False,2023-07-21,False,1253.04
2023-07-22,GBP,NGN,1253.04,True,2023-07-21,False,1253.04
2023-07-23,GBP,NGN,1253.04,True,2023-07-21,False,1253.04
2023-07-24,GBP,NGN,1262.5,False,2023-07-24,False,1262.5
2023-07-25,GBP,NGN,1253.97,False,2023-07-25,False,1253.97
2023-07-26,GBP,NGN,1258.8621,False,2023-07-26,False,1258.8621
2023-07-27,GBP,NGN,1273.1081,False,2023-07-27,False,1273.1081
2023-07-28,GBP,NGN,1282.31,False,2023-07-28,False,1282.31
2023-07-29,GBP,NGN,1282.31,True,2023-07-28,False,1282.31
2023-07-30,GBP,NGN,1282.31,True,2023-07-28,False,1282.31
2023-07-31,GBP,NGN,1281.5332,False,2023-07-31,False,1281.5332
2023-08-01,GBP,NGN,1272.4506,False,2023-08-01,False,1272.4506
2023-08-02,GBP,NGN,1287.4215,False,2023-08-02,False,1287.4215
2023-08-03,GBP,NGN,1290.2101,False,2023-08-03,False,1290.2101
2023-08-04,GBP,NGN,1290.2101,True,2023-08-03,False,1290.2101
2023-08-05,GBP,NGN,1290.2101,True,2023-08-03,False,1290.2101
2023-08-06,GBP,NGN,1290.2101,True,2023-08-03,False,1290.2101
2023-08-07,GBP,NGN,1287.6325,False,2023-08-07,False,1287.6325
2023-08-08,GBP,NGN,1291.7442,False,2023-08-08,False,1291.7442
2023-08-09,GBP,NGN,1294.3561,False,2023-08-09,False,1294.3561
2023-08-10,GBP,NGN,1301.7,False,2023-08-10,False,1301.7
2023-08-11,GBP,NGN,1306.59,False,2023-08-11,False,1306.59
2023-08-12,GBP,NGN,1306.59,True,2023-08-11,False,1306.59
2023-08-13,GBP,NGN,1306.59,True,2023-08-11,False,1306.59
2023-08-14,GBP,NGN,1306.59,True,2023-08-11,False,1306.59
2023-08-15,GBP,NGN,1329.2805,False,2023-08-15,False,1329.2805
2023-08-16,GBP,NGN,1337.5606,False,2023-08-16,False,1337.5606
2023-08-17,GBP,NGN,1349.7262,False,2023-08-17,False,1349.7262
2023-08-18,GBP,NGN,1335.35,False,2023-08-18,False,1335.35
2023-08-19,GBP,NGN,1335.35,True,2023-08-18,False,1335.35
2023-08-20,GBP,NGN,1335.35,True,2023-08-18,False,1335.35
2023-08-21,GBP,NGN,1340.62,False,2023-08-21,False,1340.62
2023-08-22,GBP,NGN,1347.4,False,2023-08-22,False,1347.4
2023-08-23,GBP,NGN,1335.5438,False,2023-08-23,False,1335.5438
2023-08-24,GBP,NGN,1334.3527,False,2023-08-24,False,1334.3527
2023-08-25,GBP,NGN,1334.3527,True,2023-08-24,False,1334.3527
2023-08-26,GBP,NGN,1334.3527,True,2023-08-24,False,1334.3527
2023-08-27,GBP,NGN,1334.3527,True,2023-08-24,False,1334.3527
2023-08-28,GBP,NGN,1361.36,False,2023-08-28,False,1361.36
2023-08-29,GBP,NGN,1354.9389,False,2023-08-29,False,1354.9389
2023-08-30,GBP,NGN,1352.34,False,2023-08-30,False,1352.34
2023-08-31,GBP,NGN,1360.4664,False,2023-08-31,False,1360.4664
2023-09-01,GBP,NGN,1372.8041,False,2023-09-01,False,1372.8041
2023-09-02,GBP,NGN,1372.8041,True,2023-09-01,False,1372.8041
2023-09-03,GBP,NGN,1372.8041,True,2023-09-01,False,1372.8041
2023-09-04,GBP,NGN,1352.9419,False,2023-09-04,False,1352.9419
2023-09-05,GBP,NGN,1364.07,False,2023-09-05,False,1364.07
2023-09-06,GBP,NGN,1354.9099,False,2023-09-06,False,1354.9099
2023-09-07,GBP,NGN,1369.21,False,2023-09-07,False,1369.21
2023-09-08,GBP,NGN,1364.92,False,2023-09-08,False,1364.92
2023-09-09,GBP,NGN,1364.92,True,2023-09-08,False,1364.92
2023-09-10,GBP,NGN,1364.92,True,2023-09-08,False,1364.92
2023-09-11,GBP,NGN,1374.2675,False,2023-09-11,False,1374.2675
2023-09-12,GBP,NGN,1366.7688,False,2023-09-12,False,1366.7688
2023-09-13,GBP,NGN,1358.57,False,2023-09-13,False,1358.57
2023-09-14,GBP,NGN,1362.8,False,2023-09-14,False,1362.8
2023-09-15,GBP,NGN,1359.93,False,2023-09-15,False,1359.93
2023-09-16,GBP,NGN,1359.93,True,2023-09-15,False,1359.93
2023-09-17,GBP,NGN,1359.93,True,2023-09-15,False,1359.93
2023-09-18,GBP,NGN,1365.0249,False,2023-09-18,False,1365.0249
2023-09-19,GBP,NGN,1357.112,False,2023-09-19,False,1357.112
2023-09-20,GBP,NGN,1362.813,False,2023-09-20,False,1362.813
2023-09-21,GBP,NGN,1374.678,False,2023-09-21,True,13746.78
2023-09-22,GBP,NGN,1364.2354,False,2023-09-22,False,1364.2354
2023-09-23,GBP,NGN,1364.2354,True,2023-09-22,False,1364.2354
2023-09-24,GBP,NGN,1364.2354,True,2023-09-22,False,1364.2354
2023-09-25,GBP,NGN,1356.8376,False,2023-09-25,False,1356.8376
2023-09-26,GBP,NGN,1360.0769,False,2023-09-26,False,1360.0769
2023-09-27,GBP,NGN,1352.7652,False,2023-09-27,False,1352.7652
2023-09-28,GBP,NGN,1348.9975,False,2023-09-28,False,1348.9975
2023-09-29,GBP,NGN,1359.6338,False,2023-09-29,False,1359.6338
2023-09-30,GBP,NGN,1359.6338,True,2023-09-29,False,1359.6338
2023-10-01,GBP,NGN,1359.6338,True,2023-09-29,False,1359.6338
2023-10-02,GBP,NGN,1371.6806,False,2023-10-02,False,1371.6806
2023-10-03,GBP,NGN,1359.7511,False,2023-10-03,False,1359.7511
2023-10-04,GBP,NGN,1359.7511,True,2023-10-03,False,1359.7511
2023-10-05,GBP,NGN,1379.78,False,2023-10-05,False,1379.78
2023-10-06,GBP,NGN,1377.47,False,2023-10-06,False,1377.47
2023-10-07,GBP,NGN,1377.47,True,2023-10-06,False,1377.47
2023-10-08,GBP,NGN,1377.47,True,2023-10-06,False,1377.47
2023-10-09,GBP,NGN,1384.4992,False,2023-10-09,False,1384.4992
2023-10-10,GBP,NGN,1392.0057,False,2023-10-10,False,1392.0057
2023-10-11,GBP,NGN,1400.3687,False,2023-10-11,False,1400.3687
2023-10-12,GBP,NGN,1407.76,False,2023-10-12,False,1407.76
2023-10-13,GBP,NGN,1405.35,False,2023-10-13,False,1405.35
2023-10-14,GBP,NGN,1405.35,True,2023-10-13,False,1405.35
2023-10-15,GBP,NGN,1405.35,True,2023-10-13,False,1405.35
2023-10-16,GBP,NGN,1400.6466,False,2023-10-16,False,1400.6466
2023-10-17,GBP,NGN,1388.74,False,2023-10-17,False,1388.74
2023-10-18,GBP,NGN,1394.0329,False,2023-10-18,False,1394.0329
2023-10-19,GBP,NGN,1394.4721,False,2023-10-19,False,1394.4721
2023-10-20,GBP,NGN,1406.39,False,2023-10-20,False,1406.39
2023-10-21,GBP,NGN,1406.39,True,2023-10-20,False,1406.39
2023-10-22,GBP,NGN,1406.39,True,2023-10-20,False,1406.39
2023-10-23,GBP,NGN,1411.4206,False,2023-10-23,False,1411.4206
2023-10-24,GBP,NGN,1424.8247,False,2023-10-24,False,1424.8247
2023-10-25,GBP,NGN,1418.85,False,2023-10-25,False,1418.85
2023-10-26,GBP,NGN,1424.03,False,2023-10-26,False,1424.03
2023-10-27,GBP,NGN,1436.3681,False,2023-10-27,False,1436.3681
2023-10-28,GBP,NGN,1436.3681,True,2023-10-27,False,1436.3681
2023-10-29,GBP,NGN,1436.3681,True,2023-10-27,False,1436.3681
2023-10-30,GBP,NGN,1458.7481,False,2023-10-30,False,1458.7481
2023-10-31,GBP,NGN,1456.3951,False,2023-10-31,False,1456.3951
2023-11-01,GBP,NGN,1450.8069,False,2023-11-01,False,1450.8069
2023-11-02,GBP,NGN,1454.5765,False,2023-11-02,False,1454.5765
2023-11-03,GBP,NGN,1460.19,False,2023-11-03,False,1460.19
2023-11-04,GBP,NGN,1460.19,True,2023-11-03,False,1460.19
2023-11-05,GBP,NGN,1460.19,True,2023-11-03,False,1460.19
2023-11-06,GBP,NGN,1461.6965,False,2023-11-06,False,1461.6965
2023-11-07,GBP,NGN,1454.9259,False,2023-11-07,False,1454.9259
2023-11-08,GBP,NGN,1446.8,False,2023-11-08,False,1446.8
2023-11-09,GBP,NGN,1466.9253,False,2023-11-09,False,1466.9253
2023-11-10,GBP,NGN,1471.19,False,2023-11-10,False,1471.19
2023-11-11,GBP,NGN,1471.19,True,2023-11-10,False,1471.19
2023-11-12,GBP,NGN,1471.19,True,2023-11-10,False,1471.19
2023-11-13,GBP,NGN,1470.55,False,2023-11-13,False,1470.55
2023-11-14,GBP,NGN,1482.04,False,2023-11-14,False,1482.04
2023-11-15,GBP,NGN,1483.6577,False,2023-11-15,False,1483.6577
2023-11-16,GBP,NGN,1485.6216,False,2023-11-16,False,1485.6216
2023-11-17,GBP,NGN,1495.09,False,2023-11-17,False,1495.09
2023-11-18,GBP,NGN,1495.09,True,2023-11-17,False,1495.09
2023-11-19,GBP,NGN,1495.09,True,2023-11-17,False,1495.09
2023-11-20,GBP,NGN,1490.4553,False,2023-11-20,False,1490.4553
2023-11-21,GBP,NGN,1502.38,False,2023-11-21,False,1502.38
2023-11-22,GBP,NGN,1499.9681,False,2023-11-22,False,1499.9681
2023-11-23,GBP,NGN,1509.9353,False,2023-11-23,False,1509.9353
2023-11-24,GBP,NGN,1500.9263,False,2023-11-24,False,1500.9263
2023-11-25,GBP,NGN,1500.9263,True,2023-11-24,False,1500.9263
2023-11-26,GBP,NGN,1500.9263,True,2023-11-24,False,1500.9263
2023-11-27,GBP,NGN,1481.35,False,2023-11-27,False,1481.35
2023-11-28,GBP,NGN,1466.7761,False,2023-11-28,False,1466.7761
2023-11-29,GBP,NGN,1477.8312,False,2023-11-29,False,1477.8312
2023-11-30,GBP,NGN,1468.2698,False,2023-11-30,False,1468.2698
2023-12-01,GBP,NGN,1472.01,False,2023-12-01,False,1472.01
2023-12-02,GBP,NGN,1472.01,True,2023-12-01,False,1472.01
2023-12-03,GBP,NGN,1472.01,True,2023-12-01,False,1472.01
2023-12-04,GBP,NGN,1479.1881,False,2023-12-04,False,1479.1881
2023-12-05,GBP,NGN,1487.8168,False,2023-12-05,False,1487.8168
2023-12-06,GBP,NGN,1487.09,False,2023-12-06,False,1487.09
2023-12-07,GBP,NGN,1483.8916,False,2023-12-07,False,1483.8916
2023-12-08,GBP,NGN,1479.0015,False,2023-12-08,False,1479.0015
2023-12-09,GBP,NGN,1479.0015,True,2023-12-08,False,1479.0015
2023-12-10,GBP,NGN,1479.0015,True,2023-12-08,False,1479.0015
2023-12-11,GBP,NGN,1487.881,False,2023-12-11,False,1487.881
2023-12-12,GBP,NGN,1487.881,True,2023-12-11,False,1487.881
2023-12-13,GBP,NGN,1479.6225,False,2023-12-13,False,1479.6225
2023-12-14,GBP,NGN,1491.2091,False,2023-12-14,False,1491.2091
2023-12-15,GBP,NGN,1510.09,False,2023-12-15,False,1510.09
2023-12-16,GBP,NGN,1510.09,True,2023-12-15,False,1510.09
2023-12-17,GBP,NGN,1510.09,True,2023-12-15,False,1510.09
2023-12-18,GBP,NGN,1514.53,False,2023-12-18,False,1514.53
2023-12-19,GBP,NGN,1506.4677,False,2023-12-19,False,1506.4677
2023-12-20,GBP,NGN,1505.2593,False,2023-12-20,False,1505.2593
2023-12-21,GBP,NGN,1507.5658,False,2023-12-21,False,1507.5658
2023-12-22,GBP,NGN,1525.5104,False,2023-12-22,False,1525.5104
2023-12-23,GBP,NGN,1525.5104,True,2023-12-22,False,1525.5104
2023-12-24,GBP,NGN,1525.5104,True,2023-12-22,False,1525.5104
2023-12-25,GBP,NGN,1540.7631,False,2023-12-25,False,1540.7631
2023-12-26,GBP,NGN,1558.27,False,2023-12-26,False,1558.27
2023-12-27,GBP,NGN,1549.3012,False,2023-12-27,False,1549.3012
2023-12-28,GBP,NGN,1541.43,False,2023-12-28,False,1541.43
2023-12-29,GBP,NGN,1553.6366,False,2023-12-29,False,1553.6366
2023-12-30,GBP,NGN,1553.6366,True,2023-12-29,False,1553.6366
2023-12-31,GBP,NGN,1553.6366,True,2023-12-29,False,1553.6366
2024-01-01,GBP,NGN,1576.3745,False,2024-01-01,False,1576.3745
2024-01-02,GBP,NGN,1574.3848,False,2024-01-02,False,1574.3848
2024-01-03,GBP,NGN,1576.6103,False,2024-01-03,False,1576.6103
2024-01-04,GBP,NGN,1585.28,False,2024-01-04,False,1585.28
2024-01-05,GBP,NGN,1593.8232,False,2024-01-05,False,1593.8232
2024-01-06,GBP,NGN,1593.8232,True,2024-01-05,False,1593.8232
2024-01-07,GBP,NGN,1593.8232,True,2024-01-05,False,1593.8232
2024-01-08,GBP,NGN,1584.7437,False,2024-01-08,False,1584.7437
2024-01-09,GBP,NGN,1584.6,False,2024-01-09,False,1584.6
2024-01-10,GBP,NGN,1600.5149,False,2024-01-10,False,1600.5149
2024-01-11,GBP,NGN,1612.64,False,2024-01-11,False,1612.64
2024-01-12,GBP,NGN,1628.9,False,2024-01-12,False,1628.9
2024-01-13,GBP,NGN,1628.9,True,2024-01-12,False,1628.9
2024-01-14,GBP,NGN,1628.9,True,2024-01-12,False,1628.9
2024-01-15,GBP,NGN,1644.452,False,2024-01-15,False,1644.452
2024-01-16,GBP,NGN,1645.0604,False,2024-01-16,False,1645.0604
2024-01-17,GBP,NGN,1657.09,False,2024-01-17,False,1657.09
2024-01-18,GBP,NGN,1673.3588,False,2024-01-18,False,1673.3588
2024-01-19,GBP,NGN,1674.827,False,2024-01-19,True,16748.27
2024-01-20,GBP,NGN,1674.827,True,2024-01-19,False,1674.827
2024-01-21,GBP,NGN,1674.827,True,2024-01-19,False,1674.827
2024-01-22,GBP,NGN,1668.5111,False,2024-01-22,False,1668.5111
2024-01-23,GBP,NGN,1660.41,False,2024-01-23,False,1660.41
2024-01-24,GBP,NGN,1663.975,False,2024-01-24,False,1663.975
2024-01-25,GBP,NGN,1669.533,False,2024-01-25,False,1669.533
2024-01-26,GBP,NGN,1650.2093,False,2024-01-26,False,1650.2093
2024-01-27,GBP,NGN,1650.2093,True,2024-01-26,False,1650.2093
2024-01-28,GBP,NGN,1650.2093,True,2024-01-26,False,1650.2093
2024-01-29,GBP,NGN,2239.1436,False,2024-01-29,False,2239.1436
2024-01-30,GBP,NGN,2241.4172,False,2024-01-30,False,2241.4172
2024-01-31,GBP,NGN,2251.5221,False,2024-01-31,False,2251.5221
2024-02-01,GBP,NGN,2251.0889,False,2024-02-01,False,2251.0889
2024-02-02,GBP,NGN,2287.6342,False,2024-02-02,False,2287.6342
2024-02-03,GBP,NGN,2287.6342,True,2024-02-02,False,2287.6342
2024-02-04,GBP,NGN,2287.6342,True,2024-02-02,False,2287.6342
2024-02-05,GBP,NGN,2324.0898,False,2024-02-05,False,2324.0898
2024-02-06,GBP,NGN,2348.4267,False,2024-02-06,False,2348.4267
2024-02-07,GBP,NGN,2352.56,False,2024-02-07,False,2352.56
2024-02-08,GBP,NGN,2362.84,False,2024-02-08,False,2362.84
2024-02-09,GBP,NGN,2356.7831,False,2024-02-09,False,2356.7831
2024-02-10,GBP,NGN,2356.7831,True,2024-02-09,False,2356.7831
2024-02-11,GBP,NGN,2356.7831,True,2024-02-09,False,2356.7831
2024-02-12,GBP,NGN,2371.1,False,2024-02-12,False,2371.1
2024-02-13,GBP,NGN,2403.8744,False,2024-02-13,False,2403.8744
2024-02-14,GBP,NGN,2389.72,False,2024-02-14,False,2389.72
2024-02-15,GBP,NGN,2389.3575,False,2024-02-15,False,2389.3575
2024-02-16,GBP,NGN,2405.7877,False,2024-02-16,False,2405.7877
2024-02-17,GBP,NGN,2405.7877,True,2024-02-16,False,2405.7877
2024-02-18,GBP,NGN,2405.7877,True,2024-02-16,False,2405.7877
2024-02-19,GBP,NGN,2389.0146,False,2024-02-19,False,2389.0146
2024-02-20,GBP,NGN,2406.0304,False,2024-02-20,False,2406.0304
2024-02-21,GBP,NGN,2423.5925,False,2024-02-21,False,2423.5925
2024-02-22,GBP,NGN,2408.28,False,2024-02-22,False,2408.28
2024-02-23,GBP,NGN,2408.28,True,2024-02-22,False,2408.28
2024-02-24,GBP,NGN,2408.28,True,2024-02-22,False,2408.28
2024-02-25,GBP,NGN,2408.28,True,2024-02-22,False,2408.28
2024-02-26,GBP,NGN,2375.6097,False,2024-02-26,False,2375.6097
2024-02-27,GBP,NGN,2400.49,False,2024-02-27,False,2400.49
2024-02-28,GBP,NGN,2433.52,False,2024-02-28,False,2433.52
2024-02-29,GBP,NGN,2433.52,True,2024-02-28,False,2433.52
2024-03-01,GBP,NGN,2422.6359,False,2024-03-01,False,2422.6359
2024-03-02,GBP,NGN,2422.6359,True,2024-03-01,False,2422.6359
2024-03-03,GBP,NGN,2422.6359,True,2024-03-01,False,2422.6359
2024-03-04,GBP,NGN,2422.6359,True,2024-03-01,False,2422.6359
2024-03-05,GBP,NGN,2434.7513,False,2024-03-05,False,2434.7513
2024-03-06,GBP,NGN,2412.5536,False,2024-03-06,False,2412.5536
2024-03-07,GBP,NGN,2386.1761,False,2024-03-07,False,2386.1761
2024-03-08,GBP,NGN,2401.4917,False,2024-03-08,False,2401.4917
2024-03-09,GBP,NGN,2401.4917,True,2024-03-08,False,2401.4917
2024-03-10,GBP,NGN,2401.4917,True,2024-03-08,False,2401.4917
2024-03-11,GBP,NGN,2406.0641,False,2024-03-11,False,2406.0641
2024-03-12,GBP,NGN,2422.003,False,2024-03-12,False,2422.003
2024-03-13,GBP,NGN,2435.03,False,2024-03-13,False,2435.03
2024-03-14,GBP,NGN,2415.9973,False,2024-03-14,False,2415.9973
2024-03-15,GBP,NGN,2434.1505,False,2024-03-15,False,2434.1505
2024-03-16,GBP,NGN,2434.1505,True,2024-03-15,False,2434.1505
2024-03-17,GBP,NGN,2434.1505,True,2024-03-15,False,2434.1505
2024-03-18,GBP,NGN,2412.84,False,2024-03-18,False,2412.84
2024-03-19,GBP,NGN,2456.1289,False,2024-03-19,False,2456.1289
2024-03-20,GBP,NGN,2458.38,False,2024-03-20,False,2458.38
2024-03-21,GBP,NGN,2458.1791,False,2024-03-21,False,2458.1791
2024-03-22,GBP,NGN,2474.14,False,2024-03-22,False,2474.14
2024-03-23,GBP,NGN,2474.14,True,2024-03-22,False,2474.14
2024-03-24,GBP,NGN,2474.14,True,2024-03-22,False,2474.14
2024-03-25,GBP,NGN,2504.727,False,2024-03-25,False,2504.727
2024-03-26,GBP,NGN,2529.42,False,2024-03-26,False,2529.42
2024-03-27,GBP,NGN,2537.65,False,2024-03-27,False,2537.65
2024-03-28,GBP,NGN,2551.8356,False,2024-03-28,False,2551.8356
2024-03-29,GBP,NGN,2566.54,False,2024-03-29,False,2566.54
2024-03-30,GBP,NGN,2566.54,True,2024-03-29,False,2566.54
2024-03-31,GBP,NGN,2566.54,True,2024-03-29,False,2566.54
2024-04-01,GBP,NGN,2566.01,False,2024-04-01,False,2566.01
2024-04-02,GBP,NGN,2553.4275,False,2024-04-02,False,2553.4275
2024-04-03,GBP,NGN,2556.0377,False,2024-04-03,False,2556.0377
2024-04-04,GBP,NGN,2570.1758,False,2024-04-04,False,2570.1758
2024-04-05,GBP,NGN,2580.86,False,2024-04-05,False,2580.86
2024-04-06,GBP,NGN,2580.86,True,2024-04-05,False,2580.86
2024-04-07,GBP,NGN,2580.86,True,2024-04-05,False,2580.86
2024-04-08,GBP,NGN,2562.5799,False,2024-04-08,False,2562.5799
2024-04-09,GBP,NGN,2562.5799,True,2024-04-08,False,2562.5799
2024-04-10,GBP,NGN,2599.8482,False,2024-04-10,False,2599.8482
2024-04-11,GBP,NGN,2573.71,False,2024-04-11,False,2573.71
2024-04-12,GBP,NGN,2567.9065,False,2024-04-12,False,2567.9065
2024-04-13,GBP,NGN,2567.9065,True,2024-04-12,False,2567.9065
2024-04-14,GBP,NGN,2567.9065,True,2024-04-12,False,2567.9065
2024-04-15,GBP,NGN,2576.3243,False,2024-04-15,False,2576.3243
2024-04-16,GBP,NGN,2598.4836,False,2024-04-16,False,2598.4836
2024-04-17,GBP,NGN,2599.2346,False,2024-04-17,False,2599.2346
2024-04-18,GBP,NGN,2579.95,False,2024-04-18,False,2579.95
2024-04-19,GBP,NGN,2602.97,False,2024-04-19,False,2602.97
2024-04-20,GBP,NGN,2602.97,True,2024-04-19,False,2602.97
2024-04-21,GBP,NGN,2602.97,True,2024-04-19,False,2602.97
2024-04-22,GBP,NGN,2555.5718,False,2024-04-22,False,2555.5718
2024-04-23,GBP,NGN,2548.4374,False,2024-04-23,False,2548.4374
2024-04-24,GBP,NGN,2548.261,False,2024-04-24,False,2548.261
2024-04-25,GBP,NGN,2552.3122,False,2024-04-25,False,2552.3122
2024-04-26,GBP,NGN,2569.62,False,2024-04-26,False,2569.62
2024-04-27,GBP,NGN,2569.62,True,2024-04-26,False,2569.62
2024-04-28,GBP,NGN,2569.62,True,2024-04-26,False,2569.62
2024-04-29,GBP,NGN,2590.12,False,2024-04-29,False,2590.12
2024-04-30,GBP,NGN,2593.328,False,2024-04-30,False,2593.328
2024-05-01,GBP,NGN,2603.46,False,2024-05-01,False,2603.46
2024-05-02,GBP,NGN,2606.0643,False,2024-05-02,False,2606.0643
2024-05-03,GBP,NGN,2619.462,False,2024-05-03,False,2619.462
2024-05-04,GBP,NGN,2619.462,True,2024-05-03,False,2619.462
2024-05-05,GBP,NGN,2619.462,True,2024-05-03,False,2619.462
2024-05-06,GBP,NGN,2665.8708,False,2024-05-06,False,2665.8708
2024-05-07,GBP,NGN,2668.8862,False,2024-05-07,False,2668.8862
2024-05-08,GBP,NGN,2660.1388,False,2024-05-08,False,2660.1388
2024-05-09,GBP,NGN,2640.8428,False,2024-05-09,False,2640.8428
2024-05-10,GBP,NGN,2665.4137,False,2024-05-10,False,2665.4137
2024-05-11,GBP,NGN,2665.4137,True,2024-05-10,False,2665.4137
2024-05-12,GBP,NGN,2665.4137,True,2024-05-10,False,2665.4137
2024-05-13,GBP,NGN,2666.241,False,2024-05-13,False,2666.241
2024-05-14,GBP,NGN,2680.6692,False,2024-05-14,False,2680.6692
2024-05-15,GBP,NGN,2722.443,False,2024-05-15,False,2722.443
2024-05-16,GBP,NGN,2695.3513,False,2024-05-16,False,2695.3513
2024-05-17,GBP,NGN,2693.28,False,2024-05-17,False,2693.28
2024-05-18,GBP,NGN,2693.28,True,2024-05-17,False,2693.28
2024-05-19,GBP,NGN,2693.28,True,2024-05-17,False,2693.28
2024-05-20,GBP,NGN,2724.52,False,2024-05-20,False,2724.52
2024-05-21,GBP,NGN,2753.13,False,2024-05-21,False,2753.13
2024-05-22,GBP,NGN,2727.3591,False,2024-05-22,False,2727.3591
2024-05-23,GBP,NGN,2762.3196,False,2024-05-23,False,2762.3196
2024-05-24,GBP,NGN,2756.76,False,2024-05-24,False,2756.76
2024-05-25,GBP,NGN,2756.76,True,2024-05-24,False,2756.76
2024-05-26,GBP,NGN,2756.76,True,2024-05-24,False,2756.76
2024-05-27,GBP,NGN,2780.4101,False,2024-05-27,False,2780.4101
2024-05-28,GBP,NGN,2804.65,False,2024-05-28,False,2804.65
2024-05-29,GBP,NGN,2805.182,False,2024-05-29,False,2805.182
2024-05-30,GBP,NGN,2811.2598,False,2024-05-30,False,2811.2598
2024-05-31,GBP,NGN,2825.28,False,2024-05-31,False,2825.28
2024-06-01,GBP,NGN,2825.28,True,2024-05-31,False,2825.28
2024-06-02,GBP,NGN,2825.28,True,2024-05-31,False,2825.28
2024-06-03,GBP,NGN,2889.09,False,2024-06-03,False,2889.09
2024-06-04,GBP,NGN,2877.51,False,2024-06-04,False,2877.51
2024-06-05,GBP,NGN,2899.187,False,2024-06-05,False,2899.187
2024-06-06,GBP,NGN,2909.7963,False,2024-06-06,False,2909.7963
2024-06-07,GBP,NGN,2885.9899,False,2024-06-07,False,2885.9899
2024-06-08,GBP,NGN,2885.9899,True,2024-06-07,False,2885.9899
2024-06-09,GBP,NGN,2885.9899,True,2024-06-07,False,2885.9899
2024-06-10,GBP,NGN,2885.154,False,2024-06-10,False,2885.154
2024-06-11,GBP,NGN,2885.4738,False,2024-06-11,False,2885.4738
2024-06-12,GBP,NGN,2885.4738,True,2024-06-11,False,2885.4738
2024-06-13,GBP,NGN,2895.0263,False,2024-06-13,False,2895.0263
2024-06-14,GBP,NGN,2905.91,False,2024-06-14,False,2905.91
2024-06-15,GBP,NGN,2905.91,True,2024-06-14,False,2905.91
2024-06-16,GBP,NGN,2905.91,True,2024-06-14,False,2905.91
2024-06-17,GBP,NGN,2867.9,False,2024-06-17,False,2867.9
2024-06-18,GBP,NGN,2875.6361,False,2024-06-18,False,2875.6361
2024-06-19,GBP,NGN,2882.37,False,2024-06-19,False,2882.37
2024-06-20,GBP,NGN,2887.58,False,2024-06-20,False,2887.58
2024-06-21,GBP,NGN,2876.2731,False,2024-06-21,False,2876.2731
2024-06-22,GBP,NGN,2876.2731,True,2024-06-21,False,2876.2731
2024-06-23,GBP,NGN,2876.2731,True,2024-06-21,False,2876.2731
2024-06-24,GBP,NGN,2877.6607,False,2024-06-24,False,2877.6607
2024-06-25,GBP,NGN,2876.01,False,2024-06-25,False,2876.01
2024-06-26,GBP,NGN,2906.47,False,2024-06-26,False,2906.47
2024-06-27,GBP,NGN,2915.9096,False,2024-06-27,False,2915.9096
2024-06-28,GBP,NGN,2934.74,False,2024-06-28,False,2934.74
2024-06-29,GBP,NGN,2934.74,True,2024-06-28,False,2934.74
2024-06-30,GBP,NGN,2934.74,True,2024-06-28,False,2934.74
2024-07-01,GBP,NGN,2992.41,False,2024-07-01,False,2992.41
2024-07-02,GBP,NGN,2994.3644,False,2024-07-02,False,2994.3644
2024-07-03,GBP,NGN,2992.7472,False,2024-07-03,False,2992.7472
2024-07-04,GBP,NGN,2996.718,False,2024-07-04,False,2996.718
2024-07-05,GBP,NGN,2987.9878,False,2024-07-05,False,2987.9878
2024-07-06,GBP,NGN,2987.9878,True,2024-07-05,False,2987.9878
2024-07-07,GBP,NGN,2987.9878,True,2024-07-05,False,2987.9878
2024-07-08,GBP,NGN,2996.94,False,2024-07-08,False,2996.94
2024-07-09,GBP,NGN,3012.3018,False,2024-07-09,False,3012.3018
2024-07-10,GBP,NGN,3032.02,False,2024-07-10,False,3032.02
2024-07-11,GBP,NGN,3052.32,False,2024-07-11,False,3052.32
2024-07-12,GBP,NGN,3067.8061,False,2024-07-12,False,3067.8061
2024-07-13,GBP,NGN,3067.8061,True,2024-07-12,False,3067.8061
2024-07-14,GBP,NGN,3067.8061,True,2024-07-12,False,3067.8061
2024-07-15,GBP,NGN,2993.31,False,2024-07-15,False,2993.31
2024-07-16,GBP,NGN,2969.7071,False,2024-07-16,False,2969.7071
2024-07-17,GBP,NGN,2969.7071,True,2024-07-16,False,2969.7071
2024-07-18,GBP,NGN,2953.0624,False,2024-07-18,False,2953.0624
2024-07-19,GBP,NGN,2952.33,False,2024-07-19,False,2952.33
2024-07-20,GBP,NGN,2952.33,True,2024-07-19,False,2952.33
2024-07-21,GBP,NGN,2952.33,True,2024-07-19,False,2952.33
2024-07-22,GBP,NGN,2969.0199,False,2024-07-22,False,2969.0199
2024-07-23,GBP,NGN,2962.5347,False,2024-07-23,False,2962.5347
2024-07-24,GBP,NGN,2975.23,False,2024-07-24,False,2975.23
2024-07-25,GBP,NGN,2974.1707,False,2024-07-25,False,2974.1707
2024-07-26,GBP,NGN,2980.714,False,2024-07-26,False,2980.714
2024-07-27,GBP,NGN,2980.714,True,2024-07-26,False,2980.714
2024-07-28,GBP,NGN,2980.714,True,2024-07-26,False,2980.714
2024-07-29,GBP,NGN,2949.3255,False,2024-07-29,False,2949.3255
2024-07-30,GBP,NGN,2963.51,False,2024-07-30,False,2963.51
2024-07-31,GBP,NGN,2951.12,False,2024-07-31,False,2951.12
2024-08-01,GBP,NGN,2946.3483,False,2024-08-01,False,2946.3483
2024-08-02,GBP,NGN,2945.2051,False,2024-08-02,False,2945.2051
2024-08-03,GBP,NGN,2945.2051,True,2024-08-02,False,2945.2051
2024-08-04,GBP,NGN,2945.2051,True,2024-08-02,False,2945.2051
2024-08-05,GBP,NGN,2950.06,False,2024-08-05,False,2950.06
2024-08-06,GBP,NGN,2935.1599,False,2024-08-06,False,2935.1599
2024-08-07,GBP,NGN,2924.3201,False,2024-08-07,False,2924.3201
2024-08-08,GBP,NGN,2924.82,False,2024-08-08,False,2924.82
2024-08-09,GBP,NGN,2929.95,False,2024-08-09,False,2929.95
2024-08-10,GBP,NGN,2929.95,True,2024-08-09,False,2929.95
2024-08-11,GBP,NGN,2929.95,True,2024-08-09,False,2929.95
2024-08-12,GBP,NGN,2965.9717,False,2024-08-12,False,2965.9717
2024-08-13,GBP,NGN,2979.3258,False,2024-08-13,False,2979.3258
2024-08-14,GBP,NGN,3010.537,False,2024-08-14,False,3010.537
2024-08-15,GBP,NGN,2993.5077,False,2024-08-15,False,2993.5077
2024-08-16,GBP,NGN,3009.54,False,2024-08-16,False,3009.54
2024-08-17,GBP,NGN,3009.54,True,2024-08-16,False,3009.54
2024-08-18,GBP,NGN,3009.54,True,2024-08-16,False,3009.54
2024-08-19,GBP,NGN,3009.46,False,2024-08-19,False,3009.46
2024-08-20,GBP,NGN,3006.1938,False,2024-08-20,False,3006.1938
2024-08-21,GBP,NGN,3008.9659,False,2024-08-21,False,3008.9659
2024-08-22,GBP,NGN,3011.6106,False,2024-08-22,False,3011.6106
2024-08-23,GBP,NGN,3071.77,False,2024-08-23,False,3071.77
2024-08-24,GBP,NGN,3071.77,True,2024-08-23,False,3071.77
2024-08-25,GBP,NGN,3071.77,True,2024-08-23,False,3071.77
2024-08-26,GBP,NGN,3063.88,False,2024-08-26,False,3063.88
2024-08-27,GBP,NGN,3054.82,False,2024-08-27,False,3054.82
2024-08-28,GBP,NGN,3054.82,True,2024-08-27,False,3054.82
2024-08-29,GBP,NGN,3067.222,False,2024-08-29,False,3067.222
2024-08-30,GBP,NGN,3067.222,True,2024-08-29,False,3067.222
2024-08-31,GBP,NGN,3067.222,True,2024-08-29,False,3067.222
2024-09-01,GBP,NGN,3067.222,True,2024-08-29,False,3067.222
2024-09-02,GBP,NGN,3054.1757,False,2024-09-02,False,3054.1757
2024-09-03,GBP,NGN,3054.1757,True,2024-09-02,False,3054.1757
2024-09-04,GBP,NGN,3035.81,False,2024-09-04,False,3035.81
2024-09-05,GBP,NGN,3060.919,False,2024-09-05,False,3060.919
2024-09-06,GBP,NGN,3057.4672,False,2024-09-06,False,3057.4672
2024-09-07,GBP,NGN,3057.4672,True,2024-09-06,False,3057.4672
2024-09-08,GBP,NGN,3057.4672,True,2024-09-06,False,3057.4672
2024-09-09,GBP,NGN,3046.4866,False,2024-09-09,False,3046.4866
2024-09-10,GBP,NGN,3049.3577,False,2024-09-10,False,3049.3577
2024-09-11,GBP,NGN,3054.88,False,2024-09-11,False,3054.88
2024-09-12,GBP,NGN,3066.91,False,2024-09-12,False,3066.91
2024-09-13,GBP,NGN,3075.4166,False,2024-09-13,False,3075.4166
2024-09-14,GBP,NGN,3075.4166,True,2024-09-13,False,3075.4166
2024-09-15,GBP,NGN,3075.4166,True,2024-09-13,False,3075.4166
2024-09-16,GBP,NGN,3056.649,False,2024-09-16,False,3056.649
2024-09-17,GBP,NGN,3030.93,False,2024-09-17,False,3030.93
2024-09-18,GBP,NGN,3043.3844,False,2024-09-18,False,3043.3844
2024-09-19,GBP,NGN,3040.9778,False,2024-09-19,False,3040.9778
2024-09-20,GBP,NGN,3042.973,False,2024-09-20,False,3042.973
2024-09-21,GBP,NGN,3042.973,True,2024-09-20,False,3042.973
2024-09-22,GBP,NGN,3042.973,True,2024-09-20,False,3042.973
2024-09-23,GBP,NGN,3041.65,False,2024-09-23,False,3041.65
2024-09-24,GBP,NGN,3049.26,False,2024-09-24,False,3049.26
2024-09-25,GBP,NGN,3039.0,False,2024-09-25,False,3039.0
2024-09-26,GBP,NGN,3033.22,False,2024-09-26,False,3033.22
2024-09-27,GBP,NGN,3060.549,False,2024-09-27,False,3060.549
2024-09-28,GBP,NGN,3060.549,True,2024-09-27,False,3060.549
2024-09-29,GBP,NGN,3060.549,True,2024-09-27,False,3060.549
2024-09-30,GBP,NGN,3040.6034,False,2024-09-30,False,3040.6034
2024-10-01,GBP,NGN,3033.5,False,2024-10-01,False,3033.5
2024-10-02,GBP,NGN,3052.32,False,2024-10-02,False,3052.32
2024-10-03,GBP,NGN,3056.97,False,2024-10-03,False,3056.97
2024-10-04,GBP,NGN,3069.6909,False,2024-10-04,False,3069.6909
2024-10-05,GBP,NGN,3069.6909,True,2024-10-04,False,3069.6909
2024-10-06,GBP,NGN,3069.6909,True,2024-10-04,False,3069.6909
2024-10-07,GBP,NGN,3094.59,False,2024-10-07,False,3094.59
2024-10-08,GBP,NGN,3106.5238,False,2024-10-08,False,3106.5238
2024-10-09,GBP,NGN,3097.9993,False,2024-10-09,False,3097.9993
2024-10-10,GBP,NGN,3118.5002,False,2024-10-10,False,3118.5002
2024-10-11,GBP,NGN,3119.6582,False,2024-10-11,False,3119.6582
2024-10-12,GBP,NGN,3119.6582,True,2024-10-11,False,3119.6582
2024-10-13,GBP,NGN,3119.6582,True,2024-10-11,False,3119.6582
2024-10-14,GBP,NGN,3124.1263,False,2024-10-14,False,3124.1263
2024-10-15,GBP,NGN,3079.2601,False,2024-10-15,False,3079.2601
2024-10-16,GBP,NGN,3077.9481,False,2024-10-16,False,3077.9481
2024-10-17,GBP,NGN,3071.41,False,2024-10-17,False,3071.41
2024-10-18,GBP,NGN,3041.2194,False,2024-10-18,False,3041.2194
2024-10-19,GBP,NGN,3041.2194,True,2024-10-18,False,3041.2194
2024-10-20,GBP,NGN,3041.2194,True,2024-10-18,False,3041.2194
2024-10-21,GBP,NGN,3014.4873,False,2024-10-21,False,3014.4873
2024-10-22,GBP,NGN,3029.0878,False,2024-10-22,False,3029.0878
2024-10-23,GBP,NGN,3046.31,False,2024-10-23,False,3046.31
2024-10-24,GBP,NGN,3017.97,False,2024-10-24,False,3017.97
2024-10-25,GBP,NGN,3014.55,False,2024-10-25,False,3014.55
2024-10-26,GBP,NGN,3014.55,True,2024-10-25,False,3014.55
2024-10-27,GBP,NGN,3014.55,True,2024-10-25,False,3014.55
2024-10-28,GBP,NGN,3109.4641,False,2024-10-28,False,3109.4641
2024-10-29,GBP,NGN,3106.9383,False,2024-10-29,False,3106.9383
2024-10-30,GBP,NGN,3129.7143,False,2024-10-30,False,3129.7143
2024-10-31,GBP,NGN,3134.3563,False,2024-10-31,False,3134.3563
2024-11-01,GBP,NGN,3150.61,False,2024-11-01,False,3150.61
2024-11-02,GBP,NGN,3150.61,True,2024-11-01,False,3150.61
2024-11-03,GBP,NGN,3150.61,True,2024-11-01,False,3150.61
2024-11-04,GBP,NGN,3165.8562,False,2024-11-04,False,3165.8562
2024-11-05,GBP,NGN,3174.88,False,2024-11-05,False,3174.88
2024-11-06,GBP,NGN,3172.7629,False,2024-11-06,False,3172.7629
2024-11-07,GBP,NGN,3201.2616,False,2024-11-07,False,3201.2616
2024-11-08,GBP,NGN,3248.43,False,2024-11-08,False,3248.43
2024-11-09,GBP,NGN,3248.43,True,2024-11-08,False,3248.43
2024-11-10,GBP,NGN,3248.43,True,2024-11-08,False,3248.43
2024-11-11,GBP,NGN,3318.7872,False,2024-11-11,False,3318.7872
2024-11-12,GBP,NGN,3311.9356,False,2024-11-12,False,3311.9356
2024-11-13,GBP,NGN,3297.01,False,2024-11-13,False,3297.01
2024-11-14,GBP,NGN,3281.8801,False,2024-11-14,False,3281.8801
2024-11-15,GBP,NGN,3276.7236,False,2024-11-15,False,3276.7236
2024-11-16,GBP,NGN,3276.7236,True,2024-11-15,False,3276.7236
2024-11-17,GBP,NGN,3276.7236,True,2024-11-15,False,3276.7236
2024-11-18,GBP,NGN,3276.7236,True,2024-11-15,False,3276.7236
2024-11-19,GBP,NGN,3301.27,False,2024-11-19,False,3301.27
2024-11-20,GBP,NGN,3336.4224,False,2024-11-20,False,3336.4224
2024-11-21,GBP,NGN,3340.6694,False,2024-11-21,False,3340.6694
2024-11-22,GBP,NGN,3353.69,False,2024-11-22,False,3353.69
2024-11-23,GBP,NGN,3353.69,True,2024-11-22,False,3353.69
2024-11-24,GBP,NGN,3353.69,True,2024-11-22,False,3353.69
2024-11-25,GBP,NGN,3366.12,False,2024-11-25,False,3366.12
2024-11-26,GBP,NGN,3378.8975,False,2024-11-26,False,3378.8975
2024-11-27,GBP,NGN,3394.5117,False,2024-11-27,False,3394.5117
2024-11-28,GBP,NGN,3387.0811,False,2024-11-28,False,3387.0811
2024-11-29,GBP,NGN,3406.9223,False,2024-11-29,False,3406.9223
2024-11-30,GBP,NGN,3406.9223,True,2024-11-29,False,3406.9223
2024-12-01,GBP,NGN,3406.9223,True,2024-11-29,False,3406.9223
2024-12-02,GBP,NGN,3393.73,False,2024-12-02,False,3393.73
2024-12-03,GBP,NGN,3393.73,True,2024-12-02,False,3393.73
2024-12-04,GBP,NGN,3398.7529,False,2024-12-04,False,3398.7529
2024-12-05,GBP,NGN,3398.7529,True,2024-12-04,False,3398.7529
2024-12-06,GBP,NGN,3469.37,False,2024-12-06,False,3469.37
2024-12-07,GBP,NGN,3469.37,True,2024-12-06,False,3469.37
2024-12-08,GBP,NGN,3469.37,True,2024-12-06,False,3469.37
2024-12-09,GBP,NGN,3510.8234,False,2024-12-09,False,3510.8234
2024-12-10,GBP,NGN,3529.8674,False,2024-12-10,False,3529.8674
2024-12-11,GBP,NGN,3526.4335,False,2024-12-11,False,3526.4335
2024-12-12,GBP,NGN,3515.2312,False,2024-12-12,False,3515.2312
2024-12-13,GBP,NGN,3520.3834,False,2024-12-13,False,3520.3834
2024-12-14,GBP,NGN,3520.3834,True,2024-12-13,False,3520.3834
2024-12-15,GBP,NGN,3520.3834,True,2024-12-13,False,3520.3834
2024-12-16,GBP,NGN,3583.0635,False,2024-12-16,False,3583.0635
2024-12-17,GBP,NGN,3614.7558,False,2024-12-17,False,3614.7558
2024-12-18,GBP,NGN,3589.47,False,2024-12-18,False,3589.47
2024-12-19,GBP,NGN,3605.5432,False,2024-12-19,False,3605.5432
2024-12-20,GBP,NGN,3643.3603,False,2024-12-20,False,3643.3603
2024-12-21,GBP,NGN,3643.3603,True,2024-12-20,False,3643.3603
2024-12-22,GBP,NGN,3643.3603,True,2024-12-20,False,3643.3603
2024-12-23,GBP,NGN,3675.4535,False,2024-12-23,False,3675.4535
2024-12-24,GBP,NGN,3695.9755,False,2024-12-24,False,3695.9755
2024-12-25,GBP,NGN,3694.055,False,2024-12-25,False,3694.055
2024-12-26,GBP,NGN,3691.3811,False,2024-12-26,False,3691.3811
2024-12-27,GBP,NGN,3704.5133,False,2024-12-27,False,3704.5133
2024-12-28,GBP,NGN,3704.5133,True,2024-12-27,False,3704.5133
2024-12-29,GBP,NGN,3704.5133,True,2024-12-27,False,3704.5133
2024-12-30,GBP,NGN,3695.4134,False,2024-12-30,False,3695.4134
2024-12-31,GBP,NGN,3672.414,False,2024-12-31,False,3672.414
2025-01-01,GBP,NGN,3687.2824,False,2025-01-01,False,3687.2824
2025-01-02,GBP,NGN,3711.9333,False,2025-01-02,False,3711.9333
2025-01-03,GBP,NGN,3716.5701,False,2025-01-03,False,3716.5701
2025-01-04,GBP,NGN,3716.5701,True,2025-01-03,False,3716.5701
2025-01-05,GBP,NGN,3716.5701,True,2025-01-03,False,3716.5701
2025-01-06,GBP,NGN,3756.7037,False,2025-01-06,False,3756.7037
2025-01-07,GBP,NGN,3779.5169,False,2025-01-07,False,3779.5169
2025-01-08,GBP,NGN,3749.7641,False,2025-01-08,False,3749.7641
2025-01-09,GBP,NGN,3791.6625,False,2025-01-09,False,3791.6625
2025-01-10,GBP,NGN,3798.1223,False,2025-01-10,False,3798.1223
2025-01-11,GBP,NGN,3798.1223,True,2025-01-10,False,3798.1223
2025-01-12,GBP,NGN,3798.1223,True,2025-01-10,False,3798.1223
2025-01-13,GBP,NGN,3809.8939,False,2025-01-13,False,3809.8939
2025-01-14,GBP,NGN,3820.65,False,2025-01-14,False,3820.65
2025-01-15,GBP,NGN,3834.4863,False,2025-01-15,False,3834.4863
2025-01-16,GBP,NGN,3851.8564,False,2025-01-16,False,3851.8564
2025-01-17,GBP,NGN,3872.5637,False,2025-01-17,False,3872.5637
2025-01-18,GBP,NGN,3872.5637,True,2025-01-17,False,3872.5637
2025-01-19,GBP,NGN,3872.5637,True,2025-01-17,False,3872.5637
2025-01-20,GBP,NGN,3944.7286,False,2025-01-20,False,3944.7286
2025-01-21,GBP,NGN,3951.49,False,2025-01-21,False,3951.49
2025-01-22,GBP,NGN,3946.3609,False,2025-01-22,False,3946.3609
2025-01-23,GBP,NGN,3938.5141,False,2025-01-23,False,3938.5141
2025-01-24,GBP,NGN,3934.3957,False,2025-01-24,False,3934.3957
2025-01-25,GBP,NGN,3934.3957,True,2025-01-24,False,3934.3957
2025-01-26,GBP,NGN,3934.3957,True,2025-01-24,False,3934.3957
2025-01-27,GBP,NGN,3976.1818,False,2025-01-27,False,3976.1818
2025-01-28,GBP,NGN,3951.6247,False,2025-01-28,False,3951.6247
2025-01-29,GBP,NGN,3936.6367,False,2025-01-29,False,3936.6367
2025-01-30,GBP,NGN,3922.9902,False,2025-01-30,False,3922.9902
2025-01-31,GBP,NGN,3910.2,False,2025-01-31,False,3910.2
2025-02-01,GBP,NGN,3910.2,True,2025-01-31,False,3910.2
2025-02-02,GBP,NGN,3910.2,True,2025-01-31,False,3910.2
2025-02-03,GBP,NGN,3907.6763,False,2025-02-03,False,3907.6763
2025-02-04,GBP,NGN,3898.7805,False,2025-02-04,False,3898.7805
2025-02-05,GBP,NGN,3887.3758,False,2025-02-05,False,3887.3758
2025-02-06,GBP,NGN,3866.51,False,2025-02-06,False,3866.51
2025-02-07,GBP,NGN,3842.0917,False,2025-02-07,False,3842.0917
2025-02-08,GBP,NGN,3842.0917,True,2025-02-07,False,3842.0917
2025-02-09,GBP,NGN,3842.0917,True,2025-02-07,False,3842.0917
2025-02-10,GBP,NGN,3884.739,False,2025-02-10,False,3884.739
2025-02-11,GBP,NGN,3891.65,False,2025-02-11,False,3891.65
2025-02-12,GBP,NGN,3930.3158,False,2025-02-12,False,3930.3158
2025-02-13,GBP,NGN,3925.117,False,2025-02-13,False,3925.117
2025-02-14,GBP,NGN,3935.3885,False,2025-02-14,False,3935.3885
2025-02-15,GBP,NGN,3935.3885,True,2025-02-14,False,3935.3885
2025-02-16,GBP,NGN,3935.3885,True,2025-02-14,False,3935.3885
2025-02-17,GBP,NGN,3935.3885,True,2025-02-14,False,3935.3885
2025-02-18,GBP,NGN,4016.1745,False,2025-02-18,False,4016.1745
2025-02-19,GBP,NGN,3993.62,False,2025-02-19,False,3993.62
2025-02-20,GBP,NGN,3989.6704,False,2025-02-20,False,3989.6704
2025-02-21,GBP,NGN,4007.1889,False,2025-02-21,False,4007.1889
2025-02-22,GBP,NGN,4007.1889,True,2025-02-21,False,4007.1889
2025-02-23,GBP,NGN,4007.1889,True,2025-02-21,False,4007.1889
2025-02-24,GBP,NGN,3992.03,False,2025-02-24,False,3992.03
2025-02-25,GBP,NGN,4004.9228,False,2025-02-25,False,4004.9228
2025-02-26,GBP,NGN,4045.6413,False,2025-02-26,False,4045.6413
2025-02-27,GBP,NGN,4038.45,False,2025-02-27,False,4038.45
2025-02-28,GBP,NGN,4016.6383,False,2025-02-28,False,4016.6383
2025-03-01,GBP,NGN,4016.6383,True,2025-02-28,False,4016.6383
2025-03-02,GBP,NGN,4016.6383,True,2025-02-28,False,4016.6383
2025-03-03,GBP,NGN,4030.2001,False,2025-03-03,False,4030.2001
2025-03-04,GBP,NGN,4046.7214,False,2025-03-04,False,4046.7214
2025-03-05,GBP,NGN,4043.15,False,2025-03-05,False,4043.15
2025-03-06,GBP,NGN,4055.2315,False,2025-03-06,False,4055.2315
2025-03-07,GBP,NGN,4039.74,False,2025-03-07,False,4039.74
2025-03-08,GBP,NGN,4039.74,True,2025-03-07,False,4039.74
2025-03-09,GBP,NGN,4039.74,True,2025-03-07,False,4039.74
2025-03-10,GBP,NGN,4087.0279,False,2025-03-10,False,4087.0279
2025-03-11,GBP,NGN,4064.83,False,2025-03-11,False,4064.83
2025-03-12,GBP,NGN,4054.0356,False,2025-03-12,False,4054.0356
2025-03-13,GBP,NGN,4078.4929,False,2025-03-13,False,4078.4929
2025-03-14,GBP,NGN,4090.3058,False,2025-03-14,False,4090.3058
2025-03-15,GBP,NGN,4090.3058,True,2025-03-14,False,4090.3058
2025-03-16,GBP,NGN,4090.3058,True,2025-03-14,False,4090.3058
2025-03-17,GBP,NGN,4068.96,False,2025-03-17,False,4068.96
2025-03-18,GBP,NGN,4005.8821,False,2025-03-18,False,4005.8821
2025-03-19,GBP,NGN,4037.9707,False,2025-03-19,False,4037.9707
2025-03-20,GBP,NGN,4063.3882,False,2025-03-20,False,4063.3882
2025-03-21,GBP,NGN,4063.6064,False,2025-03-21,False,4063.6064
2025-03-22,GBP,NGN,4063.6064,True,2025-03-21,False,4063.6064
2025-03-23,GBP,NGN,4063.6064,True,2025-03-21,False,4063.6064
2025-03-24,GBP,NGN,4157.39,False,2025-03-24,False,4157.39
2025-03-25,GBP,NGN,4155.7105,False,2025-03-25,False,4155.7105
2025-03-26,GBP,NGN,4151.91,False,2025-03-26,False,4151.91
2025-03-27,GBP,NGN,4172.5339,False,2025-03-27,False,4172.5339
2025-03-28,GBP,NGN,4172.21,False,2025-03-28,False,4172.21
2025-03-29,GBP,NGN,4172.21,True,2025-03-28,False,4172.21
2025-03-30,GBP,NGN,4172.21,True,2025-03-28,False,4172.21
2025-03-31,GBP,NGN,4183.04,False,2025-03-31,False,4183.04
2025-04-01,GBP,NGN,4224.4815,False,2025-04-01,False,4224.4815
2025-04-02,GBP,NGN,4247.75,False,2025-04-02,False,4247.75
2025-04-03,GBP,NGN,4260.01,False,2025-04-03,False,4260.01
2025-04-04,GBP,NGN,4289.3377,False,2025-04-04,False,4289.3377
2025-04-05,GBP,NGN,4289.3377,True,2025-04-04,False,4289.3377
2025-04-06,GBP,NGN,4289.3377,True,2025-04-04,False,4289.3377
2025-04-07,GBP,NGN,4294.7416,False,2025-04-07,False,4294.7416
2025-04-08,GBP,NGN,4318.5118,False,2025-04-08,False,4318.5118
2025-04-09,GBP,NGN,4376.922,False,2025-04-09,False,4376.922
2025-04-10,GBP,NGN,4443.6851,False,2025-04-10,False,4443.6851
2025-04-11,GBP,NGN,4457.6388,False,2025-04-11,False,4457.6388
2025-04-12,GBP,NGN,4457.6388,True,2025-04-11,False,4457.6388
2025-04-13,GBP,NGN,4457.6388,True,2025-04-11,False,4457.6388
2025-04-14,GBP,NGN,4448.077,False,2025-04-14,False,4448.077
2025-04-15,GBP,NGN,4462.4891,False,2025-04-15,False,4462.4891
2025-04-16,GBP,NGN,4455.1957,False,2025-04-16,False,4455.1957
2025-04-17,GBP,NGN,4501.5325,False,2025-04-17,False,4501.5325
2025-04-18,GBP,NGN,4496.7239,False,2025-04-18,False,4496.7239
2025-04-19,GBP,NGN,4496.7239,True,2025-04-18,False,4496.7239
2025-04-20,GBP,NGN,4496.7239,True,2025-04-18,False,4496.7239
2025-04-21,GBP,NGN,4453.0315,False,2025-04-21,False,4453.0315
2025-04-22,GBP,NGN,4468.5694,False,2025-04-22,False,4468.5694
2025-04-23,GBP,NGN,4506.91,False,2025-04-23,False,4506.91
2025-04-24,GBP,NGN,4527.16,False,2025-04-24,False,4527.16
2025-04-25,GBP,NGN,4529.9317,False,2025-04-25,False,4529.9317
2025-04-26,GBP,NGN,4529.9317,True,2025-04-25,False,4529.9317
2025-04-27,GBP,NGN,4529.9317,True,2025-04-25,False,4529.9317
2025-04-28,GBP,NGN,4545.2585,False,2025-04-28,False,4545.2585
2025-04-29,GBP,NGN,4544.8341,False,2025-04-29,False,4544.8341
2025-04-30,GBP,NGN,4514.7893,False,2025-04-30,False,4514.7893
2025-05-01,GBP,NGN,4509.5118,False,2025-05-01,False,4509.5118
2025-05-02,GBP,NGN,4487.4586,False,2025-05-02,False,4487.4586
2025-05-03,GBP,NGN,4487.4586,True,2025-05-02,False,4487.4586
2025-05-04,GBP,NGN,4487.4586,True,2025-05-02,False,4487.4586
2025-05-05,GBP,NGN,4533.6096,False,2025-05-05,False,4533.6096
2025-05-06,GBP,NGN,4536.308,False,2025-05-06,False,4536.308
2025-05-07,GBP,NGN,4512.161,False,2025-05-07,False,4512.161
2025-05-08,GBP,NGN,4591.051,False,2025-05-08,False,4591.051
2025-05-09,GBP,NGN,4618.267,False,2025-05-09,False,4618.267
2025-05-10,GBP,NGN,4618.267,True,2025-05-09,False,4618.267
2025-05-11,GBP,NGN,4618.267,True,2025-05-09,False,4618.267
2025-05-12,GBP,NGN,4639.33,False,2025-05-12,False,4639.33
2025-05-13,GBP,NGN,4639.33,True,2025-05-12,False,4639.33
2025-05-14,GBP,NGN,4633.79,False,2025-05-14,False,4633.79
2025-05-15,GBP,NGN,4578.74,False,2025-05-15,False,4578.74
2025-05-16,GBP,NGN,4539.2587,False,2025-05-16,False,4539.2587
2025-05-17,GBP,NGN,4539.2587,True,2025-05-16,False,4539.2587
2025-05-18,GBP,NGN,4539.2587,True,2025-05-16,False,4539.2587
2025-05-19,GBP,NGN,4487.66,False,2025-05-19,False,4487.66
2025-05-20,GBP,NGN,4534.8604,False,2025-05-20,False,4534.8604
2025-05-21,GBP,NGN,4507.8097,False,2025-05-21,False,4507.8097
2025-05-22,GBP,NGN,4512.8816,False,2025-05-22,False,4512.8816
2025-05-23,GBP,NGN,4512.82,False,2025-05-23,False,4512.82
2025-05-24,GBP,NGN,4512.82,True,2025-05-23,False,4512.82
2025-05-25,GBP,NGN,4512.82,True,2025-05-23,False,4512.82
2025-05-26,GBP,NGN,4512.82,True,2025-05-23,False,4512.82
2025-05-27,GBP,NGN,4527.89,False,2025-05-27,False,4527.89
2025-05-28,GBP,NGN,4549.3647,False,2025-05-28,False,4549.3647
2025-05-29,GBP,NGN,4558.4461,False,2025-05-29,False,4558.4461
2025-05-30,GBP,NGN,4519.8075,False,2025-05-30,False,4519.8075
2025-05-31,GBP,NGN,4519.8075,True,2025-05-30,False,4519.8075
2025-06-01,GBP,NGN,4519.8075,True,2025-05-30,False,4519.8075
2025-06-02,GBP,NGN,4570.3752,False,2025-06-02,False,4570.3752
2025-06-03,GBP,NGN,4577.12,False,2025-06-03,False,4577.12
2025-06-04,GBP,NGN,4626.4591,False,2025-06-04,False,4626.4591
2025-06-05,GBP,NGN,4596.7028,False,2025-06-05,False,4596.7028
2025-06-06,GBP,NGN,4575.9577,False,2025-06-06,False,4575.9577
2025-06-07,GBP,NGN,4575.9577,True,2025-06-06,False,4575.9577
2025-06-08,GBP,NGN,4575.9577,True,2025-06-06,False,4575.9577
2025-06-09,GBP,NGN,4618.6544,False,2025-06-09,False,4618.6544
2025-06-10,GBP,NGN,4620.396,False,2025-06-10,False,4620.396
2025-06-11,GBP,NGN,4608.99,False,2025-06-11,False,4608.99
2025-06-12,GBP,NGN,4594.3,False,2025-06-12,False,4594.3
2025-06-13,GBP,NGN,4594.3,True,2025-06-12,False,4594.3
2025-06-14,GBP,NGN,4594.3,True,2025-06-12,False,4594.3
2025-06-15,GBP,NGN,4594.3,True,2025-06-12,False,4594.3
2025-06-16,GBP,NGN,4648.55,False,2025-06-16,False,4648.55
2025-06-17,GBP,NGN,4679.56,False,2025-06-17,False,4679.56
2025-06-18,GBP,NGN,4728.75,False,2025-06-18,False,4728.75
2025-06-19,GBP,NGN,4772.08,False,2025-06-19,False,4772.08
2025-06-20,GBP,NGN,4737.75,False,2025-06-20,False,4737.75
2025-06-21,GBP,NGN,4737.75,True,2025-06-20,False,4737.75
2025-06-22,GBP,NGN,4737.75,True,2025-06-20,False,4737.75
2025-06-23,GBP,NGN,4827.92,False,2025-06-23,False,4827.92
2025-06-24,GBP,NGN,4842.4783,False,2025-06-24,False,4842.4783
2025-06-25,GBP,NGN,4772.3587,False,2025-06-25,False,4772.3587
2025-06-26,GBP,NGN,4711.1966,False,2025-06-26,False,4711.1966
2025-06-27,GBP,NGN,4710.8573,False,2025-06-27,False,4710.8573
2025-06-28,GBP,NGN,4710.8573,True,2025-06-27,False,4710.8573
2025-06-29,GBP,NGN,4710.8573,True,2025-06-27,False,4710.8573
2025-06-30,GBP,NGN,4637.31,False,2025-06-30,False,4637.31
2025-07-01,GBP,NGN,4655.4813,False,2025-07-01,False,4655.4813
2025-07-02,GBP,NGN,4655.4813,True,2025-07-01,False,4655.4813
2025-07-03,GBP,NGN,4672.32,False,2025-07-03,False,4672.32
2025-07-04,GBP,NGN,4658.839,False,2025-07-04,False,4658.839
2023-01-01,USD,NGN,464.6037,True,2023-01-02,False,464.6037
2023-01-02,USD,NGN,464.6037,False,2023-01-02,False,464.6037
2023-01-03,USD,NGN,464.089,False,2023-01-03,False,464.089
2023-01-04,USD,NGN,468.4062,False,2023-01-04,False,468.4062
2023-01-05,USD,NGN,469.7178,False,2023-01-05,False,469.7178
2023-01-06,USD,NGN,471.3667,False,2023-01-06,False,471.3667
2023-01-07,USD,NGN,471.3667,True,2023-01-06,False,471.3667
2023-01-08,USD,NGN,471.3667,True,2023-01-06,False,471.3667
2023-01-09,USD,NGN,474.9086,False,2023-01-09,False,474.9086
2023-01-10,USD,NGN,470.7717,False,2023-01-10,False,470.7717
2023-01-11,USD,NGN,470.7717,True,2023-01-10,False,470.7717
2023-01-12,USD,NGN,470.9457,False,2023-01-12,False,470.9457
2023-01-13,USD,NGN,466.6136,False,2023-01-13,False,466.6136
2023-01-14,USD,NGN,466.6136,True,2023-01-13,False,466.6136
2023-01-15,USD,NGN,466.6136,True,2023-01-13,False,466.6136
2023-01-16,USD,NGN,475.5216,False,2023-01-16,False,475.5216
2023-01-17,USD,NGN,476.6171,False,2023-01-17,False,476.6171
2023-01-18,USD,NGN,477.8521,False,2023-01-18,False,477.8521
2023-01-19,USD,NGN,481.2516,False,2023-01-19,False,481.2516
2023-01-20,USD,NGN,484.272,False,2023-01-20,False,484.272
2023-01-21,USD,NGN,484.272,True,2023-01-20,False,484.272
2023-01-22,USD,NGN,484.272,True,2023-01-20,False,484.272
2023-01-23,USD,NGN,480.3557,False,2023-01-23,False,480.3557
2023-01-24,USD,NGN,482.7386,False,2023-01-24,False,482.7386
2023-01-25,USD,NGN,484.5504,False,2023-01-25,False,484.5504
2023-01-26,USD,NGN,485.9226,False,2023-01-26,False,485.9226
2023-01-27,USD,NGN,482.8242,False,2023-01-27,False,482.8242
2023-01-28,USD,NGN,482.8242,True,2023-01-27,False,482.8242
2023-01-29,USD,NGN,482.8242,True,2023-01-27,False,482.8242
2023-01-30,USD,NGN,495.57,False,2023-01-30,False,495.57
2023-01-31,USD,NGN,494.9914,False,2023-01-31,False,494.9914
2023-02-01,USD,NGN,494.9914,True,2023-01-31,False,494.9914
2023-02-02,USD,NGN,501.29,False,2023-02-02,False,501.29
2023-02-03,USD,NGN,497.74,False,2023-02-03,False,497.74
2023-02-04,USD,NGN,497.74,True,2023-02-03,False,497.74
2023-02-05,USD,NGN,497.74,True,2023-02-03,False,497.74
2023-02-06,USD,NGN,502.61,False,2023-02-06,False,502.61
2023-02-07,USD,NGN,504.6664,False,2023-02-07,False,504.6664
2023-02-08,USD,NGN,501.3375,False,2023-02-08,False,501.3375
2023-02-09,USD,NGN,496.6261,False,2023-02-09,False,496.6261
2023-02-10,USD,NGN,496.6261,True,2023-02-09,False,496.6261
2023-02-11,USD,NGN,496.6261,True,2023-02-09,False,496.6261
2023-02-12,USD,NGN,496.6261,True,2023-02-09,False,496.6261
2023-02-13,USD,NGN,496.6261,True,2023-02-09,False,496.6261
2023-02-14,USD,NGN,493.4583,False,2023-02-14,False,493.4583
2023-02-15,USD,NGN,492.791,False,2023-02-15,False,492.791
2023-02-16,USD,NGN,488.8531,False,2023-02-16,False,488.8531
2023-02-17,USD,NGN,492.4222,False,2023-02-17,False,492.4222
2023-02-18,USD,NGN,492.4222,True,2023-02-17,False,492.4222
2023-02-19,USD,NGN,492.4222,True,2023-02-17,False,492.4222
2023-02-20,USD,NGN,501.7619,False,2023-02-20,False,501.7619
2023-02-21,USD,NGN,498.854,False,2023-02-21,False,498.854
2023-02-22,USD,NGN,495.2844,False,2023-02-22,False,495.2844
2023-02-23,USD,NGN,499.1843,False,2023-02-23,False,499.1843
2023-02-24,USD,NGN,499.0602,False,2023-02-24,False,499.0602
2023-02-25,USD,NGN,499.0602,True,2023-02-24,False,499.0602
2023-02-26,USD,NGN,499.0602,True,2023-02-24,False,499.0602
2023-02-27,USD,NGN,499.0602,True,2023-02-24,False,499.0602
2023-02-28,USD,NGN,497.1,False,2023-02-28,False,497.1
2023-03-01,USD,NGN,499.3499,False,2023-03-01,False,499.3499
2023-03-02,USD,NGN,504.7217,False,2023-03-02,False,504.7217
2023-03-03,USD,NGN,507.36,False,2023-03-03,False,507.36
2023-03-04,USD,NGN,507.36,True,2023-03-03,False,507.36
2023-03-05,USD,NGN,507.36,True,2023-03-03,False,507.36
2023-03-06,USD,NGN,516.56,False,2023-03-06,False,516.56
2023-03-07,USD,NGN,523.05,False,2023-03-07,False,523.05
2023-03-08,USD,NGN,524.5305,False,2023-03-08,False,524.5305
2023-03-09,USD,NGN,531.2212,False,2023-03-09,False,531.2212
2023-03-10,USD,NGN,530.68,False,2023-03-10,False,530.68
2023-03-11,USD,NGN,530.68,True,2023-03-10,False,530.68
2023-03-12,USD,NGN,530.68,True,2023-03-10,False,530.68
2023-03-13,USD,NGN,540.2647,False,2023-03-13,False,540.2647
2023-03-14,USD,NGN,540.16,False,2023-03-14,False,540.16
2023-03-15,USD,NGN,537.5746,False,2023-03-15,False,537.5746
2023-03-16,USD,NGN,542.131,False,2023-03-16,False,542.131
2023-03-17,USD,NGN,542.88,False,2023-03-17,False,542.88
2023-03-18,USD,NGN,542.88,True,2023-03-17,False,542.88
2023-03-19,USD,NGN,542.88,True,2023-03-17,False,542.88
2023-03-20,USD,NGN,545.1116,False,2023-03-20,False,545.1116
2023-03-21,USD,NGN,545.1116,True,2023-03-20,False,545.1116
2023-03-22,USD,NGN,548.0595,False,2023-03-22,False,548.0595
2023-03-23,USD,NGN,546.3411,False,2023-03-23,False,546.3411
2023-03-24,USD,NGN,546.3411,True,2023-03-23,False,546.3411
2023-03-25,USD,NGN,546.3411,True,2023-03-23,False,546.3411
2023-03-26,USD,NGN,546.3411,True,2023-03-23,False,546.3411
2023-03-27,USD,NGN,551.52,False,2023-03-27,False,551.52
2023-03-28,USD,NGN,552.9789,False,2023-03-28,False,552.9789
2023-03-29,USD,NGN,553.47,False,2023-03-29,False,553.47
2023-03-30,USD,NGN,555.5517,False,2023-03-30,False,555.5517
2023-03-31,USD,NGN,560.65,False,2023-03-31,False,560.65
2023-04-01,USD,NGN,560.65,True,2023-03-31,False,560.65
2023-04-02,USD,NGN,560.65,True,2023-03-31,False,560.65
2023-04-03,USD,NGN,563.13,False,2023-04-03,False,563.13
2023-04-04,USD,NGN,561.69,False,2023-04-04,False,561.69
2023-04-05,USD,NGN,561.8908,False,2023-04-05,False,561.8908
2023-04-06,USD,NGN,556.88,False,2023-04-06,False,556.88
2023-04-07,USD,NGN,556.88,True,2023-04-06,False,556.88
2023-04-08,USD,NGN,556.88,True,2023-04-06,False,556.88
2023-04-09,USD,NGN,556.88,True,2023-04-06,False,556.88
2023-04-10,USD,NGN,578.5935,False,2023-04-10,False,578.5935
2023-04-11,USD,NGN,579.7333,False,2023-04-11,False,579.7333
2023-04-12,USD,NGN,579.75,False,2023-04-12,False,579.75
2023-04-13,USD,NGN,579.17,False,2023-04-13,False,579.17
2023-04-14,USD,NGN,576.7005,False,2023-04-14,False,576.7005
2023-04-15,USD,NGN,576.7005,True,2023-04-14,False,576.7005
2023-04-16,USD,NGN,576.7005,True,2023-04-14,False,576.7005
2023-04-17,USD,NGN,572.32,False,2023-04-17,False,572.32
2023-04-18,USD,NGN,573.3917,False,2023-04-18,False,573.3917
2023-04-19,USD,NGN,575.8473,False,2023-04-19,False,575.8473
2023-04-20,USD,NGN,581.31,False,2023-04-20,False,581.31
2023-04-21,USD,NGN,584.93,False,2023-04-21,False,584.93
2023-04-22,USD,NGN,584.93,True,2023-04-21,False,584.93
2023-04-23,USD,NGN,584.93,True,2023-04-21,False,584.93
2023-04-24,USD,NGN,592.4875,False,2023-04-24,False,592.4875
2023-04-25,USD,NGN,595.2136,False,2023-04-25,False,595.2136
2023-04-26,USD,NGN,596.3863,False,2023-04-26,False,596.3863
2023-04-27,USD,NGN,595.7438,False,2023-04-27,False,595.7438
2023-04-28,USD,NGN,597.0127,False,2023-04-28,False,597.0127
2023-04-29,USD,NGN,597.0127,True,2023-04-28,False,597.0127
2023-04-30,USD,NGN,597.0127,True,2023-04-28,False,597.0127
2023-05-01,USD,NGN,602.6719,False,2023-05-01,False,602.6719
2023-05-02,USD,NGN,602.6719,True,2023-05-01,False,602.6719
2023-05-03,USD,NGN,595.57,False,2023-05-03,False,595.57
2023-05-04,USD,NGN,598.16,False,2023-05-04,False,598.16
2023-05-05,USD,NGN,602.0796,False,2023-05-05,False,602.0796
2023-05-06,USD,NGN,602.0796,True,2023-05-05,False,602.0796
2023-05-07,USD,NGN,602.0796,True,2023-05-05,False,602.0796
2023-05-08,USD,NGN,603.7,False,2023-05-08,False,603.7
2023-05-09,USD,NGN,598.7399,False,2023-05-09,False,598.7399
2023-05-10,USD,NGN,598.7399,True,2023-05-09,False,598.7399
2023-05-11,USD,NGN,599.9441,False,2023-05-11,False,599.9441
2023-05-12,USD,NGN,595.7555,False,2023-05-12,False,595.7555
2023-05-13,USD,NGN,595.7555,True,2023-05-12,False,595.7555
2023-05-14,USD,NGN,595.7555,True,2023-05-12,False,595.7555
2023-05-15,USD,NGN,597.1049,False,2023-05-15,False,597.1049
2023-05-16,USD,NGN,602.29,False,2023-05-16,False,602.29
2023-05-17,USD,NGN,601.87,False,2023-05-17,False,601.87
2023-05-18,USD,NGN,604.8355,False,2023-05-18,False,604.8355
2023-05-19,USD,NGN,602.98,False,2023-05-19,False,602.98
2023-05-20,USD,NGN,602.98,True,2023-05-19,False,602.98
2023-05-21,USD,NGN,602.98,True,2023-05-19,False,602.98
2023-05-22,USD,NGN,593.4122,False,2023-05-22,False,593.4122
2023-05-23,USD,NGN,598.6829,False,2023-05-23,False,598.6829
2023-05-24,USD,NGN,598.6713,False,2023-05-24,False,598.6713
2023-05-25,USD,NGN,597.661,False,2023-05-25,False,597.661
2023-05-26,USD,NGN,595.9814,False,2023-05-26,False,595.9814
2023-05-27,USD,NGN,595.9814,True,2023-05-26,False,595.9814
2023-05-28,USD,NGN,595.9814,True,2023-05-26,False,595.9814
2023-05-29,USD,NGN,603.4088,False,2023-05-29,False,603.4088
2023-05-30,USD,NGN,603.4088,True,2023-05-29,False,603.4088
2023-05-31,USD,NGN,600.79,False,2023-05-31,False,600.79
2023-06-01,USD,NGN,598.7526,False,2023-06-01,False,598.7526
2023-06-02,USD,NGN,593.028,False,2023-06-02,False,593.028
2023-06-03,USD,NGN,593.028,True,2023-06-02,False,593.028
2023-06-04,USD,NGN,593.028,True,2023-06-02,False,593.028
2023-06-05,USD,NGN,587.08,False,2023-06-05,False,587.08
2023-06-06,USD,NGN,587.08,True,2023-06-05,False,587.08
2023-06-07,USD,NGN,599.84,False,2023-06-07,False,599.84
2023-06-08,USD,NGN,600.29,False,2023-06-08,False,600.29
2023-06-09,USD,NGN,599.58,False,2023-06-09,False,599.58
2023-06-10,USD,NGN,599.58,True,2023-06-09,False,599.58
2023-06-11,USD,NGN,599.58,True,2023-06-09,False,599.58
2023-06-12,USD,NGN,606.9985,False,2023-06-12,False,606.9985
2023-06-13,USD,NGN,612.39,False,2023-06-13,False,612.39
2023-06-14,USD,NGN,992.0763,False,2023-06-14,False,992.0763
2023-06-15,USD,NGN,995.52,False,2023-06-15,False,995.52
2023-06-16,USD,NGN,1001.66,False,2023-06-16,False,1001.66
2023-06-17,USD,NGN,1001.66,True,2023-06-16,False,1001.66
2023-06-18,USD,NGN,1001.66,True,2023-06-16,False,1001.66
2023-06-19,USD,NGN,1011.5719,False,2023-06-19,False,1011.5719
2023-06-20,USD,NGN,1011.1323,False,2023-06-20,False,1011.1323
2023-06-21,USD,NGN,1006.4016,False,2023-06-21,False,1006.4016
2023-06-22,USD,NGN,1022.935,False,2023-06-22,False,1022.935
2023-06-23,USD,NGN,1027.9127,False,2023-06-23,False,1027.9127
2023-06-24,USD,NGN,1027.9127,True,2023-06-23,False,1027.9127
2023-06-25,USD,NGN,1027.9127,True,2023-06-23,False,1027.9127
2023-06-26,USD,NGN,1017.0109,False,2023-06-26,False,1017.0109
2023-06-27,USD,NGN,1014.7853,False,2023-06-27,False,1014.7853
2023-06-28,USD,NGN,1015.81,False,2023-06-28,False,1015.81
2023-06-29,USD,NGN,1019.48,False,2023-06-29,False,1019.48
2023-06-30,USD,NGN,1028.8,False,2023-06-30,False,1028.8
2023-07-01,USD,NGN,1028.8,True,2023-06-30,False,1028.8
2023-07-02,USD,NGN,1028.8,True,2023-06-30,False,1028.8
2023-07-03,USD,NGN,1024.13,False,2023-07-03,False,1024.13
2023-07-04,USD,NGN,1021.9038,False,2023-07-04,False,1021.9038
2023-07-05,USD,NGN,1022.64,False,2023-07-05,False,1022.64
2023-07-06,USD,NGN,1029.3294,False,2023-07-06,False,1029.3294
2023-07-07,USD,NGN,1029.3294,True,2023-07-06,False,1029.3294
2023-07-08,USD,NGN,1029.3294,True,2023-07-06,False,1029.3294
2023-07-09,USD,NGN,1029.3294,True,2023-07-06,False,1029.3294
2023-07-10,USD,NGN,1042.9115,False,2023-07-10,False,1042.9115
2023-07-11,USD,NGN,1046.1964,False,2023-07-11,False,1046.1964
2023-07-12,USD,NGN,1038.6194,False,2023-07-12,False,1038.6194
2023-07-13,USD,NGN,1043.0452,False,2023-07-13,False,1043.0452
2023-07-14,USD,NGN,1049.927,False,2023-07-14,False,1049.927
2023-07-15,USD,NGN,1049.927,True,2023-07-14,False,1049.927
2023-07-16,USD,NGN,1049.927,True,2023-07-14,False,1049.927
2023-07-17,USD,NGN,1059.056,False,2023-07-17,False,1059.056
2023-07-18,USD,NGN,1064.69,False,2023-07-18,False,1064.69
2023-07-19,USD,NGN,1072.4991,False,2023-07-19,False,1072.4991
2023-07-20,USD,NGN,1077.3359,False,2023-07-20,False,1077.3359
2023-07-21,USD,NGN,1078.84,False,2023-07-21,False,1078.84
2023-07-22,USD,NGN,1078.84,True,2023-07-21,False,1078.84
2023-07-23,USD,NGN,1078.84,True,2023-07-21,False,1078.84
2023-07-24,USD,NGN,1100.9,False,2023-07-24,False,1100.9
2023-07-25,USD,NGN,1114.36,False,2023-07-25,False,1114.36
2023-07-26,USD,NGN,1118.5436,False,2023-07-26,False,1118.5436
2023-07-27,USD,NGN,1115.4079,False,2023-07-27,False,1115.4079
2023-07-28,USD,NGN,1106.4135,False,2023-07-28,False,1106.4135
2023-07-29,USD,NGN,1106.4135,True,2023-07-28,False,1106.4135
2023-07-30,USD,NGN,1106.4135,True,2023-07-28,False,1106.4135
2023-07-31,USD,NGN,1108.68,False,2023-07-31,False,1108.68
2023-08-01,USD,NGN,1100.6122,False,2023-08-01,False,1100.6122
2023-08-02,USD,NGN,1106.1248,False,2023-08-02,False,1106.1248
2023-08-03,USD,NGN,1100.3961,False,2023-08-03,False,1100.3961
2023-08-04,USD,NGN,1100.3961,True,2023-08-03,False,1100.3961
2023-08-05,USD,NGN,1100.3961,True,2023-08-03,False,1100.3961
2023-08-06,USD,NGN,1100.3961,True,2023-08-03,False,1100.3961
2023-08-07,USD,NGN,1119.09,False,2023-08-07,False,1119.09
2023-08-08,USD,NGN,1138.41,False,2023-08-08,False,1138.41
2023-08-09,USD,NGN,1145.4515,False,2023-08-09,False,1145.4515
2023-08-10,USD,NGN,1144.34,False,2023-08-10,False,1144.34
2023-08-11,USD,NGN,1149.42,False,2023-08-11,False,1149.42
2023-08-12,USD,NGN,1149.42,True,2023-08-11,False,1149.42
2023-08-13,USD,NGN,1149.42,True,2023-08-11,False,1149.42
2023-08-14,USD,NGN,1149.42,True,2023-08-11,False,1149.42
2023-08-15,USD,NGN,1159.9493,False,2023-08-15,False,1159.9493
2023-08-16,USD,NGN,1168.3598,False,2023-08-16,False,1168.3598
2023-08-17,USD,NGN,1167.9501,False,2023-08-17,False,1167.9501
2023-08-18,USD,NGN,1167.12,False,2023-08-18,False,1167.12
2023-08-19,USD,NGN,1167.12,True,2023-08-18,False,1167.12
2023-08-20,USD,NGN,1167.12,True,2023-08-18,False,1167.12
2023-08-21,USD,NGN,1168.2334,False,2023-08-21,False,1168.2334
2023-08-22,USD,NGN,1168.2706,False,2023-08-22,False,1168.2706
2023-08-23,USD,NGN,1167.6752,False,2023-08-23,False,1167.6752
2023-08-24,USD,NGN,1161.9959,False,2023-08-24,False,1161.9959
2023-08-25,USD,NGN,1161.9959,True,2023-08-24,False,1161.9959
2023-08-26,USD,NGN,1161.9959,True,2023-08-24,False,1161.9959
2023-08-27,USD,NGN,1161.9959,True,2023-08-24,False,1161.9959
2023-08-28,USD,NGN,1166.43,False,2023-08-28,False,1166.43
2023-08-29,USD,NGN,1164.89,False,2023-08-29,False,1164.89
2023-08-30,USD,NGN,1165.1314,False,2023-08-30,False,1165.1314
2023-08-31,USD,NGN,1172.981,False,2023-08-31,False,1172.981
2023-09-01,USD,NGN,1155.6664,False,2023-09-01,False,1155.6664
2023-09-02,USD,NGN,1155.6664,True,2023-09-01,False,1155.6664
2023-09-03,USD,NGN,1155.6664,True,2023-09-01,False,1155.6664
2023-09-04,USD,NGN,1125.086,False,2023-09-04,False,1125.086
2023-09-05,USD,NGN,1133.0607,False,2023-09-05,False,1133.0607
2023-09-06,USD,NGN,1129.227,False,2023-09-06,False,1129.227
2023-09-07,USD,NGN,1130.2453,False,2023-09-07,False,1130.2453
2023-09-08,USD,NGN,1127.1072,False,2023-09-08,False,1127.1072
2023-09-09,USD,NGN,1127.1072,True,2023-09-08,False,1127.1072
2023-09-10,USD,NGN,1127.1072,True,2023-09-08,False,1127.1072
2023-09-11,USD,NGN,1138.2031,False,2023-09-11,False,1138.2031
2023-09-12,USD,NGN,1140.43,False,2023-09-12,False,1140.43
2023-09-13,USD,NGN,1137.6678,False,2023-09-13,False,1137.6678
2023-09-14,USD,NGN,1144.8617,False,2023-09-14,False,1144.8617
2023-09-15,USD,NGN,1158.0881,False,2023-09-15,False,1158.0881
2023-09-16,USD,NGN,1158.0881,True,2023-09-15,False,1158.0881
2023-09-17,USD,NGN,1158.0881,True,2023-09-15,False,1158.0881
2023-09-18,USD,NGN,1158.9539,False,2023-09-18,False,1158.9539
2023-09-19,USD,NGN,1167.4971,False,2023-09-19,False,1167.4971
2023-09-20,USD,NGN,1167.7699,False,2023-09-20,False,1167.7699
2023-09-21,USD,NGN,1176.939,False,2023-09-21,False,1176.939
2023-09-22,USD,NGN,1194.2914,False,2023-09-22,False,1194.2914
2023-09-23,USD,NGN,1194.2914,True,2023-09-22,False,1194.2914
2023-09-24,USD,NGN,1194.2914,True,2023-09-22,False,1194.2914
2023-09-25,USD,NGN,1203.2,False,2023-09-25,False,1203.2
2023-09-26,USD,NGN,1194.868,False,2023-09-26,False,1194.868
2023-09-27,USD,NGN,1190.52,False,2023-09-27,False,1190.52
2023-09-28,USD,NGN,1188.61,False,2023-09-28,False,1188.61
2023-09-29,USD,NGN,1185.676,False,2023-09-29,False,1185.676
2023-09-30,USD,NGN,1185.676,True,2023-09-29,False,1185.676
2023-10-01,USD,NGN,1185.676,True,2023-09-29,False,1185.676
2023-10-02,USD,NGN,1193.0646,False,2023-10-02,False,1193.0646
2023-10-03,USD,NGN,1196.84,False,2023-10-03,False,1196.84
2023-10-04,USD,NGN,1196.84,True,2023-10-03,False,1196.84
2023-10-05,USD,NGN,1178.5457,False,2023-10-05,False,1178.5457
2023-10-06,USD,NGN,1185.3323,False,2023-10-06,False,1185.3323
2023-10-07,USD,NGN,1185.3323,True,2023-10-06,False,1185.3323
2023-10-08,USD,NGN,1185.3323,True,2023-10-06,False,1185.3323
2023-10-09,USD,NGN,1183.0676,False,2023-10-09,False,1183.0676
2023-10-10,USD,NGN,1183.2807,False,2023-10-10,False,1183.2807
2023-10-11,USD,NGN,1186.7866,False,2023-10-11,False,1186.7866
2023-10-12,USD,NGN,1189.642,False,2023-10-12,False,1189.642
2023-10-13,USD,NGN,1201.65,False,2023-10-13,False,1201.65
2023-10-14,USD,NGN,1201.65,True,2023-10-13,False,1201.65
2023-10-15,USD,NGN,1201.65,True,2023-10-13,False,1201.65
2023-10-16,USD,NGN,1224.8913,False,2023-10-16,False,1224.8913
2023-10-17,USD,NGN,1231.99,False,2023-10-17,False,1231.99
2023-10-18,USD,NGN,1240.3113,False,2023-10-18,False,1240.3113
2023-10-19,USD,NGN,1243.56,False,2023-10-19,False,1243.56
2023-10-20,USD,NGN,1239.6,False,2023-10-20,False,1239.6
2023-10-21,USD,NGN,1239.6,True,2023-10-20,False,1239.6
2023-10-22,USD,NGN,1239.6,True,2023-10-20,False,1239.6
2023-10-23,USD,NGN,1240.15,False,2023-10-23,False,1240.15
2023-10-24,USD,NGN,1237.47,False,2023-10-24,False,1237.47
2023-10-25,USD,NGN,1251.57,False,2023-10-25,False,1251.57
2023-10-26,USD,NGN,1250.4691,False,2023-10-26,False,1250.4691
2023-10-27,USD,NGN,1248.9477,False,2023-10-27,False,1248.9477
2023-10-28,USD,NGN,1248.9477,True,2023-10-27,False,1248.9477
2023-10-29,USD,NGN,1248.9477,True,2023-10-27,False,1248.9477
2023-10-30,USD,NGN,1245.58,False,2023-10-30,False,1245.58
2023-10-31,USD,NGN,1253.4915,False,2023-10-31,False,1253.4915
2023-11-01,USD,NGN,1257.9343,False,2023-11-01,False,1257.9343
2023-11-02,USD,NGN,1244.6638,False,2023-11-02,False,1244.6638
2023-11-03,USD,NGN,1237.4089,False,2023-11-03,False,1237.4089
2023-11-04,USD,NGN,1237.4089,True,2023-11-03,False,1237.4089
2023-11-05,USD,NGN,1237.4089,True,2023-11-03,False,1237.4089
2023-11-06,USD,NGN,1260.1134,False,2023-11-06,False,1260.1134
2023-11-07,USD,NGN,1256.2823,False,2023-11-07,False,1256.2823
2023-11-08,USD,NGN,1258.4419,False,2023-11-08,False,1258.4419
2023-11-09,USD,NGN,1256.2553,False,2023-11-09,False,1256.2553
2023-11-10,USD,NGN,1251.8368,False,2023-11-10,False,1251.8368
2023-11-11,USD,NGN,1251.8368,True,2023-11-10,False,1251.8368
2023-11-12,USD,NGN,1251.8368,True,2023-11-10,False,1251.8368
2023-11-13,USD,NGN,1263.1594,False,2023-11-13,False,1263.1594
2023-11-14,USD,NGN,1270.004,False,2023-11-14,False,1270.004
2023-11-15,USD,NGN,1268.6506,False,2023-11-15,False,1268.6506
2023-11-16,USD,NGN,1269.6387,False,2023-11-16,False,1269.6387
2023-11-17,USD,NGN,1275.7322,False,2023-11-17,False,1275.7322
2023-11-18,USD,NGN,1275.7322,True,2023-11-17,False,1275.7322
2023-11-19,USD,NGN,1275.7322,True,2023-11-17,False,1275.7322
2023-11-20,USD,NGN,1272.1329,False,2023-11-20,False,1272.1329
2023-11-21,USD,NGN,1272.9546,False,2023-11-21,False,1272.9546
2023-11-22,USD,NGN,1277.9154,False,2023-11-22,False,1277.9154
2023-11-23,USD,NGN,1276.83,False,2023-11-23,False,1276.83
2023-11-24,USD,NGN,1277.45,False,2023-11-24,False,1277.45
2023-11-25,USD,NGN,1277.45,True,2023-11-24,False,1277.45
2023-11-26,USD,NGN,1277.45,True,2023-11-24,False,1277.45
2023-11-27,USD,NGN,1268.654,False,2023-11-27,False,1268.654
2023-11-28,USD,NGN,1278.6828,False,2023-11-28,False,1278.6828
2023-11-29,USD,NGN,1300.41,False,2023-11-29,False,1300.41
2023-11-30,USD,NGN,1298.3552,False,2023-11-30,False,1298.3552
2023-12-01,USD,NGN,1313.9064,False,2023-12-01,False,1313.9064
2023-12-02,USD,NGN,1313.9064,True,2023-12-01,False,1313.9064
2023-12-03,USD,NGN,1313.9064,True,2023-12-01,False,1313.9064
2023-12-04,USD,NGN,1296.74,False,2023-12-04,False,1296.74
2023-12-05,USD,NGN,1293.72,False,2023-12-05,False,1293.72
2023-12-06,USD,NGN,1301.64,False,2023-12-06,False,1301.64
2023-12-07,USD,NGN,1306.31,False,2023-12-07,False,1306.31
2023-12-08,USD,NGN,1307.2426,False,2023-12-08,False,1307.2426
2023-12-09,USD,NGN,1307.2426,True,2023-12-08,False,1307.2426
2023-12-10,USD,NGN,1307.2426,True,2023-12-08,False,1307.2426
2023-12-11,USD,NGN,1309.5,False,2023-12-11,False,1309.5
2023-12-12,USD,NGN,1309.5,True,2023-12-11,False,1309.5
2023-12-13,USD,NGN,1327.2488,False,2023-12-13,False,1327.2488
2023-12-14,USD,NGN,1342.1982,False,2023-12-14,False,1342.1982
2023-12-15,USD,NGN,1343.24,False,2023-12-15,False,1343.24
2023-12-16,USD,NGN,1343.24,True,2023-12-15,False,1343.24
2023-12-17,USD,NGN,1343.24,True,2023-12-15,False,1343.24
2023-12-18,USD,NGN,1345.36,False,2023-12-18,False,1345.36
2023-12-19,USD,NGN,1343.9539,False,2023-12-19,False,1343.9539
2023-12-20,USD,NGN,1336.5043,False,2023-12-20,False,1336.5043
2023-12-21,USD,NGN,1352.7417,False,2023-12-21,False,1352.7417
2023-12-22,USD,NGN,1365.61,False,2023-12-22,False,1365.61
2023-12-23,USD,NGN,1365.61,True,2023-12-22,False,1365.61
2023-12-24,USD,NGN,1365.61,True,2023-12-22,False,1365.61
2023-12-25,USD,NGN,1381.7964,False,2023-12-25,False,1381.7964
2023-12-26,USD,NGN,1379.1251,False,2023-12-26,False,1379.1251
2023-12-27,USD,NGN,1394.132,False,2023-12-27,False,1394.132
2023-12-28,USD,NGN,1373.2982,False,2023-12-28,False,1373.2982
2023-12-29,USD,NGN,1372.22,False,2023-12-29,False,1372.22
2023-12-30,USD,NGN,1372.22,True,2023-12-29,False,1372.22
2023-12-31,USD,NGN,1372.22,True,2023-12-29,False,1372.22
2024-01-01,USD,NGN,1394.83,False,2024-01-01,False,1394.83
2024-01-02,USD,NGN,1406.3,False,2024-01-02,False,1406.3
2024-01-03,USD,NGN,1419.72,False,2024-01-03,False,1419.72
2024-01-04,USD,NGN,1434.13,False,2024-01-04,False,1434.13
2024-01-05,USD,NGN,1438.2558,False,2024-01-05,False,1438.2558
2024-01-06,USD,NGN,1438.2558,True,2024-01-05,False,1438.2558
2024-01-07,USD,NGN,1438.2558,True,2024-01-05,False,1438.2558
2024-01-08,USD,NGN,1430.5,False,2024-01-08,False,1430.5
2024-01-09,USD,NGN,1416.1628,False,2024-01-09,False,1416.1628
2024-01-10,USD,NGN,1416.453,False,2024-01-10,False,1416.453
2024-01-11,USD,NGN,1427.03,False,2024-01-11,False,1427.03
2024-01-12,USD,NGN,1434.3767,False,2024-01-12,False,1434.3767
2024-01-13,USD,NGN,1434.3767,True,2024-01-12,False,1434.3767
2024-01-14,USD,NGN,1434.3767,True,2024-01-12,False,1434.3767
2024-01-15,USD,NGN,1431.4285,False,2024-01-15,False,1431.4285
2024-01-16,USD,NGN,1433.71,False,2024-01-16,False,1433.71
2024-01-17,USD,NGN,1432.64,False,2024-01-17,False,1432.64
2024-01-18,USD,NGN,1425.5505,False,2024-01-18,False,1425.5505
2024-01-19,USD,NGN,1423.5088,False,2024-01-19,False,1423.5088
2024-01-20,USD,NGN,1423.5088,True,2024-01-19,False,1423.5088
2024-01-21,USD,NGN,1423.5088,True,2024-01-19,False,1423.5088
2024-01-22,USD,NGN,1416.67,False,2024-01-22,False,1416.67
2024-01-23,USD,NGN,1418.2127,False,2024-01-23,False,1418.2127
2024-01-24,USD,NGN,1408.3813,False,2024-01-24,False,1408.3813
2024-01-25,USD,NGN,1413.2134,False,2024-01-25,False,1413.2134
2024-01-26,USD,NGN,1406.11,False,2024-01-26,False,1406.11
2024-01-27,USD,NGN,1406.11,True,2024-01-26,False,1406.11
2024-01-28,USD,NGN,1406.11,True,2024-01-26,False,1406.11
2024-01-29,USD,NGN,1917.89,False,2024-01-29,False,1917.89
2024-01-30,USD,NGN,1919.6929,False,2024-01-30,False,1919.6929
2024-01-31,USD,NGN,1925.1406,False,2024-01-31,False,1925.1406
2024-02-01,USD,NGN,1899.2077,False,2024-02-01,False,1899.2077
2024-02-02,USD,NGN,1917.5371,False,2024-02-02,False,1917.5371
2024-02-03,USD,NGN,1917.5371,True,2024-02-02,False,1917.5371
2024-02-04,USD,NGN,1917.5371,True,2024-02-02,False,1917.5371
2024-02-05,USD,NGN,1944.6177,False,2024-02-05,False,1944.6177
2024-02-06,USD,NGN,1963.998,False,2024-02-06,False,1963.998
2024-02-07,USD,NGN,1971.3875,False,2024-02-07,False,1971.3875
2024-02-08,USD,NGN,1958.3496,False,2024-02-08,False,1958.3496
2024-02-09,USD,NGN,1974.3709,False,2024-02-09,False,1974.3709
2024-02-10,USD,NGN,1974.3709,True,2024-02-09,False,1974.3709
2024-02-11,USD,NGN,1974.3709,True,2024-02-09,False,1974.3709
2024-02-12,USD,NGN,1994.61,False,2024-02-12,False,1994.61
2024-02-13,USD,NGN,1993.2803,False,2024-02-13,False,1993.2803
2024-02-14,USD,NGN,2009.5857,False,2024-02-14,False,2009.5857
2024-02-15,USD,NGN,2026.5832,False,2024-02-15,False,2026.5832
2024-02-16,USD,NGN,2031.27,False,2024-02-16,False,2031.27
2024-02-17,USD,NGN,2031.27,True,2024-02-16,False,2031.27
2024-02-18,USD,NGN,2031.27,True,2024-02-16,False,2031.27
2024-02-19,USD,NGN,2019.2826,False,2024-02-19,False,2019.2826
2024-02-20,USD,NGN,2020.41,False,2024-02-20,False,2020.41
2024-02-21,USD,NGN,2020.296,False,2024-02-21,True,20202.96
2024-02-22,USD,NGN,2019.98,False,2024-02-22,False,2019.98
2024-02-23,USD,NGN,2019.98,True,2024-02-22,False,2019.98
2024-02-24,USD,NGN,2019.98,True,2024-02-22,False,2019.98
2024-02-25,USD,NGN,2019.98,True,2024-02-22,False,2019.98
2024-02-26,USD,NGN,2013.7353,False,2024-02-26,False,2013.7353
2024-02-27,USD,NGN,2020.8937,False,2024-02-27,False,2020.8937
2024-02-28,USD,NGN,2018.2385,False,2024-02-28,False,2018.2385
2024-02-29,USD,NGN,2018.2385,True,2024-02-28,False,2018.2385
2024-03-01,USD,NGN,2016.3201,False,2024-03-01,False,2016.3201
2024-03-02,USD,NGN,2016.3201,True,2024-03-01,False,2016.3201
2024-03-03,USD,NGN,2016.3201,True,2024-03-01,False,2016.3201
2024-03-04,USD,NGN,2016.3201,True,2024-03-01,False,2016.3201
2024-03-05,USD,NGN,2023.5,False,2024-03-05,False,2023.5
2024-03-06,USD,NGN,2019.75,False,2024-03-06,False,2019.75
2024-03-07,USD,NGN,2009.1509,False,2024-03-07,False,2009.1509
2024-03-08,USD,NGN,2031.8575,False,2024-03-08,False,2031.8575
2024-03-09,USD,NGN,2031.8575,True,2024-03-08,False,2031.8575
2024-03-10,USD,NGN,2031.8575,True,2024-03-08,False,2031.8575
2024-03-11,USD,NGN,2048.1779,False,2024-03-11,False,2048.1779
2024-03-12,USD,NGN,2050.5498,False,2024-03-12,False,2050.5498
2024-03-13,USD,NGN,2049.7939,False,2024-03-13,False,2049.7939
2024-03-14,USD,NGN,2071.07,False,2024-03-14,False,2071.07
2024-03-15,USD,NGN,2062.97,False,2024-03-15,False,2062.97
2024-03-16,USD,NGN,2062.97,True,2024-03-15,False,2062.97
2024-03-17,USD,NGN,2062.97,True,2024-03-15,False,2062.97
2024-03-18,USD,NGN,2059.82,False,2024-03-18,False,2059.82
2024-03-19,USD,NGN,2070.92,False,2024-03-19,False,2070.92
2024-03-20,USD,NGN,2058.44,False,2024-03-20,False,2058.44
2024-03-21,USD,NGN,2076.9957,False,2024-03-21,False,2076.9957
2024-03-22,USD,NGN,2092.33,False,2024-03-22,False,2092.33
2024-03-23,USD,NGN,2092.33,True,2024-03-22,False,2092.33
2024-03-24,USD,NGN,2092.33,True,2024-03-22,False,2092.33
2024-03-25,USD,NGN,2109.3521,False,2024-03-25,False,2109.3521
2024-03-26,USD,NGN,2117.7335,False,2024-03-26,False,2117.7335
2024-03-27,USD,NGN,2107.57,False,2024-03-27,False,2107.57
2024-03-28,USD,NGN,2119.73,False,2024-03-28,False,2119.73
2024-03-29,USD,NGN,2118.14,False,2024-03-29,False,2118.14
2024-03-30,USD,NGN,2118.14,True,2024-03-29,False,2118.14
2024-03-31,USD,NGN,2118.14,True,2024-03-29,False,2118.14
2024-04-01,USD,NGN,2150.83,False,2024-04-01,False,2150.83
2024-04-02,USD,NGN,2152.29,False,2024-04-02,False,2152.29
2024-04-03,USD,NGN,2177.3,False,2024-04-03,False,2177.3
2024-04-04,USD,NGN,2180.5565,False,2024-04-04,False,2180.5565
2024-04-05,USD,NGN,2199.7264,False,2024-04-05,False,2199.7264
2024-04-06,USD,NGN,2199.7264,True,2024-04-05,False,2199.7264
2024-04-07,USD,NGN,2199.7264,True,2024-04-05,False,2199.7264
2024-04-08,USD,NGN,2240.1963,False,2024-04-08,False,2240.1963
2024-04-09,USD,NGN,2240.1963,True,2024-04-08,False,2240.1963
2024-04-10,USD,NGN,2224.0413,False,2024-04-10,False,2224.0413
2024-04-11,USD,NGN,2252.4181,False,2024-04-11,False,2252.4181
2024-04-12,USD,NGN,2278.7023,False,2024-04-12,False,2278.7023
2024-04-13,USD,NGN,2278.7023,True,2024-04-12,False,2278.7023
2024-04-14,USD,NGN,2278.7023,True,2024-04-12,False,2278.7023
2024-04-15,USD,NGN,2287.6741,False,2024-04-15,False,2287.6741
2024-04-16,USD,NGN,2274.9417,False,2024-04-16,False,2274.9417
2024-04-17,USD,NGN,2301.57,False,2024-04-17,False,2301.57
2024-04-18,USD,NGN,2297.1429,False,2024-04-18,False,2297.1429
2024-04-19,USD,NGN,2280.02,False,2024-04-19,False,2280.02
2024-04-20,USD,NGN,2280.02,True,2024-04-19,False,2280.02
2024-04-21,USD,NGN,2280.02,True,2024-04-19,False,2280.02
2024-04-22,USD,NGN,2315.4149,False,2024-04-22,False,2315.4149
2024-04-23,USD,NGN,2308.9473,False,2024-04-23,False,2308.9473
2024-04-24,USD,NGN,2314.31,False,2024-04-24,False,2314.31
2024-04-25,USD,NGN,2300.7013,False,2024-04-25,False,2300.7013
2024-04-26,USD,NGN,2310.4679,False,2024-04-26,False,2310.4679
2024-04-27,USD,NGN,2310.4679,True,2024-04-26,False,2310.4679
2024-04-28,USD,NGN,2310.4679,True,2024-04-26,False,2310.4679
2024-04-29,USD,NGN,2344.3209,False,2024-04-29,False,2344.3209
2024-04-30,USD,NGN,2342.3538,False,2024-04-30,False,2342.3538
2024-05-01,USD,NGN,2338.9963,False,2024-05-01,False,2338.9963
2024-05-02,USD,NGN,2343.34,False,2024-05-02,False,2343.34
2024-05-03,USD,NGN,2357.19,False,2024-05-03,False,2357.19
2024-05-04,USD,NGN,2357.19,True,2024-05-03,False,2357.19
2024-05-05,USD,NGN,2357.19,True,2024-05-03,False,2357.19
2024-05-06,USD,NGN,2395.67,False,2024-05-06,False,2395.67
2024-05-07,USD,NGN,2375.0068,False,2024-05-07,False,2375.0068
2024-05-08,USD,NGN,2334.96,False,2024-05-08,False,2334.96
2024-05-09,USD,NGN,2345.5899,False,2024-05-09,False,2345.5899
2024-05-10,USD,NGN,2388.7753,False,2024-05-10,False,2388.7753
2024-05-11,USD,NGN,2388.7753,True,2024-05-10,False,2388.7753
2024-05-12,USD,NGN,2388.7753,True,2024-05-10,False,2388.7753
2024-05-13,USD,NGN,2382.9088,False,2024-05-13,False,2382.9088
2024-05-14,USD,NGN,2389.0118,False,2024-05-14,False,2389.0118
2024-05-15,USD,NGN,2401.7283,False,2024-05-15,False,2401.7283
2024-05-16,USD,NGN,2415.86,False,2024-05-16,False,2415.86
2024-05-17,USD,NGN,2424.308,False,2024-05-17,False,2424.308
2024-05-18,USD,NGN,2424.308,True,2024-05-17,False,2424.308
2024-05-19,USD,NGN,2424.308,True,2024-05-17,False,2424.308
2024-05-20,USD,NGN,2436.0217,False,2024-05-20,False,2436.0217
2024-05-21,USD,NGN,2429.8411,False,2024-05-21,False,2429.8411
2024-05-22,USD,NGN,2462.3921,False,2024-05-22,False,2462.3921
2024-05-23,USD,NGN,2471.88,False,2024-05-23,False,2471.88
2024-05-24,USD,NGN,2454.2451,False,2024-05-24,False,2454.2451
2024-05-25,USD,NGN,2454.2451,True,2024-05-24,False,2454.2451
2024-05-26,USD,NGN,2454.2451,True,2024-05-24,False,2454.2451
2024-05-27,USD,NGN,2427.3335,False,2024-05-27,False,2427.3335
2024-05-28,USD,NGN,2427.09,False,2024-05-28,False,2427.09
2024-05-29,USD,NGN,2430.2448,False,2024-05-29,False,2430.2448
2024-05-30,USD,NGN,2431.62,False,2024-05-30,False,2431.62
2024-05-31,USD,NGN,2450.87,False,2024-05-31,False,2450.87
2024-06-01,USD,NGN,2450.87,True,2024-05-31,False,2450.87
2024-06-02,USD,NGN,2450.87,True,2024-05-31,False,2450.87
2024-06-03,USD,NGN,2458.728,False,2024-06-03,False,2458.728
2024-06-04,USD,NGN,2458.1038,False,2024-06-04,False,2458.1038
2024-06-05,USD,NGN,2460.15,False,2024-06-05,False,2460.15
2024-06-06,USD,NGN,2465.1475,False,2024-06-06,False,2465.1475
2024-06-07,USD,NGN,2460.4005,False,2024-06-07,False,2460.4005
2024-06-08,USD,NGN,2460.4005,True,2024-06-07,False,2460.4005
2024-06-09,USD,NGN,2460.4005,True,2024-06-07,False,2460.4005
2024-06-10,USD,NGN,2449.54,False,2024-06-10,False,2449.54
2024-06-11,USD,NGN,2426.941,False,2024-06-11,False,2426.941
2024-06-12,USD,NGN,2426.941,True,2024-06-11,False,2426.941
2024-06-13,USD,NGN,2435.6586,False,2024-06-13,False,2435.6586
2024-06-14,USD,NGN,2419.9144,False,2024-06-14,False,2419.9144
2024-06-15,USD,NGN,2419.9144,True,2024-06-14,False,2419.9144
2024-06-16,USD,NGN,2419.9144,True,2024-06-14,False,2419.9144
2024-06-17,USD,NGN,2393.8912,False,2024-06-17,False,2393.8912
2024-06-18,USD,NGN,2400.5142,False,2024-06-18,False,2400.5142
2024-06-19,USD,NGN,2406.22,False,2024-06-19,False,2406.22
2024-06-20,USD,NGN,2391.4614,False,2024-06-20,False,2391.4614
2024-06-21,USD,NGN,2364.376,False,2024-06-21,False,2364.376
2024-06-22,USD,NGN,2364.376,True,2024-06-21,False,2364.376
2024-06-23,USD,NGN,2364.376,True,2024-06-21,False,2364.376
2024-06-24,USD,NGN,2391.02,False,2024-06-24,False,2391.02
2024-06-25,USD,NGN,2417.6612,False,2024-06-25,False,2417.6612
2024-06-26,USD,NGN,2432.6641,False,2024-06-26,False,2432.6641
2024-06-27,USD,NGN,2425.5303,False,2024-06-27,False,2425.5303
2024-06-28,USD,NGN,2432.609,False,2024-06-28,False,2432.609
2024-06-29,USD,NGN,2432.609,True,2024-06-28,False,2432.609
2024-06-30,USD,NGN,2432.609,True,2024-06-28,False,2432.609
2024-07-01,USD,NGN,2480.44,False,2024-07-01,False,2480.44
2024-07-02,USD,NGN,2503.5645,False,2024-07-02,False,2503.5645
2024-07-03,USD,NGN,2502.0497,False,2024-07-03,False,2502.0497
2024-07-04,USD,NGN,2489.0131,False,2024-07-04,False,2489.0131
2024-07-05,USD,NGN,2523.46,False,2024-07-05,False,2523.46
2024-07-06,USD,NGN,2523.46,True,2024-07-05,False,2523.46
2024-07-07,USD,NGN,2523.46,True,2024-07-05,False,2523.46
2024-07-08,USD,NGN,2513.0845,False,2024-07-08,False,2513.0845
2024-07-09,USD,NGN,2513.9457,False,2024-07-09,False,2513.9457
2024-07-10,USD,NGN,2533.1803,False,2024-07-10,False,2533.1803
2024-07-11,USD,NGN,2521.2097,False,2024-07-11,False,2521.2097
2024-07-12,USD,NGN,2529.7003,False,2024-07-12,False,2529.7003
2024-07-13,USD,NGN,2529.7003,True,2024-07-12,False,2529.7003
2024-07-14,USD,NGN,2529.7003,True,2024-07-12,False,2529.7003
2024-07-15,USD,NGN,2534.002,False,2024-07-15,False,2534.002
2024-07-16,USD,NGN,2552.89,False,2024-07-16,False,2552.89
2024-07-17,USD,NGN,2552.89,True,2024-07-16,False,2552.89
2024-07-18,USD,NGN,2539.3856,False,2024-07-18,False,2539.3856
2024-07-19,USD,NGN,2531.7764,False,2024-07-19,False,2531.7764
2024-07-20,USD,NGN,2531.7764,True,2024-07-19,False,2531.7764
2024-07-21,USD,NGN,2531.7764,True,2024-07-19,False,2531.7764
2024-07-22,USD,NGN,2544.3163,False,2024-07-22,False,2544.3163
2024-07-23,USD,NGN,2552.74,False,2024-07-23,False,2552.74
2024-07-24,USD,NGN,2559.9441,False,2024-07-24,False,2559.9441
2024-07-25,USD,NGN,2589.7019,False,2024-07-25,False,2589.7019
2024-07-26,USD,NGN,2612.05,False,2024-07-26,False,2612.05
2024-07-27,USD,NGN,2612.05,True,2024-07-26,False,2612.05
2024-07-28,USD,NGN,2612.05,True,2024-07-26,False,2612.05
2024-07-29,USD,NGN,2591.4469,False,2024-07-29,False,2591.4469
2024-07-30,USD,NGN,2608.84,False,2024-07-30,False,2608.84
2024-07-31,USD,NGN,2639.57,False,2024-07-31,False,2639.57
2024-08-01,USD,NGN,2619.25,False,2024-08-01,False,2619.25
2024-08-02,USD,NGN,2625.6,False,2024-08-02,False,2625.6
2024-08-03,USD,NGN,2625.6,True,2024-08-02,False,2625.6
2024-08-04,USD,NGN,2625.6,True,2024-08-02,False,2625.6
2024-08-05,USD,NGN,2640.4144,False,2024-08-05,False,2640.4144
2024-08-06,USD,NGN,2701.23,False,2024-08-06,False,2701.23
2024-08-07,USD,NGN,2701.5692,False,2024-08-07,False,2701.5692
2024-08-08,USD,NGN,2707.0009,False,2024-08-08,False,2707.0009
2024-08-09,USD,NGN,2722.23,False,2024-08-09,False,2722.23
2024-08-10,USD,NGN,2722.23,True,2024-08-09,False,2722.23
2024-08-11,USD,NGN,2722.23,True,2024-08-09,False,2722.23
2024-08-12,USD,NGN,2769.8233,False,2024-08-12,False,2769.8233
2024-08-13,USD,NGN,2773.5967,False,2024-08-13,False,2773.5967
2024-08-14,USD,NGN,2768.2471,False,2024-08-14,False,2768.2471
2024-08-15,USD,NGN,2774.06,False,2024-08-15,False,2774.06
2024-08-16,USD,NGN,2806.97,False,2024-08-16,False,2806.97
2024-08-17,USD,NGN,2806.97,True,2024-08-16,False,2806.97
2024-08-18,USD,NGN,2806.97,True,2024-08-16,False,2806.97
2024-08-19,USD,NGN,2867.7167,False,2024-08-19,False,2867.7167
2024-08-20,USD,NGN,2863.8108,False,2024-08-20,False,2863.8108
2024-08-21,USD,NGN,2880.85,False,2024-08-21,False,2880.85
2024-08-22,USD,NGN,2886.06,False,2024-08-22,False,2886.06
2024-08-23,USD,NGN,2858.18,False,2024-08-23,False,2858.18
2024-08-24,USD,NGN,2858.18,True,2024-08-23,False,2858.18
2024-08-25,USD,NGN,2858.18,True,2024-08-23,False,2858.18
2024-08-26,USD,NGN,2865.18,False,2024-08-26,False,2865.18
2024-08-27,USD,NGN,2812.8282,False,2024-08-27,False,2812.8282
2024-08-28,USD,NGN,2812.8282,True,2024-08-27,False,2812.8282
2024-08-29,USD,NGN,2766.8655,False,2024-08-29,False,2766.8655
2024-08-30,USD,NGN,2766.8655,True,2024-08-29,False,2766.8655
2024-08-31,USD,NGN,2766.8655,True,2024-08-29,False,2766.8655
2024-09-01,USD,NGN,2766.8655,True,2024-08-29,False,2766.8655
2024-09-02,USD,NGN,2793.8039,False,2024-09-02,False,2793.8039
2024-09-03,USD,NGN,2793.8039,True,2024-09-02,False,2793.8039
2024-09-04,USD,NGN,2812.04,False,2024-09-04,False,2812.04
2024-09-05,USD,NGN,2820.59,False,2024-09-05,False,2820.59
2024-09-06,USD,NGN,2817.0248,False,2024-09-06,False,2817.0248
2024-09-07,USD,NGN,2817.0248,True,2024-09-06,False,2817.0248
2024-09-08,USD,NGN,2817.0248,True,2024-09-06,False,2817.0248
2024-09-09,USD,NGN,2816.75,False,2024-09-09,False,2816.75
2024-09-10,USD,NGN,2796.9722,False,2024-09-10,False,2796.9722
2024-09-11,USD,NGN,2793.46,False,2024-09-11,False,2793.46
2024-09-12,USD,NGN,2813.3234,False,2024-09-12,False,2813.3234
2024-09-13,USD,NGN,2822.33,False,2024-09-13,False,2822.33
2024-09-14,USD,NGN,2822.33,True,2024-09-13,False,2822.33
2024-09-15,USD,NGN,2822.33,True,2024-09-13,False,2822.33
2024-09-16,USD,NGN,2827.4035,False,2024-09-16,False,2827.4035
2024-09-17,USD,NGN,2839.3894,False,2024-09-17,False,2839.3894
2024-09-18,USD,NGN,2853.08,False,2024-09-18,False,2853.08
2024-09-19,USD,NGN,2839.1788,False,2024-09-19,False,2839.1788
2024-09-20,USD,NGN,2846.7053,False,2024-09-20,False,2846.7053
2024-09-21,USD,NGN,2846.7053,True,2024-09-20,False,2846.7053
2024-09-22,USD,NGN,2846.7053,True,2024-09-20,False,2846.7053
2024-09-23,USD,NGN,2775.1,False,2024-09-23,False,2775.1
2024-09-24,USD,NGN,2784.21,False,2024-09-24,False,2784.21
2024-09-25,USD,NGN,2807.8961,False,2024-09-25,False,2807.8961
2024-09-26,USD,NGN,2804.711,False,2024-09-26,False,2804.711
2024-09-27,USD,NGN,2811.0826,False,2024-09-27,False,2811.0826
2024-09-28,USD,NGN,2811.0826,True,2024-09-27,False,2811.0826
2024-09-29,USD,NGN,2811.0826,True,2024-09-27,False,2811.0826
2024-09-30,USD,NGN,2806.2053,False,2024-09-30,False,2806.2053
2024-10-01,USD,NGN,2814.0307,False,2024-10-01,False,2814.0307
2024-10-02,USD,NGN,2830.04,False,2024-10-02,False,2830.04
2024-10-03,USD,NGN,2841.16,False,2024-10-03,False,2841.16
2024-10-04,USD,NGN,2827.32,False,2024-10-04,False,2827.32
2024-10-05,USD,NGN,2827.32,True,2024-10-04,False,2827.32
2024-10-06,USD,NGN,2827.32,True,2024-10-04,False,2827.32
2024-10-07,USD,NGN,2842.1935,False,2024-10-07,False,2842.1935
2024-10-08,USD,NGN,2835.71,False,2024-10-08,False,2835.71
2024-10-09,USD,NGN,2817.741,False,2024-10-09,False,2817.741
2024-10-10,USD,NGN,2816.4663,False,2024-10-10,False,2816.4663
2024-10-11,USD,NGN,2806.06,False,2024-10-11,False,2806.06
2024-10-12,USD,NGN,2806.06,True,2024-10-11,False,2806.06
2024-10-13,USD,NGN,2806.06,True,2024-10-11,False,2806.06
2024-10-14,USD,NGN,2846.1019,False,2024-10-14,False,2846.1019
2024-10-15,USD,NGN,2848.3343,False,2024-10-15,False,2848.3343
2024-10-16,USD,NGN,2874.068,False,2024-10-16,False,2874.068
2024-10-17,USD,NGN,2861.7892,False,2024-10-17,False,2861.7892
2024-10-18,USD,NGN,2901.225,False,2024-10-18,False,2901.225
2024-10-19,USD,NGN,2901.225,True,2024-10-18,False,2901.225
2024-10-20,USD,NGN,2901.225,True,2024-10-18,False,2901.225
2024-10-21,USD,NGN,3012.6576,False,2024-10-21,False,3012.6576
2024-10-22,USD,NGN,3002.4495,False,2024-10-22,False,3002.4495
2024-10-23,USD,NGN,2965.8528,False,2024-10-23,False,2965.8528
2024-10-24,USD,NGN,2977.7648,False,2024-10-24,False,2977.7648
2024-10-25,USD,NGN,2974.02,False,2024-10-25,False,2974.02
2024-10-26,USD,NGN,2974.02,True,2024-10-25,False,2974.02
2024-10-27,USD,NGN,2974.02,True,2024-10-25,False,2974.02
2024-10-28,USD,NGN,2963.37,False,2024-10-28,False,2963.37
2024-10-29,USD,NGN,2940.34,False,2024-10-29,False,2940.34
2024-10-30,USD,NGN,2915.2897,False,2024-10-30,False,2915.2897
2024-10-31,USD,NGN,2939.9933,False,2024-10-31,False,2939.9933
2024-11-01,USD,NGN,2942.6678,False,2024-11-01,False,2942.6678
2024-11-02,USD,NGN,2942.6678,True,2024-11-01,False,2942.6678
2024-11-03,USD,NGN,2942.6678,True,2024-11-01,False,2942.6678
2024-11-04,USD,NGN,2972.2868,False,2024-11-04,False,2972.2868
2024-11-05,USD,NGN,3017.08,False,2024-11-05,False,3017.08
2024-11-06,USD,NGN,3031.72,False,2024-11-06,False,3031.72
2024-11-07,USD,NGN,3056.93,False,2024-11-07,False,3056.93
2024-11-08,USD,NGN,3064.2609,False,2024-11-08,False,3064.2609
2024-11-09,USD,NGN,3064.2609,True,2024-11-08,False,3064.2609
2024-11-10,USD,NGN,3064.2609,True,2024-11-08,False,3064.2609
2024-11-11,USD,NGN,3071.4489,False,2024-11-11,False,3071.4489
2024-11-12,USD,NGN,3059.45,False,2024-11-12,False,3059.45
2024-11-13,USD,NGN,3051.1335,False,2024-11-13,False,3051.1335
2024-11-14,USD,NGN,3026.88,False,2024-11-14,False,3026.88
2024-11-15,USD,NGN,3002.8729,False,2024-11-15,False,3002.8729
2024-11-16,USD,NGN,3002.8729,True,2024-11-15,False,3002.8729
2024-11-17,USD,NGN,3002.8729,True,2024-11-15,False,3002.8729
2024-11-18,USD,NGN,3002.8729,True,2024-11-15,False,3002.8729
2024-11-19,USD,NGN,2952.7354,False,2024-11-19,False,2952.7354
2024-11-20,USD,NGN,2951.18,False,2024-11-20,False,2951.18
2024-11-21,USD,NGN,2956.3284,False,2024-11-21,False,2956.3284
2024-11-22,USD,NGN,2955.43,False,2024-11-22,False,2955.43
2024-11-23,USD,NGN,2955.43,True,2024-11-22,False,2955.43
2024-11-24,USD,NGN,2955.43,True,2024-11-22,False,2955.43
2024-11-25,USD,NGN,2979.989,False,2024-11-25,False,2979.989
2024-11-26,USD,NGN,3015.1826,False,2024-11-26,False,3015.1826
2024-11-27,USD,NGN,3056.5365,False,2024-11-27,False,3056.5365
2024-11-28,USD,NGN,3089.8618,False,2024-11-28,False,3089.8618
2024-11-29,USD,NGN,3102.52,False,2024-11-29,False,3102.52
2024-11-30,USD,NGN,3102.52,True,2024-11-29,False,3102.52
2024-12-01,USD,NGN,3102.52,True,2024-11-29,False,3102.52
2024-12-02,USD,NGN,3149.9706,False,2024-12-02,False,3149.9706
2024-12-03,USD,NGN,3149.9706,True,2024-12-02,False,3149.9706
2024-12-04,USD,NGN,3162.8258,False,2024-12-04,False,3162.8258
2024-12-05,USD,NGN,3162.8258,True,2024-12-04,False,3162.8258
2024-12-06,USD,NGN,3177.78,False,2024-12-06,False,3177.78
2024-12-07,USD,NGN,3177.78,True,2024-12-06,False,3177.78
2024-12-08,USD,NGN,3177.78,True,2024-12-06,False,3177.78
2024-12-09,USD,NGN,3222.0417,False,2024-12-09,False,3222.0417
2024-12-10,USD,NGN,3235.02,False,2024-12-10,False,3235.02
2024-12-11,USD,NGN,3236.3927,False,2024-12-11,False,3236.3927
2024-12-12,USD,NGN,3234.3639,False,2024-12-12,False,3234.3639
2024-12-13,USD,NGN,3245.36,False,2024-12-13,False,3245.36
2024-12-14,USD,NGN,3245.36,True,2024-12-13,False,3245.36
2024-12-15,USD,NGN,3245.36,True,2024-12-13,False,3245.36
2024-12-16,USD,NGN,3276.6148,False,2024-12-16,False,3276.6148
2024-12-17,USD,NGN,3304.3039,False,2024-12-17,False,3304.3039
2024-12-18,USD,NGN,3293.97,False,2024-12-18,False,3293.97
2024-12-19,USD,NGN,3255.6598,False,2024-12-19,False,3255.6598
2024-12-20,USD,NGN,3268.5856,False,2024-12-20,False,3268.5856
2024-12-21,USD,NGN,3268.5856,True,2024-12-20,False,3268.5856
2024-12-22,USD,NGN,3268.5856,True,2024-12-20,False,3268.5856
2024-12-23,USD,NGN,3280.46,False,2024-12-23,False,3280.46
2024-12-24,USD,NGN,3270.526,False,2024-12-24,False,3270.526
2024-12-25,USD,NGN,3303.1689,False,2024-12-25,False,3303.1689
2024-12-26,USD,NGN,3307.0759,False,2024-12-26,False,3307.0759
2024-12-27,USD,NGN,3280.77,False,2024-12-27,False,3280.77
2024-12-28,USD,NGN,3280.77,True,2024-12-27,False,3280.77
2024-12-29,USD,NGN,3280.77,True,2024-12-27,False,3280.77
2024-12-30,USD,NGN,3287.1906,False,2024-12-30,False,3287.1906
2024-12-31,USD,NGN,3327.7922,False,2024-12-31,False,3327.7922
2025-01-01,USD,NGN,3302.98,False,2025-01-01,False,3302.98
2025-01-02,USD,NGN,3306.3109,False,2025-01-02,False,3306.3109
2025-01-03,USD,NGN,3329.79,False,2025-01-03,False,3329.79
2025-01-04,USD,NGN,3329.79,True,2025-01-03,False,3329.79
2025-01-05,USD,NGN,3329.79,True,2025-01-03,False,3329.79
2025-01-06,USD,NGN,3301.6106,False,2025-01-06,False,3301.6106
2025-01-07,USD,NGN,3318.55,False,2025-01-07,False,3318.55
2025-01-08,USD,NGN,3321.1935,False,2025-01-08,False,3321.1935
2025-01-09,USD,NGN,3384.5615,False,2025-01-09,False,3384.5615
2025-01-10,USD,NGN,3384.9926,False,2025-01-10,False,3384.9926
2025-01-11,USD,NGN,3384.9926,True,2025-01-10,False,3384.9926
2025-01-12,USD,NGN,3384.9926,True,2025-01-10,False,3384.9926
2025-01-13,USD,NGN,3463.9179,False,2025-01-13,False,3463.9179
2025-01-14,USD,NGN,3446.1767,False,2025-01-14,False,3446.1767
2025-01-15,USD,NGN,3466.5864,False,2025-01-15,False,3466.5864
2025-01-16,USD,NGN,3466.6754,False,2025-01-16,False,3466.6754
2025-01-17,USD,NGN,3431.0449,False,2025-01-17,False,3431.0449
2025-01-18,USD,NGN,3431.0449,True,2025-01-17,False,3431.0449
2025-01-19,USD,NGN,3431.0449,True,2025-01-17,False,3431.0449
2025-01-20,USD,NGN,3474.6393,False,2025-01-20,False,3474.6393
2025-01-21,USD,NGN,3414.2644,False,2025-01-21,False,3414.2644
2025-01-22,USD,NGN,3415.1696,False,2025-01-22,False,3415.1696
2025-01-23,USD,NGN,3427.2712,False,2025-01-23,False,3427.2712
2025-01-24,USD,NGN,3447.0566,False,2025-01-24,False,3447.0566
2025-01-25,USD,NGN,3447.0566,True,2025-01-24,False,3447.0566
2025-01-26,USD,NGN,3447.0566,True,2025-01-24,False,3447.0566
2025-01-27,USD,NGN,3487.4336,False,2025-01-27,False,3487.4336
2025-01-28,USD,NGN,3499.7377,False,2025-01-28,False,3499.7377
2025-01-29,USD,NGN,3537.9786,False,2025-01-29,False,3537.9786
2025-01-30,USD,NGN,3553.1443,False,2025-01-30,False,3553.1443
2025-01-31,USD,NGN,3562.3219,False,2025-01-31,False,3562.3219
2025-02-01,USD,NGN,3562.3219,True,2025-01-31,False,3562.3219
2025-02-02,USD,NGN,3562.3219,True,2025-01-31,False,3562.3219
2025-02-03,USD,NGN,3637.5677,False,2025-02-03,False,3637.5677
2025-02-04,USD,NGN,3599.47,False,2025-02-04,False,3599.47
2025-02-05,USD,NGN,3596.56,False,2025-02-05,False,3596.56
2025-02-06,USD,NGN,3599.98,False,2025-02-06,False,3599.98
2025-02-07,USD,NGN,3617.0245,False,2025-02-07,False,3617.0245
2025-02-08,USD,NGN,3617.0245,True,2025-02-07,False,3617.0245
2025-02-09,USD,NGN,3617.0245,True,2025-02-07,False,3617.0245
2025-02-10,USD,NGN,3603.25,False,2025-02-10,False,3603.25
2025-02-11,USD,NGN,3628.29,False,2025-02-11,False,3628.29
2025-02-12,USD,NGN,3635.1362,False,2025-02-12,False,3635.1362
2025-02-13,USD,NGN,3698.2782,False,2025-02-13,False,3698.2782
2025-02-14,USD,NGN,3752.9752,False,2025-02-14,False,3752.9752
2025-02-15,USD,NGN,3752.9752,True,2025-02-14,False,3752.9752
2025-02-16,USD,NGN,3752.9752,True,2025-02-14,False,3752.9752
2025-02-17,USD,NGN,3752.9752,True,2025-02-14,False,3752.9752
2025-02-18,USD,NGN,3724.1849,False,2025-02-18,False,3724.1849
2025-02-19,USD,NGN,3757.1562,False,2025-02-19,False,3757.1562
2025-02-20,USD,NGN,3767.85,False,2025-02-20,False,3767.85
2025-02-21,USD,NGN,3745.3655,False,2025-02-21,False,3745.3655
2025-02-22,USD,NGN,3745.3655,True,2025-02-21,False,3745.3655
2025-02-23,USD,NGN,3745.3655,True,2025-02-21,False,3745.3655
2025-02-24,USD,NGN,3802.8924,False,2025-02-24,False,3802.8924
2025-02-25,USD,NGN,3782.54,False,2025-02-25,False,3782.54
2025-02-26,USD,NGN,3798.44,False,2025-02-26,False,3798.44
2025-02-27,USD,NGN,3837.17,False,2025-02-27,False,3837.17
2025-02-28,USD,NGN,3834.1497,False,2025-02-28,False,3834.1497
2025-03-01,USD,NGN,3834.1497,True,2025-02-28,False,3834.1497
2025-03-02,USD,NGN,3834.1497,True,2025-02-28,False,3834.1497
2025-03-03,USD,NGN,3836.1636,False,2025-03-03,False,3836.1636
2025-03-04,USD,NGN,3834.3383,False,2025-03-04,False,3834.3383
2025-03-05,USD,NGN,3818.83,False,2025-03-05,False,3818.83
2025-03-06,USD,NGN,3821.8786,False,2025-03-06,False,3821.8786
2025-03-07,USD,NGN,3820.198,False,2025-03-07,False,3820.198
2025-03-08,USD,NGN,3820.198,True,2025-03-07,False,3820.198
2025-03-09,USD,NGN,3820.198,True,2025-03-07,False,3820.198
2025-03-10,USD,NGN,3903.9131,False,2025-03-10,False,3903.9131
2025-03-11,USD,NGN,3856.0335,False,2025-03-11,False,3856.0335
2025-03-12,USD,NGN,3891.6855,False,2025-03-12,False,3891.6855
2025-03-13,USD,NGN,3909.5739,False,2025-03-13,False,3909.5739
2025-03-14,USD,NGN,3938.38,False,2025-03-14,False,3938.38
2025-03-15,USD,NGN,3938.38,True,2025-03-14,False,3938.38
2025-03-16,USD,NGN,3938.38,True,2025-03-14,False,3938.38
2025-03-17,USD,NGN,3998.3058,False,2025-03-17,False,3998.3058
2025-03-18,USD,NGN,3990.9689,False,2025-03-18,False,3990.9689
2025-03-19,USD,NGN,3996.36,False,2025-03-19,False,3996.36
2025-03-20,USD,NGN,4002.0282,False,2025-03-20,False,4002.0282
2025-03-21,USD,NGN,4021.25,False,2025-03-21,False,4021.25
2025-03-22,USD,NGN,4021.25,True,2025-03-21,False,4021.25
2025-03-23,USD,NGN,4021.25,True,2025-03-21,False,4021.25
2025-03-24,USD,NGN,3993.1862,False,2025-03-24,False,3993.1862
2025-03-25,USD,NGN,3956.14,False,2025-03-25,False,3956.14
2025-03-26,USD,NGN,3967.3197,False,2025-03-26,False,3967.3197
2025-03-27,USD,NGN,3971.2037,False,2025-03-27,False,3971.2037
2025-03-28,USD,NGN,3990.1518,False,2025-03-28,False,3990.1518
2025-03-29,USD,NGN,3990.1518,True,2025-03-28,False,3990.1518
2025-03-30,USD,NGN,3990.1518,True,2025-03-28,False,3990.1518
2025-03-31,USD,NGN,3977.2926,False,2025-03-31,False,3977.2926
2025-04-01,USD,NGN,3929.14,False,2025-04-01,False,3929.14
2025-04-02,USD,NGN,3915.2893,False,2025-04-02,False,3915.2893
2025-04-03,USD,NGN,3944.2618,False,2025-04-03,False,3944.2618
2025-04-04,USD,NGN,3933.3755,False,2025-04-04,False,3933.3755
2025-04-05,USD,NGN,3933.3755,True,2025-04-04,False,3933.3755
2025-04-06,USD,NGN,3933.3755,True,2025-04-04,False,3933.3755
2025-04-07,USD,NGN,3981.67,False,2025-04-07,False,3981.67
2025-04-08,USD,NGN,3965.8056,False,2025-04-08,False,3965.8056
2025-04-09,USD,NGN,3989.4317,False,2025-04-09,False,3989.4317
2025-04-10,USD,NGN,4022.1508,False,2025-04-10,False,4022.1508
2025-04-11,USD,NGN,4024.9661,False,2025-04-11,False,4024.9661
2025-04-12,USD,NGN,4024.9661,True,2025-04-11,False,4024.9661
2025-04-13,USD,NGN,4024.9661,True,2025-04-11,False,4024.9661
2025-04-14,USD,NGN,4042.5373,False,2025-04-14,False,4042.5373
2025-04-15,USD,NGN,4068.02,False,2025-04-15,False,4068.02
2025-04-16,USD,NGN,4055.8831,False,2025-04-16,False,4055.8831
2025-04-17,USD,NGN,4025.0078,False,2025-04-17,False,4025.0078
2025-04-18,USD,NGN,3998.88,False,2025-04-18,False,3998.88
2025-04-19,USD,NGN,3998.88,True,2025-04-18,False,3998.88
2025-04-20,USD,NGN,3998.88,True,2025-04-18,False,3998.88
2025-04-21,USD,NGN,4082.2097,False,2025-04-21,False,4082.2097
2025-04-22,USD,NGN,4115.715,False,2025-04-22,False,4115.715
2025-04-23,USD,NGN,4097.6366,False,2025-04-23,False,4097.6366
2025-04-24,USD,NGN,4121.6859,False,2025-04-24,False,4121.6859
2025-04-25,USD,NGN,4152.2626,False,2025-04-25,False,4152.2626
2025-04-26,USD,NGN,4152.2626,True,2025-04-25,False,4152.2626
2025-04-27,USD,NGN,4152.2626,True,2025-04-25,False,4152.2626
2025-04-28,USD,NGN,4181.97,False,2025-04-28,False,4181.97
2025-04-29,USD,NGN,4165.17,False,2025-04-29,False,4165.17
2025-04-30,USD,NGN,4170.97,False,2025-04-30,False,4170.97
2025-05-01,USD,NGN,4177.5563,False,2025-05-01,False,4177.5563
2025-05-02,USD,NGN,4233.7001,False,2025-05-02,False,4233.7001
2025-05-03,USD,NGN,4233.7001,True,2025-05-02,False,4233.7001
2025-05-04,USD,NGN,4233.7001,True,2025-05-02,False,4233.7001
2025-05-05,USD,NGN,4281.4365,False,2025-05-05,False,4281.4365
2025-05-06,USD,NGN,4323.69,False,2025-05-06,False,4323.69
2025-05-07,USD,NGN,4338.63,False,2025-05-07,False,4338.63
2025-05-08,USD,NGN,4297.98,False,2025-05-08,False,4297.98
2025-05-09,USD,NGN,4291.73,False,2025-05-09,False,4291.73
2025-05-10,USD,NGN,4291.73,True,2025-05-09,False,4291.73
2025-05-11,USD,NGN,4291.73,True,2025-05-09,False,4291.73
2025-05-12,USD,NGN,4245.6071,False,2025-05-12,False,4245.6071
2025-05-13,USD,NGN,4245.6071,True,2025-05-12,False,4245.6071
2025-05-14,USD,NGN,4267.9389,False,2025-05-14,False,4267.9389
2025-05-15,USD,NGN,4299.2291,False,2025-05-15,False,4299.2291
2025-05-16,USD,NGN,4266.5513,False,2025-05-16,False,4266.5513
2025-05-17,USD,NGN,4266.5513,True,2025-05-16,False,4266.5513
2025-05-18,USD,NGN,4266.5513,True,2025-05-16,False,4266.5513
2025-05-19,USD,NGN,4284.7323,False,2025-05-19,False,4284.7323
2025-05-20,USD,NGN,4299.95,False,2025-05-20,False,4299.95
2025-05-21,USD,NGN,4315.3386,False,2025-05-21,False,4315.3386
2025-05-22,USD,NGN,4329.7479,False,2025-05-22,False,4329.7479
2025-05-23,USD,NGN,4360.31,False,2025-05-23,False,4360.31
2025-05-24,USD,NGN,4360.31,True,2025-05-23,False,4360.31
2025-05-25,USD,NGN,4360.31,True,2025-05-23,False,4360.31
2025-05-26,USD,NGN,4360.31,True,2025-05-23,False,4360.31
2025-05-27,USD,NGN,4426.1388,False,2025-05-27,False,4426.1388
2025-05-28,USD,NGN,4458.15,False,2025-05-28,False,4458.15
2025-05-29,USD,NGN,4438.14,False,2025-05-29,False,4438.14
2025-05-30,USD,NGN,4487.9589,False,2025-05-30,False,4487.9589
2025-05-31,USD,NGN,4487.9589,True,2025-05-30,False,4487.9589
2025-06-01,USD,NGN,4487.9589,True,2025-05-30,False,4487.9589
2025-06-02,USD,NGN,4545.6468,False,2025-06-02,False,4545.6468
2025-06-03,USD,NGN,4585.3,False,2025-06-03,False,4585.3
2025-06-04,USD,NGN,4584.7507,False,2025-06-04,False,4584.7507
2025-06-05,USD,NGN,4547.65,False,2025-06-05,False,4547.65
2025-06-06,USD,NGN,4558.1133,False,2025-06-06,False,4558.1133
2025-06-07,USD,NGN,4558.1133,True,2025-06-06,False,4558.1133
2025-06-08,USD,NGN,4558.1133,True,2025-06-06,False,4558.1133
2025-06-09,USD,NGN,4563.6164,False,2025-06-09,False,4563.6164
2025-06-10,USD,NGN,4559.53,False,2025-06-10,False,4559.53
2025-06-11,USD,NGN,4576.7847,False,2025-06-11,False,4576.7847
2025-06-12,USD,NGN,4601.45,False,2025-06-12,False,4601.45
2025-06-13,USD,NGN,4601.45,True,2025-06-12,False,4601.45
2025-06-14,USD,NGN,4601.45,True,2025-06-12,False,4601.45
2025-06-15,USD,NGN,4601.45,True,2025-06-12,False,4601.45
2025-06-16,USD,NGN,4655.97,False,2025-06-16,False,4655.97
2025-06-17,USD,NGN,4697.5427,False,2025-06-17,False,4697.5427
2025-06-18,USD,NGN,4706.4211,False,2025-06-18,False,4706.4211
2025-06-19,USD,NGN,4690.0,False,2025-06-19,False,4690.0
2025-06-20,USD,NGN,4696.0255,False,2025-06-20,False,4696.0255
2025-06-21,USD,NGN,4696.0255,True,2025-06-20,False,4696.0255
2025-06-22,USD,NGN,4696.0255,True,2025-06-20,False,4696.0255
2025-06-23,USD,NGN,4748.0426,False,2025-06-23,False,4748.0426
2025-06-24,USD,NGN,4761.5514,False,2025-06-24,False,4761.5514
2025-06-25,USD,NGN,4761.11,False,2025-06-25,False,4761.11
2025-06-26,USD,NGN,4732.4,False,2025-06-26,False,4732.4
2025-06-27,USD,NGN,4691.1294,False,2025-06-27,False,4691.1294
2025-06-28,USD,NGN,4691.1294,True,2025-06-27,False,4691.1294
2025-06-29,USD,NGN,4691.1294,True,2025-06-27,False,4691.1294
2025-06-30,USD,NGN,4730.61,False,2025-06-30,False,4730.61
2025-07-01,USD,NGN,4749.1158,False,2025-07-01,False,4749.1158
2025-07-02,USD,NGN,4749.1158,True,2025-07-01,False,4749.1158
2025-07-03,USD,NGN,4772.2922,False,2025-07-03,False,4772.2922
2025-07-04,USD,NGN,4799.895,False,2025-07-04,False,4799.895
