spend_date,channel,campaign,impressions,clicks,currency,spend_ngn,dq_flags
2023-01-01,Email / CRM,lagos_nights_launch,18667,138,NGN,44843.97,No issues
2023-01-01,Influencer,retarget_q4,79737,638,NGN,267686.87,No issues
2023-01-01,Meta Ads,showreel_push,64851,1399,NGN,545037.2,No issues
2023-01-01,TikTok Ads,wedding_season_23,82853,1529,NGN,462618.9,No issues
2023-01-01,YouTube Pre-roll,brand_always_on,15974,477,NGN,68873.67,No issues
2023-01-02,Email / CRM,wedding_season_24,77227,1286,NGN,462402.19,No issues
2023-01-02,Influencer,showreel_push,57457,992,NGN,195300.34,No issues
2023-01-02,Meta Ads,wedding_season_24,37353,839,NGN,103263.38,No issues
2023-01-02,TikTok Ads,harmattan_drop,21842,255,NGN,89771.28,No issues
2023-01-03,Google Ads,brand_always_on,19175,94,NGN,12632.0,No issues
2023-01-03,Influencer,black_friday,7428,84,NGN,31745.89,No issues
2023-01-03,Meta Ads,harmattan_drop,36191,151,NGN,13592.42,No issues
2023-01-03,YouTube Pre-roll,blackfriday24,25040,779,NGN,134758.86,No issues
2023-01-04,Email / CRM,showreel_push,23890,209,NGN,50619.97,No issues
2023-01-04,Google Ads,harmattan_drop,53480,215,NGN,20058.89,No issues
2023-01-04,Influencer,harmattan_drop,29687,280,NGN,18241.06,No issues
2023-01-04,Meta Ads,always_on,36278,822,NGN,175619.86,No issues
2023-01-04,TikTok Ads,showreel_push,6177,156,NGN,10262.15,No issues
2023-01-04,YouTube Pre-roll,harmattan_drop,5807,95,NGN,8832.49,No issues
2023-01-05,Google Ads,harmattan_drop,7698,43,NGN,16327.81,No issues
2023-01-05,Meta Ads,blackfriday24,86210,2806,NGN,700171.24,No issues
2023-01-05,TikTok Ads,harmattan_drop,36188,385,NGN,154950.38,No issues
2023-01-05,YouTube Pre-roll,wedding_season_23,7537,167,NGN,52205.48,No issues
2023-01-06,Google Ads,lagos_nights_launch,34146,797,NGN,172296.18,No issues
2023-01-06,Meta Ads,black_friday,25673,330,NGN,87555.27,No issues
2023-01-06,YouTube Pre-roll,wedding_season_24,4567,151,NGN,21683.97,No issues
2023-01-07,Google Ads,harmattan_drop,34955,969,NGN,151084.09,No issues
2023-01-07,Influencer,retarget_q4,88702,2807,NGN,868802.89,No issues
2023-01-07,Meta Ads,always_on,83937,1773,NGN,337811.6,No issues
2023-01-07,TikTok Ads,black_friday,57754,1806,NGN,365151.68,No issues
2023-01-07,YouTube Pre-roll,harmattan_drop,19335,403,NGN,159561.33,No issues
2023-01-08,Email / CRM,brand_always_on,82667,1075,NGN,198236.9,No issues
2023-01-08,Influencer,wedding_season_23,11561,337,NGN,107138.0,No issues
2023-01-08,Meta Ads,wedding_season_24,63123,1872,NGN,782517.2,No issues
2023-01-08,TikTok Ads,showreel_push,29898,524,NGN,149937.46,No issues
2023-01-08,YouTube Pre-roll,harmattan_drop,26001,200,NGN,50691.87,No issues
2023-01-09,Google Ads,brand_always_on,86742,2631,NGN,938578.69,No issues
2023-01-09,Influencer,harmattan_drop,84818,2100,NGN,524523.22,No issues
2023-01-09,Meta Ads,lagos_nights_launch,10202,282,NGN,102380.63,No issues
2023-01-10,Email / CRM,harmattan_drop,5467,177,NGN,52709.75,No issues
2023-01-10,Meta Ads,wedding_season_24,72773,1897,NGN,322178.96,No issues
2023-01-10,TikTok Ads,harmattan_drop,23419,764,NGN,217365.08,No issues
2023-01-11,Google Ads,retarget_q4,9580,128,NGN,36999.82,No issues
2023-01-11,Meta Ads,wedding_season_23,40328,877,NGN,166601.23,No issues
2023-01-11,YouTube Pre-roll,blackfriday24,85317,2443,NGN,275947.49,No issues
2023-01-12,Google Ads,showreel_push,86229,2181,NGN,693414.66,No issues
2023-01-12,Influencer,retarget_q4,10090,112,NGN,39588.05,No issues
2023-01-12,Meta Ads,retarget_q4,71080,1886,NGN,336814.25,No issues
2023-01-13,Influencer,retarget_q4,85966,2900,NGN,993732.26,No issues
2023-01-13,Meta Ads,brand_always_on,64182,477,NGN,115976.23,No issues
2023-01-13,TikTok Ads,retarget_q4,44015,1327,NGN,139206.33,No issues
2023-01-14,Email / CRM,always_on,62609,740,NGN,185082.07,No issues
2023-01-14,Google Ads,always_on,80019,477,NGN,79128.44,No issues
2023-01-14,Influencer,always_on,64654,731,NGN,51747.94,No issues
2023-01-14,Meta Ads,harmattan_drop,71380,914,NGN,240308.29,No issues
2023-01-14,TikTok Ads,blackfriday24,77257,2648,NGN,872961.0,No issues
2023-01-14,YouTube Pre-roll,blackfriday24,62129,1519,NGN,121818.41,No issues
2023-01-15,Google Ads,wedding_season_23,7546,108,NGN,16248.05,No issues
2023-01-15,Influencer,blackfriday24,56189,788,NGN,170729.33,No issues
2023-01-15,Meta Ads,blackfriday24,76040,2390,NGN,314501.97,No issues
2023-01-16,Email / CRM,harmattan_drop,18959,639,NGN,263433.12,No issues
2023-01-16,Influencer,harmattan_drop,22386,305,NGN,55535.08,No issues
2023-01-16,Meta Ads,black_friday,7327,178,NGN,62590.24,No issues
2023-01-16,TikTok Ads,harmattan_drop,59538,516,NGN,65430.68,No issues
2023-01-16,YouTube Pre-roll,wedding_season_23,24881,120,NGN,27519.38,No issues
2023-01-17,Google Ads,blackfriday24,62453,697,NGN,41874.9,No issues
2023-01-17,YouTube Pre-roll,retarget_q4,37028,222,NGN,48254.34,No issues
2023-01-18,Email / CRM,harmattan_drop,16071,269,NGN,106793.18,No issues
2023-01-18,Influencer,wedding_season_24,51356,581,NGN,121844.28,No issues
2023-01-18,Meta Ads,black_friday,35347,1084,NGN,237750.46,No issues
2023-01-18,TikTok Ads,retarget_q4,85088,403,NGN,123260.4,No issues
2023-01-18,YouTube Pre-roll,wedding_season_24,23229,753,NGN,70851.94,No issues
2023-01-19,Email / CRM,black_friday,6008,175,NGN,12595.05,No issues
2023-01-19,Google Ads,always_on,68010,1332,NGN,238401.86,No issues
2023-01-19,Influencer,retarget_q4,72092,780,NGN,229415.8,No issues
2023-01-19,TikTok Ads,harmattan_drop,59571,1670,NGN,300884.33,No issues
2023-01-19,YouTube Pre-roll,black_friday,31255,332,NGN,53856.45,No issues
2023-01-20,Email / CRM,wedding_season_24,73421,729,NGN,207704.5,No issues
2023-01-20,Google Ads,harmattan_drop,25348,793,NGN,300363.89,No issues
2023-01-20,Influencer,black_friday,32961,363,NGN,67123.94,No issues
2023-01-20,Meta Ads,retarget_q4,7840,39,NGN,14521.03,No issues
2023-01-20,YouTube Pre-roll,showreel_push,54490,1770,NGN,514668.17,No issues
2023-01-21,Email / CRM,wedding_season_24,61310,1156,NGN,113956.8,No issues
2023-01-21,Google Ads,showreel_push,28414,873,NGN,277008.38,No issues
2023-01-21,Meta Ads,wedding_season_23,32412,846,NGN,172438.5,No issues
2023-01-21,TikTok Ads,wedding_season_24,89585,2981,NGN,399181.2,No issues
2023-01-21,YouTube Pre-roll,brand_always_on,30133,424,NGN,171104.67,No issues
2023-01-22,Email / CRM,retarget_q4,16977,77,NGN,8177.06,No issues
2023-01-22,Google Ads,wedding_season_23,24640,380,NGN,51084.96,No issues
2023-01-22,TikTok Ads,retarget_q4,11804,182,NGN,61897.38,No issues
2023-01-22,YouTube Pre-roll,always_on,7427,245,NGN,83015.94,No issues
2023-01-23,TikTok Ads,showreel_push,69205,1781,NGN,172015.17,No issues
2023-01-23,YouTube Pre-roll,retarget_q4,58681,1849,NGN,641666.06,No issues
2023-01-24,Email / CRM,retarget_q4,21759,227,NGN,73291.08,No issues
2023-01-24,Google Ads,always_on,47262,273,NGN,56199.22,No issues
2023-01-24,Influencer,retarget_q4,52956,1486,NGN,239952.88,No issues
2023-01-24,TikTok Ads,harmattan_drop,83934,1843,NGN,215970.26,No issues
2023-01-24,YouTube Pre-roll,blackfriday24,24810,498,NGN,35023.77,No issues
2023-01-25,Email / CRM,lagos_nights_launch,34533,699,NGN,218799.59,No issues
2023-01-25,Google Ads,retarget_q4,54800,278,NGN,83978.13,No issues
2023-01-25,Influencer,harmattan_drop,89227,1951,NGN,245821.89,No issues
2023-01-25,TikTok Ads,brand_always_on,46110,786,NGN,223776.74,No issues
2023-01-25,YouTube Pre-roll,harmattan_drop,24729,404,NGN,43897.37,No issues
2023-01-26,Email / CRM,wedding_season_24,10434,213,NGN,65602.51,No issues
2023-01-26,Google Ads,wedding_season_23,8886,79,NGN,30406.05,No issues
2023-01-26,Meta Ads,showreel_push,6327,198,NGN,25847.11,No issues
2023-01-26,TikTok Ads,wedding_season_23,82749,2818,NGN,419331.83,No issues
2023-01-26,YouTube Pre-roll,harmattan_drop,50492,453,NGN,178091.7,No issues
2023-01-27,Email / CRM,always_on,9676,159,NGN,53772.03,No issues
2023-01-27,Google Ads,harmattan_drop,89383,1716,NGN,667923.19,No issues
2023-01-27,Influencer,black_friday,43560,182,NGN,11200.11,No issues
2023-01-27,TikTok Ads,wedding_season_24,9340,181,NGN,51182.83,No issues
2023-01-28,Email / CRM,brand_always_on,66513,895,NGN,293862.85,No issues
2023-01-28,Influencer,wedding_season_24,46717,1239,NGN,446177.52,No issues
2023-01-28,Meta Ads,lagos_nights_launch,26626,281,NGN,84654.91,No issues
2023-01-29,Email / CRM,harmattan_drop,59557,246,NGN,77376.91,No issues
2023-01-29,Google Ads,harmattan_drop,8293,75,NGN,7089.2,No issues
2023-01-29,Influencer,retarget_q4,78502,1902,NGN,439204.13,No issues
2023-01-29,Meta Ads,blackfriday24,80779,2359,NGN,407320.6,No issues
2023-01-29,YouTube Pre-roll,retarget_q4,19060,217,NGN,58871.34,No issues
2023-01-30,Email / CRM,lagos_nights_launch,35672,232,NGN,40155.97,No issues
2023-01-30,Influencer,retarget_q4,53455,441,NGN,154553.47,No issues
2023-01-30,Meta Ads,always_on,55790,1648,NGN,622843.3,No issues
2023-01-30,YouTube Pre-roll,harmattan_drop,29902,1021,NGN,248406.63,No issues
2023-01-31,Email / CRM,showreel_push,60639,1922,NGN,654102.78,No issues
2023-01-31,Influencer,harmattan_drop,44484,256,NGN,55578.38,No issues
2023-01-31,Meta Ads,black_friday,67524,1333,NGN,371540.51,No issues
2023-01-31,YouTube Pre-roll,brand_always_on,22658,171,NGN,47993.67,No issues
2023-02-01,Google Ads,harmattan_drop,50476,1276,NGN,114151.64,No issues
2023-02-01,Influencer,wedding_season_23,67552,2352,NGN,771910.44,No issues
2023-02-01,Meta Ads,lagos_nights_launch,27217,568,NGN,139590.91,No issues
2023-02-01,TikTok Ads,showreel_push,63030,1835,NGN,136261.97,No issues
2023-02-01,YouTube Pre-roll,wedding_season_23,3967,124,NGN,40776.63,No issues
2023-02-02,Email / CRM,retarget_q4,29599,663,NGN,55062.6,No issues
2023-02-02,Google Ads,harmattan_drop,51537,1433,NGN,103259.29,No issues
2023-02-02,Influencer,brand_always_on,80416,2150,NGN,428215.16,No issues
2023-02-02,Meta Ads,retarget_q4,79382,872,NGN,167466.9,No issues
2023-02-02,YouTube Pre-roll,retarget_q4,84198,736,NGN,286340.67,No issues
2023-02-03,Email / CRM,showreel_push,69958,2274,NGN,810930.6,No issues
2023-02-03,Google Ads,always_on,83546,872,NGN,265171.83,No issues
2023-02-03,Influencer,retarget_q4,6788,33,NGN,2134.65,No issues
2023-02-03,Meta Ads,harmattan_drop,53378,1335,NGN,387409.18,No issues
2023-02-03,TikTok Ads,retarget_q4,34291,729,NGN,240089.85,No issues
2023-02-03,YouTube Pre-roll,wedding_season_23,12224,99,NGN,17909.3,No issues
2023-02-04,Email / CRM,lagos_nights_launch,75755,1383,NGN,383338.69,No issues
2023-02-04,Google Ads,wedding_season_23,65661,2064,NGN,747358.17,No issues
2023-02-04,Meta Ads,harmattan_drop,55942,1100,NGN,185137.88,No issues
2023-02-04,YouTube Pre-roll,harmattan_drop,83736,1475,NGN,169839.88,No issues
2023-02-05,Google Ads,wedding_season_23,77424,2696,NGN,977943.87,No issues
2023-02-05,TikTok Ads,retarget_q4,35548,1119,NGN,391383.08,No issues
2023-02-05,YouTube Pre-roll,retarget_q4,5921,92,NGN,24627.36,No issues
2023-02-06,Email / CRM,brand_always_on,39338,365,NGN,139694.44,No issues
2023-02-06,Google Ads,harmattan_drop,62322,1110,NGN,327660.96,No issues
2023-02-06,Influencer,retarget_q4,44562,495,NGN,61527.47,No issues
2023-02-06,Meta Ads,brand_always_on,70236,2354,NGN,166671.96,No issues
2023-02-07,Google Ads,harmattan_drop,22021,104,NGN,16512.47,No issues
2023-02-07,Influencer,retarget_q4,13462,314,NGN,73855.43,No issues
2023-02-07,TikTok Ads,harmattan_drop,67210,1608,NGN,516533.57,No issues
2023-02-07,YouTube Pre-roll,harmattan_drop,65457,1728,NGN,704450.58,No issues
2023-02-08,Email / CRM,wedding_season_24,55021,992,NGN,105596.64,No issues
2023-02-08,Influencer,wedding_season_24,12538,238,NGN,26289.79,No issues
2023-02-08,Meta Ads,showreel_push,63861,1395,NGN,499100.3,No issues
2023-02-08,TikTok Ads,harmattan_drop,13654,406,NGN,106137.31,No issues
2023-02-09,Email / CRM,black_friday,71335,1750,NGN,574935.22,No issues
2023-02-09,Google Ads,showreel_push,60827,1335,NGN,317837.23,No issues
2023-02-09,Influencer,blackfriday24,4945,38,NGN,12943.55,No issues
2023-02-09,Meta Ads,harmattan_drop,86484,2110,NGN,194952.08,No issues
2023-02-09,TikTok Ads,harmattan_drop,51994,907,NGN,137422.61,No issues
2023-02-09,YouTube Pre-roll,black_friday,63871,941,NGN,393978.12,No issues
2023-02-10,Google Ads,black_friday,66408,1579,NGN,179513.21,No issues
2023-02-10,Influencer,retarget_q4,69121,388,NGN,36742.46,No issues
2023-02-10,Meta Ads,always_on,40162,978,NGN,373953.13,No issues
2023-02-10,TikTok Ads,showreel_push,11837,404,NGN,37287.91,No issues
2023-02-11,Email / CRM,blackfriday24,3806,127,NGN,50424.07,No issues
2023-02-11,Google Ads,retarget_q4,10584,226,NGN,69714.51,No issues
2023-02-11,Influencer,wedding_season_24,55938,1074,NGN,397558.01,No issues
2023-02-11,Meta Ads,showreel_push,55326,556,NGN,174048.92,No issues
2023-02-11,TikTok Ads,retarget_q4,19624,434,NGN,168337.34,No issues
2023-02-11,YouTube Pre-roll,harmattan_drop,17235,89,NGN,22278.62,No issues
2023-02-12,Google Ads,wedding_season_23,14787,397,NGN,102063.29,No issues
2023-02-12,Meta Ads,harmattan_drop,80522,1310,NGN,253016.02,No issues
2023-02-12,YouTube Pre-roll,harmattan_drop,11302,142,NGN,26369.65,No issues
2023-02-13,Email / CRM,retarget_q4,73391,954,NGN,174781.21,No issues
2023-02-13,Google Ads,brand_always_on,9143,47,NGN,15831.65,No issues
2023-02-13,Meta Ads,retarget_q4,4364,123,NGN,16341.12,No issues
2023-02-13,TikTok Ads,retarget_q4,31637,445,NGN,122164.46,No issues
2023-02-13,YouTube Pre-roll,harmattan_drop,66472,1585,NGN,148992.32,No issues
2023-02-14,Email / CRM,black_friday,72005,1077,NGN,351206.41,No issues
2023-02-14,Google Ads,wedding_season_24,30371,753,NGN,228456.04,No issues
2023-02-14,Meta Ads,harmattan_drop,11927,304,NGN,122149.87,No issues
2023-02-14,TikTok Ads,wedding_season_24,26127,421,NGN,80172.1,No issues
2023-02-14,YouTube Pre-roll,harmattan_drop,53986,1712,NGN,696098.73,No issues
2023-02-15,Email / CRM,showreel_push,67337,874,NGN,261747.62,No issues
2023-02-15,Influencer,retarget_q4,20356,513,NGN,153609.14,No issues
2023-02-15,TikTok Ads,black_friday,56120,235,NGN,84233.24,No issues
2023-02-15,YouTube Pre-roll,lagos_nights_launch,8025,94,NGN,18646.86,No issues
2023-02-16,Email / CRM,retarget_q4,19993,485,NGN,38391.24,No issues
2023-02-16,Google Ads,harmattan_drop,8593,231,NGN,51043.55,No issues
2023-02-16,Influencer,harmattan_drop,14188,301,NGN,70553.16,No issues
2023-02-16,Meta Ads,lagos_nights_launch,88094,1842,NGN,588454.08,No issues
2023-02-16,TikTok Ads,blackfriday24,53027,1609,NGN,122617.73,No issues
2023-02-16,YouTube Pre-roll,blackfriday24,75257,1036,NGN,124443.55,No issues
2023-02-17,Google Ads,showreel_push,39654,725,NGN,294861.67,No issues
2023-02-17,Influencer,showreel_push,75199,451,NGN,72044.78,No issues
2023-02-17,Meta Ads,lagos_nights_launch,47424,895,NGN,326143.3,No issues
2023-02-17,TikTok Ads,harmattan_drop,31209,139,NGN,53881.17,No issues
2023-02-17,YouTube Pre-roll,lagos_nights_launch,87133,1496,NGN,627598.63,No issues
2023-02-18,Google Ads,wedding_season_23,88233,2570,NGN,621040.39,No issues
2023-02-18,Influencer,always_on,45251,1381,NGN,488275.19,No issues
2023-02-18,Meta Ads,showreel_push,51830,1594,NGN,299719.96,No issues
2023-02-18,TikTok Ads,brand_always_on,58119,1632,NGN,376044.0,No issues
2023-02-18,YouTube Pre-roll,wedding_season_23,21405,142,NGN,19539.28,No issues
2023-02-19,Email / CRM,brand_always_on,13886,376,NGN,107669.21,No issues
2023-02-19,Google Ads,harmattan_drop,85437,687,NGN,50079.61,No issues
2023-02-19,Influencer,retarget_q4,38298,210,NGN,31487.1,No issues
2023-02-19,Meta Ads,harmattan_drop,6094,194,NGN,75837.69,No issues
2023-02-19,YouTube Pre-roll,retarget_q4,20020,191,NGN,65127.29,No issues
2023-02-20,Email / CRM,brand_always_on,24344,431,NGN,165863.78,No issues
2023-02-20,Google Ads,blackfriday24,8615,300,NGN,103380.32,No issues
2023-02-20,Meta Ads,harmattan_drop,48006,978,NGN,79721.15,No issues
2023-02-20,TikTok Ads,blackfriday24,71714,1648,NGN,129340.08,No issues
2023-02-20,YouTube Pre-roll,always_on,3917,133,NGN,23158.64,No issues
2023-02-21,Influencer,harmattan_drop,57082,1850,NGN,133581.91,No issues
2023-02-21,TikTok Ads,harmattan_drop,72701,1342,NGN,122250.01,No issues
2023-02-22,Google Ads,showreel_push,15534,497,NGN,116012.39,No issues
2023-02-22,Meta Ads,brand_always_on,59763,575,NGN,219809.43,No issues
2023-02-22,TikTok Ads,black_friday,84735,649,NGN,224657.09,No issues
2023-02-22,YouTube Pre-roll,blackfriday24,31002,897,NGN,249129.11,No issues
2023-02-23,Google Ads,always_on,38396,1298,NGN,295678.38,No issues
2023-02-23,Influencer,lagos_nights_launch,82178,2499,NGN,360588.06,No issues
2023-02-23,Meta Ads,harmattan_drop,24007,644,NGN,49353.92,No issues
2023-02-23,TikTok Ads,blackfriday24,18166,619,NGN,234709.39,No issues
2023-02-24,Email / CRM,harmattan_drop,33965,461,NGN,89953.15,No issues
2023-02-24,Influencer,black_friday,63574,1095,NGN,121957.26,No issues
2023-02-24,YouTube Pre-roll,wedding_season_24,62560,960,NGN,343682.09,No issues
2023-02-25,Google Ads,always_on,40854,1106,NGN,395660.08,No issues
2023-02-25,Meta Ads,retarget_q4,13927,82,NGN,28509.77,No issues
2023-02-25,YouTube Pre-roll,harmattan_drop,4131,141,NGN,28889.38,No issues
2023-02-26,Email / CRM,harmattan_drop,32246,768,NGN,198063.06,No issues
2023-02-26,Influencer,always_on,43312,1211,NGN,295796.97,No issues
2023-02-26,Meta Ads,blackfriday24,34710,809,NGN,91391.29,No issues
2023-02-26,TikTok Ads,harmattan_drop,20686,105,NGN,9297.3,No issues
2023-02-27,Influencer,harmattan_drop,75453,1744,NGN,117316.77,No issues
2023-02-27,Meta Ads,harmattan_drop,71507,2439,NGN,468472.51,No issues
2023-02-27,TikTok Ads,brand_always_on,89998,1987,NGN,215944.01,No issues
2023-02-27,YouTube Pre-roll,retarget_q4,16964,99,NGN,40956.65,No issues
2023-02-28,Email / CRM,harmattan_drop,20575,591,NGN,93470.37,No issues
2023-02-28,Influencer,harmattan_drop,29362,235,NGN,97664.95,No issues
2023-02-28,TikTok Ads,brand_always_on,68492,1713,NGN,662679.31,No issues
2023-02-28,YouTube Pre-roll,black_friday,57371,1169,NGN,106620.67,No issues
2023-03-01,Meta Ads,black_friday,4063,27,NGN,11174.81,No issues
2023-03-01,TikTok Ads,black_friday,7802,80,NGN,7275.23,No issues
2023-03-02,Meta Ads,blackfriday24,31291,685,NGN,240193.95,No issues
2023-03-02,TikTok Ads,wedding_season_24,75321,480,NGN,64650.51,No issues
2023-03-03,Influencer,showreel_push,69590,363,NGN,78306.78,No issues
2023-03-03,Meta Ads,showreel_push,64863,2216,NGN,521854.91,No issues
2023-03-03,YouTube Pre-roll,brand_always_on,61772,715,NGN,176485.97,No issues
2023-03-04,Email / CRM,always_on,67023,857,NGN,224615.03,No issues
2023-03-04,Influencer,harmattan_drop,24116,761,NGN,126337.54,No issues
2023-03-04,Meta Ads,blackfriday24,18663,222,NGN,66111.79,No issues
2023-03-04,TikTok Ads,harmattan_drop,40408,1091,NGN,379384.78,No issues
2023-03-04,YouTube Pre-roll,wedding_season_23,72035,1595,NGN,378945.22,No issues
2023-03-05,Influencer,harmattan_drop,74391,577,NGN,84408.31,No issues
2023-03-05,Meta Ads,wedding_season_24,18384,446,NGN,30825.89,No issues
2023-03-05,YouTube Pre-roll,wedding_season_23,64887,1206,NGN,256723.38,No issues
2023-03-06,Email / CRM,wedding_season_23,22493,263,NGN,90662.81,No issues
2023-03-06,Google Ads,harmattan_drop,63750,1511,NGN,184779.71,No issues
2023-03-06,Influencer,harmattan_drop,45185,995,NGN,220935.67,No issues
2023-03-06,Meta Ads,retarget_q4,89409,2128,NGN,484519.25,No issues
2023-03-06,YouTube Pre-roll,wedding_season_23,68912,1310,NGN,487713.32,No issues
2023-03-07,Email / CRM,showreel_push,86248,2874,NGN,224307.91,No issues
2023-03-07,Google Ads,blackfriday24,78671,319,NGN,127837.69,No issues
2023-03-07,TikTok Ads,brand_always_on,5285,71,NGN,16537.6,No issues
2023-03-07,YouTube Pre-roll,harmattan_drop,53678,1604,NGN,232295.46,No issues
2023-03-08,Email / CRM,always_on,25234,687,NGN,164851.85,No issues
2023-03-08,Meta Ads,retarget_q4,57620,524,NGN,59989.04,No issues
2023-03-08,TikTok Ads,showreel_push,16484,171,NGN,10465.69,No issues
2023-03-09,Email / CRM,harmattan_drop,45517,1401,NGN,221513.65,No issues
2023-03-09,Influencer,wedding_season_24,50412,936,NGN,334492.06,No issues
2023-03-09,Meta Ads,retarget_q4,81161,1617,NGN,344759.41,No issues
2023-03-09,TikTok Ads,wedding_season_23,48791,1643,NGN,185239.07,No issues
2023-03-10,Email / CRM,harmattan_drop,79862,1677,NGN,498678.63,No issues
2023-03-10,Google Ads,wedding_season_23,38371,928,NGN,149212.01,No issues
2023-03-10,Influencer,harmattan_drop,46862,1013,NGN,318039.98,No issues
2023-03-10,Meta Ads,retarget_q4,17133,200,NGN,47350.99,No issues
2023-03-10,TikTok Ads,always_on,72622,349,NGN,112932.4,No issues
2023-03-11,Influencer,showreel_push,13197,396,NGN,141550.28,No issues
2023-03-11,Meta Ads,retarget_q4,86200,1276,NGN,378742.12,No issues
2023-03-11,TikTok Ads,retarget_q4,8503,181,NGN,42304.71,No issues
2023-03-11,YouTube Pre-roll,harmattan_drop,87063,396,NGN,108532.53,No issues
2023-03-12,Google Ads,harmattan_drop,40162,1012,NGN,361476.24,No issues
2023-03-12,Meta Ads,always_on,75837,1698,NGN,655144.18,No issues
2023-03-12,TikTok Ads,blackfriday24,66363,1570,NGN,545071.05,No issues
2023-03-12,YouTube Pre-roll,harmattan_drop,36480,508,NGN,51940.18,No issues
2023-03-13,Google Ads,harmattan_drop,21415,567,NGN,109586.24,No issues
2023-03-13,Meta Ads,lagos_nights_launch,29361,317,NGN,21514.87,No issues
2023-03-13,TikTok Ads,always_on,26614,781,NGN,287866.4,No issues
2023-03-13,YouTube Pre-roll,retarget_q4,8059,160,NGN,65513.35,No issues
2023-03-14,Email / CRM,showreel_push,60625,1911,NGN,592104.7,No issues
2023-03-14,Influencer,showreel_push,33731,774,NGN,290925.68,No issues
2023-03-14,Meta Ads,always_on,42433,298,NGN,38141.93,No issues
2023-03-14,TikTok Ads,blackfriday24,18556,439,NGN,32515.64,No issues
2023-03-15,Email / CRM,brand_always_on,49808,642,NGN,193420.26,No issues
2023-03-15,Google Ads,blackfriday24,4856,89,NGN,36231.96,No issues
2023-03-15,Influencer,blackfriday24,62629,363,NGN,66297.29,No issues
2023-03-15,Meta Ads,retarget_q4,54835,672,NGN,197781.44,No issues
2023-03-15,YouTube Pre-roll,harmattan_drop,45852,814,NGN,314128.79,No issues
2023-03-16,Influencer,harmattan_drop,16650,407,NGN,110667.78,No issues
2023-03-16,Meta Ads,harmattan_drop,39884,1181,NGN,338938.77,No issues
2023-03-16,TikTok Ads,showreel_push,31730,867,NGN,258622.94,No issues
2023-03-16,YouTube Pre-roll,always_on,70700,1023,NGN,100075.65,No issues
2023-03-17,Google Ads,harmattan_drop,52273,249,NGN,87993.67,No issues
2023-03-17,Meta Ads,black_friday,53542,928,NGN,360161.6,No issues
2023-03-17,TikTok Ads,harmattan_drop,16878,538,NGN,69224.11,No issues
2023-03-18,Email / CRM,wedding_season_23,56443,1098,NGN,344168.67,No issues
2023-03-18,Google Ads,black_friday,72018,551,NGN,98008.91,No issues
2023-03-18,Meta Ads,showreel_push,21244,679,NGN,221918.98,No issues
2023-03-18,TikTok Ads,wedding_season_24,76838,2652,NGN,1075838.07,No issues
2023-03-19,Email / CRM,harmattan_drop,89374,1455,NGN,562041.11,No issues
2023-03-19,Google Ads,lagos_nights_launch,80946,1269,NGN,306048.97,No issues
2023-03-19,Influencer,showreel_push,77516,2032,NGN,507201.62,No issues
2023-03-19,Meta Ads,wedding_season_24,82661,457,NGN,70998.9,No issues
2023-03-19,TikTok Ads,wedding_season_24,57111,454,NGN,141426.23,No issues
2023-03-20,Email / CRM,always_on,24060,436,NGN,128505.28,No issues
2023-03-20,Google Ads,wedding_season_23,78117,795,NGN,88067.95,No issues
2023-03-20,Influencer,blackfriday24,78728,1707,NGN,568172.99,No issues
2023-03-20,Meta Ads,showreel_push,44627,1462,NGN,220509.16,No issues
2023-03-21,Email / CRM,blackfriday24,44014,439,NGN,84432.85,No issues
2023-03-21,Google Ads,retarget_q4,58783,1324,NGN,479312.61,No issues
2023-03-21,Influencer,blackfriday24,47670,1073,NGN,239704.98,No issues
2023-03-21,Meta Ads,blackfriday24,31858,274,NGN,98553.88,No issues
2023-03-21,YouTube Pre-roll,harmattan_drop,42963,250,NGN,43838.94,No issues
2023-03-22,Email / CRM,wedding_season_24,80834,740,NGN,132014.24,No issues
2023-03-22,Influencer,retarget_q4,60113,796,NGN,119656.03,No issues
2023-03-22,Meta Ads,brand_always_on,11956,299,NGN,122968.86,No issues
2023-03-22,TikTok Ads,blackfriday24,32205,930,NGN,65633.29,No issues
2023-03-23,Google Ads,showreel_push,76401,1635,NGN,125506.44,No issues
2023-03-23,Meta Ads,harmattan_drop,76421,1921,NGN,354322.73,No issues
2023-03-23,TikTok Ads,brand_always_on,7066,119,NGN,8854.02,No issues
2023-03-23,YouTube Pre-roll,always_on,7530,86,NGN,11549.81,No issues
2023-03-24,Email / CRM,blackfriday24,18552,486,NGN,90418.51,No issues
2023-03-24,Google Ads,always_on,71438,803,NGN,302713.7,No issues
2023-03-24,Meta Ads,blackfriday24,88051,3080,NGN,388871.02,No issues
2023-03-24,TikTok Ads,showreel_push,32863,623,NGN,88505.3,No issues
2023-03-24,YouTube Pre-roll,harmattan_drop,41733,1424,NGN,392723.25,No issues
2023-03-25,Email / CRM,harmattan_drop,36794,728,NGN,112859.16,No issues
2023-03-25,Google Ads,harmattan_drop,22103,89,NGN,27972.19,No issues
2023-03-25,Influencer,brand_always_on,74117,1951,NGN,173388.65,No issues
2023-03-25,Meta Ads,wedding_season_23,43364,1229,NGN,354968.23,No issues
2023-03-25,TikTok Ads,harmattan_drop,59247,1308,NGN,506306.16,No issues
2023-03-25,YouTube Pre-roll,wedding_season_24,35422,596,NGN,49769.78,No issues
2023-03-26,Influencer,always_on,25201,258,NGN,57388.95,No issues
2023-03-26,Meta Ads,wedding_season_23,4525,60,NGN,13861.51,No issues
2023-03-26,TikTok Ads,wedding_season_23,10079,342,NGN,127345.0,No issues
2023-03-26,YouTube Pre-roll,wedding_season_24,15896,385,NGN,137381.51,No issues
2023-03-27,Email / CRM,showreel_push,39760,267,NGN,41085.75,No issues
2023-03-27,Meta Ads,retarget_q4,27465,320,NGN,28162.76,No issues
2023-03-27,YouTube Pre-roll,always_on,73984,734,NGN,130675.73,No issues
2023-03-28,Email / CRM,showreel_push,17581,204,NGN,32110.21,No issues
2023-03-28,Influencer,black_friday,3344,104,NGN,22465.01,No issues
2023-03-28,Meta Ads,blackfriday24,54786,1097,NGN,88503.28,No issues
2023-03-29,Email / CRM,blackfriday24,41960,678,NGN,159377.9,No issues
2023-03-29,YouTube Pre-roll,harmattan_drop,36138,1264,NGN,240087.16,No issues
2023-03-30,Email / CRM,black_friday,4358,83,NGN,33774.55,No issues
2023-03-30,Google Ads,lagos_nights_launch,43431,304,NGN,88135.46,No issues
2023-03-30,Meta Ads,harmattan_drop,5198,112,NGN,24091.34,No issues
2023-03-30,TikTok Ads,harmattan_drop,64462,803,NGN,302345.23,No issues
2023-03-30,YouTube Pre-roll,showreel_push,36447,1196,NGN,111125.1,No issues
2023-03-31,Email / CRM,always_on,19098,100,NGN,25426.67,No issues
2023-03-31,TikTok Ads,wedding_season_24,63900,2027,NGN,798966.22,No issues
2023-03-31,YouTube Pre-roll,retarget_q4,77138,2355,NGN,246487.42,No issues
2023-04-01,Influencer,retarget_q4,85359,2095,NGN,262394.7,No issues
2023-04-01,Meta Ads,brand_always_on,54325,1202,NGN,282026.59,No issues
2023-04-01,YouTube Pre-roll,harmattan_drop,32030,914,NGN,211271.72,No issues
2023-04-02,Email / CRM,black_friday,85945,1572,NGN,502042.01,No issues
2023-04-02,Meta Ads,harmattan_drop,58024,2019,NGN,524449.34,No issues
2023-04-02,TikTok Ads,blackfriday24,48283,207,NGN,83929.49,No issues
2023-04-02,YouTube Pre-roll,brand_always_on,80296,2216,NGN,915290.91,No issues
2023-04-03,Email / CRM,retarget_q4,50297,1436,NGN,574308.05,No issues
2023-04-03,Google Ads,harmattan_drop,35470,333,NGN,136551.68,No issues
2023-04-03,TikTok Ads,blackfriday24,41856,434,NGN,59493.69,No issues
2023-04-03,YouTube Pre-roll,retarget_q4,76212,674,NGN,85127.39,No issues
2023-04-04,Email / CRM,harmattan_drop,67547,1527,NGN,576239.82,No issues
2023-04-04,Google Ads,blackfriday24,10542,348,NGN,64641.71,No issues
2023-04-04,Influencer,blackfriday24,66317,1834,NGN,583662.95,No issues
2023-04-04,Meta Ads,wedding_season_24,76324,710,NGN,174710.77,No issues
2023-04-04,TikTok Ads,always_on,26354,549,NGN,110999.47,No issues
2023-04-04,YouTube Pre-roll,black_friday,43845,1104,NGN,89361.31,No issues
2023-04-05,Google Ads,blackfriday24,45584,441,NGN,67405.49,No issues
2023-04-05,Influencer,harmattan_drop,89007,1511,NGN,533276.62,No issues
2023-04-05,YouTube Pre-roll,showreel_push,5593,95,NGN,13625.64,No issues
2023-04-06,Email / CRM,harmattan_drop,49722,798,NGN,219764.88,No issues
2023-04-06,Google Ads,retarget_q4,35433,881,NGN,56864.74,No issues
2023-04-06,Influencer,always_on,41658,629,NGN,228012.77,No issues
2023-04-06,Meta Ads,retarget_q4,89387,801,NGN,144473.13,No issues
2023-04-06,TikTok Ads,showreel_push,44288,1362,NGN,303109.99,No issues
2023-04-07,Google Ads,wedding_season_23,67081,1423,NGN,522876.65,No issues
2023-04-07,Influencer,harmattan_drop,80532,1664,NGN,188646.68,No issues
2023-04-07,TikTok Ads,harmattan_drop,5642,171,NGN,49255.42,No issues
2023-04-07,YouTube Pre-roll,wedding_season_24,80398,1154,NGN,236887.89,No issues
2023-04-08,Email / CRM,harmattan_drop,4750,78,NGN,16500.45,No issues
2023-04-08,Google Ads,harmattan_drop,72690,2233,NGN,608851.31,No issues
2023-04-08,Influencer,wedding_season_24,32660,918,NGN,250143.45,No issues
2023-04-08,Meta Ads,wedding_season_24,34509,900,NGN,82342.03,No issues
2023-04-08,TikTok Ads,brand_always_on,7412,121,NGN,39541.49,No issues
2023-04-09,Email / CRM,black_friday,22777,279,NGN,112199.46,No issues
2023-04-09,Meta Ads,harmattan_drop,24430,504,NGN,201972.89,No issues
2023-04-09,TikTok Ads,retarget_q4,37922,549,NGN,177454.29,No issues
2023-04-09,YouTube Pre-roll,wedding_season_23,41221,947,NGN,79038.19,No issues
2023-04-10,Email / CRM,retarget_q4,88239,1969,NGN,673504.72,No issues
2023-04-10,Google Ads,wedding_season_24,79520,518,NGN,168616.69,No issues
2023-04-10,Influencer,black_friday,3636,37,NGN,13032.71,No issues
2023-04-10,Meta Ads,harmattan_drop,21884,127,NGN,11418.7,No issues
2023-04-10,YouTube Pre-roll,blackfriday24,10194,254,NGN,27147.94,No issues
2023-04-11,Google Ads,always_on,29650,970,NGN,167882.69,No issues
2023-04-11,Influencer,showreel_push,24746,531,NGN,217115.97,No issues
2023-04-11,TikTok Ads,showreel_push,17168,473,NGN,38169.64,No issues
2023-04-12,Google Ads,brand_always_on,4190,120,NGN,50374.12,No issues
2023-04-12,Influencer,wedding_season_24,89687,3082,NGN,422050.4,No issues
2023-04-12,TikTok Ads,retarget_q4,27606,828,NGN,270375.6,No issues
2023-04-12,YouTube Pre-roll,harmattan_drop,69964,1166,NGN,471248.24,No issues
2023-04-13,Email / CRM,wedding_season_23,64851,482,NGN,90213.42,No issues
2023-04-13,Google Ads,lagos_nights_launch,45384,903,NGN,150215.38,No issues
2023-04-13,Influencer,retarget_q4,50578,515,NGN,90241.89,No issues
2023-04-13,Meta Ads,black_friday,69596,1381,NGN,110855.25,No issues
2023-04-13,TikTok Ads,harmattan_drop,77635,1467,NGN,148608.73,No issues
2023-04-13,YouTube Pre-roll,showreel_push,76226,1118,NGN,290348.7,No issues
2023-04-14,Influencer,blackfriday24,22589,525,NGN,61337.2,No issues
2023-04-14,Meta Ads,lagos_nights_launch,46690,529,NGN,154691.22,No issues
2023-04-14,TikTok Ads,always_on,33435,469,NGN,51757.88,No issues
2023-04-14,YouTube Pre-roll,always_on,12946,140,NGN,29482.45,No issues
2023-04-15,Google Ads,retarget_q4,78970,1027,NGN,134666.87,No issues
2023-04-15,Influencer,blackfriday24,46767,1263,NGN,333285.16,No issues
2023-04-15,TikTok Ads,harmattan_drop,66628,1046,NGN,87388.07,No issues
2023-04-16,Email / CRM,always_on,31277,1068,NGN,308038.92,No issues
2023-04-16,Influencer,showreel_push,19060,283,NGN,38149.98,No issues
2023-04-16,Meta Ads,lagos_nights_launch,57715,1898,NGN,114599.55,No issues
2023-04-17,Meta Ads,harmattan_drop,67449,1047,NGN,435340.11,No issues
2023-04-17,YouTube Pre-roll,harmattan_drop,8279,136,NGN,33439.86,No issues
2023-04-18,Email / CRM,harmattan_drop,55888,746,NGN,283775.6,No issues
2023-04-18,Google Ads,harmattan_drop,89648,1769,NGN,275053.9,No issues
2023-04-18,Influencer,blackfriday24,55168,826,NGN,109531.7,No issues
2023-04-18,Meta Ads,harmattan_drop,82870,1307,NGN,261513.73,No issues
2023-04-18,TikTok Ads,showreel_push,31112,306,NGN,42444.57,No issues
2023-04-18,YouTube Pre-roll,retarget_q4,61010,695,NGN,178488.74,No issues
2023-04-19,Google Ads,harmattan_drop,15991,390,NGN,157502.52,No issues
2023-04-19,Meta Ads,harmattan_drop,32747,652,NGN,248427.41,No issues
2023-04-19,TikTok Ads,black_friday,58787,309,NGN,56524.23,No issues
2023-04-19,YouTube Pre-roll,retarget_q4,60783,1262,NGN,393983.76,No issues
2023-04-20,Email / CRM,wedding_season_23,28522,336,NGN,43537.31,No issues
2023-04-20,Google Ads,harmattan_drop,69156,947,NGN,171981.26,No issues
2023-04-20,Influencer,harmattan_drop,27291,336,NGN,23880.7,No issues
2023-04-20,Meta Ads,retarget_q4,86894,2558,NGN,397136.63,No issues
2023-04-20,TikTok Ads,black_friday,11393,278,NGN,84438.92,No issues
2023-04-20,YouTube Pre-roll,brand_always_on,88516,2812,NGN,627376.2,No issues
2023-04-21,Influencer,harmattan_drop,76556,1134,NGN,240005.35,No issues
2023-04-21,Meta Ads,harmattan_drop,57859,1401,NGN,505736.77,No issues
2023-04-21,YouTube Pre-roll,harmattan_drop,83769,2244,NGN,513883.56,No issues
2023-04-22,Email / CRM,showreel_push,34492,975,NGN,308682.26,No issues
2023-04-22,Google Ads,black_friday,75881,2609,NGN,722623.72,No issues
2023-04-22,Influencer,brand_always_on,3955,30,NGN,7700.85,No issues
2023-04-22,Meta Ads,wedding_season_24,42189,468,NGN,107539.62,No issues
2023-04-22,TikTok Ads,wedding_season_24,32235,852,NGN,308434.28,No issues
2023-04-23,Google Ads,always_on,7907,59,NGN,12643.1,No issues
2023-04-23,Meta Ads,blackfriday24,76084,759,NGN,296618.86,No issues
2023-04-23,TikTok Ads,blackfriday24,42403,1292,NGN,349003.93,No issues
2023-04-23,YouTube Pre-roll,wedding_season_23,61184,933,NGN,212640.25,No issues
2023-04-24,Email / CRM,harmattan_drop,85842,2096,NGN,403630.21,No issues
2023-04-24,Meta Ads,harmattan_drop,37024,940,NGN,374966.87,No issues
2023-04-24,TikTok Ads,harmattan_drop,56783,627,NGN,41996.33,No issues
2023-04-24,YouTube Pre-roll,retarget_q4,74326,304,NGN,25531.39,No issues
2023-04-25,Email / CRM,harmattan_drop,34874,300,NGN,42680.0,No issues
2023-04-25,Google Ads,wedding_season_23,63909,1229,NGN,280993.36,No issues
2023-04-25,Influencer,black_friday,83304,450,NGN,39065.99,No issues
2023-04-25,Meta Ads,brand_always_on,40089,763,NGN,215044.43,No issues
2023-04-25,TikTok Ads,blackfriday24,53901,1785,NGN,743582.19,No issues
2023-04-25,YouTube Pre-roll,harmattan_drop,55089,371,NGN,121950.25,No issues
2023-04-26,Email / CRM,retarget_q4,60140,778,NGN,235870.59,No issues
2023-04-26,Influencer,retarget_q4,63432,1363,NGN,316826.78,No issues
2023-04-26,Meta Ads,wedding_season_24,86450,1597,NGN,467919.16,No issues
2023-04-26,TikTok Ads,harmattan_drop,43107,215,NGN,24799.26,No issues
2023-04-27,Email / CRM,always_on,43007,957,NGN,200866.54,No issues
2023-04-27,Influencer,always_on,73924,833,NGN,141914.06,No issues
2023-04-27,Meta Ads,harmattan_drop,20591,259,NGN,59789.86,No issues
2023-04-27,TikTok Ads,blackfriday24,35604,988,NGN,96506.4,No issues
2023-04-28,Email / CRM,harmattan_drop,51186,1233,NGN,508554.13,No issues
2023-04-28,Influencer,wedding_season_23,69443,552,NGN,47684.29,No issues
2023-04-28,Meta Ads,showreel_push,58639,379,NGN,82698.35,No issues
2023-04-28,TikTok Ads,always_on,64461,1641,NGN,528008.84,No issues
2023-04-28,YouTube Pre-roll,retarget_q4,58837,1972,NGN,443000.13,No issues
2023-04-29,Email / CRM,harmattan_drop,4207,84,NGN,21684.37,No issues
2023-04-29,Google Ads,harmattan_drop,15559,407,NGN,118445.91,No issues
2023-04-29,Meta Ads,wedding_season_24,69208,1782,NGN,680398.53,No issues
2023-04-29,YouTube Pre-roll,wedding_season_23,26776,834,NGN,246191.03,No issues
2023-04-30,Email / CRM,harmattan_drop,66195,1169,NGN,268382.48,No issues
2023-04-30,Influencer,wedding_season_24,33802,426,NGN,30261.97,No issues
2023-04-30,TikTok Ads,blackfriday24,12403,427,NGN,175046.3,No issues
2023-04-30,YouTube Pre-roll,wedding_season_23,35653,319,NGN,79674.48,No issues
2023-05-01,Email / CRM,showreel_push,80105,1694,NGN,363697.2,No issues
2023-05-01,Google Ads,harmattan_drop,19986,564,NGN,50572.09,No issues
2023-05-01,Influencer,harmattan_drop,53342,1687,NGN,302274.64,No issues
2023-05-01,Meta Ads,blackfriday24,21818,444,NGN,83279.09,No issues
2023-05-01,TikTok Ads,blackfriday24,22046,113,NGN,23988.49,No issues
2023-05-01,YouTube Pre-roll,harmattan_drop,28211,769,NGN,277668.67,No issues
2023-05-02,Google Ads,harmattan_drop,18024,122,NGN,27532.65,No issues
2023-05-02,Meta Ads,harmattan_drop,47571,833,NGN,144193.3,No issues
2023-05-02,TikTok Ads,black_friday,66264,1491,NGN,400346.17,No issues
2023-05-02,YouTube Pre-roll,showreel_push,57611,1493,NGN,304510.54,No issues
2023-05-03,Email / CRM,harmattan_drop,39314,373,NGN,121101.75,No issues
2023-05-03,Influencer,showreel_push,3730,124,NGN,18352.97,No issues
2023-05-03,YouTube Pre-roll,retarget_q4,59305,610,NGN,127641.63,No issues
2023-05-04,Google Ads,retarget_q4,27521,545,NGN,153854.79,No issues
2023-05-04,Influencer,blackfriday24,63898,1920,NGN,586211.82,No issues
2023-05-04,Meta Ads,showreel_push,79471,1684,NGN,372949.58,No issues
2023-05-04,TikTok Ads,harmattan_drop,51008,610,NGN,249156.34,No issues
2023-05-04,YouTube Pre-roll,harmattan_drop,13098,375,NGN,106407.05,No issues
2023-05-05,Email / CRM,black_friday,46693,1512,NGN,489491.12,No issues
2023-05-05,Google Ads,blackfriday24,24739,243,NGN,29333.4,No issues
2023-05-05,Meta Ads,retarget_q4,54465,1514,NGN,382368.34,No issues
2023-05-05,TikTok Ads,retarget_q4,60552,796,NGN,47965.68,No issues
2023-05-06,Google Ads,lagos_nights_launch,17284,309,NGN,71463.16,No issues
2023-05-06,Meta Ads,retarget_q4,15980,359,NGN,99062.04,No issues
2023-05-06,TikTok Ads,black_friday,3893,35,NGN,9615.92,No issues
2023-05-06,YouTube Pre-roll,lagos_nights_launch,68758,567,NGN,132089.8,No issues
2023-05-07,Email / CRM,black_friday,78395,1407,NGN,554611.87,No issues
2023-05-07,Google Ads,brand_always_on,87549,3059,NGN,207289.51,No issues
2023-05-07,Influencer,harmattan_drop,62042,1129,NGN,276409.48,No issues
2023-05-08,Google Ads,blackfriday24,84375,1723,NGN,130281.61,No issues
2023-05-08,Influencer,retarget_q4,40583,872,NGN,317706.9,No issues
2023-05-08,Meta Ads,wedding_season_23,68596,1918,NGN,116152.43,No issues
2023-05-08,YouTube Pre-roll,harmattan_drop,33608,603,NGN,49351.92,No issues
2023-05-09,Email / CRM,brand_always_on,67074,1959,NGN,379024.93,No issues
2023-05-09,Google Ads,retarget_q4,62859,578,NGN,133844.4,No issues
2023-05-09,Influencer,always_on,59492,2040,NGN,164760.51,No issues
2023-05-09,Meta Ads,lagos_nights_launch,80174,604,NGN,188454.18,No issues
2023-05-09,TikTok Ads,always_on,18186,538,NGN,197601.82,No issues
2023-05-09,YouTube Pre-roll,wedding_season_23,38194,800,NGN,113623.56,No issues
2023-05-10,Google Ads,wedding_season_24,31919,203,NGN,56235.87,No issues
2023-05-10,Influencer,showreel_push,21878,691,NGN,68365.21,No issues
2023-05-10,Meta Ads,retarget_q4,24269,186,NGN,17499.82,No issues
2023-05-10,YouTube Pre-roll,brand_always_on,48043,284,NGN,18399.45,No issues
2023-05-11,Email / CRM,harmattan_drop,13859,220,NGN,46260.61,No issues
2023-05-11,Google Ads,harmattan_drop,37333,209,NGN,60251.4,No issues
2023-05-11,Influencer,harmattan_drop,9496,79,NGN,10370.25,No issues
2023-05-11,Meta Ads,black_friday,86405,2621,NGN,1057787.02,No issues
2023-05-11,YouTube Pre-roll,harmattan_drop,18880,417,NGN,69312.06,No issues
2023-05-12,Email / CRM,lagos_nights_launch,52273,1345,NGN,282947.59,No issues
2023-05-12,Google Ads,wedding_season_24,9114,63,NGN,17084.45,No issues
2023-05-12,Influencer,black_friday,79841,2749,NGN,327912.49,No issues
2023-05-12,TikTok Ads,harmattan_drop,30816,380,NGN,71515.44,No issues
2023-05-12,YouTube Pre-roll,harmattan_drop,49952,767,NGN,67898.39,No issues
2023-05-13,Email / CRM,lagos_nights_launch,71301,288,NGN,97899.18,No issues
2023-05-13,Google Ads,brand_always_on,31899,629,NGN,147578.54,No issues
2023-05-13,TikTok Ads,black_friday,61629,1858,NGN,463400.04,No issues
2023-05-14,Google Ads,wedding_season_23,32379,484,NGN,46133.14,No issues
2023-05-14,Influencer,brand_always_on,71470,457,NGN,135037.02,No issues
2023-05-14,Meta Ads,brand_always_on,8743,235,NGN,24964.37,No issues
2023-05-14,TikTok Ads,harmattan_drop,24813,614,NGN,154057.55,No issues
2023-05-14,YouTube Pre-roll,lagos_nights_launch,76329,2603,NGN,184363.45,No issues
2023-05-15,Email / CRM,wedding_season_23,11722,156,NGN,46434.63,No issues
2023-05-15,Google Ads,lagos_nights_launch,53743,500,NGN,153154.32,No issues
2023-05-15,Influencer,lagos_nights_launch,45774,1174,NGN,207150.0,No issues
2023-05-15,TikTok Ads,retarget_q4,43521,1417,NGN,153036.9,No issues
2023-05-15,YouTube Pre-roll,harmattan_drop,56582,1567,NGN,133210.97,No issues
2023-05-16,Google Ads,harmattan_drop,86694,1534,NGN,143493.45,No issues
2023-05-16,Influencer,blackfriday24,76047,866,NGN,321682.37,No issues
2023-05-16,Meta Ads,showreel_push,83995,1241,NGN,289536.54,No issues
2023-05-16,TikTok Ads,harmattan_drop,84997,971,NGN,96445.52,No issues
2023-05-16,YouTube Pre-roll,blackfriday24,38723,156,NGN,27329.57,No issues
2023-05-17,Google Ads,lagos_nights_launch,84766,1350,NGN,377261.86,No issues
2023-05-17,Influencer,wedding_season_23,87671,1024,NGN,84348.98,No issues
2023-05-17,TikTok Ads,harmattan_drop,81319,2228,NGN,199386.79,No issues
2023-05-18,Email / CRM,wedding_season_23,86985,1339,NGN,112770.41,No issues
2023-05-18,Google Ads,brand_always_on,76734,1012,NGN,410986.59,No issues
2023-05-18,Influencer,lagos_nights_launch,17306,283,NGN,20287.47,No issues
2023-05-18,TikTok Ads,wedding_season_24,74610,612,NGN,118923.28,No issues
2023-05-18,YouTube Pre-roll,blackfriday24,44666,1400,NGN,475122.45,No issues
2023-05-19,Influencer,black_friday,44355,1011,NGN,330554.13,No issues
2023-05-19,Meta Ads,retarget_q4,63336,1594,NGN,390228.84,No issues
2023-05-19,TikTok Ads,harmattan_drop,88470,1006,NGN,242534.62,No issues
2023-05-19,YouTube Pre-roll,harmattan_drop,66054,1400,NGN,495334.73,No issues
2023-05-20,Email / CRM,harmattan_drop,31543,641,NGN,241586.65,No issues
2023-05-20,Google Ads,harmattan_drop,10911,195,NGN,70496.83,No issues
2023-05-20,Influencer,harmattan_drop,71488,411,NGN,109179.21,No issues
2023-05-20,TikTok Ads,harmattan_drop,3003,55,NGN,6462.73,No issues
2023-05-20,YouTube Pre-roll,wedding_season_24,87873,1058,NGN,192941.57,No issues
2023-05-21,Email / CRM,lagos_nights_launch,33606,998,NGN,88946.02,No issues
2023-05-21,Google Ads,wedding_season_24,62640,1372,NGN,548630.27,No issues
2023-05-21,TikTok Ads,black_friday,24817,403,NGN,26779.97,No issues
2023-05-21,YouTube Pre-roll,wedding_season_24,6112,106,NGN,44473.27,No issues
2023-05-22,Google Ads,lagos_nights_launch,74356,1321,NGN,295651.0,No issues
2023-05-22,Influencer,black_friday,21572,708,NGN,284471.21,No issues
2023-05-22,TikTok Ads,retarget_q4,87573,2773,NGN,860774.09,No issues
2023-05-22,YouTube Pre-roll,lagos_nights_launch,24523,642,NGN,64147.07,No issues
2023-05-23,Email / CRM,wedding_season_23,69965,1211,NGN,489021.8,No issues
2023-05-23,Google Ads,harmattan_drop,25508,341,NGN,96733.78,No issues
2023-05-23,TikTok Ads,showreel_push,85393,2876,NGN,205094.06,No issues
2023-05-23,YouTube Pre-roll,lagos_nights_launch,69677,639,NGN,207924.97,No issues
2023-05-24,Email / CRM,blackfriday24,19926,551,NGN,151845.15,No issues
2023-05-24,Meta Ads,harmattan_drop,74658,1113,NGN,164300.2,No issues
2023-05-24,YouTube Pre-roll,lagos_nights_launch,11684,206,NGN,17413.68,No issues
2023-05-25,Influencer,harmattan_drop,58572,678,NGN,119252.05,No issues
2023-05-25,TikTok Ads,blackfriday24,80231,1581,NGN,299921.5,No issues
2023-05-25,YouTube Pre-roll,wedding_season_23,48977,664,NGN,219177.65,No issues
2023-05-26,Email / CRM,showreel_push,51614,1712,NGN,467736.31,No issues
2023-05-26,Influencer,always_on,28326,869,NGN,313185.83,No issues
2023-05-26,Meta Ads,brand_always_on,28450,162,NGN,23746.77,No issues
2023-05-27,Email / CRM,retarget_q4,78332,1737,NGN,454992.61,No issues
2023-05-27,Google Ads,harmattan_drop,18216,441,NGN,90320.59,No issues
2023-05-27,Influencer,always_on,72257,2416,NGN,566458.64,No issues
2023-05-27,Meta Ads,showreel_push,4618,101,NGN,31018.41,No issues
2023-05-27,TikTok Ads,harmattan_drop,4141,141,NGN,56751.68,No issues
2023-05-27,YouTube Pre-roll,brand_always_on,41897,359,NGN,54523.12,No issues
2023-05-28,Email / CRM,harmattan_drop,65017,1145,NGN,403378.5,No issues
2023-05-28,Influencer,brand_always_on,46704,1379,NGN,331917.04,No issues
2023-05-28,Meta Ads,harmattan_drop,51054,496,NGN,53660.72,No issues
2023-05-28,TikTok Ads,brand_always_on,46485,1081,NGN,419869.32,No issues
2023-05-29,Email / CRM,blackfriday24,3498,17,NGN,3703.82,No issues
2023-05-29,Meta Ads,retarget_q4,80716,687,NGN,53261.56,No issues
2023-05-29,TikTok Ads,blackfriday24,24159,511,NGN,185543.44,No issues
2023-05-30,Google Ads,wedding_season_24,28001,159,NGN,40912.51,No issues
2023-05-30,Influencer,harmattan_drop,56264,946,NGN,92092.3,No issues
2023-05-30,Meta Ads,wedding_season_24,86713,1051,NGN,94946.56,No issues
2023-05-30,TikTok Ads,brand_always_on,7464,193,NGN,18525.7,No issues
2023-05-30,YouTube Pre-roll,wedding_season_23,14478,295,NGN,78014.75,No issues
2023-05-31,Email / CRM,showreel_push,9953,211,NGN,45728.55,No issues
2023-05-31,Google Ads,harmattan_drop,45091,311,NGN,36623.63,No issues
2023-05-31,Influencer,always_on,39993,759,NGN,229731.5,No issues
2023-05-31,Meta Ads,always_on,11790,210,NGN,28953.05,No issues
2023-05-31,TikTok Ads,harmattan_drop,47776,1374,NGN,213374.33,No issues
2023-06-01,Email / CRM,wedding_season_23,76331,1077,NGN,435701.45,No issues
2023-06-01,Google Ads,brand_always_on,79598,1323,NGN,283968.0,No issues
2023-06-01,Influencer,wedding_season_23,11188,167,NGN,67717.68,No issues
2023-06-01,Meta Ads,harmattan_drop,22462,467,NGN,39929.5,No issues
2023-06-01,YouTube Pre-roll,showreel_push,16591,266,NGN,107428.46,No issues
2023-06-02,Email / CRM,retarget_q4,73216,2356,NGN,223680.01,No issues
2023-06-02,Google Ads,retarget_q4,58749,799,NGN,59612.92,No issues
2023-06-02,Influencer,harmattan_drop,28042,383,NGN,132197.68,No issues
2023-06-02,Meta Ads,harmattan_drop,73548,1607,NGN,315832.1,No issues
2023-06-02,TikTok Ads,black_friday,8977,251,NGN,76569.98,No issues
2023-06-03,Google Ads,lagos_nights_launch,58540,832,NGN,306546.0,No issues
2023-06-03,Influencer,lagos_nights_launch,44579,1345,NGN,313218.43,No issues
2023-06-03,Meta Ads,black_friday,5819,157,NGN,9991.71,No issues
2023-06-03,TikTok Ads,showreel_push,51358,656,NGN,78144.86,No issues
2023-06-03,YouTube Pre-roll,showreel_push,76069,317,NGN,95123.01,No issues
2023-06-04,Email / CRM,showreel_push,48109,1303,NGN,457588.51,No issues
2023-06-04,Google Ads,wedding_season_23,4342,106,NGN,30648.65,No issues
2023-06-04,Influencer,showreel_push,42503,1447,NGN,540235.39,No issues
2023-06-05,Influencer,harmattan_drop,23225,689,NGN,86979.99,No issues
2023-06-05,Meta Ads,brand_always_on,54424,1790,NGN,320988.34,No issues
2023-06-05,YouTube Pre-roll,brand_always_on,30957,1066,NGN,194229.92,No issues
2023-06-06,Email / CRM,lagos_nights_launch,21271,373,NGN,70894.47,No issues
2023-06-06,Google Ads,showreel_push,42374,774,NGN,153794.11,No issues
2023-06-06,Influencer,wedding_season_23,62838,1690,NGN,700551.01,No issues
2023-06-06,Meta Ads,lagos_nights_launch,46134,1529,NGN,166990.88,No issues
2023-06-06,TikTok Ads,wedding_season_23,22078,267,NGN,93177.63,No issues
2023-06-06,YouTube Pre-roll,lagos_nights_launch,23239,230,NGN,38852.46,No issues
2023-06-07,Email / CRM,harmattan_drop,3763,49,NGN,16066.15,No issues
2023-06-07,TikTok Ads,wedding_season_24,35953,1238,NGN,444645.95,No issues
2023-06-07,YouTube Pre-roll,showreel_push,37586,1006,NGN,325276.61,No issues
2023-06-08,Email / CRM,brand_always_on,36438,1163,NGN,396660.52,No issues
2023-06-08,Google Ads,retarget_q4,48518,229,NGN,42351.19,No issues
2023-06-08,Influencer,black_friday,7257,106,NGN,14443.34,No issues
2023-06-08,Meta Ads,retarget_q4,10217,132,NGN,42371.02,No issues
2023-06-08,TikTok Ads,retarget_q4,21271,107,NGN,8689.73,No issues
2023-06-08,YouTube Pre-roll,showreel_push,5792,85,NGN,19406.99,No issues
2023-06-09,Email / CRM,retarget_q4,77444,1417,NGN,394611.25,No issues
2023-06-09,Influencer,black_friday,61084,900,NGN,106942.72,No issues
2023-06-09,Meta Ads,blackfriday24,19235,478,NGN,134050.55,No issues
2023-06-09,YouTube Pre-roll,retarget_q4,5026,147,NGN,34688.04,No issues
2023-06-10,Email / CRM,harmattan_drop,30433,192,NGN,44984.15,No issues
2023-06-10,Influencer,brand_always_on,26368,240,NGN,32812.63,No issues
2023-06-10,Meta Ads,showreel_push,40909,909,NGN,97296.46,No issues
2023-06-10,YouTube Pre-roll,retarget_q4,62085,1386,NGN,460064.75,No issues
2023-06-11,Email / CRM,brand_always_on,37415,333,NGN,78249.95,No issues
2023-06-11,Influencer,blackfriday24,60154,1649,NGN,489308.83,No issues
2023-06-11,Meta Ads,brand_always_on,3521,89,NGN,24889.28,No issues
2023-06-11,YouTube Pre-roll,always_on,81795,2654,NGN,269265.13,No issues
2023-06-12,Email / CRM,blackfriday24,51655,213,NGN,73834.38,No issues
2023-06-12,Google Ads,harmattan_drop,56451,1885,NGN,448410.6,No issues
2023-06-12,Meta Ads,black_friday,88192,2415,NGN,474426.89,No issues
2023-06-12,TikTok Ads,showreel_push,4245,74,NGN,7752.46,No issues
2023-06-12,YouTube Pre-roll,harmattan_drop,4964,67,NGN,6480.88,No issues
2023-06-13,Email / CRM,lagos_nights_launch,47051,438,NGN,60266.48,No issues
2023-06-13,Google Ads,harmattan_drop,11760,399,NGN,74760.51,No issues
2023-06-13,Influencer,showreel_push,63765,1821,NGN,388607.01,No issues
2023-06-13,Meta Ads,always_on,72797,2160,NGN,902957.27,No issues
2023-06-13,TikTok Ads,lagos_nights_launch,10244,208,NGN,20771.79,No issues
2023-06-13,YouTube Pre-roll,always_on,75708,1324,NGN,370711.54,No issues
2023-06-14,Google Ads,black_friday,42354,292,NGN,121381.64,No issues
2023-06-14,Influencer,wedding_season_24,24782,183,NGN,75685.84,No issues
2023-06-14,TikTok Ads,brand_always_on,51095,1526,NGN,464427.11,No issues
2023-06-15,Email / CRM,lagos_nights_launch,27813,462,NGN,84950.72,No issues
2023-06-15,Google Ads,showreel_push,86458,637,NGN,78502.4,No issues
2023-06-15,Influencer,lagos_nights_launch,7488,226,NGN,47543.74,No issues
2023-06-15,Meta Ads,harmattan_drop,57713,884,NGN,101999.69,No issues
2023-06-15,TikTok Ads,harmattan_drop,82986,1244,NGN,508301.35,No issues
2023-06-15,YouTube Pre-roll,black_friday,27418,559,NGN,57650.95,No issues
2023-06-16,Influencer,harmattan_drop,87153,1552,NGN,482038.28,No issues
2023-06-16,TikTok Ads,blackfriday24,79322,1219,NGN,181709.08,No issues
2023-06-16,YouTube Pre-roll,lagos_nights_launch,75987,554,NGN,119671.66,No issues
2023-06-17,Email / CRM,lagos_nights_launch,15279,419,NGN,153703.26,No issues
2023-06-17,Google Ads,wedding_season_23,70446,1765,NGN,558035.05,No issues
2023-06-17,Influencer,retarget_q4,50974,666,NGN,249370.98,No issues
2023-06-17,Meta Ads,brand_always_on,32329,134,NGN,26554.21,No issues
2023-06-17,YouTube Pre-roll,retarget_q4,57451,1472,NGN,292279.89,No issues
2023-06-18,Google Ads,retarget_q4,46727,404,NGN,118198.45,No issues
2023-06-18,TikTok Ads,retarget_q4,52030,1633,NGN,357926.2,No issues
2023-06-18,YouTube Pre-roll,retarget_q4,75129,413,NGN,43119.02,No issues
2023-06-19,Email / CRM,wedding_season_24,74036,1644,NGN,105148.44,No issues
2023-06-19,Influencer,showreel_push,27227,887,NGN,197085.88,No issues
2023-06-19,Meta Ads,wedding_season_23,78737,1606,NGN,408061.54,No issues
2023-06-19,TikTok Ads,brand_always_on,78565,1612,NGN,297736.46,No issues
2023-06-19,YouTube Pre-roll,retarget_q4,16887,308,NGN,98125.23,No issues
2023-06-20,Google Ads,blackfriday24,77221,2121,NGN,836490.43,No issues
2023-06-20,Influencer,always_on,60908,1947,NGN,328111.57,No issues
2023-06-20,Meta Ads,wedding_season_23,29556,528,NGN,215150.39,No issues
2023-06-20,TikTok Ads,harmattan_drop,66306,1441,NGN,170535.96,No issues
2023-06-20,YouTube Pre-roll,harmattan_drop,25482,264,NGN,79088.2,No issues
2023-06-21,Email / CRM,showreel_push,16851,524,NGN,194208.99,No issues
2023-06-21,Google Ads,retarget_q4,81002,1693,NGN,556965.73,No issues
2023-06-21,TikTok Ads,brand_always_on,61697,1281,NGN,483408.81,No issues
2023-06-21,YouTube Pre-roll,wedding_season_23,11433,120,NGN,39288.42,No issues
2023-06-22,Email / CRM,harmattan_drop,51640,1142,NGN,246586.5,No issues
2023-06-22,Google Ads,harmattan_drop,25120,405,NGN,153864.7,No issues
2023-06-22,Influencer,brand_always_on,27466,214,NGN,30315.45,No issues
2023-06-22,TikTok Ads,always_on,43165,1172,NGN,173158.71,No issues
2023-06-22,YouTube Pre-roll,wedding_season_23,24673,515,NGN,99833.09,No issues
2023-06-23,Email / CRM,blackfriday24,70474,316,NGN,53874.95,No issues
2023-06-23,Influencer,harmattan_drop,62436,897,NGN,122437.67,No issues
2023-06-23,Meta Ads,harmattan_drop,41007,1295,NGN,333617.27,No issues
2023-06-23,TikTok Ads,wedding_season_23,56891,441,NGN,85398.22,No issues
2023-06-23,YouTube Pre-roll,lagos_nights_launch,11571,114,NGN,12600.5,No issues
2023-06-24,Email / CRM,wedding_season_24,86531,403,NGN,56173.63,No issues
2023-06-24,Influencer,harmattan_drop,24034,409,NGN,114154.18,No issues
2023-06-24,TikTok Ads,always_on,88290,758,NGN,174893.02,No issues
2023-06-24,YouTube Pre-roll,lagos_nights_launch,34075,587,NGN,174555.46,No issues
2023-06-25,Email / CRM,wedding_season_24,14176,160,NGN,13580.56,No issues
2023-06-25,Google Ads,harmattan_drop,12845,161,NGN,37769.71,No issues
2023-06-25,Influencer,blackfriday24,15614,532,NGN,95003.3,No issues
2023-06-25,Meta Ads,harmattan_drop,23245,723,NGN,251074.25,No issues
2023-06-25,TikTok Ads,harmattan_drop,49883,400,NGN,61191.37,No issues
2023-06-26,Email / CRM,wedding_season_23,58240,1621,NGN,559527.0,No issues
2023-06-26,Influencer,harmattan_drop,81979,1672,NGN,666366.58,No issues
2023-06-26,Meta Ads,lagos_nights_launch,38629,572,NGN,187473.19,No issues
2023-06-26,TikTok Ads,harmattan_drop,68956,1356,NGN,501010.49,No issues
2023-06-27,Email / CRM,retarget_q4,88924,1904,NGN,745884.27,No issues
2023-06-27,Google Ads,wedding_season_24,49940,695,NGN,263300.66,No issues
2023-06-27,Meta Ads,showreel_push,19012,242,NGN,57068.0,No issues
2023-06-27,TikTok Ads,always_on,79049,1273,NGN,248194.12,No issues
2023-06-27,YouTube Pre-roll,harmattan_drop,57164,923,NGN,337267.46,No issues
2023-06-28,Email / CRM,black_friday,81804,2609,NGN,381356.33,No issues
2023-06-28,Google Ads,harmattan_drop,18006,151,NGN,40620.89,No issues
2023-06-28,Influencer,harmattan_drop,72826,1909,NGN,172146.46,No issues
2023-06-28,Meta Ads,blackfriday24,82559,1229,NGN,490679.59,No issues
2023-06-28,TikTok Ads,showreel_push,33352,362,NGN,62122.54,No issues
2023-06-28,YouTube Pre-roll,lagos_nights_launch,85209,572,NGN,192803.58,No issues
2023-06-29,Email / CRM,wedding_season_24,60099,1619,NGN,141114.19,No issues
2023-06-29,Influencer,harmattan_drop,31572,903,NGN,187812.72,No issues
2023-06-29,Meta Ads,harmattan_drop,28528,737,NGN,120115.81,No issues
2023-06-29,TikTok Ads,black_friday,28576,724,NGN,196538.96,No issues
2023-06-30,Email / CRM,harmattan_drop,28057,924,NGN,348853.82,No issues
2023-06-30,Google Ads,retarget_q4,23483,124,NGN,31690.12,No issues
2023-06-30,Influencer,wedding_season_24,26954,721,NGN,145246.47,No issues
2023-06-30,Meta Ads,retarget_q4,62889,513,NGN,75750.45,No issues
2023-07-01,Email / CRM,harmattan_drop,21266,408,NGN,127151.13,No issues
2023-07-01,Google Ads,brand_always_on,46255,514,NGN,107909.13,No issues
2023-07-01,Meta Ads,blackfriday24,70155,1250,NGN,433393.02,No issues
2023-07-01,TikTok Ads,retarget_q4,18764,531,NGN,108308.59,No issues
2023-07-01,YouTube Pre-roll,wedding_season_23,58844,2048,NGN,748132.06,No issues
2023-07-02,Email / CRM,blackfriday24,50582,243,NGN,72379.9,No issues
2023-07-02,Influencer,harmattan_drop,47373,1434,NGN,314147.43,No issues
2023-07-02,Meta Ads,always_on,89331,1301,NGN,251345.64,No issues
2023-07-02,TikTok Ads,wedding_season_24,59714,2013,NGN,456910.5,No issues
2023-07-02,YouTube Pre-roll,harmattan_drop,67838,2272,NGN,481671.46,No issues
2023-07-03,Email / CRM,brand_always_on,59465,738,NGN,238562.8,No issues
2023-07-03,Google Ads,harmattan_drop,43213,1381,NGN,261295.26,No issues
2023-07-03,Influencer,harmattan_drop,57658,718,NGN,263343.57,No issues
2023-07-03,TikTok Ads,black_friday,13113,106,NGN,21984.81,No issues
2023-07-04,Email / CRM,blackfriday24,79996,2647,NGN,533376.08,No issues
2023-07-04,Google Ads,retarget_q4,70530,1972,NGN,280747.54,No issues
2023-07-04,Influencer,harmattan_drop,55224,1799,NGN,108245.75,No issues
2023-07-04,Meta Ads,blackfriday24,4624,129,NGN,22312.16,No issues
2023-07-04,TikTok Ads,brand_always_on,74353,1969,NGN,633225.9,No issues
2023-07-05,Meta Ads,black_friday,85831,855,NGN,355519.38,No issues
2023-07-05,TikTok Ads,retarget_q4,54989,1030,NGN,200991.62,No issues
2023-07-05,YouTube Pre-roll,black_friday,56300,972,NGN,288615.59,No issues
2023-07-06,Email / CRM,brand_always_on,72888,2038,NGN,660863.86,No issues
2023-07-06,Google Ads,harmattan_drop,36355,522,NGN,203997.23,No issues
2023-07-06,YouTube Pre-roll,black_friday,31257,746,NGN,283857.93,No issues
2023-07-07,Email / CRM,wedding_season_24,70903,1043,NGN,406122.68,No issues
2023-07-07,Google Ads,always_on,27288,328,NGN,80206.89,No issues
2023-07-07,Meta Ads,harmattan_drop,42668,835,NGN,64967.71,No issues
2023-07-07,TikTok Ads,retarget_q4,3958,32,NGN,3369.3,No issues
2023-07-07,YouTube Pre-roll,lagos_nights_launch,53500,1743,NGN,188562.99,No issues
2023-07-08,Email / CRM,harmattan_drop,62838,1241,NGN,373251.8,No issues
2023-07-08,YouTube Pre-roll,always_on,27072,658,NGN,273931.11,No issues
2023-07-09,Email / CRM,blackfriday24,79550,1671,NGN,113736.18,No issues
2023-07-09,Influencer,black_friday,66542,1133,NGN,411069.29,No issues
2023-07-09,TikTok Ads,harmattan_drop,79148,1013,NGN,104438.72,No issues
2023-07-09,YouTube Pre-roll,brand_always_on,57872,919,NGN,112663.45,No issues
2023-07-10,Google Ads,harmattan_drop,35812,844,NGN,330667.96,No issues
2023-07-10,Influencer,always_on,47000,549,NGN,172860.53,No issues
2023-07-10,TikTok Ads,retarget_q4,30559,338,NGN,92131.77,No issues
2023-07-10,YouTube Pre-roll,blackfriday24,54951,803,NGN,70757.89,No issues
2023-07-11,Email / CRM,black_friday,39777,159,NGN,52683.15,No issues
2023-07-11,YouTube Pre-roll,blackfriday24,26016,738,NGN,128485.96,No issues
2023-07-12,Email / CRM,retarget_q4,49623,1148,NGN,124367.8,No issues
2023-07-12,Google Ads,blackfriday24,15828,455,NGN,136246.82,No issues
2023-07-12,Meta Ads,harmattan_drop,35345,782,NGN,127821.64,No issues
2023-07-12,YouTube Pre-roll,brand_always_on,65122,1154,NGN,419164.83,No issues
2023-07-13,Google Ads,harmattan_drop,81962,1590,NGN,206256.61,No issues
2023-07-13,Influencer,brand_always_on,20163,174,NGN,19355.55,No issues
2023-07-13,TikTok Ads,retarget_q4,52769,864,NGN,215569.47,No issues
2023-07-13,YouTube Pre-roll,harmattan_drop,83644,1031,NGN,77530.83,No issues
2023-07-15,Influencer,lagos_nights_launch,15996,119,NGN,22055.98,No issues
2023-07-15,Meta Ads,wedding_season_23,47239,847,NGN,256221.7,No issues
2023-07-15,YouTube Pre-roll,blackfriday24,47626,763,NGN,113689.57,No issues
2023-07-16,Email / CRM,harmattan_drop,16920,204,NGN,83329.0,No issues
2023-07-16,Meta Ads,brand_always_on,54391,1151,NGN,415426.11,No issues
2023-07-16,YouTube Pre-roll,blackfriday24,77916,477,NGN,84890.39,No issues
2023-07-17,Email / CRM,wedding_season_24,25006,188,NGN,44826.32,No issues
2023-07-17,Google Ads,lagos_nights_launch,6791,86,NGN,13265.73,No issues
2023-07-17,Meta Ads,harmattan_drop,16508,396,NGN,85374.24,No issues
2023-07-17,YouTube Pre-roll,wedding_season_23,82704,2720,NGN,272816.61,No issues
2023-07-18,Google Ads,showreel_push,77660,587,NGN,173824.33,No issues
2023-07-18,Influencer,wedding_season_24,49030,976,NGN,152309.63,No issues
2023-07-18,TikTok Ads,retarget_q4,6160,100,NGN,13454.57,No issues
2023-07-18,YouTube Pre-roll,wedding_season_24,82586,670,NGN,260303.12,No issues
2023-07-19,Email / CRM,retarget_q4,78864,2116,NGN,830694.88,No issues
2023-07-19,Google Ads,retarget_q4,22815,734,NGN,97740.92,No issues
2023-07-19,Influencer,retarget_q4,64436,796,NGN,249500.8,No issues
2023-07-19,TikTok Ads,lagos_nights_launch,21621,372,NGN,25826.65,No issues
2023-07-19,YouTube Pre-roll,showreel_push,56467,1776,NGN,167092.13,No issues
2023-07-20,Google Ads,harmattan_drop,29237,159,NGN,65344.23,No issues
2023-07-20,YouTube Pre-roll,showreel_push,12074,348,NGN,114435.93,No issues
2023-07-21,Email / CRM,harmattan_drop,17773,236,NGN,16862.43,No issues
2023-07-21,Google Ads,wedding_season_24,85121,2613,NGN,780994.69,No issues
2023-07-21,Meta Ads,wedding_season_23,65782,1760,NGN,463426.14,No issues
2023-07-21,TikTok Ads,always_on,74515,523,NGN,132450.0,No issues
2023-07-22,Email / CRM,showreel_push,4560,63,NGN,22361.43,No issues
2023-07-22,Google Ads,wedding_season_24,26228,116,NGN,10541.49,No issues
2023-07-22,TikTok Ads,always_on,66737,2205,NGN,782115.11,No issues
2023-07-22,YouTube Pre-roll,wedding_season_24,37042,927,NGN,214346.23,No issues
2023-07-23,Email / CRM,showreel_push,65058,1418,NGN,492047.16,No issues
2023-07-23,Google Ads,retarget_q4,50561,1285,NGN,146285.14,No issues
2023-07-23,Influencer,harmattan_drop,51454,1086,NGN,84311.28,No issues
2023-07-23,Meta Ads,lagos_nights_launch,86329,2551,NGN,472998.44,No issues
2023-07-23,YouTube Pre-roll,retarget_q4,83740,2508,NGN,983973.0,No issues
2023-07-24,Email / CRM,brand_always_on,11614,265,NGN,17233.12,No issues
2023-07-24,Google Ads,always_on,31728,748,NGN,130467.92,No issues
2023-07-24,Influencer,harmattan_drop,11544,110,NGN,27358.21,No issues
2023-07-24,Meta Ads,showreel_push,3079,61,NGN,24135.01,No issues
2023-07-25,Email / CRM,harmattan_drop,75240,1373,NGN,480550.95,No issues
2023-07-25,Google Ads,blackfriday24,16859,362,NGN,113680.31,No issues
2023-07-25,Influencer,harmattan_drop,50782,464,NGN,115271.68,No issues
2023-07-25,Meta Ads,retarget_q4,60403,1390,NGN,96654.0,No issues
2023-07-25,TikTok Ads,showreel_push,74640,1587,NGN,148423.84,No issues
2023-07-25,YouTube Pre-roll,harmattan_drop,10358,56,NGN,3440.57,No issues
2023-07-26,Email / CRM,brand_always_on,85596,2799,NGN,222730.78,No issues
2023-07-26,Google Ads,always_on,3343,32,NGN,11894.98,No issues
2023-07-26,Influencer,showreel_push,31927,350,NGN,74107.43,No issues
2023-07-26,Meta Ads,retarget_q4,13963,328,NGN,121524.03,No issues
2023-07-26,TikTok Ads,always_on,30944,380,NGN,101788.0,No issues
2023-07-27,Email / CRM,lagos_nights_launch,17825,562,NGN,183497.39,No issues
2023-07-27,Influencer,harmattan_drop,50251,717,NGN,214995.73,No issues
2023-07-27,Meta Ads,harmattan_drop,66519,315,NGN,83098.44,No issues
2023-07-27,TikTok Ads,black_friday,4630,100,NGN,30869.45,No issues
2023-07-27,YouTube Pre-roll,lagos_nights_launch,89543,2004,NGN,413458.98,No issues
2023-07-28,Email / CRM,blackfriday24,32263,264,NGN,30472.25,No issues
2023-07-28,Google Ads,blackfriday24,19984,143,NGN,41989.35,No issues
2023-07-28,Influencer,black_friday,10019,248,NGN,78945.69,No issues
2023-07-28,Meta Ads,brand_always_on,73857,785,NGN,134321.86,No issues
2023-07-28,TikTok Ads,retarget_q4,28634,317,NGN,45232.95,No issues
2023-07-28,YouTube Pre-roll,showreel_push,41063,254,NGN,74985.09,No issues
2023-07-29,Email / CRM,retarget_q4,79248,1764,NGN,212155.35,No issues
2023-07-29,Google Ads,harmattan_drop,88801,814,NGN,282315.44,No issues
2023-07-29,Influencer,retarget_q4,53704,1514,NGN,276382.19,No issues
2023-07-29,Meta Ads,lagos_nights_launch,69685,1173,NGN,144837.68,No issues
2023-07-30,Email / CRM,black_friday,20236,211,NGN,69232.73,No issues
2023-07-30,Google Ads,wedding_season_23,49576,1283,NGN,253269.24,No issues
2023-07-30,Meta Ads,retarget_q4,9428,92,NGN,16605.41,No issues
2023-07-30,TikTok Ads,harmattan_drop,42414,404,NGN,58624.34,No issues
2023-07-30,YouTube Pre-roll,retarget_q4,47037,1271,NGN,488027.77,No issues
2023-07-31,Google Ads,always_on,82721,2527,NGN,377608.02,No issues
2023-07-31,Influencer,wedding_season_24,19850,144,NGN,10687.56,No issues
2023-07-31,Meta Ads,lagos_nights_launch,48479,1385,NGN,197262.64,No issues
2023-07-31,TikTok Ads,harmattan_drop,51304,1761,NGN,673778.13,No issues
2023-07-31,YouTube Pre-roll,blackfriday24,67772,2231,NGN,350545.6,No issues
2023-08-01,Google Ads,harmattan_drop,30205,666,NGN,172362.74,No issues
2023-08-01,Meta Ads,harmattan_drop,75055,1434,NGN,509494.3,No issues
2023-08-01,YouTube Pre-roll,wedding_season_23,39034,309,NGN,55152.29,No issues
2023-08-02,Email / CRM,wedding_season_24,82827,1878,NGN,211963.7,No issues
2023-08-02,Influencer,harmattan_drop,57352,1823,NGN,640587.92,No issues
2023-08-02,Meta Ads,harmattan_drop,34977,967,NGN,59054.76,No issues
2023-08-02,YouTube Pre-roll,always_on,48234,1317,NGN,461499.91,No issues
2023-08-03,Email / CRM,blackfriday24,20957,132,NGN,9407.78,No issues
2023-08-03,Influencer,harmattan_drop,21740,646,NGN,179462.01,No issues
2023-08-03,Meta Ads,retarget_q4,48823,199,NGN,27051.53,No issues
2023-08-03,TikTok Ads,showreel_push,11424,176,NGN,32155.65,No issues
2023-08-03,YouTube Pre-roll,harmattan_drop,5288,73,NGN,27133.31,No issues
2023-08-04,Email / CRM,always_on,84973,1753,NGN,342134.55,No issues
2023-08-04,Google Ads,harmattan_drop,27642,840,NGN,158729.16,No issues
2023-08-04,Influencer,harmattan_drop,27816,806,NGN,170461.79,No issues
2023-08-04,TikTok Ads,retarget_q4,27606,193,NGN,51957.27,No issues
2023-08-04,YouTube Pre-roll,wedding_season_24,28090,811,NGN,209084.14,No issues
2023-08-05,Google Ads,harmattan_drop,33399,766,NGN,160423.89,No issues
2023-08-05,Influencer,harmattan_drop,51385,1102,NGN,173989.4,No issues
2023-08-05,YouTube Pre-roll,wedding_season_23,23345,794,NGN,308170.57,No issues
2023-08-06,Email / CRM,lagos_nights_launch,76100,2433,NGN,928103.5,No issues
2023-08-06,Google Ads,always_on,5412,186,NGN,20487.82,No issues
2023-08-06,Influencer,lagos_nights_launch,42393,478,NGN,35008.55,No issues
2023-08-06,TikTok Ads,wedding_season_24,81296,869,NGN,214233.36,No issues
2023-08-07,Email / CRM,retarget_q4,31963,855,NGN,228614.93,No issues
2023-08-07,Google Ads,brand_always_on,19528,659,NGN,191745.7,No issues
2023-08-07,Influencer,harmattan_drop,6121,41,NGN,8400.04,No issues
2023-08-07,Meta Ads,lagos_nights_launch,77677,1034,NGN,300152.39,No issues
2023-08-07,TikTok Ads,blackfriday24,16174,84,NGN,14097.04,No issues
2023-08-07,YouTube Pre-roll,harmattan_drop,20079,442,NGN,71738.77,No issues
2023-08-08,Email / CRM,black_friday,72227,1574,NGN,518336.37,No issues
2023-08-08,Google Ads,always_on,27882,651,NGN,149473.04,No issues
2023-08-08,Influencer,black_friday,56947,807,NGN,103578.5,No issues
2023-08-08,TikTok Ads,lagos_nights_launch,86349,2080,NGN,676417.63,No issues
2023-08-08,YouTube Pre-roll,harmattan_drop,6465,144,NGN,10104.35,No issues
2023-08-09,Email / CRM,brand_always_on,39015,712,NGN,169899.99,No issues
2023-08-09,Google Ads,retarget_q4,33904,223,NGN,91243.34,No issues
2023-08-09,Influencer,retarget_q4,60193,775,NGN,172724.2,No issues
2023-08-09,TikTok Ads,harmattan_drop,43551,1355,NGN,317406.16,No issues
2023-08-09,YouTube Pre-roll,retarget_q4,44006,468,NGN,29858.78,No issues
2023-08-10,Email / CRM,retarget_q4,70024,1177,NGN,98887.81,No issues
2023-08-10,Google Ads,wedding_season_24,51767,689,NGN,229788.55,No issues
2023-08-10,Influencer,black_friday,86293,928,NGN,68091.37,No issues
2023-08-10,YouTube Pre-roll,showreel_push,74908,346,NGN,24174.87,No issues
2023-08-11,Email / CRM,retarget_q4,78100,662,NGN,197232.84,No issues
2023-08-11,Google Ads,harmattan_drop,42304,964,NGN,383213.51,No issues
2023-08-11,Influencer,harmattan_drop,69750,1837,NGN,136480.76,No issues
2023-08-11,Meta Ads,blackfriday24,41532,220,NGN,55036.58,No issues
2023-08-11,TikTok Ads,lagos_nights_launch,50287,1056,NGN,425036.48,No issues
2023-08-11,YouTube Pre-roll,harmattan_drop,34471,370,NGN,115163.62,No issues
2023-08-12,Google Ads,retarget_q4,77516,985,NGN,345100.86,No issues
2023-08-12,Influencer,harmattan_drop,5122,160,NGN,30210.76,No issues
2023-08-12,TikTok Ads,black_friday,62959,2188,NGN,818687.88,No issues
2023-08-12,YouTube Pre-roll,retarget_q4,35894,290,NGN,118401.43,No issues
2023-08-13,Email / CRM,harmattan_drop,87670,1175,NGN,280308.25,No issues
2023-08-13,Google Ads,black_friday,8836,64,NGN,4214.1,No issues
2023-08-13,Influencer,wedding_season_24,35796,1247,NGN,227184.54,No issues
2023-08-13,Meta Ads,wedding_season_24,85649,2361,NGN,408606.34,No issues
2023-08-13,YouTube Pre-roll,harmattan_drop,7607,220,NGN,38496.69,No issues
2023-08-14,Email / CRM,harmattan_drop,5951,104,NGN,42660.09,No issues
2023-08-14,Google Ads,lagos_nights_launch,64704,2242,NGN,868627.78,No issues
2023-08-14,Influencer,blackfriday24,47170,409,NGN,73510.32,No issues
2023-08-14,Meta Ads,lagos_nights_launch,79736,2277,NGN,694362.07,No issues
2023-08-14,TikTok Ads,blackfriday24,47720,532,NGN,193869.76,No issues
2023-08-14,YouTube Pre-roll,lagos_nights_launch,41204,256,NGN,69852.46,No issues
2023-08-15,Email / CRM,lagos_nights_launch,61400,1132,NGN,164691.83,No issues
2023-08-15,Google Ads,wedding_season_24,47962,969,NGN,80334.66,No issues
2023-08-15,Influencer,brand_always_on,69430,1528,NGN,473182.12,No issues
2023-08-15,Meta Ads,brand_always_on,10752,341,NGN,89637.77,No issues
2023-08-15,TikTok Ads,harmattan_drop,26138,141,NGN,48417.2,No issues
2023-08-15,YouTube Pre-roll,always_on,14882,483,NGN,114148.86,No issues
2023-08-16,Email / CRM,harmattan_drop,86298,1429,NGN,464064.89,No issues
2023-08-16,Meta Ads,retarget_q4,49295,767,NGN,312811.39,No issues
2023-08-16,TikTok Ads,retarget_q4,21537,503,NGN,131216.11,No issues
2023-08-16,YouTube Pre-roll,harmattan_drop,10156,205,NGN,51636.96,No issues
2023-08-17,Google Ads,retarget_q4,88725,2142,NGN,245569.89,No issues
2023-08-17,Meta Ads,retarget_q4,50990,1356,NGN,445537.64,No issues
2023-08-17,TikTok Ads,showreel_push,9564,175,NGN,73303.28,No issues
2023-08-17,YouTube Pre-roll,harmattan_drop,33581,722,NGN,199310.81,No issues
2023-08-18,Google Ads,showreel_push,27253,859,NGN,152548.59,No issues
2023-08-18,Meta Ads,lagos_nights_launch,59028,1663,NGN,611421.0,No issues
2023-08-18,TikTok Ads,wedding_season_23,33981,1037,NGN,291860.27,No issues
2023-08-18,YouTube Pre-roll,lagos_nights_launch,7224,101,NGN,6520.59,No issues
2023-08-19,Email / CRM,always_on,62937,363,NGN,131658.17,No issues
2023-08-19,Meta Ads,wedding_season_23,46510,259,NGN,88887.28,No issues
2023-08-19,TikTok Ads,blackfriday24,63207,269,NGN,85326.54,No issues
2023-08-19,YouTube Pre-roll,black_friday,49564,1229,NGN,329265.56,No issues
2023-08-20,Influencer,blackfriday24,62421,1496,NGN,149641.79,No issues
2023-08-20,Meta Ads,always_on,84104,659,NGN,117635.81,No issues
2023-08-20,TikTok Ads,lagos_nights_launch,47580,1540,NGN,464384.33,No issues
2023-08-20,YouTube Pre-roll,harmattan_drop,12566,164,NGN,13369.16,No issues
2023-08-21,Email / CRM,brand_always_on,22826,524,NGN,127931.69,No issues
2023-08-21,Google Ads,wedding_season_23,5097,134,NGN,24769.21,No issues
2023-08-21,Influencer,harmattan_drop,64793,1749,NGN,376074.07,No issues
2023-08-21,TikTok Ads,black_friday,54025,304,NGN,111168.01,No issues
2023-08-21,YouTube Pre-roll,harmattan_drop,14239,129,NGN,27503.8,No issues
2023-08-22,Email / CRM,blackfriday24,29073,1002,NGN,239085.89,No issues
2023-08-22,Google Ads,harmattan_drop,40666,1074,NGN,360697.19,No issues
2023-08-22,Influencer,black_friday,49612,386,NGN,160492.59,No issues
2023-08-22,Meta Ads,blackfriday24,21924,210,NGN,85800.18,No issues
2023-08-23,Google Ads,harmattan_drop,40637,1303,NGN,451217.83,No issues
2023-08-23,Influencer,lagos_nights_launch,17024,308,NGN,124504.98,No issues
2023-08-23,Meta Ads,harmattan_drop,21168,150,NGN,16991.55,No issues
2023-08-23,TikTok Ads,brand_always_on,63036,1428,NGN,103208.84,No issues
2023-08-23,YouTube Pre-roll,blackfriday24,29315,766,NGN,152113.26,No issues
2023-08-24,Email / CRM,retarget_q4,89514,1861,NGN,732268.39,No issues
2023-08-24,Google Ads,retarget_q4,62107,2076,NGN,500620.58,No issues
2023-08-24,Influencer,retarget_q4,5578,175,NGN,25208.12,No issues
2023-08-24,Meta Ads,brand_always_on,73566,1599,NGN,205270.2,No issues
2023-08-24,TikTok Ads,retarget_q4,65921,2080,NGN,460591.51,No issues
2023-08-24,YouTube Pre-roll,harmattan_drop,27465,771,NGN,133902.08,No issues
2023-08-25,Google Ads,black_friday,65606,2237,NGN,216641.69,No issues
2023-08-25,Influencer,wedding_season_23,42744,797,NGN,55850.65,No issues
2023-08-25,Meta Ads,harmattan_drop,82559,1782,NGN,117932.75,No issues
2023-08-25,TikTok Ads,wedding_season_24,37330,1108,NGN,419590.22,No issues
2023-08-25,YouTube Pre-roll,blackfriday24,43896,1384,NGN,160299.01,No issues
2023-08-26,Email / CRM,harmattan_drop,26419,372,NGN,118915.42,No issues
2023-08-26,Google Ads,showreel_push,59755,1698,NGN,187030.52,No issues
2023-08-26,Meta Ads,retarget_q4,53078,1387,NGN,281600.55,No issues
2023-08-27,Google Ads,wedding_season_24,78851,1263,NGN,355668.65,No issues
2023-08-27,Influencer,black_friday,87544,838,NGN,230257.86,No issues
2023-08-27,Meta Ads,harmattan_drop,88952,616,NGN,168180.78,No issues
2023-08-27,YouTube Pre-roll,wedding_season_24,58545,2033,NGN,132512.05,No issues
2023-08-28,Email / CRM,retarget_q4,79167,370,NGN,118386.76,No issues
2023-08-28,Google Ads,retarget_q4,47535,1491,NGN,200799.94,No issues
2023-08-28,Influencer,lagos_nights_launch,6101,185,NGN,24144.5,No issues
2023-08-28,TikTok Ads,blackfriday24,53188,772,NGN,92829.48,No issues
2023-08-28,YouTube Pre-roll,black_friday,87858,925,NGN,74181.1,No issues
2023-08-29,Email / CRM,brand_always_on,85443,804,NGN,109739.78,No issues
2023-08-29,Google Ads,black_friday,24325,470,NGN,125842.71,No issues
2023-08-29,Meta Ads,wedding_season_24,78251,2249,NGN,446054.22,No issues
2023-08-30,Google Ads,retarget_q4,40468,512,NGN,209183.05,No issues
2023-08-30,Influencer,always_on,80108,2065,NGN,797291.46,No issues
2023-08-30,YouTube Pre-roll,lagos_nights_launch,26107,221,NGN,88632.6,No issues
2023-08-31,Google Ads,black_friday,45827,765,NGN,256087.27,No issues
2023-08-31,Influencer,retarget_q4,78073,1447,NGN,566775.1,No issues
2023-08-31,Meta Ads,lagos_nights_launch,64682,1805,NGN,424332.52,No issues
2023-08-31,TikTok Ads,harmattan_drop,16899,205,NGN,54244.99,No issues
2023-08-31,YouTube Pre-roll,harmattan_drop,12485,329,NGN,112100.4,No issues
2023-09-01,Influencer,wedding_season_24,11296,85,NGN,16187.48,No issues
2023-09-01,Meta Ads,black_friday,40439,1281,NGN,263793.76,No issues
2023-09-01,TikTok Ads,retarget_q4,38569,301,NGN,106645.23,No issues
2023-09-01,YouTube Pre-roll,harmattan_drop,73104,1694,NGN,323252.0,No issues
2023-09-02,Email / CRM,retarget_q4,15052,385,NGN,85092.09,No issues
2023-09-02,Google Ads,always_on,57463,956,NGN,179833.56,No issues
2023-09-02,Meta Ads,black_friday,87328,925,NGN,181140.9,No issues
2023-09-03,Google Ads,harmattan_drop,13831,277,NGN,102107.51,No issues
2023-09-03,Influencer,harmattan_drop,48596,222,NGN,69939.61,No issues
2023-09-03,Meta Ads,blackfriday24,74161,1728,NGN,671147.52,No issues
2023-09-03,TikTok Ads,always_on,61265,1527,NGN,459327.91,No issues
2023-09-03,YouTube Pre-roll,harmattan_drop,84872,2890,NGN,665297.86,No issues
2023-09-04,Email / CRM,blackfriday24,34102,845,NGN,140546.26,No issues
2023-09-04,Influencer,black_friday,84068,749,NGN,150423.45,No issues
2023-09-04,TikTok Ads,wedding_season_24,25741,846,NGN,88775.12,No issues
2023-09-05,Influencer,always_on,41946,532,NGN,40216.34,No issues
2023-09-05,Meta Ads,retarget_q4,84936,1703,NGN,648116.42,No issues
2023-09-05,YouTube Pre-roll,brand_always_on,74118,2218,NGN,432708.24,No issues
2023-09-06,Email / CRM,always_on,61302,453,NGN,30421.18,No issues
2023-09-06,Google Ads,showreel_push,52589,639,NGN,222961.81,No issues
2023-09-06,Influencer,black_friday,61467,1703,NGN,552649.06,No issues
2023-09-06,Meta Ads,always_on,15642,231,NGN,94323.4,No issues
2023-09-06,TikTok Ads,harmattan_drop,37939,1066,NGN,303743.77,No issues
2023-09-07,TikTok Ads,brand_always_on,43837,660,NGN,242963.64,No issues
2023-09-07,YouTube Pre-roll,harmattan_drop,59833,1976,NGN,286413.45,No issues
2023-09-08,Influencer,retarget_q4,23615,683,NGN,151742.31,No issues
2023-09-08,Meta Ads,harmattan_drop,23819,403,NGN,120864.82,No issues
2023-09-08,YouTube Pre-roll,retarget_q4,5561,121,NGN,39776.05,No issues
2023-09-09,Email / CRM,brand_always_on,29644,270,NGN,41796.79,No issues
2023-09-09,Google Ads,retarget_q4,41341,1308,NGN,507710.64,No issues
2023-09-09,Influencer,brand_always_on,5590,154,NGN,54981.71,No issues
2023-09-09,Meta Ads,harmattan_drop,78026,1083,NGN,209083.11,No issues
2023-09-09,YouTube Pre-roll,wedding_season_24,69371,1129,NGN,136553.43,No issues
2023-09-10,Email / CRM,always_on,22090,165,NGN,30058.45,No issues
2023-09-10,Influencer,lagos_nights_launch,69812,704,NGN,94354.81,No issues
2023-09-10,Meta Ads,lagos_nights_launch,15616,184,NGN,21603.1,No issues
2023-09-10,YouTube Pre-roll,harmattan_drop,40682,761,NGN,260539.94,No issues
2023-09-11,Email / CRM,harmattan_drop,67011,728,NGN,291499.24,No issues
2023-09-11,Google Ads,wedding_season_23,89028,906,NGN,251092.38,No issues
2023-09-11,Influencer,always_on,11957,131,NGN,27254.69,No issues
2023-09-11,Meta Ads,lagos_nights_launch,69594,2046,NGN,204612.03,No issues
2023-09-11,TikTok Ads,retarget_q4,63790,1731,NGN,468387.26,No issues
2023-09-11,YouTube Pre-roll,harmattan_drop,34036,1069,NGN,84897.83,No issues
2023-09-12,Email / CRM,wedding_season_23,45109,590,NGN,52718.63,No issues
2023-09-12,Google Ads,retarget_q4,76620,2447,NGN,758020.65,No issues
2023-09-12,Influencer,blackfriday24,73369,355,NGN,97034.22,No issues
2023-09-12,TikTok Ads,wedding_season_24,52951,1736,NGN,217387.53,No issues
2023-09-12,YouTube Pre-roll,black_friday,27821,659,NGN,175292.03,No issues
2023-09-13,Email / CRM,wedding_season_23,88293,795,NGN,236373.51,No issues
2023-09-13,Google Ads,wedding_season_24,4511,92,NGN,24242.7,No issues
2023-09-13,Influencer,always_on,78841,501,NGN,74933.01,No issues
2023-09-13,Meta Ads,black_friday,3200,16,NGN,1931.19,No issues
2023-09-13,YouTube Pre-roll,harmattan_drop,25567,705,NGN,284793.17,No issues
2023-09-14,Email / CRM,retarget_q4,8054,93,NGN,21234.19,No issues
2023-09-14,Google Ads,harmattan_drop,89051,2233,NGN,183207.77,No issues
2023-09-14,Meta Ads,black_friday,82472,1590,NGN,538495.07,No issues
2023-09-14,TikTok Ads,always_on,80079,1572,NGN,589067.24,No issues
2023-09-14,YouTube Pre-roll,harmattan_drop,53293,516,NGN,125347.41,No issues
2023-09-15,Google Ads,harmattan_drop,62496,1753,NGN,487453.38,No issues
2023-09-15,Meta Ads,retarget_q4,44531,1083,NGN,206089.43,No issues
2023-09-15,TikTok Ads,retarget_q4,34966,706,NGN,55610.73,No issues
2023-09-15,YouTube Pre-roll,wedding_season_24,21838,699,NGN,238569.45,No issues
2023-09-16,Google Ads,wedding_season_23,76414,1593,NGN,391254.28,No issues
2023-09-16,Influencer,blackfriday24,83771,2152,NGN,426763.03,No issues
2023-09-16,Meta Ads,retarget_q4,58649,1412,NGN,473622.16,No issues
2023-09-16,TikTok Ads,always_on,68947,598,NGN,44099.67,No issues
2023-09-16,YouTube Pre-roll,harmattan_drop,61930,1298,NGN,409009.39,No issues
2023-09-17,Email / CRM,wedding_season_23,85132,2303,NGN,842038.89,No issues
2023-09-17,Influencer,lagos_nights_launch,20234,606,NGN,165775.16,No issues
2023-09-17,Meta Ads,brand_always_on,80054,1672,NGN,596815.2,No issues
2023-09-17,YouTube Pre-roll,always_on,36587,1241,NGN,110268.34,No issues
2023-09-18,Email / CRM,blackfriday24,36813,546,NGN,35203.97,No issues
2023-09-18,Google Ads,black_friday,39361,570,NGN,110518.67,No issues
2023-09-18,Influencer,retarget_q4,72267,2200,NGN,715228.21,No issues
2023-09-18,Meta Ads,harmattan_drop,64924,352,NGN,127050.28,No issues
2023-09-18,TikTok Ads,harmattan_drop,66436,937,NGN,387595.7,No issues
2023-09-18,YouTube Pre-roll,showreel_push,46257,579,NGN,133127.15,No issues
2023-09-19,Google Ads,wedding_season_23,51492,1579,NGN,238879.65,No issues
2023-09-19,Influencer,retarget_q4,15788,423,NGN,38324.24,No issues
2023-09-19,TikTok Ads,black_friday,34602,839,NGN,253710.87,No issues
2023-09-19,YouTube Pre-roll,retarget_q4,77963,2568,NGN,870517.98,No issues
2023-09-20,Influencer,harmattan_drop,16111,258,NGN,61427.6,No issues
2023-09-20,YouTube Pre-roll,retarget_q4,63287,1780,NGN,299128.44,No issues
2023-09-21,Google Ads,wedding_season_24,53819,422,NGN,38637.86,No issues
2023-09-21,Influencer,retarget_q4,66830,406,NGN,28959.32,No issues
2023-09-21,Meta Ads,wedding_season_23,50477,743,NGN,145282.95,No issues
2023-09-21,TikTok Ads,retarget_q4,64246,1287,NGN,252074.02,No issues
2023-09-22,Email / CRM,blackfriday24,83600,2369,NGN,809071.88,No issues
2023-09-22,Google Ads,harmattan_drop,81623,2734,NGN,1093553.18,No issues
2023-09-22,Influencer,brand_always_on,15201,256,NGN,73795.66,No issues
2023-09-22,Meta Ads,always_on,87287,1914,NGN,475708.06,No issues
2023-09-22,TikTok Ads,retarget_q4,62539,1899,NGN,483311.78,No issues
2023-09-22,YouTube Pre-roll,brand_always_on,40188,793,NGN,293631.6,No issues
2023-09-23,Email / CRM,black_friday,26698,334,NGN,76193.55,No issues
2023-09-23,Google Ads,wedding_season_24,81505,904,NGN,330157.77,No issues
2023-09-23,Meta Ads,blackfriday24,57320,654,NGN,177499.03,No issues
2023-09-23,TikTok Ads,brand_always_on,71336,1562,NGN,138381.96,No issues
2023-09-23,YouTube Pre-roll,wedding_season_24,83750,2782,NGN,1137840.6,No issues
2023-09-24,Email / CRM,always_on,66535,1965,NGN,563198.54,No issues
2023-09-24,Meta Ads,lagos_nights_launch,33136,584,NGN,174429.88,No issues
2023-09-25,Email / CRM,retarget_q4,67656,2267,NGN,877839.83,No issues
2023-09-25,Google Ads,wedding_season_23,79659,1827,NGN,711455.96,No issues
2023-09-25,Meta Ads,retarget_q4,80751,2159,NGN,523457.24,No issues
2023-09-25,YouTube Pre-roll,showreel_push,63372,1295,NGN,127247.33,No issues
2023-09-26,Email / CRM,harmattan_drop,60739,452,NGN,179850.71,No issues
2023-09-26,Google Ads,wedding_season_24,55357,1114,NGN,193991.32,No issues
2023-09-26,Influencer,always_on,80767,1248,NGN,205183.34,No issues
2023-09-26,TikTok Ads,retarget_q4,20718,521,NGN,113121.05,No issues
2023-09-27,Google Ads,harmattan_drop,35109,469,NGN,35202.38,No issues
2023-09-27,Influencer,wedding_season_23,75659,810,NGN,161261.09,No issues
2023-09-27,Meta Ads,harmattan_drop,62397,2070,NGN,436097.19,No issues
2023-09-27,TikTok Ads,showreel_push,84308,368,NGN,74491.99,No issues
2023-09-27,YouTube Pre-roll,harmattan_drop,37055,619,NGN,223215.94,No issues
2023-09-28,Email / CRM,harmattan_drop,67862,1846,NGN,560204.29,No issues
2023-09-28,Google Ads,retarget_q4,86983,3019,NGN,684763.71,No issues
2023-09-28,Influencer,harmattan_drop,49429,965,NGN,220803.47,No issues
2023-09-28,Meta Ads,showreel_push,84810,1149,NGN,300638.89,No issues
2023-09-28,YouTube Pre-roll,brand_always_on,14658,159,NGN,28662.51,No issues
2023-09-29,Email / CRM,harmattan_drop,64944,539,NGN,116306.53,No issues
2023-09-29,Google Ads,lagos_nights_launch,45320,849,NGN,140996.27,No issues
2023-09-29,Influencer,retarget_q4,30424,746,NGN,58353.69,No issues
2023-09-29,Meta Ads,lagos_nights_launch,54102,482,NGN,74809.93,No issues
2023-09-29,YouTube Pre-roll,lagos_nights_launch,22233,773,NGN,131100.16,No issues
2023-09-30,Google Ads,black_friday,39637,427,NGN,170579.53,No issues
2023-09-30,Influencer,harmattan_drop,12273,279,NGN,26581.92,No issues
2023-09-30,Meta Ads,black_friday,15713,450,NGN,185389.1,No issues
2023-09-30,YouTube Pre-roll,showreel_push,36295,586,NGN,167274.18,No issues
2023-10-01,Google Ads,harmattan_drop,25639,566,NGN,139999.88,No issues
2023-10-01,Meta Ads,blackfriday24,4546,22,NGN,4861.91,No issues
2023-10-01,YouTube Pre-roll,harmattan_drop,41364,171,NGN,27440.2,No issues
2023-10-02,Influencer,showreel_push,71476,1944,NGN,677656.21,No issues
2023-10-02,TikTok Ads,blackfriday24,46274,1007,NGN,143025.96,No issues
2023-10-02,YouTube Pre-roll,retarget_q4,72298,1827,NGN,263192.12,No issues
2023-10-03,Email / CRM,lagos_nights_launch,65942,1409,NGN,510536.73,No issues
2023-10-03,Google Ads,retarget_q4,66530,1451,NGN,351722.02,No issues
2023-10-03,Influencer,harmattan_drop,12045,271,NGN,35858.13,No issues
2023-10-03,TikTok Ads,black_friday,48782,938,NGN,136507.6,No issues
2023-10-04,Email / CRM,wedding_season_23,16492,351,NGN,110517.58,No issues
2023-10-04,Google Ads,harmattan_drop,24342,359,NGN,148900.71,No issues
2023-10-04,Influencer,harmattan_drop,62484,630,NGN,137333.71,No issues
2023-10-04,Meta Ads,lagos_nights_launch,30198,945,NGN,365190.97,No issues
2023-10-05,Email / CRM,retarget_q4,42613,729,NGN,173476.76,No issues
2023-10-05,Meta Ads,black_friday,11160,370,NGN,68054.27,No issues
2023-10-05,TikTok Ads,wedding_season_24,15753,209,NGN,42767.86,No issues
2023-10-05,YouTube Pre-roll,harmattan_drop,82622,2322,NGN,368200.43,No issues
2023-10-06,Email / CRM,wedding_season_23,22406,153,NGN,32797.83,No issues
2023-10-06,Google Ads,always_on,33799,728,NGN,68689.1,No issues
2023-10-06,TikTok Ads,blackfriday24,42218,1008,NGN,154458.36,No issues
2023-10-07,Email / CRM,retarget_q4,43894,720,NGN,85645.42,No issues
2023-10-07,Google Ads,brand_always_on,60702,1177,NGN,118825.42,No issues
2023-10-07,Meta Ads,always_on,34924,1126,NGN,90216.84,No issues
2023-10-07,TikTok Ads,harmattan_drop,3121,58,NGN,8421.08,No issues
2023-10-07,YouTube Pre-roll,blackfriday24,75788,1758,NGN,571746.35,No issues
2023-10-08,Email / CRM,retarget_q4,88178,1855,NGN,409983.61,No issues
2023-10-08,Google Ads,harmattan_drop,29900,533,NGN,104856.82,No issues
2023-10-08,Influencer,brand_always_on,38516,181,NGN,53825.24,No issues
2023-10-08,Meta Ads,retarget_q4,20346,451,NGN,99485.86,No issues
2023-10-08,TikTok Ads,retarget_q4,52612,696,NGN,231862.89,No issues
2023-10-08,YouTube Pre-roll,black_friday,43824,825,NGN,283137.91,No issues
2023-10-09,Email / CRM,wedding_season_23,33501,467,NGN,187771.45,No issues
2023-10-09,Google Ads,harmattan_drop,17323,276,NGN,66279.93,No issues
2023-10-09,Influencer,harmattan_drop,69473,1553,NGN,151850.05,No issues
2023-10-09,Meta Ads,wedding_season_23,10291,171,NGN,55806.09,No issues
2023-10-09,TikTok Ads,retarget_q4,88455,2799,NGN,385458.22,No issues
2023-10-09,YouTube Pre-roll,showreel_push,74979,1852,NGN,625726.81,No issues
2023-10-10,Email / CRM,harmattan_drop,48608,1606,NGN,673853.44,No issues
2023-10-10,Google Ads,always_on,42887,935,NGN,320278.96,No issues
2023-10-10,Influencer,retarget_q4,47680,1100,NGN,80260.44,No issues
2023-10-10,TikTok Ads,showreel_push,74344,860,NGN,243542.65,No issues
2023-10-11,Email / CRM,showreel_push,24816,574,NGN,141504.22,No issues
2023-10-11,Google Ads,blackfriday24,17158,581,NGN,65449.41,No issues
2023-10-11,Influencer,retarget_q4,39445,1365,NGN,103784.27,No issues
2023-10-11,Meta Ads,showreel_push,27136,643,NGN,158340.37,No issues
2023-10-11,TikTok Ads,always_on,87903,1211,NGN,206280.56,No issues
2023-10-11,YouTube Pre-roll,brand_always_on,69026,630,NGN,203627.44,No issues
2023-10-12,Email / CRM,wedding_season_24,81965,1938,NGN,634259.41,No issues
2023-10-12,Google Ads,retarget_q4,79730,1976,NGN,290017.82,No issues
2023-10-12,Influencer,brand_always_on,71846,677,NGN,249375.85,No issues
2023-10-12,TikTok Ads,always_on,51602,1436,NGN,209101.67,No issues
2023-10-13,Email / CRM,always_on,59695,1631,NGN,438822.73,No issues
2023-10-13,Influencer,harmattan_drop,32861,1109,NGN,241830.36,No issues
2023-10-13,Meta Ads,harmattan_drop,11638,185,NGN,55736.55,No issues
2023-10-13,TikTok Ads,harmattan_drop,59947,384,NGN,46461.4,No issues
2023-10-13,YouTube Pre-roll,always_on,32023,434,NGN,76917.17,No issues
2023-10-14,Email / CRM,wedding_season_23,25740,480,NGN,130168.97,No issues
2023-10-14,Influencer,harmattan_drop,25055,601,NGN,153400.12,No issues
2023-10-14,TikTok Ads,harmattan_drop,69655,1092,NGN,238620.86,No issues
2023-10-15,Email / CRM,harmattan_drop,36453,822,NGN,275789.29,No issues
2023-10-15,Google Ads,harmattan_drop,87097,2515,NGN,254276.7,No issues
2023-10-15,Influencer,brand_always_on,31528,807,NGN,137311.74,No issues
2023-10-15,Meta Ads,brand_always_on,12363,366,NGN,55504.03,No issues
2023-10-15,TikTok Ads,retarget_q4,73927,545,NGN,173726.36,No issues
2023-10-15,YouTube Pre-roll,lagos_nights_launch,39259,1071,NGN,122420.46,No issues
2023-10-16,Email / CRM,retarget_q4,67935,805,NGN,240997.9,No issues
2023-10-16,Google Ads,blackfriday24,65189,1885,NGN,507739.76,No issues
2023-10-16,Influencer,always_on,89381,804,NGN,316861.81,No issues
2023-10-16,Meta Ads,always_on,39546,250,NGN,31840.42,No issues
2023-10-16,TikTok Ads,harmattan_drop,71036,764,NGN,135301.09,No issues
2023-10-16,YouTube Pre-roll,harmattan_drop,54187,737,NGN,194731.86,No issues
2023-10-17,Email / CRM,harmattan_drop,22561,124,NGN,17708.8,No issues
2023-10-17,YouTube Pre-roll,harmattan_drop,55512,697,NGN,106818.31,No issues
2023-10-18,Meta Ads,harmattan_drop,54870,522,NGN,100392.63,No issues
2023-10-18,TikTok Ads,always_on,48018,275,NGN,77598.8,No issues
2023-10-18,YouTube Pre-roll,blackfriday24,48687,952,NGN,330036.55,No issues
2023-10-19,Google Ads,black_friday,77786,1375,NGN,499254.37,No issues
2023-10-19,Influencer,blackfriday24,79193,992,NGN,195216.01,No issues
2023-10-19,Meta Ads,wedding_season_24,31721,1023,NGN,194035.77,No issues
2023-10-19,TikTok Ads,retarget_q4,12801,372,NGN,97183.87,No issues
2023-10-19,YouTube Pre-roll,always_on,54993,552,NGN,163321.31,No issues
2023-10-20,Google Ads,harmattan_drop,62109,740,NGN,185252.89,No issues
2023-10-20,Influencer,retarget_q4,43997,800,NGN,279239.62,No issues
2023-10-20,Meta Ads,lagos_nights_launch,44631,578,NGN,96257.22,No issues
2023-10-21,Email / CRM,showreel_push,63068,1144,NGN,303431.7,No issues
2023-10-21,Google Ads,wedding_season_23,77440,1897,NGN,209829.34,No issues
2023-10-21,Influencer,wedding_season_23,73238,568,NGN,88013.39,No issues
2023-10-21,Meta Ads,brand_always_on,45750,1154,NGN,121048.9,No issues
2023-10-21,YouTube Pre-roll,wedding_season_23,62653,1815,NGN,753364.59,No issues
2023-10-22,Email / CRM,always_on,81460,2303,NGN,910252.6,No issues
2023-10-22,Meta Ads,harmattan_drop,14951,494,NGN,34010.08,No issues
2023-10-22,YouTube Pre-roll,harmattan_drop,58793,1190,NGN,498679.27,No issues
2023-10-23,Email / CRM,wedding_season_24,16482,384,NGN,59645.45,No issues
2023-10-23,Google Ads,harmattan_drop,73497,2459,NGN,708948.87,No issues
2023-10-23,Influencer,harmattan_drop,26515,449,NGN,105422.03,No issues
2023-10-23,TikTok Ads,retarget_q4,10027,304,NGN,105530.9,No issues
2023-10-23,YouTube Pre-roll,lagos_nights_launch,45811,1176,NGN,167867.64,No issues
2023-10-24,Email / CRM,wedding_season_23,5726,147,NGN,15322.8,No issues
2023-10-24,Google Ads,blackfriday24,63974,460,NGN,172970.44,No issues
2023-10-24,Meta Ads,blackfriday24,70085,501,NGN,42223.33,No issues
2023-10-24,TikTok Ads,blackfriday24,21939,363,NGN,120808.6,No issues
2023-10-25,Email / CRM,retarget_q4,72585,397,NGN,74209.47,No issues
2023-10-25,Google Ads,harmattan_drop,32295,739,NGN,262407.9,No issues
2023-10-25,Meta Ads,retarget_q4,58738,1366,NGN,266248.2,No issues
2023-10-25,TikTok Ads,lagos_nights_launch,74866,1352,NGN,381918.19,No issues
2023-10-25,YouTube Pre-roll,wedding_season_24,62722,274,NGN,26245.15,No issues
2023-10-26,Influencer,retarget_q4,35594,726,NGN,285010.52,No issues
2023-10-26,Meta Ads,wedding_season_24,25935,892,NGN,220766.34,No issues
2023-10-26,TikTok Ads,lagos_nights_launch,6354,72,NGN,16033.08,No issues
2023-10-26,YouTube Pre-roll,retarget_q4,71282,2158,NGN,899409.3,No issues
2023-10-27,Email / CRM,brand_always_on,89222,1114,NGN,296280.26,No issues
2023-10-27,Google Ads,wedding_season_23,81156,414,NGN,149481.47,No issues
2023-10-27,Influencer,harmattan_drop,71705,814,NGN,272528.51,No issues
2023-10-27,TikTok Ads,blackfriday24,75424,834,NGN,132856.13,No issues
2023-10-27,YouTube Pre-roll,harmattan_drop,28047,517,NGN,117121.43,No issues
2023-10-28,Email / CRM,black_friday,56188,1102,NGN,225032.91,No issues
2023-10-28,Google Ads,retarget_q4,49368,1045,NGN,411598.72,No issues
2023-10-28,Influencer,harmattan_drop,81268,1294,NGN,256745.69,No issues
2023-10-28,Meta Ads,retarget_q4,46942,636,NGN,243595.7,No issues
2023-10-28,YouTube Pre-roll,always_on,12103,149,NGN,50736.25,No issues
2023-10-29,Google Ads,black_friday,16692,440,NGN,72205.99,No issues
2023-10-29,Meta Ads,harmattan_drop,53760,653,NGN,172274.86,No issues
2023-10-29,TikTok Ads,retarget_q4,28502,638,NGN,165728.16,No issues
2023-10-30,Email / CRM,wedding_season_24,14825,219,NGN,71931.67,No issues
2023-10-30,Google Ads,harmattan_drop,82770,605,NGN,238944.42,No issues
2023-10-30,Influencer,lagos_nights_launch,82571,1796,NGN,343029.59,No issues
2023-10-30,Meta Ads,always_on,34874,614,NGN,244554.55,No issues
2023-10-30,YouTube Pre-roll,harmattan_drop,47844,489,NGN,143897.31,No issues
2023-10-31,Google Ads,brand_always_on,25678,302,NGN,26526.8,No issues
2023-10-31,Influencer,black_friday,48808,886,NGN,203007.92,No issues
2023-10-31,Meta Ads,black_friday,81118,1365,NGN,372866.38,No issues
2023-10-31,TikTok Ads,retarget_q4,49683,832,NGN,191393.1,No issues
2023-10-31,YouTube Pre-roll,retarget_q4,41536,1304,NGN,91690.55,No issues
2023-11-01,Email / CRM,retarget_q4,84844,1154,NGN,293852.35,No issues
2023-11-01,Google Ads,brand_always_on,63328,1704,NGN,280285.68,No issues
2023-11-01,Influencer,lagos_nights_launch,40163,484,NGN,143745.04,No issues
2023-11-02,Google Ads,harmattan_drop,85646,1122,NGN,115458.25,No issues
2023-11-02,Influencer,wedding_season_23,64984,452,NGN,108412.95,No issues
2023-11-02,Meta Ads,harmattan_drop,10328,200,NGN,22930.92,No issues
2023-11-02,TikTok Ads,wedding_season_23,32801,1010,NGN,120907.88,No issues
2023-11-02,YouTube Pre-roll,harmattan_drop,74869,1531,NGN,562105.44,No issues
2023-11-03,Email / CRM,harmattan_drop,77481,2483,NGN,504944.01,No issues
2023-11-03,Influencer,always_on,20892,116,NGN,41509.47,No issues
2023-11-03,Meta Ads,harmattan_drop,88914,2678,NGN,816067.67,No issues
2023-11-03,TikTok Ads,wedding_season_24,11931,414,NGN,145723.1,No issues
2023-11-03,YouTube Pre-roll,always_on,3337,88,NGN,29940.65,No issues
2023-11-04,Email / CRM,always_on,7170,210,NGN,39563.23,No issues
2023-11-04,Google Ads,retarget_q4,50088,1219,NGN,128398.28,No issues
2023-11-04,Influencer,harmattan_drop,54092,1560,NGN,438772.9,No issues
2023-11-04,YouTube Pre-roll,wedding_season_24,9793,76,NGN,19098.49,No issues
2023-11-05,Influencer,retarget_q4,77891,2716,NGN,986723.82,No issues
2023-11-05,Meta Ads,brand_always_on,63925,2007,NGN,307157.87,No issues
2023-11-05,TikTok Ads,lagos_nights_launch,16951,223,NGN,79175.39,No issues
2023-11-05,YouTube Pre-roll,harmattan_drop,46210,301,NGN,43291.4,No issues
2023-11-06,Email / CRM,retarget_q4,78306,1570,NGN,648598.14,No issues
2023-11-06,Google Ads,lagos_nights_launch,36804,1161,NGN,217039.54,No issues
2023-11-06,Influencer,harmattan_drop,55432,908,NGN,220530.08,No issues
2023-11-06,Meta Ads,lagos_nights_launch,65694,1738,NGN,109178.15,No issues
2023-11-06,TikTok Ads,brand_always_on,11562,351,NGN,113349.95,No issues
2023-11-06,YouTube Pre-roll,brand_always_on,80242,1347,NGN,565162.58,No issues
2023-11-07,Email / CRM,brand_always_on,9870,336,NGN,49713.01,No issues
2023-11-07,Google Ads,black_friday,31884,421,NGN,45523.11,No issues
2023-11-07,Influencer,brand_always_on,67708,1337,NGN,324533.06,No issues
2023-11-07,Meta Ads,blackfriday24,22943,277,NGN,64605.51,No issues
2023-11-08,Email / CRM,retarget_q4,69602,1740,NGN,139142.19,No issues
2023-11-08,Google Ads,black_friday,33117,275,NGN,108955.14,No issues
2023-11-08,Influencer,wedding_season_24,71485,378,NGN,91528.61,No issues
2023-11-08,TikTok Ads,blackfriday24,82829,2207,NGN,863425.25,No issues
2023-11-08,YouTube Pre-roll,wedding_season_23,41130,1123,NGN,273015.96,No issues
2023-11-09,Email / CRM,harmattan_drop,72998,1545,NGN,367089.11,No issues
2023-11-09,Influencer,always_on,52714,366,NGN,152693.82,No issues
2023-11-09,TikTok Ads,showreel_push,50399,1577,NGN,199800.43,No issues
2023-11-09,YouTube Pre-roll,brand_always_on,67729,1598,NGN,481299.77,No issues
2023-11-10,Email / CRM,wedding_season_24,8294,217,NGN,15617.1,No issues
2023-11-10,Google Ads,wedding_season_23,64763,1379,NGN,537792.96,No issues
2023-11-10,Meta Ads,wedding_season_24,61385,630,NGN,205790.29,No issues
2023-11-10,TikTok Ads,retarget_q4,45091,1269,NGN,259799.54,No issues
2023-11-10,YouTube Pre-roll,always_on,43309,827,NGN,314678.22,No issues
2023-11-11,Influencer,blackfriday24,63827,2202,NGN,192468.0,No issues
2023-11-11,Meta Ads,brand_always_on,62123,2142,NGN,466558.65,No issues
2023-11-11,TikTok Ads,blackfriday24,65105,393,NGN,162362.11,No issues
2023-11-11,YouTube Pre-roll,brand_always_on,53082,1203,NGN,128976.41,No issues
2023-11-12,Email / CRM,showreel_push,18585,514,NGN,133317.81,No issues
2023-11-12,Google Ads,harmattan_drop,88389,985,NGN,235629.24,No issues
2023-11-12,Influencer,harmattan_drop,25808,649,NGN,259367.56,No issues
2023-11-12,Meta Ads,brand_always_on,34636,674,NGN,160485.77,No issues
2023-11-12,TikTok Ads,lagos_nights_launch,53088,1336,NGN,371118.97,No issues
2023-11-12,YouTube Pre-roll,retarget_q4,33875,764,NGN,277034.75,No issues
2023-11-13,Email / CRM,harmattan_drop,10622,233,NGN,93971.0,No issues
2023-11-13,Google Ads,black_friday,82760,1228,NGN,369609.32,No issues
2023-11-13,Meta Ads,wedding_season_23,21382,213,NGN,60566.85,No issues
2023-11-13,TikTok Ads,brand_always_on,4409,71,NGN,19318.16,No issues
2023-11-14,Google Ads,brand_always_on,28270,542,NGN,143832.18,No issues
2023-11-14,Influencer,retarget_q4,22734,524,NGN,218322.83,No issues
2023-11-14,Meta Ads,retarget_q4,87916,1897,NGN,219728.02,No issues
2023-11-14,TikTok Ads,blackfriday24,72287,804,NGN,131154.09,No issues
2023-11-15,Influencer,wedding_season_23,28183,340,NGN,55067.45,No issues
2023-11-15,TikTok Ads,brand_always_on,63564,1113,NGN,213438.04,No issues
2023-11-15,YouTube Pre-roll,wedding_season_24,74308,1941,NGN,796797.25,No issues
2023-11-16,Email / CRM,always_on,62301,302,NGN,121172.47,No issues
2023-11-16,Google Ads,harmattan_drop,73098,2289,NGN,286078.83,No issues
2023-11-16,Influencer,always_on,14447,261,NGN,92892.92,No issues
2023-11-16,Meta Ads,blackfriday24,9754,263,NGN,79104.73,No issues
2023-11-16,TikTok Ads,harmattan_drop,69905,669,NGN,149385.71,No issues
2023-11-16,YouTube Pre-roll,harmattan_drop,26743,329,NGN,60549.97,No issues
2023-11-17,Email / CRM,retarget_q4,40793,1327,NGN,118868.06,No issues
2023-11-17,Influencer,harmattan_drop,66093,1328,NGN,146678.91,No issues
2023-11-17,Meta Ads,blackfriday24,82339,1671,NGN,691801.77,No issues
2023-11-17,TikTok Ads,lagos_nights_launch,77780,2178,NGN,850939.14,No issues
2023-11-17,YouTube Pre-roll,wedding_season_23,87857,2452,NGN,396207.98,No issues
2023-11-18,Email / CRM,wedding_season_24,54327,1117,NGN,313369.56,No issues
2023-11-18,Google Ads,blackfriday24,21057,712,NGN,159577.93,No issues
2023-11-18,TikTok Ads,wedding_season_24,43728,1027,NGN,160358.27,No issues
2023-11-18,YouTube Pre-roll,always_on,59822,1997,NGN,248271.61,No issues
2023-11-19,Email / CRM,always_on,6571,149,NGN,11592.73,No issues
2023-11-19,Google Ads,always_on,50560,294,NGN,114302.27,No issues
2023-11-19,Influencer,wedding_season_24,56413,1652,NGN,148951.87,No issues
2023-11-19,TikTok Ads,showreel_push,78106,2019,NGN,145905.7,No issues
2023-11-20,Influencer,harmattan_drop,56118,1755,NGN,333460.81,No issues
2023-11-20,Meta Ads,always_on,13037,75,NGN,6755.24,No issues
2023-11-20,TikTok Ads,brand_always_on,5282,81,NGN,13413.72,No issues
2023-11-20,YouTube Pre-roll,harmattan_drop,6546,175,NGN,11175.91,No issues
2023-11-21,Email / CRM,lagos_nights_launch,6425,46,NGN,4097.71,No issues
2023-11-21,Google Ads,wedding_season_24,44247,1178,NGN,163832.67,No issues
2023-11-21,Meta Ads,black_friday,68066,2155,NGN,445797.3,No issues
2023-11-21,TikTok Ads,wedding_season_24,11499,190,NGN,42964.93,No issues
2023-11-21,YouTube Pre-roll,retarget_q4,50556,615,NGN,96893.92,No issues
2023-11-22,Email / CRM,harmattan_drop,76298,786,NGN,191343.85,No issues
2023-11-22,Influencer,retarget_q4,12251,225,NGN,24911.85,No issues
2023-11-22,Meta Ads,harmattan_drop,73715,471,NGN,79569.11,No issues
2023-11-22,TikTok Ads,harmattan_drop,7672,157,NGN,57796.31,No issues
2023-11-23,Email / CRM,black_friday,30143,510,NGN,34801.93,No issues
2023-11-23,Google Ads,black_friday,34768,451,NGN,63503.05,No issues
2023-11-23,TikTok Ads,retarget_q4,24674,561,NGN,135162.9,No issues
2023-11-23,YouTube Pre-roll,wedding_season_23,13953,435,NGN,106144.41,No issues
2023-11-24,Email / CRM,lagos_nights_launch,65069,1467,NGN,566484.68,No issues
2023-11-24,Google Ads,retarget_q4,56943,840,NGN,351622.71,No issues
2023-11-24,Meta Ads,retarget_q4,31842,471,NGN,38703.49,No issues
2023-11-24,TikTok Ads,wedding_season_23,10682,257,NGN,32246.74,No issues
2023-11-24,YouTube Pre-roll,showreel_push,22540,624,NGN,175551.95,No issues
2023-11-25,Email / CRM,blackfriday24,69973,1060,NGN,168454.35,No issues
2023-11-25,Google Ads,always_on,61073,641,NGN,77873.82,No issues
2023-11-25,Influencer,blackfriday24,59036,285,NGN,63321.9,No issues
2023-11-25,Meta Ads,harmattan_drop,70826,849,NGN,130070.02,No issues
2023-11-26,Email / CRM,retarget_q4,62626,512,NGN,129542.6,No issues
2023-11-26,Google Ads,brand_always_on,17343,299,NGN,66098.41,No issues
2023-11-26,Influencer,black_friday,73357,1797,NGN,127804.58,No issues
2023-11-26,TikTok Ads,wedding_season_23,76343,1338,NGN,200567.84,No issues
2023-11-26,YouTube Pre-roll,harmattan_drop,73183,1581,NGN,627943.62,No issues
2023-11-27,Email / CRM,lagos_nights_launch,82038,2722,NGN,938891.51,No issues
2023-11-27,Meta Ads,wedding_season_23,9274,286,NGN,80252.74,No issues
2023-11-27,TikTok Ads,black_friday,21398,605,NGN,98156.61,No issues
2023-11-27,YouTube Pre-roll,blackfriday24,82900,1327,NGN,176970.91,No issues
2023-11-28,Email / CRM,always_on,21110,627,NGN,190434.78,No issues
2023-11-28,Google Ads,harmattan_drop,71743,1650,NGN,672179.93,No issues
2023-11-28,Meta Ads,retarget_q4,84646,810,NGN,281634.17,No issues
2023-11-28,TikTok Ads,harmattan_drop,34315,512,NGN,185602.09,No issues
2023-11-28,YouTube Pre-roll,blackfriday24,22100,730,NGN,164082.25,No issues
2023-11-29,Email / CRM,showreel_push,11408,377,NGN,92364.12,No issues
2023-11-29,Influencer,always_on,20068,220,NGN,31648.07,No issues
2023-11-29,TikTok Ads,blackfriday24,43987,382,NGN,101429.91,No issues
2023-11-29,YouTube Pre-roll,wedding_season_24,25251,418,NGN,43524.61,No issues
2023-11-30,Email / CRM,black_friday,26357,191,NGN,29007.87,No issues
2023-11-30,Google Ads,harmattan_drop,67891,2366,NGN,348713.15,No issues
2023-11-30,Influencer,harmattan_drop,41169,571,NGN,211390.05,No issues
2023-11-30,Meta Ads,showreel_push,12656,174,NGN,44583.99,No issues
2023-11-30,TikTok Ads,showreel_push,44615,581,NGN,133425.98,No issues
2023-11-30,YouTube Pre-roll,retarget_q4,56467,1633,NGN,474582.08,No issues
2023-12-01,Email / CRM,showreel_push,76134,2241,NGN,240620.03,No issues
2023-12-01,Influencer,harmattan_drop,18895,544,NGN,211897.58,No issues
2023-12-01,Meta Ads,showreel_push,5095,42,NGN,12543.23,No issues
2023-12-01,TikTok Ads,showreel_push,71022,709,NGN,174051.54,No issues
2023-12-01,YouTube Pre-roll,harmattan_drop,62536,533,NGN,39880.81,No issues
2023-12-02,Email / CRM,retarget_q4,59068,1620,NGN,655959.48,No issues
2023-12-02,Influencer,showreel_push,26683,193,NGN,32989.34,No issues
2023-12-02,Meta Ads,showreel_push,67015,2211,NGN,145460.01,No issues
2023-12-02,TikTok Ads,wedding_season_24,18370,251,NGN,69682.56,No issues
2023-12-02,YouTube Pre-roll,showreel_push,23359,511,NGN,152552.0,No issues
2023-12-03,Influencer,always_on,13209,455,NGN,135666.12,No issues
2023-12-03,Meta Ads,retarget_q4,42532,328,NGN,124065.78,No issues
2023-12-03,TikTok Ads,harmattan_drop,85141,1185,NGN,188836.35,No issues
2023-12-03,YouTube Pre-roll,wedding_season_23,75423,1149,NGN,204897.99,No issues
2023-12-04,Email / CRM,always_on,79248,509,NGN,138975.11,No issues
2023-12-04,Google Ads,brand_always_on,84219,2751,NGN,889795.74,No issues
2023-12-04,Influencer,harmattan_drop,7187,93,NGN,18633.21,No issues
2023-12-04,Meta Ads,retarget_q4,73928,1635,NGN,307855.18,No issues
2023-12-04,TikTok Ads,harmattan_drop,25189,357,NGN,57026.78,No issues
2023-12-05,Email / CRM,harmattan_drop,53283,1256,NGN,326211.85,No issues
2023-12-05,Google Ads,brand_always_on,78215,1552,NGN,239078.08,No issues
2023-12-05,Influencer,brand_always_on,9819,326,NGN,22221.84,No issues
2023-12-05,Meta Ads,blackfriday24,62552,1691,NGN,252076.02,No issues
2023-12-05,TikTok Ads,always_on,24611,152,NGN,19522.77,No issues
2023-12-05,YouTube Pre-roll,harmattan_drop,50349,1515,NGN,594529.56,No issues
2023-12-06,Email / CRM,harmattan_drop,58448,1464,NGN,482911.38,No issues
2023-12-06,Meta Ads,brand_always_on,24750,822,NGN,291888.52,No issues
2023-12-06,TikTok Ads,retarget_q4,66843,888,NGN,125386.3,No issues
2023-12-07,Email / CRM,retarget_q4,42455,1208,NGN,490850.93,No issues
2023-12-07,Google Ads,black_friday,72435,2121,NGN,192108.71,No issues
2023-12-07,Meta Ads,showreel_push,52619,794,NGN,237671.43,No issues
2023-12-07,TikTok Ads,lagos_nights_launch,84542,1599,NGN,128922.06,No issues
2023-12-08,Email / CRM,harmattan_drop,25972,344,NGN,38832.43,No issues
2023-12-08,Google Ads,showreel_push,79444,2625,NGN,674411.41,No issues
2023-12-08,Influencer,retarget_q4,7323,34,NGN,3575.78,No issues
2023-12-08,Meta Ads,lagos_nights_launch,11935,146,NGN,22949.86,No issues
2023-12-08,TikTok Ads,lagos_nights_launch,42491,990,NGN,269193.14,No issues
2023-12-08,YouTube Pre-roll,black_friday,10036,307,NGN,120516.01,No issues
2023-12-09,Google Ads,lagos_nights_launch,84622,630,NGN,116865.06,No issues
2023-12-09,Influencer,showreel_push,51874,389,NGN,145955.58,No issues
2023-12-09,Meta Ads,black_friday,40633,1421,NGN,155824.89,No issues
2023-12-09,TikTok Ads,black_friday,88760,2912,NGN,440563.92,No issues
2023-12-09,YouTube Pre-roll,retarget_q4,6768,174,NGN,47861.79,No issues
2023-12-10,Email / CRM,wedding_season_24,27732,953,NGN,125694.41,No issues
2023-12-10,Google Ads,harmattan_drop,5547,182,NGN,35485.72,No issues
2023-12-10,Influencer,brand_always_on,13308,86,NGN,34076.09,No issues
2023-12-10,Meta Ads,harmattan_drop,44833,418,NGN,91795.74,No issues
2023-12-10,YouTube Pre-roll,harmattan_drop,25702,646,NGN,239337.84,No issues
2023-12-11,Email / CRM,wedding_season_24,29532,796,NGN,326897.14,No issues
2023-12-11,Meta Ads,retarget_q4,52242,1246,NGN,461230.94,No issues
2023-12-11,TikTok Ads,wedding_season_24,58320,1377,NGN,550707.13,No issues
2023-12-11,YouTube Pre-roll,showreel_push,67690,402,NGN,111671.93,No issues
2023-12-12,Google Ads,showreel_push,35150,1131,NGN,179572.96,No issues
2023-12-12,Influencer,wedding_season_24,62150,1122,NGN,464578.44,No issues
2023-12-12,Meta Ads,brand_always_on,71388,585,NGN,44566.01,No issues
2023-12-12,YouTube Pre-roll,wedding_season_23,73065,2557,NGN,912321.49,No issues
2023-12-13,Email / CRM,always_on,52285,662,NGN,227419.83,No issues
2023-12-13,Google Ads,retarget_q4,67740,438,NGN,150772.44,No issues
2023-12-13,Influencer,always_on,35121,344,NGN,103375.36,No issues
2023-12-13,Meta Ads,harmattan_drop,70985,1342,NGN,130967.23,No issues
2023-12-13,YouTube Pre-roll,retarget_q4,31693,593,NGN,172568.66,No issues
2023-12-14,Email / CRM,harmattan_drop,68862,1138,NGN,437172.61,No issues
2023-12-14,Google Ads,blackfriday24,18896,111,NGN,24490.14,No issues
2023-12-14,Meta Ads,always_on,38845,519,NGN,193114.65,No issues
2023-12-14,TikTok Ads,harmattan_drop,42397,545,NGN,99168.39,No issues
2023-12-14,YouTube Pre-roll,brand_always_on,8693,87,NGN,30526.87,No issues
2023-12-15,Email / CRM,harmattan_drop,32989,672,NGN,90549.06,No issues
2023-12-15,Google Ads,black_friday,70537,2197,NGN,889748.98,No issues
2023-12-15,Influencer,harmattan_drop,19349,456,NGN,180136.23,No issues
2023-12-15,Meta Ads,retarget_q4,75452,2571,NGN,289829.69,No issues
2023-12-15,TikTok Ads,retarget_q4,20343,151,NGN,29957.98,No issues
2023-12-15,YouTube Pre-roll,retarget_q4,17268,245,NGN,83534.63,No issues
2023-12-16,Email / CRM,showreel_push,43525,830,NGN,204294.46,No issues
2023-12-16,Google Ads,harmattan_drop,67605,1126,NGN,270317.04,No issues
2023-12-16,Influencer,harmattan_drop,30808,966,NGN,405701.09,No issues
2023-12-16,Meta Ads,lagos_nights_launch,20377,672,NGN,134665.89,No issues
2023-12-17,Email / CRM,brand_always_on,57993,781,NGN,172880.09,No issues
2023-12-17,Influencer,harmattan_drop,44046,847,NGN,314911.31,No issues
2023-12-17,Meta Ads,harmattan_drop,16452,124,NGN,42021.09,No issues
2023-12-17,TikTok Ads,harmattan_drop,7999,143,NGN,26241.73,No issues
2023-12-17,YouTube Pre-roll,harmattan_drop,19287,364,NGN,106756.33,No issues
2023-12-18,Email / CRM,brand_always_on,88679,1227,NGN,361372.76,No issues
2023-12-18,Google Ads,harmattan_drop,7198,222,NGN,67412.95,No issues
2023-12-18,Influencer,lagos_nights_launch,26937,863,NGN,188796.45,No issues
2023-12-18,TikTok Ads,black_friday,55963,1337,NGN,420609.08,No issues
2023-12-18,YouTube Pre-roll,wedding_season_24,76959,1809,NGN,697550.34,No issues
2023-12-19,Email / CRM,brand_always_on,10616,325,NGN,77569.92,No issues
2023-12-19,Google Ads,harmattan_drop,3378,15,NGN,2756.35,No issues
2023-12-19,Meta Ads,black_friday,71539,1706,NGN,168636.48,No issues
2023-12-19,TikTok Ads,showreel_push,45603,1078,NGN,85034.92,No issues
2023-12-19,YouTube Pre-roll,retarget_q4,49479,511,NGN,44873.55,No issues
2023-12-20,Email / CRM,always_on,21054,352,NGN,133089.52,No issues
2023-12-20,Google Ads,showreel_push,30677,429,NGN,115410.34,No issues
2023-12-20,Influencer,always_on,31471,640,NGN,102599.76,No issues
2023-12-20,Meta Ads,lagos_nights_launch,38754,918,NGN,336807.27,No issues
2023-12-20,YouTube Pre-roll,showreel_push,73833,596,NGN,167721.35,No issues
2023-12-21,Email / CRM,showreel_push,72793,1330,NGN,428046.95,No issues
2023-12-21,Meta Ads,harmattan_drop,15308,394,NGN,107746.58,No issues
2023-12-21,TikTok Ads,harmattan_drop,37150,341,NGN,31745.22,No issues
2023-12-22,Email / CRM,always_on,64448,1570,NGN,360342.76,No issues
2023-12-22,Google Ads,black_friday,61255,1887,NGN,185282.0,No issues
2023-12-22,Meta Ads,harmattan_drop,55987,1575,NGN,177016.61,No issues
2023-12-22,TikTok Ads,brand_always_on,52982,489,NGN,197782.28,No issues
2023-12-23,Email / CRM,wedding_season_23,43048,1307,NGN,414297.55,No issues
2023-12-23,Google Ads,always_on,26907,261,NGN,31498.29,No issues
2023-12-23,Influencer,harmattan_drop,11032,77,NGN,23522.96,No issues
2023-12-23,Meta Ads,harmattan_drop,35957,329,NGN,25744.83,No issues
2023-12-23,TikTok Ads,wedding_season_24,26480,858,NGN,94127.73,No issues
2023-12-23,YouTube Pre-roll,showreel_push,63895,1656,NGN,236221.5,No issues
2023-12-24,Email / CRM,wedding_season_23,37444,603,NGN,215258.8,No issues
2023-12-24,Google Ads,blackfriday24,78288,502,NGN,154376.68,No issues
2023-12-24,Influencer,black_friday,11998,56,NGN,13119.04,No issues
2023-12-24,Meta Ads,showreel_push,72069,830,NGN,273248.8,No issues
2023-12-24,TikTok Ads,black_friday,25936,446,NGN,91748.86,No issues
2023-12-25,Email / CRM,harmattan_drop,33229,1093,NGN,299857.32,No issues
2023-12-25,Google Ads,retarget_q4,67411,1178,NGN,156236.04,No issues
2023-12-25,Influencer,wedding_season_24,89815,706,NGN,180629.46,No issues
2023-12-25,Meta Ads,retarget_q4,23906,720,NGN,266534.52,No issues
2023-12-25,YouTube Pre-roll,wedding_season_24,48100,430,NGN,117792.42,No issues
2023-12-26,Email / CRM,always_on,46634,648,NGN,254456.63,No issues
2023-12-26,Influencer,black_friday,56493,582,NGN,34956.11,No issues
2023-12-26,Meta Ads,harmattan_drop,77882,1374,NGN,458890.72,No issues
2023-12-26,TikTok Ads,showreel_push,46249,643,NGN,237653.63,No issues
2023-12-26,YouTube Pre-roll,wedding_season_23,48220,1482,NGN,254172.36,No issues
2023-12-27,Email / CRM,retarget_q4,59424,1093,NGN,157288.62,No issues
2023-12-27,Google Ads,retarget_q4,9325,276,NGN,92828.35,No issues
2023-12-27,Influencer,wedding_season_23,51563,614,NGN,233933.8,No issues
2023-12-27,TikTok Ads,showreel_push,9041,70,NGN,22651.01,No issues
2023-12-27,YouTube Pre-roll,blackfriday24,31064,1011,NGN,313391.74,No issues
2023-12-28,Email / CRM,wedding_season_24,58516,1534,NGN,330385.95,No issues
2023-12-28,Google Ads,black_friday,59223,1739,NGN,408007.13,No issues
2023-12-28,Influencer,retarget_q4,59459,535,NGN,41655.97,No issues
2023-12-28,YouTube Pre-roll,black_friday,63361,1438,NGN,334345.09,No issues
2023-12-29,Influencer,retarget_q4,9876,179,NGN,27285.56,No issues
2023-12-29,TikTok Ads,wedding_season_23,13103,340,NGN,130096.36,No issues
2023-12-30,Email / CRM,black_friday,53816,1458,NGN,153931.94,No issues
2023-12-30,Google Ads,always_on,73332,1407,NGN,451884.32,No issues
2023-12-30,Influencer,brand_always_on,3982,139,NGN,44322.29,No issues
2023-12-30,Meta Ads,always_on,81758,2455,NGN,1024574.99,No issues
2023-12-30,TikTok Ads,blackfriday24,21417,694,NGN,291362.38,No issues
2023-12-30,YouTube Pre-roll,brand_always_on,72129,1799,NGN,363785.19,No issues
2023-12-31,Email / CRM,showreel_push,48106,423,NGN,92515.51,No issues
2023-12-31,Google Ads,harmattan_drop,23508,384,NGN,150538.8,No issues
2023-12-31,Influencer,showreel_push,32072,995,NGN,365613.23,No issues
2023-12-31,Meta Ads,harmattan_drop,82877,2361,NGN,408713.44,No issues
2023-12-31,TikTok Ads,blackfriday24,73673,2454,NGN,298424.44,No issues
2023-12-31,YouTube Pre-roll,brand_always_on,27188,145,NGN,56267.9,No issues
2024-01-01,Email / CRM,showreel_push,18391,117,NGN,35229.78,No issues
2024-01-01,Google Ads,retarget_q4,4105,40,NGN,9685.47,No issues
2024-01-01,Meta Ads,black_friday,11566,55,NGN,15525.82,No issues
2024-01-01,TikTok Ads,harmattan_drop,65442,1997,NGN,380260.18,No issues
2024-01-01,YouTube Pre-roll,wedding_season_23,87017,1629,NGN,629136.98,No issues
2024-01-02,Email / CRM,wedding_season_24,39955,1339,NGN,554776.21,No issues
2024-01-02,Google Ads,always_on,76069,2140,NGN,759837.07,No issues
2024-01-02,TikTok Ads,black_friday,85968,2180,NGN,143163.43,No issues
2024-01-03,Email / CRM,brand_always_on,39819,697,NGN,247975.05,No issues
2024-01-03,Google Ads,blackfriday24,13838,390,NGN,102037.63,No issues
2024-01-03,Influencer,harmattan_drop,44047,615,NGN,100848.6,No issues
2024-01-03,Meta Ads,harmattan_drop,44923,1104,NGN,379648.33,No issues
2024-01-03,TikTok Ads,brand_always_on,36176,461,NGN,172918.87,No issues
2024-01-03,YouTube Pre-roll,wedding_season_24,21322,203,NGN,55396.55,No issues
2024-01-04,Email / CRM,harmattan_drop,51530,930,NGN,348526.08,No issues
2024-01-04,Google Ads,wedding_season_23,24293,241,NGN,71422.61,No issues
2024-01-04,Meta Ads,brand_always_on,34720,237,NGN,73989.05,No issues
2024-01-04,TikTok Ads,always_on,75557,2313,NGN,159907.82,No issues
2024-01-04,YouTube Pre-roll,showreel_push,8654,265,NGN,83165.55,No issues
2024-01-05,Email / CRM,always_on,43183,1106,NGN,214885.01,No issues
2024-01-05,Influencer,retarget_q4,3977,22,NGN,7480.14,No issues
2024-01-05,Meta Ads,wedding_season_24,65259,1173,NGN,249890.31,No issues
2024-01-05,YouTube Pre-roll,showreel_push,81943,2680,NGN,397580.04,No issues
2024-01-06,Email / CRM,blackfriday24,11276,204,NGN,24359.21,No issues
2024-01-06,Google Ads,blackfriday24,75153,2054,NGN,523189.09,No issues
2024-01-06,Influencer,lagos_nights_launch,58161,506,NGN,131315.64,No issues
2024-01-06,Meta Ads,harmattan_drop,34542,1158,NGN,96667.44,No issues
2024-01-06,TikTok Ads,retarget_q4,87680,1272,NGN,337997.54,No issues
2024-01-08,Email / CRM,always_on,55730,432,NGN,127424.9,No issues
2024-01-08,Google Ads,retarget_q4,27333,639,NGN,154030.37,No issues
2024-01-08,Influencer,wedding_season_23,45104,207,NGN,78657.91,No issues
2024-01-08,Meta Ads,always_on,15073,384,NGN,94613.09,No issues
2024-01-08,TikTok Ads,showreel_push,41514,801,NGN,134693.92,No issues
2024-01-09,Google Ads,brand_always_on,7021,75,NGN,13368.58,No issues
2024-01-09,Meta Ads,brand_always_on,81873,2527,NGN,817230.77,No issues
2024-01-09,TikTok Ads,harmattan_drop,26978,916,NGN,228056.07,No issues
2024-01-09,YouTube Pre-roll,black_friday,60913,947,NGN,57055.41,No issues
2024-01-10,Email / CRM,wedding_season_23,40339,1274,NGN,77069.85,No issues
2024-01-10,Google Ads,wedding_season_23,24767,110,NGN,31618.73,No issues
2024-01-10,Influencer,harmattan_drop,50667,375,NGN,80464.34,No issues
2024-01-10,Meta Ads,harmattan_drop,38848,168,NGN,46207.87,No issues
2024-01-10,YouTube Pre-roll,wedding_season_23,50823,1578,NGN,550548.22,No issues
2024-01-11,Email / CRM,wedding_season_24,65090,337,NGN,132112.49,No issues
2024-01-11,Google Ads,black_friday,30011,547,NGN,65383.18,No issues
2024-01-11,Influencer,harmattan_drop,77392,745,NGN,159065.36,No issues
2024-01-11,TikTok Ads,wedding_season_24,50919,1497,NGN,159070.89,No issues
2024-01-11,YouTube Pre-roll,retarget_q4,6773,190,NGN,43463.33,No issues
2024-01-12,Email / CRM,always_on,87817,1890,NGN,264821.66,No issues
2024-01-12,Google Ads,harmattan_drop,73511,1426,NGN,505054.75,No issues
2024-01-12,Influencer,black_friday,15141,99,NGN,34157.73,No issues
2024-01-12,Meta Ads,blackfriday24,30954,662,NGN,248426.14,No issues
2024-01-12,TikTok Ads,blackfriday24,78850,2078,NGN,426365.93,No issues
2024-01-12,YouTube Pre-roll,harmattan_drop,84418,2661,NGN,359663.27,No issues
2024-01-13,Email / CRM,blackfriday24,44397,821,NGN,239209.75,No issues
2024-01-13,Google Ads,blackfriday24,73018,1558,NGN,552948.65,No issues
2024-01-13,Influencer,showreel_push,65981,1124,NGN,289939.58,No issues
2024-01-13,Meta Ads,harmattan_drop,80329,2727,NGN,929995.05,No issues
2024-01-13,TikTok Ads,always_on,8484,104,NGN,10445.81,No issues
2024-01-13,YouTube Pre-roll,harmattan_drop,22988,608,NGN,51258.68,No issues
2024-01-14,Email / CRM,retarget_q4,13549,244,NGN,88669.0,No issues
2024-01-14,Google Ads,harmattan_drop,45266,1042,NGN,170183.61,No issues
2024-01-14,Meta Ads,always_on,12253,91,NGN,36357.37,No issues
2024-01-14,TikTok Ads,black_friday,38100,503,NGN,118279.58,No issues
2024-01-14,YouTube Pre-roll,retarget_q4,44773,774,NGN,96589.1,No issues
2024-01-15,Email / CRM,lagos_nights_launch,62620,1702,NGN,402665.3,No issues
2024-01-15,Influencer,retarget_q4,36717,597,NGN,77210.38,No issues
2024-01-15,Meta Ads,retarget_q4,21128,457,NGN,138950.16,No issues
2024-01-15,YouTube Pre-roll,always_on,15451,225,NGN,90254.37,No issues
2024-01-16,Email / CRM,retarget_q4,84595,713,NGN,231284.62,No issues
2024-01-16,Google Ads,black_friday,85390,2128,NGN,581423.86,No issues
2024-01-16,Influencer,harmattan_drop,13012,275,NGN,82082.14,No issues
2024-01-16,Meta Ads,wedding_season_23,78749,1716,NGN,575060.72,No issues
2024-01-16,YouTube Pre-roll,retarget_q4,66042,1526,NGN,459329.64,No issues
2024-01-17,Google Ads,retarget_q4,78471,2504,NGN,331747.64,No issues
2024-01-17,Influencer,harmattan_drop,30564,673,NGN,197733.07,No issues
2024-01-17,Meta Ads,harmattan_drop,35798,849,NGN,249672.5,No issues
2024-01-17,TikTok Ads,harmattan_drop,83700,1620,NGN,179354.21,No issues
2024-01-17,YouTube Pre-roll,brand_always_on,58197,403,NGN,114385.0,No issues
2024-01-18,Email / CRM,black_friday,81508,1861,NGN,475635.97,No issues
2024-01-18,Google Ads,brand_always_on,39854,957,NGN,94359.2,No issues
2024-01-18,TikTok Ads,harmattan_drop,45877,1037,NGN,314747.64,No issues
2024-01-18,YouTube Pre-roll,brand_always_on,49326,1611,NGN,587545.04,No issues
2024-01-19,Email / CRM,showreel_push,22651,227,NGN,71793.92,No issues
2024-01-19,Google Ads,always_on,85814,1075,NGN,369502.22,No issues
2024-01-19,Influencer,lagos_nights_launch,36307,576,NGN,135661.79,No issues
2024-01-19,Meta Ads,showreel_push,63259,337,NGN,66664.92,No issues
2024-01-19,TikTok Ads,always_on,7539,69,NGN,8052.31,No issues
2024-01-19,YouTube Pre-roll,showreel_push,23390,466,NGN,117581.39,No issues
2024-01-20,Google Ads,always_on,13262,445,NGN,148797.27,No issues
2024-01-20,Influencer,harmattan_drop,61582,1840,NGN,701938.9,No issues
2024-01-20,Meta Ads,retarget_q4,11488,244,NGN,92885.14,No issues
2024-01-20,TikTok Ads,lagos_nights_launch,66082,1967,NGN,822525.09,No issues
2024-01-20,YouTube Pre-roll,harmattan_drop,76583,1532,NGN,545352.43,No issues
2024-01-21,Google Ads,retarget_q4,20244,134,NGN,39150.93,No issues
2024-01-21,Influencer,harmattan_drop,48356,1038,NGN,257440.05,No issues
2024-01-21,Meta Ads,showreel_push,77539,1753,NGN,151288.28,No issues
2024-01-21,TikTok Ads,always_on,8167,123,NGN,49426.48,No issues
2024-01-21,YouTube Pre-roll,retarget_q4,47695,398,NGN,129512.96,No issues
2024-01-22,Email / CRM,harmattan_drop,5382,152,NGN,60963.75,No issues
2024-01-22,Google Ads,brand_always_on,71092,2385,NGN,596244.74,No issues
2024-01-22,Influencer,harmattan_drop,51053,307,NGN,22947.65,No issues
2024-01-22,YouTube Pre-roll,retarget_q4,27516,135,NGN,24629.86,No issues
2024-01-23,Email / CRM,harmattan_drop,41509,528,NGN,139333.18,No issues
2024-01-23,Google Ads,lagos_nights_launch,48711,287,NGN,106240.98,No issues
2024-01-23,Influencer,always_on,44723,785,NGN,150448.73,No issues
2024-01-23,Meta Ads,wedding_season_23,60774,1684,NGN,427890.61,No issues
2024-01-23,TikTok Ads,brand_always_on,7968,111,NGN,44645.67,No issues
2024-01-23,YouTube Pre-roll,harmattan_drop,70408,1737,NGN,685827.75,No issues
2024-01-24,Email / CRM,harmattan_drop,68835,378,NGN,104354.61,No issues
2024-01-24,Google Ads,brand_always_on,56131,1624,NGN,637501.64,No issues
2024-01-24,Influencer,wedding_season_23,43227,791,NGN,247544.27,No issues
2024-01-24,Meta Ads,always_on,19202,139,NGN,52230.62,No issues
2024-01-24,TikTok Ads,wedding_season_24,16651,130,NGN,9194.99,No issues
2024-01-24,YouTube Pre-roll,wedding_season_24,78962,785,NGN,181979.16,No issues
2024-01-25,Email / CRM,harmattan_drop,40082,356,NGN,116980.51,No issues
2024-01-25,Google Ads,always_on,6328,167,NGN,15055.36,No issues
2024-01-26,Google Ads,retarget_q4,6767,184,NGN,33185.84,No issues
2024-01-26,Influencer,wedding_season_24,14695,157,NGN,64806.76,No issues
2024-01-26,TikTok Ads,harmattan_drop,56198,320,NGN,49972.61,No issues
2024-01-26,YouTube Pre-roll,retarget_q4,8006,240,NGN,49521.77,No issues
2024-01-27,Email / CRM,harmattan_drop,89111,2251,NGN,886008.39,No issues
2024-01-27,Google Ads,showreel_push,44160,1039,NGN,133544.73,No issues
2024-01-27,Influencer,always_on,33828,164,NGN,29054.2,No issues
2024-01-27,Meta Ads,lagos_nights_launch,79547,995,NGN,222923.04,No issues
2024-01-27,TikTok Ads,brand_always_on,72913,1001,NGN,112694.64,No issues
2024-01-28,Email / CRM,wedding_season_24,3183,79,NGN,11652.5,No issues
2024-01-28,Google Ads,blackfriday24,3994,72,NGN,20116.31,No issues
2024-01-28,Influencer,retarget_q4,36963,390,NGN,110228.99,No issues
2024-01-28,YouTube Pre-roll,wedding_season_23,40731,1087,NGN,112080.07,No issues
2024-01-29,Email / CRM,showreel_push,16635,410,NGN,76579.98,No issues
2024-01-29,Google Ads,harmattan_drop,40867,706,NGN,89291.96,No issues
2024-01-29,Meta Ads,always_on,43443,1211,NGN,279274.15,No issues
2024-01-29,TikTok Ads,black_friday,13459,373,NGN,68640.25,No issues
2024-01-29,YouTube Pre-roll,showreel_push,67395,2225,NGN,534699.47,No issues
2024-01-30,Google Ads,blackfriday24,80224,935,NGN,262390.97,No issues
2024-01-30,Influencer,lagos_nights_launch,22422,684,NGN,88065.16,No issues
2024-01-30,TikTok Ads,harmattan_drop,55547,1097,NGN,379056.78,No issues
2024-01-30,YouTube Pre-roll,always_on,67278,1853,NGN,507809.35,No issues
2024-01-31,Email / CRM,harmattan_drop,84733,2431,NGN,805516.3,No issues
2024-01-31,Google Ads,retarget_q4,80222,2129,NGN,363054.91,No issues
2024-01-31,Influencer,retarget_q4,60038,293,NGN,85387.64,No issues
2024-01-31,Meta Ads,retarget_q4,69630,498,NGN,139912.7,No issues
2024-01-31,TikTok Ads,always_on,23192,246,NGN,62056.07,No issues
2024-01-31,YouTube Pre-roll,harmattan_drop,60045,1713,NGN,158189.41,No issues
2024-02-01,Google Ads,brand_always_on,65464,728,NGN,199827.56,No issues
2024-02-01,TikTok Ads,blackfriday24,63063,387,NGN,156145.2,No issues
2024-02-01,YouTube Pre-roll,always_on,52625,1740,NGN,725231.47,No issues
2024-02-02,Email / CRM,retarget_q4,7680,145,NGN,39433.5,No issues
2024-02-02,Google Ads,harmattan_drop,42885,1043,NGN,100225.8,No issues
2024-02-02,Influencer,showreel_push,39441,1130,NGN,160071.18,No issues
2024-02-02,Meta Ads,wedding_season_23,49775,786,NGN,324636.72,No issues
2024-02-02,TikTok Ads,brand_always_on,39770,1216,NGN,295677.65,No issues
2024-02-02,YouTube Pre-roll,harmattan_drop,17620,442,NGN,143774.61,No issues
2024-02-03,Google Ads,retarget_q4,72718,2473,NGN,361935.93,No issues
2024-02-03,Influencer,brand_always_on,77459,1272,NGN,447020.84,No issues
2024-02-03,Meta Ads,blackfriday24,54299,1837,NGN,244087.57,No issues
2024-02-03,TikTok Ads,harmattan_drop,60671,1820,NGN,732101.15,No issues
2024-02-03,YouTube Pre-roll,black_friday,24963,756,NGN,225310.43,No issues
2024-02-04,Email / CRM,harmattan_drop,75468,2405,NGN,791692.53,No issues
2024-02-04,Google Ads,wedding_season_24,16657,186,NGN,73061.38,No issues
2024-02-04,TikTok Ads,wedding_season_23,9503,299,NGN,116486.97,No issues
2024-02-04,YouTube Pre-roll,blackfriday24,41544,1184,NGN,455889.64,No issues
2024-02-05,Email / CRM,harmattan_drop,30304,986,NGN,310922.24,No issues
2024-02-05,Google Ads,harmattan_drop,12442,309,NGN,98350.16,No issues
2024-02-05,Meta Ads,wedding_season_24,73011,1854,NGN,161808.84,No issues
2024-02-05,TikTok Ads,harmattan_drop,54789,385,NGN,115805.96,No issues
2024-02-05,YouTube Pre-roll,wedding_season_23,66115,1556,NGN,556634.02,No issues
2024-02-06,Google Ads,wedding_season_24,28096,163,NGN,60635.25,No issues
2024-02-06,TikTok Ads,harmattan_drop,46005,671,NGN,55442.92,No issues
2024-02-06,YouTube Pre-roll,wedding_season_23,83661,2385,NGN,958091.22,No issues
2024-02-07,Email / CRM,harmattan_drop,50290,1566,NGN,291462.87,No issues
2024-02-07,Google Ads,black_friday,41053,1180,NGN,472541.17,No issues
2024-02-07,Influencer,harmattan_drop,64891,2225,NGN,238757.73,No issues
2024-02-07,Meta Ads,harmattan_drop,4651,120,NGN,7552.79,No issues
2024-02-07,TikTok Ads,harmattan_drop,63725,1947,NGN,325732.15,No issues
2024-02-07,YouTube Pre-roll,always_on,11713,91,NGN,13154.63,No issues
2024-02-08,Email / CRM,lagos_nights_launch,22246,183,NGN,28994.09,No issues
2024-02-08,Google Ads,retarget_q4,11588,157,NGN,54171.13,No issues
2024-02-08,Meta Ads,harmattan_drop,65008,1100,NGN,272488.73,No issues
2024-02-08,TikTok Ads,harmattan_drop,48069,1662,NGN,405815.64,No issues
2024-02-08,YouTube Pre-roll,retarget_q4,27899,225,NGN,27874.34,No issues
2024-02-09,Email / CRM,retarget_q4,59210,1691,NGN,613252.89,No issues
2024-02-09,Influencer,always_on,5660,41,NGN,3912.32,No issues
2024-02-09,Meta Ads,wedding_season_24,40243,598,NGN,146847.44,No issues
2024-02-10,Email / CRM,lagos_nights_launch,36098,1131,NGN,336458.22,No issues
2024-02-10,Google Ads,harmattan_drop,32968,489,NGN,151358.9,No issues
2024-02-10,Influencer,harmattan_drop,78101,1331,NGN,361038.27,No issues
2024-02-10,TikTok Ads,lagos_nights_launch,70591,2173,NGN,708172.67,No issues
2024-02-11,Email / CRM,wedding_season_24,70536,2396,NGN,310794.54,No issues
2024-02-11,Google Ads,wedding_season_23,8708,240,NGN,99925.49,No issues
2024-02-11,Influencer,always_on,13086,249,NGN,38125.11,No issues
2024-02-11,TikTok Ads,always_on,46563,1285,NGN,138925.86,No issues
2024-02-12,Email / CRM,harmattan_drop,4918,36,NGN,6625.7,No issues
2024-02-12,Influencer,retarget_q4,37734,623,NGN,233828.84,No issues
2024-02-12,Meta Ads,retarget_q4,77296,2344,NGN,155521.15,No issues
2024-02-12,TikTok Ads,wedding_season_23,15513,179,NGN,44048.55,No issues
2024-02-12,YouTube Pre-roll,harmattan_drop,10464,121,NGN,12353.24,No issues
2024-02-13,Google Ads,always_on,13611,469,NGN,148161.29,No issues
2024-02-13,Influencer,harmattan_drop,30055,653,NGN,248079.04,No issues
2024-02-13,TikTok Ads,harmattan_drop,49512,285,NGN,97826.91,No issues
2024-02-14,Email / CRM,harmattan_drop,14281,398,NGN,90795.27,No issues
2024-02-14,Influencer,wedding_season_24,80298,1314,NGN,405276.57,No issues
2024-02-14,YouTube Pre-roll,wedding_season_23,87806,585,NGN,147669.49,No issues
2024-02-15,TikTok Ads,harmattan_drop,63127,579,NGN,46153.69,No issues
2024-02-15,YouTube Pre-roll,wedding_season_24,10043,273,NGN,30643.62,No issues
2024-02-16,Email / CRM,harmattan_drop,50842,1033,NGN,306013.66,No issues
2024-02-16,Google Ads,harmattan_drop,10125,346,NGN,84154.12,No issues
2024-02-16,Influencer,black_friday,50011,340,NGN,135576.58,No issues
2024-02-16,Meta Ads,always_on,55132,1806,NGN,707666.01,No issues
2024-02-16,TikTok Ads,harmattan_drop,25910,708,NGN,198305.47,No issues
2024-02-17,Email / CRM,harmattan_drop,81779,1199,NGN,394618.2,No issues
2024-02-17,Google Ads,lagos_nights_launch,59745,1319,NGN,288807.28,No issues
2024-02-17,Influencer,retarget_q4,7553,87,NGN,12745.59,No issues
2024-02-17,Meta Ads,wedding_season_24,43195,964,NGN,304857.58,No issues
2024-02-17,TikTok Ads,brand_always_on,52151,1550,NGN,305802.03,No issues
2024-02-18,Google Ads,wedding_season_24,70361,1775,NGN,341468.01,No issues
2024-02-18,Influencer,showreel_push,47111,1379,NGN,475920.91,No issues
2024-02-18,Meta Ads,harmattan_drop,58395,927,NGN,338202.97,No issues
2024-02-18,TikTok Ads,retarget_q4,44529,915,NGN,235695.87,No issues
2024-02-18,YouTube Pre-roll,always_on,29054,499,NGN,113389.98,No issues
2024-02-19,Influencer,always_on,31045,901,NGN,106163.22,No issues
2024-02-19,Meta Ads,lagos_nights_launch,72527,1541,NGN,134971.28,No issues
2024-02-19,YouTube Pre-roll,harmattan_drop,21885,454,NGN,182306.11,No issues
2024-02-20,Email / CRM,brand_always_on,78102,2175,NGN,888758.62,No issues
2024-02-20,Influencer,lagos_nights_launch,79436,506,NGN,179718.05,No issues
2024-02-20,Meta Ads,always_on,55386,1910,NGN,511980.63,No issues
2024-02-20,TikTok Ads,wedding_season_23,4818,90,NGN,24948.7,No issues
2024-02-21,Influencer,harmattan_drop,43440,767,NGN,247393.18,No issues
2024-02-21,Meta Ads,blackfriday24,36599,749,NGN,51755.05,No issues
2024-02-21,TikTok Ads,harmattan_drop,27789,396,NGN,70327.57,No issues
2024-02-21,YouTube Pre-roll,showreel_push,31055,333,NGN,89823.69,No issues
2024-02-22,Email / CRM,black_friday,13123,76,NGN,13994.58,No issues
2024-02-22,Google Ads,always_on,22479,445,NGN,154000.83,No issues
2024-02-22,Influencer,harmattan_drop,69599,838,NGN,302122.04,No issues
2024-02-22,Meta Ads,harmattan_drop,52937,292,NGN,106699.1,No issues
2024-02-22,YouTube Pre-roll,retarget_q4,84987,1523,NGN,606388.61,No issues
2024-02-23,Email / CRM,harmattan_drop,83003,1872,NGN,296035.1,No issues
2024-02-23,Google Ads,wedding_season_24,18686,565,NGN,152513.14,No issues
2024-02-23,Influencer,harmattan_drop,20079,638,NGN,252637.93,No issues
2024-02-23,Meta Ads,blackfriday24,89364,1756,NGN,541060.87,No issues
2024-02-23,TikTok Ads,always_on,23727,303,NGN,65931.87,No issues
2024-02-23,YouTube Pre-roll,harmattan_drop,32861,294,NGN,89096.74,No issues
2024-02-24,Email / CRM,harmattan_drop,12772,125,NGN,51483.43,No issues
2024-02-24,Google Ads,retarget_q4,67988,1505,NGN,358824.08,No issues
2024-02-24,Influencer,black_friday,61040,1839,NGN,730705.26,No issues
2024-02-24,Meta Ads,wedding_season_24,63239,1119,NGN,71630.58,No issues
2024-02-24,TikTok Ads,harmattan_drop,11192,317,NGN,123374.11,No issues
2024-02-24,YouTube Pre-roll,blackfriday24,74782,1396,NGN,527260.51,No issues
2024-02-25,Email / CRM,blackfriday24,17892,486,NGN,67309.98,No issues
2024-02-25,Influencer,black_friday,21918,218,NGN,17133.58,No issues
2024-02-25,TikTok Ads,showreel_push,41514,1432,NGN,343879.95,No issues
2024-02-25,YouTube Pre-roll,black_friday,80761,2363,NGN,808164.19,No issues
2024-02-26,Email / CRM,black_friday,34076,1043,NGN,170898.75,No issues
2024-02-26,Google Ads,blackfriday24,72254,828,NGN,314060.23,No issues
2024-02-26,Meta Ads,showreel_push,88868,2771,NGN,586428.59,No issues
2024-02-26,TikTok Ads,showreel_push,9759,118,NGN,24279.31,No issues
2024-02-26,YouTube Pre-roll,harmattan_drop,32105,946,NGN,264257.01,No issues
2024-02-27,Email / CRM,always_on,35800,238,NGN,65701.81,No issues
2024-02-27,Google Ads,wedding_season_23,86037,2751,NGN,934828.57,No issues
2024-02-27,Meta Ads,brand_always_on,16076,490,NGN,83723.57,No issues
2024-02-27,TikTok Ads,showreel_push,4382,58,NGN,4927.06,No issues
2024-02-27,YouTube Pre-roll,retarget_q4,49975,1672,NGN,585146.01,No issues
2024-02-28,Email / CRM,retarget_q4,40457,710,NGN,295544.81,No issues
2024-02-28,Google Ads,always_on,78413,1070,NGN,319403.48,No issues
2024-02-28,Influencer,retarget_q4,52153,422,NGN,149938.04,No issues
2024-02-28,Meta Ads,lagos_nights_launch,67426,1645,NGN,412018.06,No issues
2024-02-28,TikTok Ads,wedding_season_23,69182,2325,NGN,486218.02,No issues
2024-02-28,YouTube Pre-roll,brand_always_on,35986,1027,NGN,136291.37,No issues
2024-02-29,Email / CRM,brand_always_on,17975,222,NGN,49086.83,No issues
2024-02-29,Influencer,lagos_nights_launch,85010,2130,NGN,370627.51,No issues
2024-02-29,Meta Ads,wedding_season_23,17375,345,NGN,128459.39,No issues
2024-02-29,YouTube Pre-roll,black_friday,30703,488,NGN,90928.53,No issues
2024-03-01,Email / CRM,black_friday,84075,2718,NGN,990029.23,No issues
2024-03-01,Google Ads,brand_always_on,39832,248,NGN,17347.21,No issues
2024-03-01,Influencer,harmattan_drop,23417,588,NGN,208833.12,No issues
2024-03-01,TikTok Ads,wedding_season_23,13252,85,NGN,14647.84,No issues
2024-03-01,YouTube Pre-roll,blackfriday24,6270,107,NGN,11732.8,No issues
2024-03-02,Email / CRM,retarget_q4,62682,2180,NGN,434715.57,No issues
2024-03-02,Google Ads,wedding_season_24,24861,802,NGN,125263.7,No issues
2024-03-02,Influencer,harmattan_drop,3752,118,NGN,11657.04,No issues
2024-03-02,Meta Ads,lagos_nights_launch,36448,1154,NGN,359469.91,No issues
2024-03-02,YouTube Pre-roll,showreel_push,21594,455,NGN,133939.61,No issues
2024-03-03,Influencer,retarget_q4,80006,2366,NGN,323744.58,No issues
2024-03-03,Meta Ads,harmattan_drop,24555,336,NGN,56416.59,No issues
2024-03-03,YouTube Pre-roll,harmattan_drop,78134,1733,NGN,207180.2,No issues
2024-03-04,Email / CRM,lagos_nights_launch,67919,1957,NGN,331812.69,No issues
2024-03-04,Google Ads,retarget_q4,81373,647,NGN,194998.32,No issues
2024-03-04,Influencer,blackfriday24,16376,261,NGN,26840.97,No issues
2024-03-04,Meta Ads,harmattan_drop,80046,1487,NGN,335882.9,No issues
2024-03-04,TikTok Ads,harmattan_drop,66965,598,NGN,41268.47,No issues
2024-03-04,YouTube Pre-roll,showreel_push,48611,1619,NGN,440234.57,No issues
2024-03-05,Email / CRM,blackfriday24,39384,762,NGN,319876.44,No issues
2024-03-05,Google Ads,harmattan_drop,65379,1434,NGN,580372.69,No issues
2024-03-05,Influencer,wedding_season_23,59758,1509,NGN,263087.78,No issues
2024-03-05,Meta Ads,lagos_nights_launch,44157,708,NGN,275111.17,No issues
2024-03-05,TikTok Ads,brand_always_on,60059,586,NGN,156962.38,No issues
2024-03-05,YouTube Pre-roll,showreel_push,46369,1319,NGN,83973.22,No issues
2024-03-06,Google Ads,harmattan_drop,26990,360,NGN,34768.74,No issues
2024-03-06,Influencer,retarget_q4,87994,1223,NGN,502613.37,No issues
2024-03-06,TikTok Ads,always_on,59903,1546,NGN,511078.81,No issues
2024-03-06,YouTube Pre-roll,harmattan_drop,79186,2226,NGN,843574.95,No issues
2024-03-07,Email / CRM,retarget_q4,47562,1513,NGN,479856.1,No issues
2024-03-07,Influencer,blackfriday24,44912,1468,NGN,252798.03,No issues
2024-03-07,Meta Ads,wedding_season_24,58544,928,NGN,340938.33,No issues
2024-03-07,TikTok Ads,harmattan_drop,18593,472,NGN,195217.89,No issues
2024-03-07,YouTube Pre-roll,harmattan_drop,21833,322,NGN,109225.83,No issues
2024-03-08,Email / CRM,black_friday,8130,228,NGN,16698.27,No issues
2024-03-08,TikTok Ads,black_friday,14230,264,NGN,82036.86,No issues
2024-03-08,YouTube Pre-roll,black_friday,4674,102,NGN,19643.78,No issues
2024-03-09,Email / CRM,showreel_push,78071,2519,NGN,787792.88,No issues
2024-03-09,Google Ads,harmattan_drop,56980,1428,NGN,100550.71,No issues
2024-03-09,Influencer,harmattan_drop,76345,1169,NGN,112671.16,No issues
2024-03-09,Meta Ads,always_on,87140,957,NGN,291890.19,No issues
2024-03-09,TikTok Ads,always_on,67127,1172,NGN,155808.13,No issues
2024-03-09,YouTube Pre-roll,brand_always_on,56089,1798,NGN,111222.57,No issues
2024-03-10,Email / CRM,wedding_season_24,44019,1187,NGN,100430.64,No issues
2024-03-10,Influencer,retarget_q4,75988,601,NGN,70621.62,No issues
2024-03-10,YouTube Pre-roll,brand_always_on,55218,1900,NGN,332281.16,No issues
2024-03-11,Email / CRM,harmattan_drop,40738,503,NGN,119859.21,No issues
2024-03-11,Influencer,harmattan_drop,19904,416,NGN,78843.43,No issues
2024-03-11,Meta Ads,black_friday,53787,522,NGN,46167.66,No issues
2024-03-12,Email / CRM,retarget_q4,17936,131,NGN,28786.97,No issues
2024-03-12,Google Ads,wedding_season_24,4935,92,NGN,25083.31,No issues
2024-03-12,Influencer,retarget_q4,70114,385,NGN,102515.74,No issues
2024-03-12,Meta Ads,black_friday,10533,142,NGN,53070.24,No issues
2024-03-13,Email / CRM,harmattan_drop,84246,1183,NGN,267012.02,No issues
2024-03-13,Meta Ads,always_on,44180,234,NGN,27549.24,No issues
2024-03-13,TikTok Ads,retarget_q4,73409,671,NGN,82660.63,No issues
2024-03-13,YouTube Pre-roll,always_on,39292,1126,NGN,342093.44,No issues
2024-03-14,Email / CRM,black_friday,45574,610,NGN,230809.21,No issues
2024-03-14,Google Ads,always_on,28576,435,NGN,159577.17,No issues
2024-03-14,Meta Ads,blackfriday24,66055,824,NGN,108989.63,No issues
2024-03-14,TikTok Ads,harmattan_drop,12244,94,NGN,17972.5,No issues
2024-03-14,YouTube Pre-roll,harmattan_drop,46725,1098,NGN,283407.35,No issues
2024-03-15,Meta Ads,wedding_season_23,18827,470,NGN,168518.25,No issues
2024-03-15,TikTok Ads,harmattan_drop,67504,706,NGN,190503.52,No issues
2024-03-15,YouTube Pre-roll,wedding_season_24,76336,1391,NGN,139646.23,No issues
2024-03-16,Google Ads,harmattan_drop,44914,1222,NGN,122120.55,No issues
2024-03-16,Meta Ads,wedding_season_23,34496,178,NGN,57875.52,No issues
2024-03-16,TikTok Ads,retarget_q4,80425,735,NGN,247068.51,No issues
2024-03-16,YouTube Pre-roll,harmattan_drop,73646,863,NGN,329940.86,No issues
2024-03-17,Influencer,harmattan_drop,59241,1649,NGN,204722.14,No issues
2024-03-17,Meta Ads,blackfriday24,28041,189,NGN,64207.46,No issues
2024-03-18,Email / CRM,black_friday,61135,1240,NGN,452192.16,No issues
2024-03-18,Google Ads,brand_always_on,70172,2444,NGN,913367.01,No issues
2024-03-18,Influencer,retarget_q4,81433,1529,NGN,629817.59,No issues
2024-03-18,Meta Ads,wedding_season_24,53378,424,NGN,116258.03,No issues
2024-03-18,TikTok Ads,wedding_season_23,71357,2085,NGN,247026.18,No issues
2024-03-19,Email / CRM,lagos_nights_launch,41193,1070,NGN,64773.07,No issues
2024-03-19,Google Ads,brand_always_on,8578,144,NGN,37213.37,No issues
2024-03-19,Influencer,showreel_push,30573,277,NGN,68994.34,No issues
2024-03-19,TikTok Ads,harmattan_drop,37269,1019,NGN,381692.33,No issues
2024-03-20,Email / CRM,always_on,67862,1423,NGN,415195.84,No issues
2024-03-20,Meta Ads,blackfriday24,54663,1029,NGN,410077.64,No issues
2024-03-20,TikTok Ads,showreel_push,57170,1046,NGN,368232.46,No issues
2024-03-20,YouTube Pre-roll,always_on,31786,975,NGN,218082.45,No issues
2024-03-21,Email / CRM,blackfriday24,86677,1005,NGN,131912.14,No issues
2024-03-21,Google Ads,retarget_q4,48387,225,NGN,21174.67,No issues
2024-03-21,Influencer,brand_always_on,60199,451,NGN,172015.62,No issues
2024-03-21,Meta Ads,wedding_season_24,39502,1152,NGN,477733.23,No issues
2024-03-21,TikTok Ads,retarget_q4,81646,2257,NGN,701527.28,No issues
2024-03-21,YouTube Pre-roll,blackfriday24,88932,985,NGN,67089.66,No issues
2024-03-22,Email / CRM,harmattan_drop,37507,421,NGN,42664.12,No issues
2024-03-22,Google Ads,wedding_season_23,75804,1412,NGN,257949.1,No issues
2024-03-22,Influencer,always_on,8019,90,NGN,18403.92,No issues
2024-03-22,Meta Ads,retarget_q4,79203,1022,NGN,229532.1,No issues
2024-03-22,TikTok Ads,harmattan_drop,48688,764,NGN,124899.14,No issues
2024-03-22,YouTube Pre-roll,harmattan_drop,13056,202,NGN,38617.09,No issues
2024-03-23,Email / CRM,showreel_push,12881,264,NGN,27537.04,No issues
2024-03-23,Google Ads,wedding_season_23,46452,1163,NGN,334061.94,No issues
2024-03-23,Influencer,showreel_push,76111,719,NGN,127199.93,No issues
2024-03-23,Meta Ads,always_on,25720,488,NGN,39777.97,No issues
2024-03-23,TikTok Ads,harmattan_drop,34633,1151,NGN,355912.61,No issues
2024-03-24,Email / CRM,brand_always_on,23358,474,NGN,92287.29,No issues
2024-03-24,Google Ads,retarget_q4,69974,2190,NGN,339552.99,No issues
2024-03-24,Influencer,retarget_q4,31452,712,NGN,107618.82,No issues
2024-03-24,Meta Ads,black_friday,45213,1199,NGN,305378.39,No issues
2024-03-25,Email / CRM,blackfriday24,17145,352,NGN,141274.3,No issues
2024-03-25,Google Ads,harmattan_drop,32686,197,NGN,61003.34,No issues
2024-03-25,Influencer,blackfriday24,33096,815,NGN,328609.25,No issues
2024-03-25,Meta Ads,black_friday,32267,347,NGN,83075.69,No issues
2024-03-25,TikTok Ads,blackfriday24,58623,1629,NGN,479702.74,No issues
2024-03-25,YouTube Pre-roll,lagos_nights_launch,41031,488,NGN,66253.84,No issues
2024-03-26,Email / CRM,harmattan_drop,66574,2103,NGN,176343.29,No issues
2024-03-26,Google Ads,retarget_q4,83698,1587,NGN,664792.74,No issues
2024-03-26,Influencer,always_on,23338,330,NGN,60889.03,No issues
2024-03-26,YouTube Pre-roll,showreel_push,62644,1576,NGN,227473.86,No issues
2024-03-27,Email / CRM,brand_always_on,29899,743,NGN,223900.6,No issues
2024-03-27,Google Ads,retarget_q4,88572,2115,NGN,275729.1,No issues
2024-03-28,Email / CRM,harmattan_drop,12678,263,NGN,40022.86,No issues
2024-03-28,Influencer,showreel_push,7533,140,NGN,39091.82,No issues
2024-03-28,TikTok Ads,wedding_season_23,74723,623,NGN,190827.42,No issues
2024-03-28,YouTube Pre-roll,always_on,6713,232,NGN,96497.29,No issues
2024-03-29,Google Ads,harmattan_drop,14181,80,NGN,10810.25,No issues
2024-03-29,Meta Ads,retarget_q4,38960,1102,NGN,312584.51,No issues
2024-03-29,TikTok Ads,blackfriday24,55578,738,NGN,131199.9,No issues
2024-03-29,YouTube Pre-roll,black_friday,12698,230,NGN,68154.78,No issues
2024-03-30,Google Ads,retarget_q4,14915,470,NGN,102011.4,No issues
2024-03-30,Influencer,retarget_q4,83125,1324,NGN,314153.97,No issues
2024-03-30,Meta Ads,wedding_season_23,78811,1300,NGN,244107.76,No issues
2024-03-30,YouTube Pre-roll,always_on,66549,2095,NGN,642321.3,No issues
2024-03-31,Email / CRM,showreel_push,69254,1546,NGN,209828.71,No issues
2024-03-31,Influencer,wedding_season_24,37086,864,NGN,101737.14,No issues
2024-03-31,TikTok Ads,always_on,4934,22,NGN,7585.6,No issues
2024-03-31,YouTube Pre-roll,showreel_push,45037,996,NGN,392239.89,No issues
2024-04-01,Email / CRM,harmattan_drop,70912,590,NGN,234101.5,No issues
2024-04-01,Google Ads,harmattan_drop,50904,1071,NGN,331494.61,No issues
2024-04-01,Influencer,harmattan_drop,60934,1236,NGN,483172.05,No issues
2024-04-01,YouTube Pre-roll,harmattan_drop,22789,408,NGN,36549.34,No issues
2024-04-02,Email / CRM,showreel_push,24581,447,NGN,106180.39,No issues
2024-04-02,Google Ads,wedding_season_24,32724,848,NGN,179880.46,No issues
2024-04-02,Influencer,blackfriday24,89876,827,NGN,290510.71,No issues
2024-04-03,Influencer,wedding_season_24,84321,2102,NGN,160494.73,No issues
2024-04-03,Meta Ads,lagos_nights_launch,81573,2803,NGN,435886.66,No issues
2024-04-03,TikTok Ads,retarget_q4,39508,537,NGN,217481.2,No issues
2024-04-03,YouTube Pre-roll,harmattan_drop,53005,1755,NGN,668889.6,No issues
2024-04-04,Email / CRM,retarget_q4,5150,116,NGN,32324.56,No issues
2024-04-04,TikTok Ads,harmattan_drop,82043,1098,NGN,295823.51,No issues
2024-04-05,Google Ads,always_on,73871,863,NGN,237845.96,No issues
2024-04-05,Influencer,wedding_season_23,42522,1341,NGN,223154.75,No issues
2024-04-05,Meta Ads,lagos_nights_launch,82220,1627,NGN,199832.9,No issues
2024-04-06,Google Ads,blackfriday24,64722,1851,NGN,263559.58,No issues
2024-04-06,Influencer,brand_always_on,86113,1976,NGN,459063.09,No issues
2024-04-06,TikTok Ads,harmattan_drop,11432,378,NGN,145042.15,No issues
2024-04-06,YouTube Pre-roll,harmattan_drop,18464,468,NGN,50842.07,No issues
2024-04-07,Email / CRM,blackfriday24,37684,655,NGN,172085.16,No issues
2024-04-07,Google Ads,harmattan_drop,74982,835,NGN,61949.05,No issues
2024-04-07,Influencer,retarget_q4,66945,743,NGN,75753.56,No issues
2024-04-07,Meta Ads,blackfriday24,67751,1022,NGN,295689.28,No issues
2024-04-07,YouTube Pre-roll,always_on,27547,476,NGN,72975.68,No issues
2024-04-08,Email / CRM,harmattan_drop,62783,1013,NGN,177033.88,No issues
2024-04-08,Google Ads,lagos_nights_launch,4888,161,NGN,36144.37,No issues
2024-04-08,Meta Ads,lagos_nights_launch,7482,121,NGN,15997.64,No issues
2024-04-08,TikTok Ads,retarget_q4,64939,1153,NGN,92505.92,No issues
2024-04-09,Email / CRM,wedding_season_24,39332,453,NGN,118569.37,No issues
2024-04-09,Google Ads,black_friday,75900,1080,NGN,180401.32,No issues
2024-04-09,Influencer,wedding_season_24,78384,1828,NGN,511797.12,No issues
2024-04-09,Meta Ads,blackfriday24,43285,295,NGN,112393.92,No issues
2024-04-09,TikTok Ads,retarget_q4,44445,521,NGN,93494.7,No issues
2024-04-09,YouTube Pre-roll,lagos_nights_launch,82672,1366,NGN,204027.56,No issues
2024-04-10,Google Ads,retarget_q4,8612,256,NGN,96020.55,No issues
2024-04-10,Influencer,retarget_q4,7674,60,NGN,4263.7,No issues
2024-04-10,Meta Ads,showreel_push,55715,1344,NGN,553450.98,No issues
2024-04-10,TikTok Ads,harmattan_drop,67966,1509,NGN,171746.61,No issues
2024-04-10,YouTube Pre-roll,showreel_push,26482,456,NGN,36337.73,No issues
2024-04-11,Google Ads,wedding_season_23,69644,866,NGN,121665.71,No issues
2024-04-11,Influencer,lagos_nights_launch,36779,546,NGN,229141.56,No issues
2024-04-11,TikTok Ads,blackfriday24,79719,1919,NGN,521565.45,No issues
2024-04-11,YouTube Pre-roll,wedding_season_23,85033,1846,NGN,357159.38,No issues
2024-04-12,Meta Ads,always_on,28646,460,NGN,170179.59,No issues
2024-04-12,TikTok Ads,retarget_q4,83580,1647,NGN,139408.76,No issues
2024-04-12,YouTube Pre-roll,wedding_season_23,43868,1142,NGN,344995.33,No issues
2024-04-13,Email / CRM,showreel_push,12949,179,NGN,63732.28,No issues
2024-04-13,Meta Ads,retarget_q4,49953,1533,NGN,586625.0,No issues
2024-04-13,TikTok Ads,harmattan_drop,11701,128,NGN,47643.3,No issues
2024-04-13,YouTube Pre-roll,retarget_q4,19668,417,NGN,158685.99,No issues
2024-04-14,Email / CRM,retarget_q4,54985,1428,NGN,132721.1,No issues
2024-04-14,Meta Ads,harmattan_drop,77467,2331,NGN,186176.24,No issues
2024-04-14,TikTok Ads,harmattan_drop,17306,368,NGN,27699.02,No issues
2024-04-14,YouTube Pre-roll,harmattan_drop,22256,704,NGN,125678.25,No issues
2024-04-15,Email / CRM,lagos_nights_launch,33106,905,NGN,87696.21,No issues
2024-04-15,Influencer,blackfriday24,17641,540,NGN,64847.18,No issues
2024-04-15,Meta Ads,harmattan_drop,52011,883,NGN,292601.36,No issues
2024-04-16,Email / CRM,retarget_q4,49543,1277,NGN,418641.7,No issues
2024-04-16,Influencer,harmattan_drop,65367,2079,NGN,508893.57,No issues
2024-04-16,TikTok Ads,wedding_season_23,8229,55,NGN,4576.34,No issues
2024-04-17,Email / CRM,black_friday,21873,136,NGN,37208.7,No issues
2024-04-17,Google Ads,wedding_season_24,45756,974,NGN,124729.91,No issues
2024-04-17,Influencer,harmattan_drop,69123,354,NGN,67073.14,No issues
2024-04-17,YouTube Pre-roll,harmattan_drop,74505,1907,NGN,531781.43,No issues
2024-04-18,Email / CRM,brand_always_on,43849,1326,NGN,547761.45,No issues
2024-04-18,Google Ads,harmattan_drop,14306,297,NGN,89317.83,No issues
2024-04-18,Influencer,brand_always_on,11693,117,NGN,20515.12,No issues
2024-04-18,Meta Ads,wedding_season_23,83019,2468,NGN,285537.6,No issues
2024-04-18,YouTube Pre-roll,harmattan_drop,81489,2058,NGN,290044.9,No issues
2024-04-19,Email / CRM,wedding_season_24,75608,1970,NGN,164161.46,No issues
2024-04-19,Google Ads,wedding_season_24,61125,1188,NGN,294939.63,No issues
2024-04-19,Influencer,wedding_season_24,35836,150,NGN,32442.87,No issues
2024-04-19,Meta Ads,always_on,80507,2144,NGN,715291.5,No issues
2024-04-19,TikTok Ads,brand_always_on,65268,1297,NGN,227119.74,No issues
2024-04-19,YouTube Pre-roll,brand_always_on,67565,1759,NGN,423996.61,No issues
2024-04-20,Google Ads,showreel_push,86880,1933,NGN,547530.44,No issues
2024-04-20,Influencer,retarget_q4,54510,1031,NGN,286760.1,No issues
2024-04-20,TikTok Ads,brand_always_on,29973,1020,NGN,189661.76,No issues
2024-04-20,YouTube Pre-roll,blackfriday24,28704,651,NGN,128750.59,No issues
2024-04-21,Email / CRM,lagos_nights_launch,72586,2060,NGN,748527.12,No issues
2024-04-21,Google Ads,harmattan_drop,50677,905,NGN,209466.44,No issues
2024-04-21,Meta Ads,black_friday,29718,278,NGN,94928.84,No issues
2024-04-21,YouTube Pre-roll,retarget_q4,54044,1687,NGN,191023.19,No issues
2024-04-22,Email / CRM,always_on,4506,70,NGN,25514.41,No issues
2024-04-22,Influencer,lagos_nights_launch,28932,503,NGN,199230.44,No issues
2024-04-22,YouTube Pre-roll,harmattan_drop,19930,383,NGN,91591.47,No issues
2024-04-23,Email / CRM,lagos_nights_launch,87491,2967,NGN,280937.45,No issues
2024-04-23,Influencer,retarget_q4,40055,1007,NGN,249220.13,No issues
2024-04-23,Meta Ads,retarget_q4,70714,1861,NGN,312140.39,No issues
2024-04-23,TikTok Ads,blackfriday24,37725,818,NGN,287747.79,No issues
2024-04-24,Email / CRM,lagos_nights_launch,19485,532,NGN,136747.84,No issues
2024-04-24,Google Ads,harmattan_drop,47942,1555,NGN,383913.93,No issues
2024-04-24,Influencer,always_on,21091,412,NGN,70031.03,No issues
2024-04-24,Meta Ads,lagos_nights_launch,5320,28,NGN,7240.97,No issues
2024-04-24,YouTube Pre-roll,retarget_q4,65017,816,NGN,74760.7,No issues
2024-04-25,Email / CRM,wedding_season_24,70887,2176,NGN,155286.13,No issues
2024-04-25,Google Ads,showreel_push,47379,517,NGN,64847.92,No issues
2024-04-25,Influencer,wedding_season_23,5579,64,NGN,6803.52,No issues
2024-04-25,Meta Ads,wedding_season_23,81234,2179,NGN,377102.37,No issues
2024-04-25,TikTok Ads,brand_always_on,50670,1033,NGN,304842.26,No issues
2024-04-25,YouTube Pre-roll,showreel_push,45348,921,NGN,362748.06,No issues
2024-04-26,Google Ads,wedding_season_23,18241,241,NGN,31343.84,No issues
2024-04-26,Influencer,lagos_nights_launch,36705,1143,NGN,358191.86,No issues
2024-04-26,Meta Ads,black_friday,6005,188,NGN,67244.2,No issues
2024-04-26,TikTok Ads,harmattan_drop,12809,367,NGN,143337.52,No issues
2024-04-26,YouTube Pre-roll,harmattan_drop,35647,313,NGN,80998.15,No issues
2024-04-27,Google Ads,wedding_season_23,78576,397,NGN,162346.71,No issues
2024-04-27,Influencer,brand_always_on,73063,2537,NGN,195545.11,No issues
2024-04-27,Meta Ads,wedding_season_23,37793,950,NGN,80916.43,No issues
2024-04-28,Meta Ads,harmattan_drop,47555,256,NGN,84975.7,No issues
2024-04-28,TikTok Ads,lagos_nights_launch,26688,465,NGN,186930.24,No issues
2024-04-28,YouTube Pre-roll,lagos_nights_launch,69301,1240,NGN,436050.29,No issues
2024-04-29,Email / CRM,harmattan_drop,53467,1112,NGN,312333.51,No issues
2024-04-29,Influencer,wedding_season_23,41579,515,NGN,76491.12,No issues
2024-04-29,Meta Ads,harmattan_drop,46746,544,NGN,141165.19,No issues
2024-04-29,TikTok Ads,brand_always_on,42200,304,NGN,95596.33,No issues
2024-04-29,YouTube Pre-roll,lagos_nights_launch,67085,598,NGN,115409.85,No issues
2024-04-30,Google Ads,harmattan_drop,51402,1200,NGN,438442.48,No issues
2024-04-30,Influencer,harmattan_drop,68087,682,NGN,239803.33,No issues
2024-04-30,Meta Ads,showreel_push,53027,1464,NGN,525961.19,No issues
2024-04-30,TikTok Ads,retarget_q4,73760,1440,NGN,343675.2,No issues
2024-04-30,YouTube Pre-roll,brand_always_on,8482,236,NGN,42141.15,No issues
2024-05-01,Email / CRM,wedding_season_23,50544,1273,NGN,85559.43,No issues
2024-05-01,Influencer,retarget_q4,25943,832,NGN,209861.09,No issues
2024-05-01,Meta Ads,brand_always_on,85283,1860,NGN,767195.42,No issues
2024-05-01,TikTok Ads,blackfriday24,69517,2405,NGN,958127.63,No issues
2024-05-02,Email / CRM,always_on,48660,317,NGN,19750.36,No issues
2024-05-02,Google Ads,harmattan_drop,54351,767,NGN,316356.69,No issues
2024-05-02,TikTok Ads,wedding_season_23,67372,2172,NGN,307992.06,No issues
2024-05-02,YouTube Pre-roll,retarget_q4,88284,2624,NGN,750590.54,No issues
2024-05-03,Google Ads,harmattan_drop,79234,2491,NGN,1019558.22,No issues
2024-05-03,Meta Ads,always_on,26367,139,NGN,51214.84,No issues
2024-05-03,TikTok Ads,brand_always_on,24667,764,NGN,290572.16,No issues
2024-05-04,Email / CRM,wedding_season_24,13857,88,NGN,20847.22,No issues
2024-05-04,Google Ads,retarget_q4,40723,1390,NGN,142184.59,No issues
2024-05-04,YouTube Pre-roll,blackfriday24,9914,293,NGN,47982.86,No issues
2024-05-05,Email / CRM,retarget_q4,82714,1495,NGN,122662.17,No issues
2024-05-05,Google Ads,black_friday,51046,244,NGN,58141.59,No issues
2024-05-05,Meta Ads,harmattan_drop,46977,1404,NGN,438382.97,No issues
2024-05-05,TikTok Ads,blackfriday24,82352,927,NGN,318930.09,No issues
2024-05-06,Email / CRM,wedding_season_23,84918,1928,NGN,696808.45,No issues
2024-05-06,Google Ads,always_on,14666,151,NGN,18187.18,No issues
2024-05-06,Meta Ads,showreel_push,50571,1131,NGN,354755.92,No issues
2024-05-06,TikTok Ads,black_friday,78826,1704,NGN,457210.96,No issues
2024-05-06,YouTube Pre-roll,retarget_q4,32363,451,NGN,143249.03,No issues
2024-05-07,Email / CRM,retarget_q4,76866,1897,NGN,216213.31,No issues
2024-05-07,Google Ads,blackfriday24,70118,1477,NGN,102399.3,No issues
2024-05-07,Meta Ads,harmattan_drop,69366,1721,NGN,575335.91,No issues
2024-05-07,TikTok Ads,harmattan_drop,59577,1714,NGN,450083.18,No issues
2024-05-07,YouTube Pre-roll,harmattan_drop,42979,461,NGN,185156.56,No issues
2024-05-08,Google Ads,brand_always_on,9126,164,NGN,52021.17,No issues
2024-05-08,Meta Ads,blackfriday24,78696,497,NGN,181953.97,No issues
2024-05-08,TikTok Ads,harmattan_drop,51730,445,NGN,31502.25,No issues
2024-05-08,YouTube Pre-roll,showreel_push,29128,876,NGN,347608.15,No issues
2024-05-09,Email / CRM,wedding_season_23,52649,1270,NGN,446520.28,No issues
2024-05-09,Google Ads,brand_always_on,34086,567,NGN,137729.38,No issues
2024-05-09,Influencer,black_friday,37004,917,NGN,211887.6,No issues
2024-05-09,TikTok Ads,harmattan_drop,71284,1486,NGN,603140.16,No issues
2024-05-10,Email / CRM,harmattan_drop,48544,247,NGN,91267.74,No issues
2024-05-10,Google Ads,wedding_season_24,26329,737,NGN,301097.92,No issues
2024-05-10,Influencer,always_on,63812,1431,NGN,526669.01,No issues
2024-05-10,Meta Ads,retarget_q4,11477,287,NGN,113594.99,No issues
2024-05-10,TikTok Ads,lagos_nights_launch,46961,1100,NGN,103880.8,No issues
2024-05-10,YouTube Pre-roll,always_on,5096,58,NGN,22911.64,No issues
2024-05-11,Email / CRM,harmattan_drop,22930,683,NGN,246125.74,No issues
2024-05-11,Meta Ads,wedding_season_23,64261,820,NGN,103864.41,No issues
2024-05-11,YouTube Pre-roll,retarget_q4,45627,1576,NGN,356017.59,No issues
2024-05-12,Email / CRM,harmattan_drop,32062,838,NGN,106400.95,No issues
2024-05-12,Google Ads,harmattan_drop,37618,734,NGN,251699.94,No issues
2024-05-12,Meta Ads,showreel_push,21730,500,NGN,159662.71,No issues
2024-05-12,TikTok Ads,harmattan_drop,67710,1767,NGN,594292.5,No issues
2024-05-12,YouTube Pre-roll,retarget_q4,58249,389,NGN,28835.89,No issues
2024-05-13,Email / CRM,harmattan_drop,17425,408,NGN,132589.24,No issues
2024-05-13,Google Ads,always_on,58235,536,NGN,142440.29,No issues
2024-05-13,Influencer,always_on,29066,254,NGN,90486.55,No issues
2024-05-13,Meta Ads,lagos_nights_launch,87072,1659,NGN,595951.88,No issues
2024-05-13,TikTok Ads,lagos_nights_launch,87494,759,NGN,128196.78,No issues
2024-05-13,YouTube Pre-roll,lagos_nights_launch,8183,98,NGN,10737.05,No issues
2024-05-14,Email / CRM,brand_always_on,5678,37,NGN,6695.64,No issues
2024-05-14,Google Ads,brand_always_on,24065,273,NGN,64459.32,No issues
2024-05-14,YouTube Pre-roll,harmattan_drop,30445,606,NGN,92868.89,No issues
2024-05-15,Influencer,wedding_season_23,55966,1411,NGN,137416.88,No issues
2024-05-15,TikTok Ads,harmattan_drop,47685,978,NGN,238012.68,No issues
2024-05-15,YouTube Pre-roll,retarget_q4,10211,299,NGN,111749.75,No issues
2024-05-16,Google Ads,always_on,18652,308,NGN,43881.16,No issues
2024-05-16,Influencer,retarget_q4,22322,627,NGN,67748.52,No issues
2024-05-16,Meta Ads,always_on,49126,1174,NGN,328499.41,No issues
2024-05-17,Google Ads,blackfriday24,66367,1405,NGN,390638.48,No issues
2024-05-17,TikTok Ads,wedding_season_24,31655,783,NGN,224128.15,No issues
2024-05-17,YouTube Pre-roll,harmattan_drop,15451,309,NGN,110550.5,No issues
2024-05-18,Email / CRM,lagos_nights_launch,27860,592,NGN,210905.03,No issues
2024-05-18,Google Ads,showreel_push,83849,1928,NGN,151824.71,No issues
2024-05-18,TikTok Ads,black_friday,74169,2524,NGN,192614.26,No issues
2024-05-18,YouTube Pre-roll,brand_always_on,74565,1896,NGN,536121.71,No issues
2024-05-19,Email / CRM,black_friday,24442,495,NGN,177672.35,No issues
2024-05-19,Google Ads,showreel_push,33033,930,NGN,301357.53,No issues
2024-05-19,Influencer,retarget_q4,51392,1429,NGN,314642.23,No issues
2024-05-19,Meta Ads,showreel_push,38971,1000,NGN,281740.59,No issues
2024-05-19,TikTok Ads,wedding_season_23,67980,2109,NGN,195201.89,No issues
2024-05-19,YouTube Pre-roll,brand_always_on,11704,83,NGN,30050.91,No issues
2024-05-20,Email / CRM,always_on,39555,563,NGN,73034.29,No issues
2024-05-20,Google Ads,showreel_push,69482,914,NGN,244778.3,No issues
2024-05-20,Influencer,always_on,71780,1616,NGN,159805.44,No issues
2024-05-20,Meta Ads,black_friday,77717,2068,NGN,198544.34,No issues
2024-05-20,YouTube Pre-roll,retarget_q4,81450,415,NGN,145299.72,No issues
2024-05-21,Email / CRM,retarget_q4,24912,851,NGN,309732.56,No issues
2024-05-21,Google Ads,brand_always_on,4360,131,NGN,20665.77,No issues
2024-05-21,Influencer,black_friday,30958,522,NGN,206955.32,No issues
2024-05-21,Meta Ads,wedding_season_23,62464,703,NGN,81983.22,No issues
2024-05-21,TikTok Ads,wedding_season_23,3799,15,NGN,2173.88,No issues
2024-05-21,YouTube Pre-roll,wedding_season_23,13797,73,NGN,21469.55,No issues
2024-05-22,Email / CRM,harmattan_drop,15987,547,NGN,194265.83,No issues
2024-05-22,Google Ads,harmattan_drop,83617,2149,NGN,778345.06,No issues
2024-05-22,TikTok Ads,always_on,38698,1328,NGN,409443.89,No issues
2024-05-23,Google Ads,brand_always_on,76721,1626,NGN,150344.76,No issues
2024-05-23,Influencer,showreel_push,76815,2032,NGN,272534.45,No issues
2024-05-23,TikTok Ads,showreel_push,66495,1333,NGN,447846.52,No issues
2024-05-23,YouTube Pre-roll,retarget_q4,73897,390,NGN,73043.36,No issues
2024-05-24,Email / CRM,wedding_season_23,67946,374,NGN,145278.93,No issues
2024-05-24,Influencer,harmattan_drop,50120,1638,NGN,145666.66,No issues
2024-05-24,Meta Ads,black_friday,34338,203,NGN,35961.82,No issues
2024-05-24,YouTube Pre-roll,always_on,43359,177,NGN,17782.12,No issues
2024-05-25,Email / CRM,harmattan_drop,35233,491,NGN,201429.76,No issues
2024-05-25,Influencer,harmattan_drop,45228,1333,NGN,98606.91,No issues
2024-05-25,Meta Ads,retarget_q4,76519,820,NGN,104473.34,No issues
2024-05-25,TikTok Ads,harmattan_drop,39134,1306,NGN,111555.87,No issues
2024-05-25,YouTube Pre-roll,black_friday,42520,930,NGN,214490.96,No issues
2024-05-26,Email / CRM,harmattan_drop,55109,1211,NGN,486499.33,No issues
2024-05-26,Google Ads,wedding_season_24,79265,1620,NGN,116513.32,No issues
2024-05-26,Influencer,retarget_q4,72956,762,NGN,138991.35,No issues
2024-05-26,TikTok Ads,showreel_push,36066,485,NGN,96362.84,No issues
2024-05-26,YouTube Pre-roll,harmattan_drop,24816,536,NGN,139502.52,No issues
2024-05-27,Google Ads,harmattan_drop,10116,159,NGN,31219.93,No issues
2024-05-27,Influencer,always_on,76284,2318,NGN,336938.31,No issues
2024-05-27,Meta Ads,retarget_q4,59767,405,NGN,39151.21,No issues
2024-05-28,Email / CRM,always_on,85963,1358,NGN,347112.41,No issues
2024-05-28,Google Ads,wedding_season_23,24286,624,NGN,178657.83,No issues
2024-05-28,Influencer,black_friday,85748,1946,NGN,532197.15,No issues
2024-05-28,Meta Ads,harmattan_drop,60735,328,NGN,107397.94,No issues
2024-05-28,TikTok Ads,showreel_push,41259,350,NGN,25786.32,No issues
2024-05-28,YouTube Pre-roll,blackfriday24,39809,221,NGN,54705.54,No issues
2024-05-29,Google Ads,always_on,48510,235,NGN,48692.18,No issues
2024-05-29,Influencer,wedding_season_24,16356,467,NGN,70156.03,No issues
2024-05-29,Meta Ads,lagos_nights_launch,55959,933,NGN,59453.28,No issues
2024-05-29,TikTok Ads,harmattan_drop,43455,1497,NGN,509105.06,No issues
2024-05-29,YouTube Pre-roll,wedding_season_24,30068,656,NGN,232652.12,No issues
2024-05-30,Google Ads,lagos_nights_launch,15254,97,NGN,27142.12,No issues
2024-05-30,Influencer,blackfriday24,12534,127,NGN,31165.47,No issues
2024-05-30,Meta Ads,harmattan_drop,27630,564,NGN,119330.4,No issues
2024-05-30,TikTok Ads,black_friday,89121,2568,NGN,540186.42,No issues
2024-05-30,YouTube Pre-roll,always_on,3435,87,NGN,21021.07,No issues
2024-05-31,Email / CRM,harmattan_drop,35825,638,NGN,223752.43,No issues
2024-05-31,Google Ads,blackfriday24,39134,327,NGN,80224.16,No issues
2024-05-31,Influencer,harmattan_drop,89038,1487,NGN,565215.64,No issues
2024-05-31,Meta Ads,always_on,74556,2015,NGN,841609.76,No issues
2024-05-31,TikTok Ads,harmattan_drop,39462,544,NGN,188709.41,No issues
2024-05-31,YouTube Pre-roll,wedding_season_24,46479,1431,NGN,438237.39,No issues
2024-06-01,Email / CRM,blackfriday24,22634,172,NGN,40563.73,No issues
2024-06-01,Google Ads,blackfriday24,39649,721,NGN,187110.95,No issues
2024-06-01,Meta Ads,harmattan_drop,46253,1356,NGN,366535.28,No issues
2024-06-01,TikTok Ads,brand_always_on,25273,606,NGN,83210.28,No issues
2024-06-01,YouTube Pre-roll,brand_always_on,32529,617,NGN,90153.45,No issues
2024-06-02,Email / CRM,retarget_q4,11240,58,NGN,20483.17,No issues
2024-06-02,Google Ads,blackfriday24,12343,384,NGN,119347.54,No issues
2024-06-02,Meta Ads,wedding_season_23,69775,2420,NGN,378093.75,No issues
2024-06-02,YouTube Pre-roll,harmattan_drop,38951,1132,NGN,258654.2,No issues
2024-06-03,Email / CRM,harmattan_drop,49235,1615,NGN,541994.3,No issues
2024-06-03,TikTok Ads,wedding_season_24,26717,908,NGN,193350.51,No issues
2024-06-03,YouTube Pre-roll,harmattan_drop,55202,1753,NGN,292163.07,No issues
2024-06-04,Influencer,lagos_nights_launch,35203,1006,NGN,61336.6,No issues
2024-06-04,TikTok Ads,showreel_push,67464,1198,NGN,448806.73,No issues
2024-06-04,YouTube Pre-roll,lagos_nights_launch,30552,125,NGN,51759.63,No issues
2024-06-05,Influencer,wedding_season_23,28482,599,NGN,203819.9,No issues
2024-06-05,Meta Ads,harmattan_drop,65711,1690,NGN,644915.68,No issues
2024-06-06,Google Ads,harmattan_drop,52208,1056,NGN,193769.64,No issues
2024-06-06,Influencer,always_on,4814,101,NGN,19362.82,No issues
2024-06-06,TikTok Ads,showreel_push,18915,173,NGN,13039.2,No issues
2024-06-06,YouTube Pre-roll,harmattan_drop,64604,294,NGN,107527.12,No issues
2024-06-07,Google Ads,retarget_q4,71032,700,NGN,44863.35,No issues
2024-06-07,Influencer,brand_always_on,86705,2526,NGN,291040.87,No issues
2024-06-07,Meta Ads,harmattan_drop,55094,1565,NGN,542442.75,No issues
2024-06-07,TikTok Ads,harmattan_drop,55609,694,NGN,167932.18,No issues
2024-06-07,YouTube Pre-roll,wedding_season_24,51920,1592,NGN,646459.67,No issues
2024-06-08,Google Ads,harmattan_drop,15612,457,NGN,67026.94,No issues
2024-06-08,Influencer,harmattan_drop,48118,778,NGN,242798.24,No issues
2024-06-08,Meta Ads,blackfriday24,10080,98,NGN,37882.23,No issues
2024-06-08,YouTube Pre-roll,harmattan_drop,64588,1039,NGN,290737.74,No issues
2024-06-09,Email / CRM,brand_always_on,34505,935,NGN,220410.36,No issues
2024-06-09,TikTok Ads,showreel_push,50907,530,NGN,117012.08,No issues
2024-06-09,YouTube Pre-roll,retarget_q4,19766,560,NGN,35059.17,No issues
2024-06-10,Email / CRM,showreel_push,21790,134,NGN,33191.4,No issues
2024-06-10,Meta Ads,retarget_q4,3269,57,NGN,19633.95,No issues
2024-06-10,TikTok Ads,harmattan_drop,71156,1966,NGN,431888.86,No issues
2024-06-11,Email / CRM,retarget_q4,86742,357,NGN,34903.71,No issues
2024-06-11,Google Ads,wedding_season_23,32600,146,NGN,49828.57,No issues
2024-06-11,Influencer,retarget_q4,65866,1755,NGN,209943.54,No issues
2024-06-11,Meta Ads,brand_always_on,65316,1638,NGN,215980.85,No issues
2024-06-11,TikTok Ads,wedding_season_23,86588,2834,NGN,506002.72,No issues
2024-06-11,YouTube Pre-roll,harmattan_drop,79593,1094,NGN,374731.73,No issues
2024-06-12,Email / CRM,retarget_q4,48207,792,NGN,83247.31,No issues
2024-06-12,Google Ads,wedding_season_23,54607,1116,NGN,128740.67,No issues
2024-06-12,Meta Ads,harmattan_drop,3010,42,NGN,13520.25,No issues
2024-06-12,YouTube Pre-roll,black_friday,78399,2551,NGN,389111.85,No issues
2024-06-13,Email / CRM,showreel_push,47280,927,NGN,88893.57,No issues
2024-06-13,Influencer,retarget_q4,60028,719,NGN,285882.68,No issues
2024-06-13,Meta Ads,brand_always_on,69813,326,NGN,29148.58,No issues
2024-06-13,TikTok Ads,harmattan_drop,29263,149,NGN,18735.95,No issues
2024-06-13,YouTube Pre-roll,retarget_q4,44242,1086,NGN,92093.08,No issues
2024-06-14,Email / CRM,blackfriday24,59266,470,NGN,87201.06,No issues
2024-06-14,Google Ads,wedding_season_24,17482,105,NGN,33041.44,No issues
2024-06-14,Meta Ads,wedding_season_23,39914,1075,NGN,216447.72,No issues
2024-06-14,TikTok Ads,black_friday,23581,271,NGN,54082.15,No issues
2024-06-14,YouTube Pre-roll,black_friday,89204,821,NGN,55565.41,No issues
2024-06-15,Google Ads,harmattan_drop,77690,734,NGN,267251.22,No issues
2024-06-15,Influencer,black_friday,64829,2173,NGN,506432.48,No issues
2024-06-15,TikTok Ads,harmattan_drop,9149,134,NGN,41744.76,No issues
2024-06-16,Email / CRM,showreel_push,30279,205,NGN,57112.1,No issues
2024-06-16,Google Ads,lagos_nights_launch,50949,1164,NGN,169479.96,No issues
2024-06-16,Influencer,harmattan_drop,39829,276,NGN,105645.68,No issues
2024-06-16,Meta Ads,retarget_q4,39980,623,NGN,176562.65,No issues
2024-06-16,TikTok Ads,harmattan_drop,69531,1939,NGN,392848.08,No issues
2024-06-16,YouTube Pre-roll,lagos_nights_launch,45746,376,NGN,88900.21,No issues
2024-06-17,Google Ads,retarget_q4,85349,2808,NGN,768055.04,No issues
2024-06-17,Influencer,lagos_nights_launch,83280,1350,NGN,215136.55,No issues
2024-06-17,TikTok Ads,always_on,4468,130,NGN,20844.07,No issues
2024-06-17,YouTube Pre-roll,harmattan_drop,37591,1231,NGN,514192.16,No issues
2024-06-18,Email / CRM,blackfriday24,87485,1132,NGN,281260.35,No issues
2024-06-18,Google Ads,retarget_q4,70140,860,NGN,106506.03,No issues
2024-06-18,Influencer,retarget_q4,33354,157,NGN,65626.23,No issues
2024-06-18,Meta Ads,wedding_season_23,72806,351,NGN,94235.21,No issues
2024-06-18,TikTok Ads,harmattan_drop,15764,330,NGN,76875.89,No issues
2024-06-18,YouTube Pre-roll,blackfriday24,78651,1883,NGN,247646.44,No issues
2024-06-19,Email / CRM,harmattan_drop,58464,574,NGN,141499.7,No issues
2024-06-19,Google Ads,harmattan_drop,43404,910,NGN,220536.45,No issues
2024-06-19,Influencer,harmattan_drop,57719,1022,NGN,219038.23,No issues
2024-06-19,Meta Ads,black_friday,84671,1634,NGN,548397.31,No issues
2024-06-19,TikTok Ads,lagos_nights_launch,44578,993,NGN,409940.0,No issues
2024-06-19,YouTube Pre-roll,harmattan_drop,41552,683,NGN,221439.29,No issues
2024-06-20,Email / CRM,black_friday,59516,1522,NGN,186209.8,No issues
2024-06-20,Google Ads,always_on,62218,934,NGN,149286.25,No issues
2024-06-20,Influencer,wedding_season_23,42185,1062,NGN,374145.97,No issues
2024-06-20,Meta Ads,retarget_q4,60152,782,NGN,311306.87,No issues
2024-06-21,Email / CRM,harmattan_drop,58941,887,NGN,244983.05,No issues
2024-06-21,Google Ads,wedding_season_23,21530,700,NGN,103005.2,No issues
2024-06-21,Influencer,blackfriday24,48163,1291,NGN,242771.34,No issues
2024-06-21,YouTube Pre-roll,harmattan_drop,43830,399,NGN,105715.29,No issues
2024-06-22,Email / CRM,brand_always_on,39670,705,NGN,106398.44,No issues
2024-06-22,Google Ads,wedding_season_24,31453,508,NGN,207220.29,No issues
2024-06-22,TikTok Ads,harmattan_drop,16614,164,NGN,29178.28,No issues
2024-06-23,Email / CRM,wedding_season_23,13220,413,NGN,103309.1,No issues
2024-06-23,Google Ads,lagos_nights_launch,23430,557,NGN,176329.86,No issues
2024-06-23,Influencer,black_friday,74376,2168,NGN,153211.16,No issues
2024-06-23,Meta Ads,blackfriday24,42860,1352,NGN,406038.74,No issues
2024-06-23,TikTok Ads,blackfriday24,76648,621,NGN,189051.9,No issues
2024-06-23,YouTube Pre-roll,wedding_season_23,26937,591,NGN,92826.32,No issues
2024-06-24,Email / CRM,harmattan_drop,65357,1504,NGN,283441.24,No issues
2024-06-24,Google Ads,retarget_q4,47033,1506,NGN,183770.08,No issues
2024-06-24,Influencer,wedding_season_24,85208,2314,NGN,935825.77,No issues
2024-06-24,Meta Ads,harmattan_drop,60606,1565,NGN,200342.08,No issues
2024-06-24,TikTok Ads,showreel_push,10379,348,NGN,80544.93,No issues
2024-06-24,YouTube Pre-roll,harmattan_drop,77856,1099,NGN,338269.26,No issues
2024-06-25,Email / CRM,wedding_season_24,51873,356,NGN,112891.46,No issues
2024-06-25,Influencer,blackfriday24,11826,62,NGN,13304.88,No issues
2024-06-25,Meta Ads,harmattan_drop,34104,1102,NGN,373845.26,No issues
2024-06-25,YouTube Pre-roll,blackfriday24,10829,315,NGN,42526.45,No issues
2024-06-26,Email / CRM,brand_always_on,27000,211,NGN,30557.3,No issues
2024-06-26,Meta Ads,harmattan_drop,62911,1779,NGN,475372.63,No issues
2024-06-27,Google Ads,retarget_q4,64742,684,NGN,171276.28,No issues
2024-06-27,Influencer,harmattan_drop,40516,691,NGN,45132.23,No issues
2024-06-27,Meta Ads,retarget_q4,69046,1780,NGN,473946.93,No issues
2024-06-27,TikTok Ads,retarget_q4,76791,1209,NGN,298324.75,No issues
2024-06-27,YouTube Pre-roll,showreel_push,78066,2448,NGN,674781.53,No issues
2024-06-28,Email / CRM,wedding_season_24,86417,2718,NGN,643340.98,No issues
2024-06-28,Google Ads,harmattan_drop,74261,801,NGN,327983.01,No issues
2024-06-28,Influencer,blackfriday24,88262,2120,NGN,863670.45,No issues
2024-06-28,Meta Ads,harmattan_drop,33244,551,NGN,138462.14,No issues
2024-06-28,TikTok Ads,wedding_season_24,70872,2450,NGN,234117.81,No issues
2024-06-29,Google Ads,showreel_push,89876,1425,NGN,409894.26,No issues
2024-06-29,Influencer,harmattan_drop,17189,202,NGN,69296.77,No issues
2024-06-29,Meta Ads,showreel_push,10572,195,NGN,14306.25,No issues
2024-06-29,TikTok Ads,harmattan_drop,87718,2254,NGN,888215.34,No issues
2024-06-29,YouTube Pre-roll,wedding_season_23,38636,1225,NGN,293910.58,No issues
2024-06-30,Email / CRM,blackfriday24,82827,1279,NGN,259466.57,No issues
2024-06-30,Influencer,retarget_q4,80310,1119,NGN,221128.42,No issues
2024-06-30,Meta Ads,lagos_nights_launch,80982,1569,NGN,363344.81,No issues
2024-06-30,TikTok Ads,wedding_season_23,78707,1141,NGN,405628.7,No issues
2024-06-30,YouTube Pre-roll,blackfriday24,36934,426,NGN,140522.65,No issues
2024-07-01,Email / CRM,black_friday,61023,957,NGN,264832.98,No issues
2024-07-01,Google Ads,black_friday,25463,490,NGN,78856.37,No issues
2024-07-01,Influencer,harmattan_drop,29953,832,NGN,229130.89,No issues
2024-07-01,TikTok Ads,wedding_season_24,38314,355,NGN,50321.19,No issues
2024-07-01,YouTube Pre-roll,wedding_season_24,88922,625,NGN,186281.43,No issues
2024-07-02,Email / CRM,harmattan_drop,8669,112,NGN,7981.52,No issues
2024-07-02,Google Ads,harmattan_drop,81213,766,NGN,59997.4,No issues
2024-07-02,Influencer,wedding_season_24,78620,754,NGN,250001.0,No issues
2024-07-02,Meta Ads,always_on,33466,450,NGN,74296.85,No issues
2024-07-02,YouTube Pre-roll,always_on,14682,309,NGN,34176.81,No issues
2024-07-03,Email / CRM,harmattan_drop,56788,809,NGN,132945.51,No issues
2024-07-03,Google Ads,wedding_season_24,40906,1068,NGN,305842.48,No issues
2024-07-03,Influencer,wedding_season_24,31288,262,NGN,108501.79,No issues
2024-07-03,Meta Ads,harmattan_drop,63624,916,NGN,102388.58,No issues
2024-07-03,TikTok Ads,retarget_q4,31203,1015,NGN,377728.89,No issues
2024-07-03,YouTube Pre-roll,harmattan_drop,10239,320,NGN,92225.01,No issues
2024-07-04,Email / CRM,brand_always_on,73695,1991,NGN,310983.24,No issues
2024-07-04,Google Ads,wedding_season_24,78853,2052,NGN,761360.94,No issues
2024-07-04,Influencer,harmattan_drop,22092,154,NGN,28018.42,No issues
2024-07-04,Meta Ads,lagos_nights_launch,72250,1340,NGN,399401.31,No issues
2024-07-04,TikTok Ads,black_friday,87667,1775,NGN,514754.57,No issues
2024-07-04,YouTube Pre-roll,wedding_season_23,25787,368,NGN,50466.46,No issues
2024-07-05,Google Ads,showreel_push,69745,1620,NGN,606529.79,No issues
2024-07-05,Influencer,blackfriday24,59708,2067,NGN,854360.97,No issues
2024-07-05,Meta Ads,harmattan_drop,48175,365,NGN,91121.86,No issues
2024-07-05,YouTube Pre-roll,showreel_push,76347,2423,NGN,983582.64,No issues
2024-07-06,Google Ads,showreel_push,63262,1367,NGN,304081.5,No issues
2024-07-06,Meta Ads,lagos_nights_launch,20886,100,NGN,20055.81,No issues
2024-07-06,TikTok Ads,brand_always_on,52686,484,NGN,171590.15,No issues
2024-07-06,YouTube Pre-roll,wedding_season_24,20758,241,NGN,64629.26,No issues
2024-07-07,Email / CRM,harmattan_drop,25307,287,NGN,81910.27,No issues
2024-07-07,Google Ads,retarget_q4,49709,1738,NGN,695105.82,No issues
2024-07-07,Influencer,black_friday,64337,1840,NGN,112576.69,No issues
2024-07-07,YouTube Pre-roll,blackfriday24,54595,285,NGN,112462.02,No issues
2024-07-08,Google Ads,wedding_season_23,32765,926,NGN,301244.34,No issues
2024-07-08,Influencer,blackfriday24,26228,329,NGN,128209.43,No issues
2024-07-08,Meta Ads,lagos_nights_launch,15956,333,NGN,77436.65,No issues
2024-07-08,TikTok Ads,always_on,45212,485,NGN,124372.54,No issues
2024-07-09,Email / CRM,harmattan_drop,59522,1750,NGN,400401.71,No issues
2024-07-09,Influencer,harmattan_drop,36314,1067,NGN,430117.67,No issues
2024-07-09,Meta Ads,wedding_season_24,67614,722,NGN,205643.87,No issues
2024-07-09,YouTube Pre-roll,wedding_season_23,48927,961,NGN,272191.63,No issues
2024-07-10,Influencer,blackfriday24,49022,908,NGN,344713.13,No issues
2024-07-10,TikTok Ads,harmattan_drop,71105,2002,NGN,684191.8,No issues
2024-07-11,Email / CRM,black_friday,72397,1435,NGN,122025.32,No issues
2024-07-11,Google Ads,blackfriday24,26042,542,NGN,53729.58,No issues
2024-07-11,Influencer,wedding_season_23,82349,2111,NGN,363017.12,No issues
2024-07-11,TikTok Ads,retarget_q4,70265,870,NGN,258996.77,No issues
2024-07-11,YouTube Pre-roll,harmattan_drop,23627,313,NGN,67101.54,No issues
2024-07-12,Influencer,black_friday,24241,217,NGN,68277.74,No issues
2024-07-13,Email / CRM,wedding_season_23,62439,1437,NGN,336071.17,No issues
2024-07-13,Google Ads,wedding_season_24,31592,581,NGN,95949.92,No issues
2024-07-13,Meta Ads,lagos_nights_launch,14902,368,NGN,28320.87,No issues
2024-07-13,TikTok Ads,wedding_season_23,39562,609,NGN,202546.0,No issues
2024-07-14,Google Ads,always_on,76969,1193,NGN,490589.1,No issues
2024-07-14,Influencer,lagos_nights_launch,80682,2437,NGN,494552.37,No issues
2024-07-14,Meta Ads,always_on,11499,315,NGN,107147.64,No issues
2024-07-14,TikTok Ads,harmattan_drop,16854,439,NGN,158020.54,No issues
2024-07-14,YouTube Pre-roll,brand_always_on,26463,420,NGN,49521.86,No issues
2024-07-15,Email / CRM,harmattan_drop,80848,1148,NGN,198408.3,No issues
2024-07-15,Google Ads,wedding_season_24,28384,382,NGN,75719.82,No issues
2024-07-15,Influencer,showreel_push,43115,1436,NGN,148642.8,No issues
2024-07-15,Meta Ads,retarget_q4,49998,1167,NGN,160185.91,No issues
2024-07-16,Email / CRM,wedding_season_23,36343,172,NGN,42644.99,No issues
2024-07-16,Google Ads,harmattan_drop,21195,648,NGN,79750.92,No issues
2024-07-16,Meta Ads,wedding_season_23,4068,136,NGN,29571.75,No issues
2024-07-16,TikTok Ads,blackfriday24,15888,256,NGN,54648.59,No issues
2024-07-17,Email / CRM,blackfriday24,7413,146,NGN,54771.21,No issues
2024-07-17,Meta Ads,harmattan_drop,26973,256,NGN,17035.98,No issues
2024-07-17,YouTube Pre-roll,wedding_season_23,89804,2693,NGN,893782.61,No issues
2024-07-18,Email / CRM,blackfriday24,45492,981,NGN,304166.33,No issues
2024-07-18,Influencer,wedding_season_24,46091,968,NGN,131860.61,No issues
2024-07-18,Meta Ads,retarget_q4,89620,1482,NGN,379977.46,No issues
2024-07-18,TikTok Ads,wedding_season_24,53792,1484,NGN,141180.67,No issues
2024-07-18,YouTube Pre-roll,retarget_q4,83848,2368,NGN,408559.23,No issues
2024-07-19,Email / CRM,black_friday,16723,212,NGN,74991.86,No issues
2024-07-19,Influencer,brand_always_on,81145,1051,NGN,395376.77,No issues
2024-07-19,Meta Ads,harmattan_drop,43241,518,NGN,43149.31,No issues
2024-07-19,TikTok Ads,retarget_q4,82249,1979,NGN,392702.32,No issues
2024-07-19,YouTube Pre-roll,lagos_nights_launch,76314,2357,NGN,588827.87,No issues
2024-07-20,Email / CRM,retarget_q4,70235,882,NGN,333157.81,No issues
2024-07-20,Google Ads,wedding_season_24,36551,699,NGN,230177.22,No issues
2024-07-20,Meta Ads,harmattan_drop,74002,658,NGN,259368.16,No issues
2024-07-20,TikTok Ads,brand_always_on,45014,1267,NGN,110325.08,No issues
2024-07-20,YouTube Pre-roll,wedding_season_23,36372,399,NGN,37023.02,No issues
2024-07-21,Google Ads,showreel_push,4699,130,NGN,21773.47,No issues
2024-07-21,TikTok Ads,lagos_nights_launch,16587,280,NGN,74011.23,No issues
2024-07-21,YouTube Pre-roll,showreel_push,57443,274,NGN,23457.18,No issues
2024-07-22,Email / CRM,always_on,88438,2358,NGN,885665.3,No issues
2024-07-22,Google Ads,retarget_q4,56128,627,NGN,158459.49,No issues
2024-07-22,Influencer,retarget_q4,80532,1433,NGN,142635.06,No issues
2024-07-22,TikTok Ads,retarget_q4,7609,128,NGN,11079.18,No issues
2024-07-22,YouTube Pre-roll,retarget_q4,83981,1188,NGN,413850.52,No issues
2024-07-23,Email / CRM,wedding_season_24,69746,1512,NGN,109848.93,No issues
2024-07-23,Google Ads,harmattan_drop,42458,1303,NGN,333530.5,No issues
2024-07-23,TikTok Ads,black_friday,82797,2373,NGN,700440.64,No issues
2024-07-23,YouTube Pre-roll,black_friday,15713,92,NGN,30153.01,No issues
2024-07-24,Google Ads,black_friday,63601,1515,NGN,623578.77,No issues
2024-07-24,Influencer,retarget_q4,36649,1011,NGN,358726.82,No issues
2024-07-24,Meta Ads,black_friday,3966,46,NGN,5661.48,No issues
2024-07-24,TikTok Ads,harmattan_drop,65102,1130,NGN,409975.69,No issues
2024-07-24,YouTube Pre-roll,black_friday,69981,1183,NGN,204772.55,No issues
2024-07-25,Email / CRM,brand_always_on,34694,811,NGN,286262.52,No issues
2024-07-25,Google Ads,black_friday,45745,666,NGN,240942.6,No issues
2024-07-25,Influencer,lagos_nights_launch,17174,436,NGN,71528.21,No issues
2024-07-25,TikTok Ads,brand_always_on,5452,60,NGN,21243.36,No issues
2024-07-25,YouTube Pre-roll,blackfriday24,21810,424,NGN,73335.1,No issues
2024-07-26,Email / CRM,wedding_season_23,6138,65,NGN,23033.27,No issues
2024-07-26,Google Ads,wedding_season_24,42586,1483,NGN,592736.76,No issues
2024-07-26,Influencer,retarget_q4,30452,740,NGN,110338.19,No issues
2024-07-26,YouTube Pre-roll,harmattan_drop,9546,290,NGN,22238.44,No issues
2024-07-27,Email / CRM,wedding_season_23,61562,1164,NGN,78562.43,No issues
2024-07-27,Google Ads,harmattan_drop,24280,531,NGN,45755.34,No issues
2024-07-27,Influencer,always_on,84905,529,NGN,150964.48,No issues
2024-07-27,Meta Ads,lagos_nights_launch,32617,951,NGN,362156.29,No issues
2024-07-28,Email / CRM,harmattan_drop,54825,1619,NGN,167089.85,No issues
2024-07-28,Google Ads,harmattan_drop,3320,74,NGN,5299.61,No issues
2024-07-28,Influencer,wedding_season_23,24420,107,NGN,28858.66,No issues
2024-07-28,TikTok Ads,harmattan_drop,87433,1007,NGN,175181.92,No issues
2024-07-29,Email / CRM,wedding_season_23,42858,929,NGN,226562.85,No issues
2024-07-29,Google Ads,wedding_season_23,85649,1535,NGN,559213.19,No issues
2024-07-29,Meta Ads,always_on,69688,511,NGN,86819.62,No issues
2024-07-30,Email / CRM,lagos_nights_launch,79513,2376,NGN,859774.61,No issues
2024-07-30,Google Ads,always_on,54975,299,NGN,20364.89,No issues
2024-07-30,Influencer,always_on,3565,96,NGN,6727.62,No issues
2024-07-30,Meta Ads,retarget_q4,85381,463,NGN,55682.87,No issues
2024-07-30,TikTok Ads,wedding_season_23,32095,772,NGN,212106.76,No issues
2024-07-30,YouTube Pre-roll,wedding_season_23,87202,1153,NGN,359590.73,No issues
2024-07-31,Google Ads,lagos_nights_launch,88578,2966,NGN,779358.79,No issues
2024-07-31,Influencer,wedding_season_23,37768,661,NGN,118368.9,No issues
2024-07-31,Meta Ads,black_friday,43374,491,NGN,142764.42,No issues
2024-07-31,TikTok Ads,wedding_season_23,5790,24,NGN,4391.94,No issues
2024-07-31,YouTube Pre-roll,wedding_season_23,5877,200,NGN,55527.03,No issues
2024-08-01,Email / CRM,harmattan_drop,56029,500,NGN,45674.1,No issues
2024-08-01,Google Ads,lagos_nights_launch,54021,1755,NGN,319474.08,No issues
2024-08-01,Meta Ads,always_on,3083,73,NGN,21208.15,No issues
2024-08-01,TikTok Ads,brand_always_on,79735,798,NGN,295612.72,No issues
2024-08-01,YouTube Pre-roll,harmattan_drop,36495,1140,NGN,159383.28,No issues
2024-08-02,Email / CRM,retarget_q4,75395,2350,NGN,620285.59,No issues
2024-08-02,Google Ads,showreel_push,18273,194,NGN,18033.07,No issues
2024-08-02,Influencer,blackfriday24,17836,291,NGN,56645.06,No issues
2024-08-02,Meta Ads,harmattan_drop,7146,36,NGN,2217.53,No issues
2024-08-02,YouTube Pre-roll,lagos_nights_launch,80464,1321,NGN,551881.99,No issues
2024-08-03,Email / CRM,wedding_season_23,65656,1724,NGN,424818.34,No issues
2024-08-03,Google Ads,lagos_nights_launch,44054,1506,NGN,446450.33,No issues
2024-08-03,Influencer,black_friday,37112,939,NGN,108129.36,No issues
2024-08-03,Meta Ads,showreel_push,13838,447,NGN,47815.77,No issues
2024-08-03,TikTok Ads,wedding_season_24,87632,1845,NGN,200608.27,No issues
2024-08-03,YouTube Pre-roll,always_on,10884,105,NGN,11497.13,No issues
2024-08-04,Email / CRM,showreel_push,15838,297,NGN,112490.35,No issues
2024-08-04,Influencer,wedding_season_24,66219,663,NGN,57548.92,No issues
2024-08-04,Meta Ads,retarget_q4,70352,1121,NGN,184209.37,No issues
2024-08-05,Google Ads,harmattan_drop,51848,785,NGN,112515.29,No issues
2024-08-05,Influencer,always_on,55993,647,NGN,62149.06,No issues
2024-08-05,TikTok Ads,blackfriday24,81384,979,NGN,166668.46,No issues
2024-08-06,Email / CRM,retarget_q4,20697,703,NGN,274625.54,No issues
2024-08-06,Google Ads,wedding_season_24,86670,595,NGN,146114.78,No issues
2024-08-06,Influencer,lagos_nights_launch,72919,797,NGN,268494.73,No issues
2024-08-06,Meta Ads,harmattan_drop,35057,1206,NGN,451260.37,No issues
2024-08-06,TikTok Ads,black_friday,52012,474,NGN,79185.32,No issues
2024-08-06,YouTube Pre-roll,harmattan_drop,86077,847,NGN,110968.23,No issues
2024-08-07,Email / CRM,wedding_season_24,58216,825,NGN,76719.31,No issues
2024-08-07,Influencer,lagos_nights_launch,82320,2218,NGN,481130.02,No issues
2024-08-07,TikTok Ads,brand_always_on,69329,1285,NGN,180441.64,No issues
2024-08-08,Google Ads,harmattan_drop,30728,219,NGN,47788.31,No issues
2024-08-08,Meta Ads,black_friday,55249,298,NGN,111601.45,No issues
2024-08-08,TikTok Ads,blackfriday24,25657,217,NGN,56190.26,No issues
2024-08-09,Email / CRM,brand_always_on,84773,2640,NGN,651799.62,No issues
2024-08-09,Google Ads,harmattan_drop,49519,1235,NGN,501609.33,No issues
2024-08-09,Meta Ads,harmattan_drop,54398,1673,NGN,347099.27,No issues
2024-08-09,TikTok Ads,harmattan_drop,78166,2243,NGN,186423.82,No issues
2024-08-09,YouTube Pre-roll,wedding_season_24,88168,1256,NGN,168372.36,No issues
2024-08-10,Email / CRM,wedding_season_23,36739,1144,NGN,329757.05,No issues
2024-08-10,Google Ads,blackfriday24,7556,92,NGN,27604.54,No issues
2024-08-10,Influencer,harmattan_drop,76455,1629,NGN,657331.37,No issues
2024-08-10,Meta Ads,blackfriday24,15769,448,NGN,108544.45,No issues
2024-08-10,TikTok Ads,harmattan_drop,21659,297,NGN,68118.6,No issues
2024-08-10,YouTube Pre-roll,retarget_q4,24005,210,NGN,43174.9,No issues
2024-08-11,Email / CRM,always_on,34821,376,NGN,136257.57,No issues
2024-08-11,Google Ads,harmattan_drop,78204,2587,NGN,268209.8,No issues
2024-08-11,Influencer,lagos_nights_launch,82330,2334,NGN,671888.85,No issues
2024-08-11,TikTok Ads,retarget_q4,13598,428,NGN,102760.1,No issues
2024-08-12,Email / CRM,always_on,80307,977,NGN,76462.31,No issues
2024-08-12,Google Ads,harmattan_drop,83421,815,NGN,148592.6,No issues
2024-08-12,Meta Ads,harmattan_drop,33891,673,NGN,172434.36,No issues
2024-08-12,TikTok Ads,harmattan_drop,88294,1026,NGN,217567.95,No issues
2024-08-12,YouTube Pre-roll,harmattan_drop,85803,1884,NGN,490470.37,No issues
2024-08-13,Email / CRM,wedding_season_23,69754,1217,NGN,183101.78,No issues
2024-08-13,Google Ads,harmattan_drop,86352,1390,NGN,326043.54,No issues
2024-08-13,Meta Ads,harmattan_drop,69729,544,NGN,154172.92,No issues
2024-08-13,TikTok Ads,lagos_nights_launch,65052,1286,NGN,446089.33,No issues
2024-08-13,YouTube Pre-roll,black_friday,9051,208,NGN,66280.95,No issues
2024-08-14,Google Ads,harmattan_drop,4655,62,NGN,23845.01,No issues
2024-08-14,Meta Ads,retarget_q4,13407,71,NGN,16718.8,No issues
2024-08-14,TikTok Ads,lagos_nights_launch,17100,461,NGN,116951.01,No issues
2024-08-14,YouTube Pre-roll,brand_always_on,83103,1583,NGN,281755.76,No issues
2024-08-15,Email / CRM,blackfriday24,4830,73,NGN,29330.38,No issues
2024-08-15,Influencer,always_on,6517,206,NGN,61412.49,No issues
2024-08-15,Meta Ads,lagos_nights_launch,77503,2250,NGN,566987.76,No issues
2024-08-15,TikTok Ads,harmattan_drop,89042,2634,NGN,528989.42,No issues
2024-08-15,YouTube Pre-roll,showreel_push,19345,224,NGN,51015.73,No issues
2024-08-16,Email / CRM,showreel_push,74558,1289,NGN,261202.25,No issues
2024-08-16,Google Ads,harmattan_drop,12720,170,NGN,13252.71,No issues
2024-08-16,Influencer,harmattan_drop,87191,922,NGN,261396.27,No issues
2024-08-16,Meta Ads,retarget_q4,80319,929,NGN,205339.61,No issues
2024-08-16,YouTube Pre-roll,harmattan_drop,34730,427,NGN,168550.52,No issues
2024-08-17,Email / CRM,harmattan_drop,20795,239,NGN,95363.31,No issues
2024-08-17,Google Ads,always_on,61846,884,NGN,174885.93,No issues
2024-08-17,Influencer,blackfriday24,12352,112,NGN,36049.3,No issues
2024-08-17,Meta Ads,wedding_season_23,51777,236,NGN,87874.1,No issues
2024-08-17,TikTok Ads,always_on,53770,508,NGN,68583.73,No issues
2024-08-18,Google Ads,wedding_season_23,56592,1894,NGN,415622.96,No issues
2024-08-18,Meta Ads,wedding_season_23,13239,237,NGN,33818.9,No issues
2024-08-18,TikTok Ads,wedding_season_23,12961,419,NGN,69593.37,No issues
2024-08-18,YouTube Pre-roll,retarget_q4,71287,1523,NGN,291979.66,No issues
2024-08-19,Email / CRM,harmattan_drop,56498,1425,NGN,240530.46,No issues
2024-08-19,Google Ads,lagos_nights_launch,48890,391,NGN,49623.68,No issues
2024-08-19,TikTok Ads,wedding_season_23,78338,316,NGN,78636.57,No issues
2024-08-19,YouTube Pre-roll,blackfriday24,61561,1366,NGN,228746.08,No issues
2024-08-20,Email / CRM,retarget_q4,50082,470,NGN,86691.01,No issues
2024-08-20,Influencer,brand_always_on,53356,1808,NGN,315480.75,No issues
2024-08-20,YouTube Pre-roll,lagos_nights_launch,80749,970,NGN,300952.21,No issues
2024-08-21,Google Ads,harmattan_drop,37673,1066,NGN,401549.99,No issues
2024-08-21,Influencer,harmattan_drop,21657,744,NGN,228567.75,No issues
2024-08-21,Meta Ads,always_on,55612,1572,NGN,494288.11,No issues
2024-08-21,TikTok Ads,black_friday,36144,226,NGN,55260.28,No issues
2024-08-22,Email / CRM,lagos_nights_launch,81262,1377,NGN,226311.49,No issues
2024-08-22,Google Ads,wedding_season_23,18697,471,NGN,123814.75,No issues
2024-08-22,Influencer,blackfriday24,49718,202,NGN,44120.98,No issues
2024-08-22,Meta Ads,retarget_q4,43219,561,NGN,158828.71,No issues
2024-08-23,Email / CRM,showreel_push,7947,121,NGN,39017.74,No issues
2024-08-23,Google Ads,harmattan_drop,40572,734,NGN,110829.33,No issues
2024-08-23,Meta Ads,blackfriday24,64620,1987,NGN,358436.95,No issues
2024-08-23,TikTok Ads,retarget_q4,21017,686,NGN,41666.24,No issues
2024-08-23,YouTube Pre-roll,retarget_q4,14239,257,NGN,34635.12,No issues
2024-08-24,Google Ads,harmattan_drop,61876,707,NGN,181455.43,No issues
2024-08-24,Influencer,retarget_q4,76109,1128,NGN,190069.68,No issues
2024-08-24,Meta Ads,blackfriday24,83825,2195,NGN,551517.71,No issues
2024-08-24,YouTube Pre-roll,blackfriday24,23451,417,NGN,72867.58,No issues
2024-08-25,Email / CRM,wedding_season_24,65014,1846,NGN,563357.75,No issues
2024-08-25,Google Ads,harmattan_drop,14883,141,NGN,18061.36,No issues
2024-08-25,Influencer,blackfriday24,72749,485,NGN,77859.1,No issues
2024-08-25,Meta Ads,retarget_q4,15768,388,NGN,96575.65,No issues
2024-08-26,Email / CRM,harmattan_drop,52291,1653,NGN,374367.62,No issues
2024-08-26,Google Ads,harmattan_drop,44816,1237,NGN,382346.04,No issues
2024-08-26,TikTok Ads,harmattan_drop,84360,343,NGN,100518.12,No issues
2024-08-26,YouTube Pre-roll,black_friday,78568,845,NGN,67201.05,No issues
2024-08-27,Influencer,black_friday,18030,474,NGN,39118.13,No issues
2024-08-27,TikTok Ads,harmattan_drop,43191,523,NGN,132049.1,No issues
2024-08-27,YouTube Pre-roll,harmattan_drop,33125,1151,NGN,339945.32,No issues
2024-08-28,Email / CRM,retarget_q4,31391,474,NGN,97307.19,No issues
2024-08-28,Google Ads,harmattan_drop,46296,602,NGN,137918.61,No issues
2024-08-28,Meta Ads,harmattan_drop,27593,491,NGN,68156.91,No issues
2024-08-29,Google Ads,retarget_q4,72224,2264,NGN,455089.43,No issues
2024-08-29,Meta Ads,wedding_season_24,8195,268,NGN,40492.4,No issues
2024-08-29,TikTok Ads,blackfriday24,68854,1104,NGN,277855.92,No issues
2024-08-29,YouTube Pre-roll,harmattan_drop,5841,110,NGN,41687.56,No issues
2024-08-30,Email / CRM,brand_always_on,34121,641,NGN,185366.84,No issues
2024-08-30,Google Ads,retarget_q4,79579,915,NGN,218853.47,No issues
2024-08-30,Meta Ads,retarget_q4,16909,196,NGN,64404.24,No issues
2024-08-30,TikTok Ads,harmattan_drop,4909,126,NGN,13610.23,No issues
2024-08-30,YouTube Pre-roll,showreel_push,82048,718,NGN,142616.75,No issues
2024-08-31,Meta Ads,lagos_nights_launch,48496,709,NGN,175165.55,No issues
2024-08-31,TikTok Ads,harmattan_drop,72303,331,NGN,73689.46,No issues
2024-08-31,YouTube Pre-roll,retarget_q4,61413,2041,NGN,846966.94,No issues
2024-09-01,Email / CRM,harmattan_drop,45948,1129,NGN,141379.14,No issues
2024-09-01,Google Ads,black_friday,57742,381,NGN,132950.72,No issues
2024-09-01,Meta Ads,harmattan_drop,37241,482,NGN,174734.92,No issues
2024-09-01,TikTok Ads,wedding_season_23,31278,842,NGN,146705.22,No issues
2024-09-01,YouTube Pre-roll,wedding_season_24,16839,155,NGN,23909.09,No issues
2024-09-02,Email / CRM,brand_always_on,39607,753,NGN,128502.27,No issues
2024-09-02,Google Ads,brand_always_on,63702,2113,NGN,548420.33,No issues
2024-09-02,TikTok Ads,wedding_season_23,55986,1902,NGN,407179.41,No issues
2024-09-03,Google Ads,retarget_q4,4360,100,NGN,38981.36,No issues
2024-09-03,Influencer,lagos_nights_launch,83054,890,NGN,250085.54,No issues
2024-09-03,Meta Ads,harmattan_drop,50052,1406,NGN,467536.69,No issues
2024-09-04,Email / CRM,wedding_season_24,73622,1143,NGN,286111.86,No issues
2024-09-04,Google Ads,brand_always_on,21524,101,NGN,29531.07,No issues
2024-09-04,Influencer,retarget_q4,63477,595,NGN,182988.32,No issues
2024-09-04,Meta Ads,retarget_q4,85803,1353,NGN,167785.07,No issues
2024-09-04,TikTok Ads,harmattan_drop,22320,361,NGN,32600.79,No issues
2024-09-04,YouTube Pre-roll,lagos_nights_launch,85317,769,NGN,138316.54,No issues
2024-09-05,Email / CRM,retarget_q4,37868,738,NGN,275221.9,No issues
2024-09-05,Google Ads,always_on,15614,286,NGN,78755.47,No issues
2024-09-05,Meta Ads,brand_always_on,35225,1068,NGN,257569.49,No issues
2024-09-05,TikTok Ads,blackfriday24,78479,575,NGN,77615.8,No issues
2024-09-05,YouTube Pre-roll,harmattan_drop,49671,1612,NGN,411615.84,No issues
2024-09-06,Email / CRM,lagos_nights_launch,44451,322,NGN,86216.28,No issues
2024-09-06,Influencer,retarget_q4,25260,365,NGN,101378.64,No issues
2024-09-06,Meta Ads,wedding_season_24,54713,413,NGN,110986.43,No issues
2024-09-06,TikTok Ads,showreel_push,14962,103,NGN,24683.28,No issues
2024-09-07,Email / CRM,harmattan_drop,56714,1232,NGN,431208.32,No issues
2024-09-07,Influencer,harmattan_drop,5714,194,NGN,39137.59,No issues
2024-09-07,Meta Ads,lagos_nights_launch,61263,902,NGN,67434.12,No issues
2024-09-07,TikTok Ads,retarget_q4,83556,343,NGN,57585.85,No issues
2024-09-07,YouTube Pre-roll,showreel_push,62342,1423,NGN,590172.58,No issues
2024-09-08,Email / CRM,retarget_q4,55920,238,NGN,33837.98,No issues
2024-09-08,Influencer,harmattan_drop,87424,424,NGN,61325.53,No issues
2024-09-08,TikTok Ads,retarget_q4,85778,627,NGN,183401.82,No issues
2024-09-09,Email / CRM,harmattan_drop,49132,793,NGN,223748.46,No issues
2024-09-09,Google Ads,black_friday,84996,2319,NGN,688123.29,No issues
2024-09-09,Influencer,retarget_q4,30879,646,NGN,211990.16,No issues
2024-09-09,Meta Ads,showreel_push,14861,137,NGN,43953.9,No issues
2024-09-09,YouTube Pre-roll,brand_always_on,14774,153,NGN,54556.89,No issues
2024-09-10,Email / CRM,black_friday,5494,39,NGN,13277.53,No issues
2024-09-10,Google Ads,black_friday,71559,887,NGN,317380.45,No issues
2024-09-10,Influencer,always_on,44204,436,NGN,88393.59,No issues
2024-09-10,Meta Ads,retarget_q4,70727,2083,NGN,203603.06,No issues
2024-09-10,YouTube Pre-roll,harmattan_drop,34075,465,NGN,102498.82,No issues
2024-09-11,Email / CRM,black_friday,33646,153,NGN,49429.93,No issues
2024-09-11,Google Ads,retarget_q4,71385,2474,NGN,854376.72,No issues
2024-09-11,Influencer,retarget_q4,6095,192,NGN,49989.92,No issues
2024-09-11,Meta Ads,wedding_season_23,8087,199,NGN,12316.1,No issues
2024-09-11,TikTok Ads,harmattan_drop,13400,256,NGN,40417.61,No issues
2024-09-12,Email / CRM,wedding_season_24,87277,2850,NGN,1064654.73,No issues
2024-09-12,Meta Ads,retarget_q4,25081,119,NGN,46148.04,No issues
2024-09-12,YouTube Pre-roll,wedding_season_24,26968,373,NGN,78540.8,No issues
2024-09-13,Google Ads,wedding_season_23,42051,1309,NGN,453705.39,No issues
2024-09-13,Influencer,harmattan_drop,77731,1049,NGN,111839.25,No issues
2024-09-13,TikTok Ads,harmattan_drop,56645,1290,NGN,514156.38,No issues
2024-09-13,YouTube Pre-roll,harmattan_drop,12718,133,NGN,16932.91,No issues
2024-09-14,Google Ads,harmattan_drop,61347,2017,NGN,764933.03,No issues
2024-09-14,Meta Ads,blackfriday24,9819,261,NGN,27364.9,No issues
2024-09-14,TikTok Ads,harmattan_drop,14108,367,NGN,42665.86,No issues
2024-09-15,Email / CRM,retarget_q4,48997,1322,NGN,211778.62,No issues
2024-09-15,Google Ads,harmattan_drop,73503,1990,NGN,241782.46,No issues
2024-09-15,Meta Ads,black_friday,23332,558,NGN,151880.43,No issues
2024-09-15,TikTok Ads,blackfriday24,35123,829,NGN,313832.06,No issues
2024-09-16,Email / CRM,showreel_push,73953,1764,NGN,133398.8,No issues
2024-09-16,Meta Ads,harmattan_drop,27912,694,NGN,285833.6,No issues
2024-09-16,YouTube Pre-roll,showreel_push,47044,384,NGN,107168.71,No issues
2024-09-17,Google Ads,harmattan_drop,89209,518,NGN,180073.96,No issues
2024-09-17,Influencer,wedding_season_23,25551,568,NGN,45723.95,No issues
2024-09-18,Email / CRM,harmattan_drop,66303,453,NGN,148261.49,No issues
2024-09-18,Google Ads,harmattan_drop,50230,1246,NGN,426936.67,No issues
2024-09-18,Influencer,always_on,20729,311,NGN,99269.16,No issues
2024-09-18,TikTok Ads,wedding_season_23,15662,132,NGN,37138.71,No issues
2024-09-18,YouTube Pre-roll,harmattan_drop,82359,2190,NGN,280912.47,No issues
2024-09-19,Google Ads,lagos_nights_launch,45970,693,NGN,85176.7,No issues
2024-09-19,TikTok Ads,harmattan_drop,69699,1458,NGN,150314.03,No issues
2024-09-19,YouTube Pre-roll,black_friday,43708,207,NGN,71783.87,No issues
2024-09-20,Email / CRM,brand_always_on,67475,1091,NGN,193402.91,No issues
2024-09-20,Google Ads,black_friday,16719,495,NGN,140116.81,No issues
2024-09-20,Meta Ads,retarget_q4,51160,1236,NGN,512432.92,No issues
2024-09-21,Email / CRM,showreel_push,77329,1996,NGN,356519.56,No issues
2024-09-21,Google Ads,brand_always_on,66272,1341,NGN,110200.41,No issues
2024-09-21,Influencer,harmattan_drop,18870,443,NGN,87527.24,No issues
2024-09-21,Meta Ads,lagos_nights_launch,57109,459,NGN,142208.32,No issues
2024-09-21,TikTok Ads,harmattan_drop,64876,1810,NGN,632933.97,No issues
2024-09-21,YouTube Pre-roll,showreel_push,4905,133,NGN,8025.27,No issues
2024-09-22,Email / CRM,harmattan_drop,17043,323,NGN,110622.92,No issues
2024-09-22,Google Ads,retarget_q4,36179,979,NGN,362689.56,No issues
2024-09-22,Influencer,harmattan_drop,55002,1671,NGN,117435.39,No issues
2024-09-22,Meta Ads,harmattan_drop,66234,726,NGN,169016.78,No issues
2024-09-22,TikTok Ads,wedding_season_24,71162,1656,NGN,136035.58,No issues
2024-09-22,YouTube Pre-roll,lagos_nights_launch,3389,38,NGN,11826.76,No issues
2024-09-23,Email / CRM,retarget_q4,77651,1406,NGN,565434.3,No issues
2024-09-23,Google Ads,wedding_season_23,68123,2331,NGN,232410.62,No issues
2024-09-23,Influencer,showreel_push,70330,1640,NGN,669606.8,No issues
2024-09-23,Meta Ads,blackfriday24,69025,394,NGN,136495.09,No issues
2024-09-23,TikTok Ads,blackfriday24,59482,828,NGN,253318.93,No issues
2024-09-24,Google Ads,black_friday,86891,2303,NGN,721081.44,No issues
2024-09-24,Influencer,black_friday,19785,412,NGN,58936.52,No issues
2024-09-24,TikTok Ads,harmattan_drop,41990,466,NGN,168769.3,No issues
2024-09-24,YouTube Pre-roll,retarget_q4,59943,746,NGN,84785.59,No issues
2024-09-25,Email / CRM,retarget_q4,79765,2155,NGN,244401.25,No issues
2024-09-25,Google Ads,brand_always_on,81800,2335,NGN,154589.11,No issues
2024-09-25,Influencer,harmattan_drop,67096,611,NGN,144728.56,No issues
2024-09-25,YouTube Pre-roll,showreel_push,83380,2472,NGN,776186.78,No issues
2024-09-26,Email / CRM,harmattan_drop,37174,1090,NGN,66198.77,No issues
2024-09-26,Google Ads,retarget_q4,55100,1856,NGN,677358.63,No issues
2024-09-26,Influencer,brand_always_on,37889,723,NGN,60196.4,No issues
2024-09-26,TikTok Ads,harmattan_drop,31968,398,NGN,127466.28,No issues
2024-09-26,YouTube Pre-roll,lagos_nights_launch,16887,471,NGN,193111.58,No issues
2024-09-27,Email / CRM,harmattan_drop,18689,127,NGN,24549.29,No issues
2024-09-27,Google Ads,black_friday,11850,161,NGN,24377.03,No issues
2024-09-27,Meta Ads,retarget_q4,40058,663,NGN,44579.96,No issues
2024-09-27,TikTok Ads,wedding_season_23,43181,595,NGN,243961.86,No issues
2024-09-28,Google Ads,wedding_season_24,19060,439,NGN,101793.32,No issues
2024-09-28,Influencer,brand_always_on,67878,1023,NGN,62429.06,No issues
2024-09-28,YouTube Pre-roll,lagos_nights_launch,65861,1160,NGN,100366.03,No issues
2024-09-29,Email / CRM,blackfriday24,24874,430,NGN,84056.56,No issues
2024-09-29,Google Ads,brand_always_on,67757,2206,NGN,574918.39,No issues
2024-09-29,Meta Ads,brand_always_on,82035,814,NGN,78403.74,No issues
2024-09-29,TikTok Ads,wedding_season_24,76667,691,NGN,267271.77,No issues
2024-09-30,Email / CRM,always_on,28979,976,NGN,75463.1,No issues
2024-09-30,Influencer,always_on,56585,774,NGN,50110.65,No issues
2024-09-30,Meta Ads,brand_always_on,89411,427,NGN,70796.99,No issues
2024-09-30,TikTok Ads,lagos_nights_launch,60769,1901,NGN,252635.28,No issues
2024-09-30,YouTube Pre-roll,showreel_push,76490,883,NGN,363019.61,No issues
2024-10-01,Email / CRM,retarget_q4,49074,488,NGN,196848.22,No issues
2024-10-01,Influencer,lagos_nights_launch,38231,1283,NGN,322726.11,No issues
2024-10-01,Meta Ads,showreel_push,43470,541,NGN,139725.63,No issues
2024-10-01,TikTok Ads,wedding_season_24,3629,65,NGN,5821.28,No issues
2024-10-02,Google Ads,black_friday,46432,1483,NGN,403986.29,No issues
2024-10-02,Influencer,lagos_nights_launch,80179,2082,NGN,665658.03,No issues
2024-10-02,Meta Ads,always_on,45363,638,NGN,151319.95,No issues
2024-10-02,TikTok Ads,wedding_season_24,23278,732,NGN,127836.73,No issues
2024-10-02,YouTube Pre-roll,always_on,15165,205,NGN,42948.46,No issues
2024-10-03,Email / CRM,lagos_nights_launch,81334,1940,NGN,286391.53,No issues
2024-10-03,Google Ads,lagos_nights_launch,65917,1572,NGN,362155.31,No issues
2024-10-03,Influencer,lagos_nights_launch,66429,435,NGN,42839.37,No issues
2024-10-03,TikTok Ads,harmattan_drop,69357,461,NGN,85859.05,No issues
2024-10-03,YouTube Pre-roll,brand_always_on,71579,1606,NGN,497194.77,No issues
2024-10-04,Email / CRM,showreel_push,56497,358,NGN,148711.57,No issues
2024-10-04,Google Ads,always_on,28445,379,NGN,87103.1,No issues
2024-10-04,Influencer,wedding_season_24,63127,2023,NGN,186284.71,No issues
2024-10-04,Meta Ads,brand_always_on,41513,1351,NGN,441534.07,No issues
2024-10-04,TikTok Ads,lagos_nights_launch,88745,2925,NGN,619385.43,No issues
2024-10-04,YouTube Pre-roll,lagos_nights_launch,30350,340,NGN,142595.29,No issues
2024-10-05,Google Ads,harmattan_drop,76877,1289,NGN,146111.15,No issues
2024-10-05,Influencer,always_on,41087,904,NGN,167296.92,No issues
2024-10-05,Meta Ads,wedding_season_24,28543,114,NGN,41880.11,No issues
2024-10-05,TikTok Ads,retarget_q4,67044,1696,NGN,591482.16,No issues
2024-10-05,YouTube Pre-roll,always_on,60259,995,NGN,159746.22,No issues
2024-10-06,Email / CRM,wedding_season_23,53285,783,NGN,172375.06,No issues
2024-10-06,TikTok Ads,black_friday,66930,2338,NGN,234647.27,No issues
2024-10-07,Google Ads,wedding_season_23,41648,862,NGN,78109.56,No issues
2024-10-07,Influencer,showreel_push,6954,73,NGN,18887.5,No issues
2024-10-07,Meta Ads,harmattan_drop,87511,1943,NGN,595760.74,No issues
2024-10-07,TikTok Ads,retarget_q4,51495,1479,NGN,304210.37,No issues
2024-10-07,YouTube Pre-roll,black_friday,58683,1432,NGN,189418.41,No issues
2024-10-08,Influencer,black_friday,39176,1108,NGN,215083.58,No issues
2024-10-08,Meta Ads,black_friday,22249,251,NGN,23489.28,No issues
2024-10-08,TikTok Ads,harmattan_drop,30478,370,NGN,69236.64,No issues
2024-10-08,YouTube Pre-roll,retarget_q4,4017,92,NGN,6907.47,No issues
2024-10-09,Google Ads,showreel_push,9193,179,NGN,48685.28,No issues
2024-10-09,Influencer,harmattan_drop,6394,213,NGN,31905.99,No issues
2024-10-09,Meta Ads,harmattan_drop,38219,1251,NGN,223363.08,No issues
2024-10-09,TikTok Ads,wedding_season_24,48912,826,NGN,74370.46,No issues
2024-10-10,Email / CRM,retarget_q4,78495,2342,NGN,469883.25,No issues
2024-10-10,Influencer,lagos_nights_launch,42638,1291,NGN,86439.21,No issues
2024-10-10,Meta Ads,black_friday,21644,133,NGN,18235.39,No issues
2024-10-10,TikTok Ads,black_friday,54616,1650,NGN,206289.49,No issues
2024-10-10,YouTube Pre-roll,brand_always_on,28045,605,NGN,194342.66,No issues
2024-10-11,Google Ads,blackfriday24,32058,231,NGN,61297.78,No issues
2024-10-11,TikTok Ads,harmattan_drop,10808,117,NGN,9213.97,No issues
2024-10-11,YouTube Pre-roll,wedding_season_24,78260,2499,NGN,765899.94,No issues
2024-10-12,Email / CRM,black_friday,34137,371,NGN,42626.89,No issues
2024-10-12,Google Ads,brand_always_on,4416,70,NGN,21187.96,No issues
2024-10-12,Influencer,always_on,84964,1413,NGN,546907.0,No issues
2024-10-12,Meta Ads,blackfriday24,68751,450,NGN,184157.3,No issues
2024-10-12,TikTok Ads,brand_always_on,24920,528,NGN,98645.22,No issues
2024-10-13,Email / CRM,harmattan_drop,69379,2393,NGN,698863.3,No issues
2024-10-13,Google Ads,showreel_push,41929,834,NGN,324461.62,No issues
2024-10-13,Influencer,brand_always_on,32418,1008,NGN,267319.84,No issues
2024-10-13,Meta Ads,retarget_q4,51473,1394,NGN,175039.66,No issues
2024-10-13,YouTube Pre-roll,wedding_season_23,49145,1085,NGN,256459.97,No issues
2024-10-14,Email / CRM,always_on,9353,235,NGN,67347.26,No issues
2024-10-14,Google Ads,retarget_q4,67411,2196,NGN,533781.98,No issues
2024-10-14,Influencer,always_on,50759,869,NGN,291154.54,No issues
2024-10-14,Meta Ads,wedding_season_24,9736,223,NGN,35565.12,No issues
2024-10-14,TikTok Ads,black_friday,40461,357,NGN,74614.4,No issues
2024-10-14,YouTube Pre-roll,brand_always_on,42123,809,NGN,299223.95,No issues
2024-10-15,Email / CRM,showreel_push,66023,303,NGN,119743.56,No issues
2024-10-15,Google Ads,harmattan_drop,61634,1636,NGN,682567.71,No issues
2024-10-15,Influencer,showreel_push,65611,429,NGN,91110.11,No issues
2024-10-15,Meta Ads,brand_always_on,18327,126,NGN,26612.1,No issues
2024-10-15,YouTube Pre-roll,blackfriday24,87556,1794,NGN,265165.53,No issues
2024-10-16,Email / CRM,wedding_season_24,7247,161,NGN,52515.55,No issues
2024-10-16,Google Ads,harmattan_drop,71353,533,NGN,116032.83,No issues
2024-10-16,Influencer,lagos_nights_launch,66661,490,NGN,179090.67,No issues
2024-10-16,Meta Ads,harmattan_drop,17029,251,NGN,58045.35,No issues
2024-10-16,TikTok Ads,wedding_season_23,43328,1482,NGN,144963.68,No issues
2024-10-17,Email / CRM,wedding_season_23,4673,63,NGN,26266.88,No issues
2024-10-17,Google Ads,lagos_nights_launch,37553,1153,NGN,422864.89,No issues
2024-10-17,Influencer,wedding_season_24,22235,425,NGN,126780.1,No issues
2024-10-17,Meta Ads,harmattan_drop,64609,833,NGN,222640.41,No issues
2024-10-17,YouTube Pre-roll,harmattan_drop,32365,1011,NGN,363519.06,No issues
2024-10-18,Email / CRM,retarget_q4,13817,82,NGN,7736.85,No issues
2024-10-18,Google Ads,lagos_nights_launch,71828,2043,NGN,712111.65,No issues
2024-10-18,Influencer,harmattan_drop,45107,1312,NGN,367100.13,No issues
2024-10-18,Meta Ads,brand_always_on,67773,849,NGN,324132.36,No issues
2024-10-18,TikTok Ads,retarget_q4,57105,846,NGN,202075.81,No issues
2024-10-19,Email / CRM,showreel_push,47998,552,NGN,164806.67,No issues
2024-10-19,Influencer,brand_always_on,43458,1144,NGN,275598.68,No issues
2024-10-19,TikTok Ads,showreel_push,7916,217,NGN,37337.54,No issues
2024-10-19,YouTube Pre-roll,harmattan_drop,11743,149,NGN,12264.59,No issues
2024-10-20,Google Ads,wedding_season_23,35591,1064,NGN,282725.67,No issues
2024-10-20,Influencer,retarget_q4,31847,209,NGN,68164.07,No issues
2024-10-20,TikTok Ads,brand_always_on,82664,2147,NGN,196634.63,No issues
2024-10-21,Google Ads,harmattan_drop,77490,361,NGN,112293.79,No issues
2024-10-21,Influencer,harmattan_drop,77819,2280,NGN,370061.58,No issues
2024-10-21,Meta Ads,retarget_q4,22189,495,NGN,131753.16,No issues
2024-10-21,TikTok Ads,retarget_q4,71503,664,NGN,190080.01,No issues
2024-10-21,YouTube Pre-roll,blackfriday24,78406,1063,NGN,422897.74,No issues
2024-10-22,Google Ads,wedding_season_24,61290,1270,NGN,353284.85,No issues
2024-10-22,Influencer,lagos_nights_launch,36968,982,NGN,227000.58,No issues
2024-10-23,Email / CRM,brand_always_on,47322,381,NGN,36958.75,No issues
2024-10-23,Google Ads,harmattan_drop,47448,1379,NGN,130425.39,No issues
2024-10-23,Influencer,blackfriday24,77938,486,NGN,36621.77,No issues
2024-10-23,Meta Ads,harmattan_drop,85865,1711,NGN,199087.81,No issues
2024-10-23,TikTok Ads,wedding_season_24,15425,69,NGN,9377.14,No issues
2024-10-23,YouTube Pre-roll,always_on,57821,1784,NGN,173232.29,No issues
2024-10-24,Influencer,retarget_q4,72496,1722,NGN,213370.09,No issues
2024-10-24,Meta Ads,wedding_season_24,17241,417,NGN,42480.94,No issues
2024-10-24,YouTube Pre-roll,harmattan_drop,59912,497,NGN,55385.28,No issues
2024-10-25,Email / CRM,harmattan_drop,8729,206,NGN,32239.09,No issues
2024-10-25,Google Ads,brand_always_on,50778,583,NGN,179105.1,No issues
2024-10-25,Influencer,blackfriday24,77237,2519,NGN,215851.83,No issues
2024-10-25,Meta Ads,retarget_q4,25267,545,NGN,193368.05,No issues
2024-10-25,TikTok Ads,wedding_season_24,48374,1080,NGN,337709.25,No issues
2024-10-26,TikTok Ads,showreel_push,18326,189,NGN,47332.82,No issues
2024-10-27,Email / CRM,harmattan_drop,82851,2057,NGN,282208.66,No issues
2024-10-27,Google Ads,harmattan_drop,48692,1153,NGN,95698.21,No issues
2024-10-27,Influencer,harmattan_drop,22737,587,NGN,179698.11,No issues
2024-10-27,YouTube Pre-roll,harmattan_drop,41959,572,NGN,181182.15,No issues
2024-10-28,Email / CRM,always_on,66695,1788,NGN,196174.32,No issues
2024-10-28,Google Ads,retarget_q4,83655,1888,NGN,456710.24,No issues
2024-10-28,Influencer,blackfriday24,48182,1047,NGN,201446.75,No issues
2024-10-28,Meta Ads,blackfriday24,8228,240,NGN,20396.65,No issues
2024-10-28,TikTok Ads,retarget_q4,25917,271,NGN,45610.73,No issues
2024-10-28,YouTube Pre-roll,blackfriday24,24805,789,NGN,177678.92,No issues
2024-10-29,Email / CRM,harmattan_drop,70973,1725,NGN,351651.42,No issues
2024-10-29,Google Ads,harmattan_drop,23804,511,NGN,98871.2,No issues
2024-10-29,Influencer,wedding_season_24,37102,281,NGN,24664.81,No issues
2024-10-29,Meta Ads,retarget_q4,62750,1628,NGN,589573.7,No issues
2024-10-29,TikTok Ads,wedding_season_24,37374,236,NGN,22731.39,No issues
2024-10-29,YouTube Pre-roll,wedding_season_24,9559,61,NGN,19533.08,No issues
2024-10-30,Google Ads,brand_always_on,63176,1771,NGN,578870.88,No issues
2024-10-30,Influencer,blackfriday24,34978,707,NGN,242541.02,No issues
2024-10-30,Meta Ads,wedding_season_24,84448,2807,NGN,1028332.8,No issues
2024-10-30,TikTok Ads,retarget_q4,23816,266,NGN,68276.41,No issues
2024-10-30,YouTube Pre-roll,always_on,5722,87,NGN,10940.9,No issues
2024-10-31,Email / CRM,wedding_season_24,34995,156,NGN,38786.92,No issues
2024-10-31,Google Ads,lagos_nights_launch,33016,364,NGN,113645.13,No issues
2024-10-31,TikTok Ads,black_friday,10888,255,NGN,54047.46,No issues
2024-11-01,Google Ads,always_on,28566,159,NGN,24990.56,No issues
2024-11-01,Meta Ads,brand_always_on,75490,2350,NGN,537605.73,No issues
2024-11-01,TikTok Ads,wedding_season_24,11034,283,NGN,31423.73,No issues
2024-11-01,YouTube Pre-roll,harmattan_drop,56759,414,NGN,120392.31,No issues
2024-11-02,Email / CRM,brand_always_on,44027,831,NGN,211711.87,No issues
2024-11-02,Google Ads,lagos_nights_launch,26305,587,NGN,68832.46,No issues
2024-11-02,Meta Ads,blackfriday24,5495,116,NGN,20491.61,No issues
2024-11-02,TikTok Ads,always_on,42075,410,NGN,152046.38,No issues
2024-11-02,YouTube Pre-roll,harmattan_drop,15089,133,NGN,16109.62,No issues
2024-11-03,Email / CRM,lagos_nights_launch,28840,867,NGN,361395.2,No issues
2024-11-03,Google Ads,retarget_q4,61743,2062,NGN,458438.13,No issues
2024-11-03,Influencer,retarget_q4,32532,1124,NGN,148621.64,No issues
2024-11-03,Meta Ads,blackfriday24,81781,2738,NGN,684817.64,No issues
2024-11-03,YouTube Pre-roll,wedding_season_24,79817,1247,NGN,467301.11,No issues
2024-11-04,Email / CRM,wedding_season_23,34184,1179,NGN,472423.97,No issues
2024-11-04,Meta Ads,wedding_season_23,33985,1071,NGN,152644.56,No issues
2024-11-04,YouTube Pre-roll,wedding_season_23,21044,450,NGN,29487.43,No issues
2024-11-05,Email / CRM,brand_always_on,58115,1446,NGN,169558.82,No issues
2024-11-05,TikTok Ads,always_on,45621,1288,NGN,216157.84,No issues
2024-11-05,YouTube Pre-roll,harmattan_drop,14348,359,NGN,122086.92,No issues
2024-11-06,Email / CRM,lagos_nights_launch,63754,857,NGN,348789.95,No issues
2024-11-06,Google Ads,wedding_season_23,55065,1133,NGN,252116.63,No issues
2024-11-06,Influencer,wedding_season_23,17663,233,NGN,66357.29,No issues
2024-11-06,TikTok Ads,harmattan_drop,64742,584,NGN,151673.27,No issues
2024-11-06,YouTube Pre-roll,harmattan_drop,15900,64,NGN,22910.57,No issues
2024-11-07,Email / CRM,brand_always_on,56633,1044,NGN,424950.31,No issues
2024-11-07,Google Ads,retarget_q4,20048,387,NGN,81238.55,No issues
2024-11-07,Meta Ads,retarget_q4,50179,1590,NGN,170464.25,No issues
2024-11-07,TikTok Ads,harmattan_drop,45261,545,NGN,59249.39,No issues
2024-11-08,Email / CRM,wedding_season_23,14610,271,NGN,106347.62,No issues
2024-11-08,Meta Ads,black_friday,38823,900,NGN,186911.67,No issues
2024-11-08,TikTok Ads,brand_always_on,13832,275,NGN,102459.61,No issues
2024-11-08,YouTube Pre-roll,retarget_q4,87979,1154,NGN,156901.58,No issues
2024-11-09,Email / CRM,retarget_q4,80904,1639,NGN,382428.93,No issues
2024-11-09,Google Ads,harmattan_drop,25268,787,NGN,102993.21,No issues
2024-11-09,Influencer,retarget_q4,79806,1341,NGN,319030.26,No issues
2024-11-10,Email / CRM,always_on,24400,586,NGN,152893.75,No issues
2024-11-10,Google Ads,black_friday,83753,1742,NGN,232341.46,No issues
2024-11-10,Influencer,harmattan_drop,43595,1165,NGN,252302.24,No issues
2024-11-10,TikTok Ads,showreel_push,74710,1052,NGN,139302.15,No issues
2024-11-10,YouTube Pre-roll,wedding_season_24,43913,1046,NGN,228506.76,No issues
2024-11-11,Google Ads,brand_always_on,58973,481,NGN,98396.69,No issues
2024-11-11,Influencer,wedding_season_23,52406,927,NGN,328499.34,No issues
2024-11-11,TikTok Ads,harmattan_drop,65366,1088,NGN,210517.84,No issues
2024-11-11,YouTube Pre-roll,retarget_q4,23694,151,NGN,23072.27,No issues
2024-11-12,Email / CRM,harmattan_drop,20059,219,NGN,49928.41,No issues
2024-11-12,Google Ads,retarget_q4,42333,482,NGN,194517.66,No issues
2024-11-12,Influencer,harmattan_drop,35777,452,NGN,107242.98,No issues
2024-11-12,TikTok Ads,showreel_push,88990,2874,NGN,1079311.8,No issues
2024-11-13,Email / CRM,harmattan_drop,6270,169,NGN,21783.3,No issues
2024-11-13,Meta Ads,harmattan_drop,28370,623,NGN,67141.19,No issues
2024-11-13,TikTok Ads,showreel_push,47925,928,NGN,95894.45,No issues
2024-11-13,YouTube Pre-roll,lagos_nights_launch,54738,277,NGN,116004.63,No issues
2024-11-14,Email / CRM,harmattan_drop,73190,2559,NGN,391388.89,No issues
2024-11-14,Google Ads,retarget_q4,81114,2275,NGN,549143.84,No issues
2024-11-14,Influencer,harmattan_drop,12544,106,NGN,35880.15,No issues
2024-11-14,TikTok Ads,retarget_q4,83968,764,NGN,177732.13,No issues
2024-11-14,YouTube Pre-roll,retarget_q4,47680,334,NGN,96761.96,No issues
2024-11-15,Email / CRM,retarget_q4,19572,188,NGN,11697.97,No issues
2024-11-15,Google Ads,showreel_push,51920,1800,NGN,273283.43,No issues
2024-11-15,Meta Ads,retarget_q4,39134,1335,NGN,511990.79,No issues
2024-11-15,TikTok Ads,black_friday,78299,737,NGN,171816.95,No issues
2024-11-16,Email / CRM,wedding_season_24,25383,785,NGN,285356.3,No issues
2024-11-16,Google Ads,wedding_season_24,52189,1721,NGN,126327.51,No issues
2024-11-16,Influencer,brand_always_on,76881,1418,NGN,521474.93,No issues
2024-11-16,TikTok Ads,harmattan_drop,89426,361,NGN,24704.36,No issues
2024-11-16,YouTube Pre-roll,wedding_season_24,25293,265,NGN,63225.21,No issues
2024-11-17,Google Ads,harmattan_drop,31888,1030,NGN,342939.8,No issues
2024-11-17,Influencer,harmattan_drop,14133,212,NGN,82673.25,No issues
2024-11-17,Meta Ads,blackfriday24,41155,294,NGN,75492.93,No issues
2024-11-17,TikTok Ads,brand_always_on,40085,601,NGN,72509.0,No issues
2024-11-17,YouTube Pre-roll,brand_always_on,30525,512,NGN,40518.25,No issues
2024-11-18,Email / CRM,showreel_push,72176,2435,NGN,478143.31,No issues
2024-11-18,Google Ads,always_on,14698,437,NGN,120321.1,No issues
2024-11-18,Influencer,harmattan_drop,88314,2077,NGN,732304.82,No issues
2024-11-18,Meta Ads,retarget_q4,48024,1249,NGN,197402.33,No issues
2024-11-18,TikTok Ads,showreel_push,89276,2196,NGN,686891.96,No issues
2024-11-18,YouTube Pre-roll,black_friday,30612,1069,NGN,190401.77,No issues
2024-11-19,Email / CRM,retarget_q4,4994,149,NGN,18171.2,No issues
2024-11-19,Google Ads,always_on,55922,1634,NGN,627798.76,No issues
2024-11-19,Influencer,always_on,68107,1457,NGN,255338.16,No issues
2024-11-19,TikTok Ads,blackfriday24,79481,1285,NGN,214955.77,No issues
2024-11-20,Email / CRM,harmattan_drop,39182,406,NGN,158994.66,No issues
2024-11-20,Google Ads,harmattan_drop,84216,1382,NGN,430722.84,No issues
2024-11-20,Influencer,harmattan_drop,76857,568,NGN,65939.53,No issues
2024-11-20,Meta Ads,harmattan_drop,71763,1343,NGN,217054.42,No issues
2024-11-20,YouTube Pre-roll,wedding_season_23,89230,1039,NGN,309093.01,No issues
2024-11-21,Email / CRM,brand_always_on,33892,287,NGN,37409.02,No issues
2024-11-21,Influencer,lagos_nights_launch,63183,1823,NGN,622729.06,No issues
2024-11-21,Meta Ads,brand_always_on,53262,858,NGN,259968.58,No issues
2024-11-21,TikTok Ads,blackfriday24,30918,216,NGN,43210.12,No issues
2024-11-21,YouTube Pre-roll,harmattan_drop,12682,202,NGN,40496.1,No issues
2024-11-22,Email / CRM,lagos_nights_launch,89555,1685,NGN,430767.92,No issues
2024-11-22,Google Ads,wedding_season_23,77577,2420,NGN,1000151.92,No issues
2024-11-22,Influencer,wedding_season_24,71364,511,NGN,109366.3,No issues
2024-11-22,Meta Ads,blackfriday24,61212,932,NGN,330995.95,No issues
2024-11-22,YouTube Pre-roll,always_on,60216,1206,NGN,487221.7,No issues
2024-11-23,Email / CRM,harmattan_drop,5598,116,NGN,41666.15,No issues
2024-11-23,Google Ads,wedding_season_24,4527,101,NGN,8280.88,No issues
2024-11-23,Meta Ads,harmattan_drop,46212,1453,NGN,322275.23,No issues
2024-11-23,TikTok Ads,always_on,56276,718,NGN,108474.31,No issues
2024-11-23,YouTube Pre-roll,wedding_season_24,64434,1767,NGN,424677.55,No issues
2024-11-24,Email / CRM,lagos_nights_launch,21016,640,NGN,56132.7,No issues
2024-11-24,Google Ads,harmattan_drop,31164,827,NGN,73731.56,No issues
2024-11-24,Influencer,showreel_push,65154,2228,NGN,384664.12,No issues
2024-11-24,Meta Ads,retarget_q4,41091,989,NGN,269946.29,No issues
2024-11-24,YouTube Pre-roll,wedding_season_24,17685,367,NGN,37496.64,No issues
2024-11-25,Email / CRM,blackfriday24,9758,287,NGN,21707.33,No issues
2024-11-25,TikTok Ads,brand_always_on,24500,230,NGN,71829.37,No issues
2024-11-26,Meta Ads,harmattan_drop,83510,707,NGN,115764.45,No issues
2024-11-26,TikTok Ads,showreel_push,43234,1268,NGN,347511.04,No issues
2024-11-27,Email / CRM,harmattan_drop,25157,588,NGN,87301.91,No issues
2024-11-27,Google Ads,harmattan_drop,46110,989,NGN,255574.06,No issues
2024-11-27,Influencer,harmattan_drop,58908,595,NGN,225507.35,No issues
2024-11-27,Meta Ads,wedding_season_24,6205,117,NGN,38125.37,No issues
2024-11-27,TikTok Ads,retarget_q4,65336,827,NGN,64889.76,No issues
2024-11-27,YouTube Pre-roll,lagos_nights_launch,63139,2021,NGN,504149.01,No issues
2024-11-28,Email / CRM,brand_always_on,33680,347,NGN,140734.57,No issues
2024-11-28,Influencer,black_friday,47750,709,NGN,289546.26,No issues
2024-11-28,Meta Ads,harmattan_drop,5291,25,NGN,3427.94,No issues
2024-11-28,TikTok Ads,showreel_push,42504,440,NGN,46530.74,No issues
2024-11-28,YouTube Pre-roll,wedding_season_24,54970,1350,NGN,481817.45,No issues
2024-11-29,Email / CRM,always_on,80760,2119,NGN,458857.16,No issues
2024-11-29,Google Ads,retarget_q4,43425,403,NGN,61851.73,No issues
2024-11-29,Influencer,brand_always_on,26753,308,NGN,117958.41,No issues
2024-11-29,Meta Ads,always_on,89577,2393,NGN,909725.39,No issues
2024-11-29,YouTube Pre-roll,showreel_push,32983,566,NGN,204532.68,No issues
2024-11-30,Google Ads,blackfriday24,57686,1732,NGN,405708.74,No issues
2024-11-30,YouTube Pre-roll,harmattan_drop,56526,1158,NGN,399372.25,No issues
2024-12-01,Email / CRM,showreel_push,77343,2209,NGN,202852.07,No issues
2024-12-01,Google Ads,retarget_q4,25448,879,NGN,227177.09,No issues
2024-12-01,Influencer,showreel_push,48088,226,NGN,59964.0,No issues
2024-12-01,Meta Ads,wedding_season_24,51225,1310,NGN,138430.92,No issues
2024-12-01,TikTok Ads,harmattan_drop,80089,2636,NGN,910130.88,No issues
2024-12-01,YouTube Pre-roll,brand_always_on,48858,920,NGN,73659.2,No issues
2024-12-02,Meta Ads,black_friday,51867,733,NGN,158818.35,No issues
2024-12-02,TikTok Ads,always_on,68881,976,NGN,351891.9,No issues
2024-12-03,Email / CRM,harmattan_drop,78377,2485,NGN,851166.92,No issues
2024-12-03,Google Ads,blackfriday24,22689,116,NGN,34814.28,No issues
2024-12-03,Meta Ads,harmattan_drop,20311,633,NGN,239102.49,No issues
2024-12-03,TikTok Ads,retarget_q4,86719,2628,NGN,762935.33,No issues
2024-12-04,Google Ads,black_friday,68928,1741,NGN,380548.39,No issues
2024-12-04,Influencer,harmattan_drop,13738,288,NGN,91241.98,No issues
2024-12-04,TikTok Ads,wedding_season_24,55661,1804,NGN,237591.01,No issues
2024-12-04,YouTube Pre-roll,harmattan_drop,31226,342,NGN,39813.13,No issues
2024-12-05,Email / CRM,always_on,28458,869,NGN,56207.95,No issues
2024-12-05,Google Ads,wedding_season_24,5076,154,NGN,49189.57,No issues
2024-12-05,Influencer,lagos_nights_launch,45376,733,NGN,168390.37,No issues
2024-12-05,Meta Ads,harmattan_drop,30236,707,NGN,194582.12,No issues
2024-12-05,TikTok Ads,lagos_nights_launch,34025,233,NGN,32901.47,No issues
2024-12-05,YouTube Pre-roll,showreel_push,16670,166,NGN,54550.74,No issues
2024-12-06,Email / CRM,blackfriday24,77568,1930,NGN,542615.55,No issues
2024-12-06,Google Ads,harmattan_drop,16062,503,NGN,164024.61,No issues
2024-12-06,Influencer,wedding_season_23,17415,573,NGN,195093.28,No issues
2024-12-06,Meta Ads,retarget_q4,5885,62,NGN,10736.26,No issues
2024-12-07,Email / CRM,harmattan_drop,21148,719,NGN,195923.55,No issues
2024-12-07,Google Ads,always_on,86433,2893,NGN,266817.1,No issues
2024-12-07,Influencer,blackfriday24,26773,332,NGN,31376.36,No issues
2024-12-07,Meta Ads,retarget_q4,37745,1267,NGN,423319.56,No issues
2024-12-07,TikTok Ads,showreel_push,22979,119,NGN,36964.22,No issues
2024-12-07,YouTube Pre-roll,wedding_season_23,74752,822,NGN,206246.96,No issues
2024-12-08,Email / CRM,harmattan_drop,16550,69,NGN,5347.4,No issues
2024-12-08,Influencer,always_on,4439,147,NGN,19445.21,No issues
2024-12-08,Meta Ads,retarget_q4,50964,1055,NGN,309740.88,No issues
2024-12-08,YouTube Pre-roll,harmattan_drop,81042,1086,NGN,238847.09,No issues
2024-12-09,Email / CRM,harmattan_drop,89599,3108,NGN,1215556.51,No issues
2024-12-09,Google Ads,retarget_q4,85555,1642,NGN,192702.16,No issues
2024-12-09,Influencer,harmattan_drop,88878,395,NGN,51851.15,No issues
2024-12-09,Meta Ads,wedding_season_23,9611,57,NGN,12880.65,No issues
2024-12-09,TikTok Ads,always_on,55970,1554,NGN,358951.79,No issues
2024-12-09,YouTube Pre-roll,wedding_season_24,37320,868,NGN,95976.46,No issues
2024-12-10,Google Ads,blackfriday24,60647,2079,NGN,629505.41,No issues
2024-12-10,Influencer,wedding_season_23,80605,1990,NGN,333183.9,No issues
2024-12-10,TikTok Ads,showreel_push,89410,2626,NGN,277696.4,No issues
2024-12-10,YouTube Pre-roll,retarget_q4,54312,723,NGN,50537.51,No issues
2024-12-11,TikTok Ads,brand_always_on,54115,1141,NGN,135017.19,No issues
2024-12-11,YouTube Pre-roll,retarget_q4,16083,433,NGN,111675.33,No issues
2024-12-12,Email / CRM,retarget_q4,72961,1665,NGN,654333.82,No issues
2024-12-12,Google Ads,showreel_push,73488,1211,NGN,255525.69,No issues
2024-12-12,Influencer,wedding_season_24,11376,202,NGN,48293.33,No issues
2024-12-12,Meta Ads,black_friday,17539,427,NGN,62111.78,No issues
2024-12-12,TikTok Ads,lagos_nights_launch,38902,349,NGN,70204.31,No issues
2024-12-12,YouTube Pre-roll,harmattan_drop,82817,439,NGN,145819.13,No issues
2024-12-13,Email / CRM,harmattan_drop,70447,282,NGN,104114.26,No issues
2024-12-13,Google Ads,harmattan_drop,43906,736,NGN,167549.03,No issues
2024-12-13,Meta Ads,wedding_season_23,58266,1759,NGN,543805.81,No issues
2024-12-13,YouTube Pre-roll,blackfriday24,48693,295,NGN,99988.38,No issues
2024-12-14,Email / CRM,showreel_push,13333,326,NGN,94360.82,No issues
2024-12-14,Influencer,showreel_push,38779,1053,NGN,436822.0,No issues
2024-12-14,Meta Ads,wedding_season_23,15445,434,NGN,80973.82,No issues
2024-12-14,TikTok Ads,black_friday,7742,208,NGN,43716.89,No issues
2024-12-15,Google Ads,black_friday,31107,613,NGN,115273.59,No issues
2024-12-15,Influencer,wedding_season_23,39116,953,NGN,362830.57,No issues
2024-12-15,TikTok Ads,wedding_season_24,67857,352,NGN,22925.99,No issues
2024-12-15,YouTube Pre-roll,retarget_q4,53623,1494,NGN,353771.38,No issues
2024-12-16,Email / CRM,harmattan_drop,10976,269,NGN,78888.29,No issues
2024-12-16,Google Ads,black_friday,84656,1970,NGN,234023.34,No issues
2024-12-16,Meta Ads,retarget_q4,42115,1342,NGN,519317.84,No issues
2024-12-16,TikTok Ads,lagos_nights_launch,5720,61,NGN,4718.6,No issues
2024-12-16,YouTube Pre-roll,harmattan_drop,80624,2375,NGN,731023.49,No issues
2024-12-17,TikTok Ads,lagos_nights_launch,88946,1309,NGN,541383.82,No issues
2024-12-17,YouTube Pre-roll,blackfriday24,25114,641,NGN,63612.44,No issues
2024-12-18,Email / CRM,harmattan_drop,12090,279,NGN,54872.77,No issues
2024-12-18,Google Ads,harmattan_drop,38755,1003,NGN,126949.36,No issues
2024-12-18,Meta Ads,wedding_season_24,54005,1425,NGN,130163.15,No issues
2024-12-18,TikTok Ads,brand_always_on,60401,1376,NGN,500762.69,No issues
2024-12-18,YouTube Pre-roll,wedding_season_23,13747,356,NGN,87635.35,No issues
2024-12-19,Email / CRM,showreel_push,31100,388,NGN,58585.17,No issues
2024-12-19,Influencer,retarget_q4,76791,507,NGN,76184.38,No issues
2024-12-19,Meta Ads,lagos_nights_launch,78411,1895,NGN,499355.58,No issues
2024-12-19,TikTok Ads,showreel_push,12136,208,NGN,30997.5,No issues
2024-12-20,Email / CRM,wedding_season_24,42471,920,NGN,246513.36,No issues
2024-12-20,Google Ads,lagos_nights_launch,70214,1193,NGN,175723.11,No issues
2024-12-20,Meta Ads,harmattan_drop,80644,1939,NGN,466449.11,No issues
2024-12-20,TikTok Ads,harmattan_drop,71342,397,NGN,112488.95,No issues
2024-12-20,YouTube Pre-roll,brand_always_on,59571,2018,NGN,451714.98,No issues
2024-12-21,Email / CRM,wedding_season_24,69050,1440,NGN,604326.99,No issues
2024-12-21,Meta Ads,blackfriday24,9832,227,NGN,68628.38,No issues
2024-12-21,YouTube Pre-roll,retarget_q4,57490,1623,NGN,127844.97,No issues
2024-12-22,Google Ads,harmattan_drop,67743,1636,NGN,580520.5,No issues
2024-12-22,Meta Ads,wedding_season_24,64182,1919,NGN,540288.44,No issues
2024-12-22,TikTok Ads,showreel_push,60560,1817,NGN,407360.32,No issues
2024-12-22,YouTube Pre-roll,lagos_nights_launch,66622,415,NGN,162158.78,No issues
2024-12-23,Email / CRM,always_on,14665,239,NGN,96928.83,No issues
2024-12-23,Google Ads,wedding_season_23,88322,2059,NGN,572298.57,No issues
2024-12-23,TikTok Ads,retarget_q4,4474,107,NGN,10602.36,No issues
2024-12-23,YouTube Pre-roll,lagos_nights_launch,83561,1739,NGN,559646.92,No issues
2024-12-24,Influencer,wedding_season_24,59334,2034,NGN,551570.51,No issues
2024-12-24,Meta Ads,harmattan_drop,44321,488,NGN,33166.08,No issues
2024-12-24,TikTok Ads,brand_always_on,57062,525,NGN,160952.31,No issues
2024-12-25,Email / CRM,harmattan_drop,32594,1031,NGN,77860.65,No issues
2024-12-25,Google Ads,harmattan_drop,44552,1282,NGN,347683.81,No issues
2024-12-25,Influencer,showreel_push,26103,841,NGN,264351.35,No issues
2024-12-25,Meta Ads,harmattan_drop,53687,1105,NGN,96673.93,No issues
2024-12-25,TikTok Ads,harmattan_drop,76002,1844,NGN,340190.55,No issues
2024-12-25,YouTube Pre-roll,harmattan_drop,6937,181,NGN,73800.76,No issues
2024-12-26,Email / CRM,brand_always_on,71591,1703,NGN,412178.81,No issues
2024-12-26,Google Ads,harmattan_drop,73056,2280,NGN,275373.3,No issues
2024-12-26,Influencer,retarget_q4,82281,2586,NGN,210095.3,No issues
2024-12-26,Meta Ads,retarget_q4,60673,2074,NGN,499015.69,No issues
2024-12-26,YouTube Pre-roll,blackfriday24,81568,1872,NGN,634185.11,No issues
2024-12-27,Google Ads,blackfriday24,54829,1105,NGN,207499.67,No issues
2024-12-27,Influencer,always_on,3982,62,NGN,6121.45,No issues
2024-12-27,Meta Ads,brand_always_on,33935,407,NGN,170725.35,No issues
2024-12-27,TikTok Ads,brand_always_on,53676,657,NGN,111019.79,No issues
2024-12-27,YouTube Pre-roll,harmattan_drop,12135,346,NGN,98519.42,No issues
2024-12-28,Email / CRM,showreel_push,60022,1136,NGN,360825.47,No issues
2024-12-28,Google Ads,showreel_push,18982,532,NGN,89297.57,No issues
2024-12-28,Influencer,showreel_push,25603,748,NGN,254868.66,No issues
2024-12-28,Meta Ads,harmattan_drop,53733,535,NGN,114022.7,No issues
2024-12-28,TikTok Ads,blackfriday24,77318,670,NGN,49116.48,No issues
2024-12-29,Influencer,wedding_season_23,29372,972,NGN,384965.8,No issues
2024-12-29,Meta Ads,wedding_season_23,12665,376,NGN,91138.11,No issues
2024-12-29,TikTok Ads,showreel_push,18335,115,NGN,7922.74,No issues
2024-12-29,YouTube Pre-roll,retarget_q4,19648,510,NGN,120686.15,No issues
2024-12-30,Email / CRM,harmattan_drop,51645,1501,NGN,502239.04,No issues
2024-12-30,Google Ads,showreel_push,67432,1359,NGN,156788.49,No issues
2024-12-30,Influencer,blackfriday24,7088,98,NGN,18797.42,No issues
2024-12-30,TikTok Ads,blackfriday24,16214,174,NGN,30455.21,No issues
2024-12-30,YouTube Pre-roll,lagos_nights_launch,31471,360,NGN,39528.2,No issues
2024-12-31,Email / CRM,always_on,6664,86,NGN,30083.93,No issues
2024-12-31,Meta Ads,retarget_q4,30630,197,NGN,56764.74,No issues
2025-01-01,Google Ads,retarget_q4,77402,1480,NGN,497279.07,No issues
2025-01-01,Influencer,harmattan_drop,12237,114,NGN,25814.15,No issues
2025-01-01,Meta Ads,harmattan_drop,46211,939,NGN,275067.89,No issues
2025-01-01,TikTok Ads,harmattan_drop,52407,1445,NGN,287040.01,No issues
2025-01-01,YouTube Pre-roll,retarget_q4,53786,1024,NGN,326322.7,No issues
2025-01-02,Email / CRM,brand_always_on,72533,1411,NGN,305473.66,No issues
2025-01-02,Influencer,always_on,12215,270,NGN,107023.71,No issues
2025-01-02,TikTok Ads,harmattan_drop,56249,1707,NGN,313938.96,No issues
2025-01-02,YouTube Pre-roll,harmattan_drop,5039,126,NGN,19263.15,No issues
2025-01-03,Email / CRM,showreel_push,65921,1901,NGN,494302.33,No issues
2025-01-03,Influencer,black_friday,46409,892,NGN,326815.83,No issues
2025-01-03,Meta Ads,retarget_q4,83687,983,NGN,341796.07,No issues
2025-01-03,TikTok Ads,retarget_q4,78486,2294,NGN,715521.67,No issues
2025-01-04,Google Ads,wedding_season_24,20866,274,NGN,71077.43,No issues
2025-01-04,Meta Ads,lagos_nights_launch,10978,260,NGN,83629.95,No issues
2025-01-04,TikTok Ads,retarget_q4,16574,576,NGN,164534.76,No issues
2025-01-05,Email / CRM,retarget_q4,35849,1042,NGN,188165.78,No issues
2025-01-05,Influencer,wedding_season_24,68141,2325,NGN,922832.87,No issues
2025-01-05,Meta Ads,harmattan_drop,54206,1513,NGN,582124.02,No issues
2025-01-05,TikTok Ads,retarget_q4,65711,1743,NGN,204397.04,No issues
2025-01-05,YouTube Pre-roll,showreel_push,4042,126,NGN,46857.58,No issues
2025-01-06,Email / CRM,harmattan_drop,89231,3107,NGN,953811.31,No issues
2025-01-06,Google Ads,brand_always_on,59515,1896,NGN,596588.82,No issues
2025-01-06,Influencer,blackfriday24,28456,816,NGN,166191.94,No issues
2025-01-06,Meta Ads,wedding_season_24,76160,1076,NGN,286536.06,No issues
2025-01-06,TikTok Ads,harmattan_drop,79071,384,NGN,59107.56,No issues
2025-01-06,YouTube Pre-roll,retarget_q4,73986,577,NGN,76350.12,No issues
2025-01-07,Email / CRM,retarget_q4,36062,1062,NGN,216012.17,No issues
2025-01-07,Google Ads,wedding_season_24,61854,1765,NGN,550502.08,No issues
2025-01-07,Meta Ads,harmattan_drop,46968,1270,NGN,124306.72,No issues
2025-01-08,Email / CRM,blackfriday24,68048,907,NGN,90447.41,No issues
2025-01-08,Google Ads,wedding_season_24,56060,1738,NGN,393959.09,No issues
2025-01-08,Influencer,brand_always_on,19441,143,NGN,58167.38,No issues
2025-01-08,TikTok Ads,retarget_q4,34500,611,NGN,130340.67,No issues
2025-01-09,Email / CRM,wedding_season_23,12720,54,NGN,9622.75,No issues
2025-01-09,Google Ads,harmattan_drop,25905,850,NGN,92550.34,No issues
2025-01-09,Influencer,harmattan_drop,39486,253,NGN,97392.8,No issues
2025-01-09,TikTok Ads,retarget_q4,74108,763,NGN,257846.78,No issues
2025-01-09,YouTube Pre-roll,harmattan_drop,44779,984,NGN,362910.15,No issues
2025-01-10,Email / CRM,brand_always_on,43202,470,NGN,132120.67,No issues
2025-01-10,Meta Ads,wedding_season_24,13616,75,NGN,22944.72,No issues
2025-01-10,TikTok Ads,lagos_nights_launch,14691,172,NGN,50553.36,No issues
2025-01-10,YouTube Pre-roll,lagos_nights_launch,5274,128,NGN,18658.65,No issues
2025-01-11,Email / CRM,wedding_season_24,52643,709,NGN,207409.62,No issues
2025-01-11,Google Ads,brand_always_on,63972,890,NGN,333350.06,No issues
2025-01-11,Meta Ads,harmattan_drop,69995,1188,NGN,269197.27,No issues
2025-01-11,TikTok Ads,showreel_push,63695,681,NGN,41724.57,No issues
2025-01-12,Email / CRM,brand_always_on,9827,151,NGN,63411.12,No issues
2025-01-12,Google Ads,showreel_push,4158,29,NGN,6594.18,No issues
2025-01-12,Influencer,retarget_q4,37679,636,NGN,90486.42,No issues
2025-01-12,Meta Ads,showreel_push,17966,581,NGN,197810.34,No issues
2025-01-12,TikTok Ads,wedding_season_24,27793,646,NGN,93140.72,No issues
2025-01-12,YouTube Pre-roll,black_friday,38386,1082,NGN,178988.2,No issues
2025-01-13,Email / CRM,black_friday,22828,606,NGN,175204.22,No issues
2025-01-13,Google Ads,always_on,56644,1280,NGN,326051.18,No issues
2025-01-13,Meta Ads,retarget_q4,71930,2080,NGN,200465.32,No issues
2025-01-13,TikTok Ads,lagos_nights_launch,52027,928,NGN,74860.76,No issues
2025-01-13,YouTube Pre-roll,harmattan_drop,67533,915,NGN,272109.84,No issues
2025-01-14,Email / CRM,harmattan_drop,60115,610,NGN,81099.35,No issues
2025-01-14,Google Ads,harmattan_drop,68534,329,NGN,38463.99,No issues
2025-01-14,Influencer,lagos_nights_launch,85904,388,NGN,62738.72,No issues
2025-01-14,TikTok Ads,retarget_q4,59759,1798,NGN,344794.24,No issues
2025-01-14,YouTube Pre-roll,harmattan_drop,47252,1465,NGN,301732.6,No issues
2025-01-15,Email / CRM,wedding_season_23,48658,1337,NGN,460731.35,No issues
2025-01-15,Google Ads,harmattan_drop,18853,107,NGN,35921.03,No issues
2025-01-15,Influencer,retarget_q4,24148,762,NGN,289305.39,No issues
2025-01-15,YouTube Pre-roll,harmattan_drop,68435,574,NGN,60550.79,No issues
2025-01-16,Email / CRM,harmattan_drop,11478,83,NGN,10504.05,No issues
2025-01-16,Google Ads,harmattan_drop,33498,157,NGN,33410.8,No issues
2025-01-16,Influencer,harmattan_drop,39213,1237,NGN,420683.44,No issues
2025-01-16,TikTok Ads,wedding_season_24,58250,277,NGN,45707.05,No issues
2025-01-16,YouTube Pre-roll,lagos_nights_launch,81323,1844,NGN,754606.42,No issues
2025-01-17,Google Ads,retarget_q4,29518,754,NGN,283813.08,No issues
2025-01-17,Influencer,blackfriday24,65547,309,NGN,96960.35,No issues
2025-01-17,TikTok Ads,retarget_q4,62157,510,NGN,163259.06,No issues
2025-01-17,YouTube Pre-roll,blackfriday24,40820,849,NGN,78465.38,No issues
2025-01-18,Email / CRM,wedding_season_23,37877,1109,NGN,200073.63,No issues
2025-01-18,Google Ads,black_friday,43025,536,NGN,112232.27,No issues
2025-01-18,Influencer,retarget_q4,82534,1377,NGN,509894.1,No issues
2025-01-18,Meta Ads,always_on,61003,753,NGN,115046.41,No issues
2025-01-18,TikTok Ads,harmattan_drop,51233,984,NGN,292232.79,No issues
2025-01-19,Email / CRM,brand_always_on,24182,351,NGN,95697.22,No issues
2025-01-19,Meta Ads,retarget_q4,53782,1108,NGN,99972.35,No issues
2025-01-19,TikTok Ads,brand_always_on,4037,49,NGN,17313.44,No issues
2025-01-20,Google Ads,harmattan_drop,48793,539,NGN,170150.89,No issues
2025-01-20,Influencer,harmattan_drop,82511,398,NGN,62300.65,No issues
2025-01-20,TikTok Ads,always_on,89872,740,NGN,257196.8,No issues
2025-01-20,YouTube Pre-roll,always_on,11244,93,NGN,14180.97,No issues
2025-01-21,TikTok Ads,harmattan_drop,3915,71,NGN,15624.05,No issues
2025-01-21,YouTube Pre-roll,retarget_q4,36523,964,NGN,335385.01,No issues
2025-01-22,Email / CRM,blackfriday24,48167,1549,NGN,557574.65,No issues
2025-01-22,Meta Ads,wedding_season_23,36280,547,NGN,138596.04,No issues
2025-01-22,TikTok Ads,blackfriday24,80533,818,NGN,234509.77,No issues
2025-01-22,YouTube Pre-roll,harmattan_drop,32530,1016,NGN,168289.4,No issues
2025-01-23,Email / CRM,harmattan_drop,40512,746,NGN,254487.56,No issues
2025-01-23,Meta Ads,wedding_season_23,25165,844,NGN,108061.57,No issues
2025-01-23,TikTok Ads,brand_always_on,20033,243,NGN,27353.62,No issues
2025-01-24,Google Ads,wedding_season_24,36293,573,NGN,133288.18,No issues
2025-01-24,Meta Ads,harmattan_drop,41228,1101,NGN,296844.33,No issues
2025-01-24,YouTube Pre-roll,brand_always_on,3177,76,NGN,30699.03,No issues
2025-01-25,Email / CRM,blackfriday24,40617,206,NGN,84324.07,No issues
2025-01-25,TikTok Ads,always_on,57219,555,NGN,114465.45,No issues
2025-01-25,YouTube Pre-roll,always_on,11863,290,NGN,101098.69,No issues
2025-01-26,Email / CRM,wedding_season_24,5817,106,NGN,9123.01,No issues
2025-01-26,Influencer,harmattan_drop,52967,772,NGN,94461.19,No issues
2025-01-26,TikTok Ads,harmattan_drop,73824,2360,NGN,479064.63,No issues
2025-01-26,YouTube Pre-roll,wedding_season_24,68262,2146,NGN,492262.9,No issues
2025-01-27,Google Ads,harmattan_drop,80722,1144,NGN,138073.97,No issues
2025-01-27,Influencer,retarget_q4,77142,869,NGN,213907.69,No issues
2025-01-27,Meta Ads,harmattan_drop,34549,400,NGN,164323.19,No issues
2025-01-27,TikTok Ads,blackfriday24,53079,1472,NGN,104826.76,No issues
2025-01-27,YouTube Pre-roll,always_on,41742,1110,NGN,448111.66,No issues
2025-01-28,Email / CRM,wedding_season_23,76106,2464,NGN,586855.69,No issues
2025-01-28,Google Ads,wedding_season_23,85499,1685,NGN,204806.26,No issues
2025-01-28,TikTok Ads,black_friday,60282,1156,NGN,472489.42,No issues
2025-01-29,Email / CRM,harmattan_drop,66062,407,NGN,63929.83,No issues
2025-01-29,Google Ads,lagos_nights_launch,22255,758,NGN,304610.34,No issues
2025-01-29,Meta Ads,brand_always_on,16286,202,NGN,81391.48,No issues
2025-01-29,TikTok Ads,retarget_q4,42959,468,NGN,112700.78,No issues
2025-01-29,YouTube Pre-roll,wedding_season_23,30862,729,NGN,252838.19,No issues
2025-01-30,Influencer,black_friday,45684,1535,NGN,272318.59,No issues
2025-01-30,TikTok Ads,harmattan_drop,14721,285,NGN,21890.48,No issues
2025-01-30,YouTube Pre-roll,brand_always_on,6060,185,NGN,46996.21,No issues
2025-01-31,Email / CRM,harmattan_drop,76672,2416,NGN,489314.19,No issues
2025-01-31,Google Ads,black_friday,46185,1444,NGN,517237.38,No issues
2025-01-31,Influencer,wedding_season_23,63809,2218,NGN,810048.6,No issues
2025-01-31,YouTube Pre-roll,wedding_season_23,3718,55,NGN,11516.06,No issues
2025-02-01,Email / CRM,brand_always_on,64180,1176,NGN,374429.03,No issues
2025-02-01,Google Ads,harmattan_drop,58616,1696,NGN,410597.13,No issues
2025-02-01,Influencer,lagos_nights_launch,39771,1021,NGN,220755.6,No issues
2025-02-01,Meta Ads,harmattan_drop,62401,385,NGN,84631.37,No issues
2025-02-02,Email / CRM,blackfriday24,22121,315,NGN,68031.35,No issues
2025-02-02,Influencer,always_on,81839,402,NGN,84025.89,No issues
2025-02-02,Meta Ads,brand_always_on,80983,888,NGN,282245.92,No issues
2025-02-02,YouTube Pre-roll,harmattan_drop,61556,1462,NGN,494687.06,No issues
2025-02-03,Email / CRM,brand_always_on,85097,2605,NGN,988563.77,No issues
2025-02-03,Google Ads,retarget_q4,38403,1140,NGN,347032.66,No issues
2025-02-03,Meta Ads,harmattan_drop,28862,334,NGN,32325.27,No issues
2025-02-03,TikTok Ads,showreel_push,44987,565,NGN,138354.75,No issues
2025-02-03,YouTube Pre-roll,wedding_season_24,19980,225,NGN,42708.36,No issues
2025-02-04,Google Ads,harmattan_drop,32671,1066,NGN,330188.42,No issues
2025-02-04,Influencer,wedding_season_23,7318,156,NGN,61655.89,No issues
2025-02-04,TikTok Ads,black_friday,43552,820,NGN,194562.91,No issues
2025-02-06,Email / CRM,blackfriday24,71240,1098,NGN,309059.27,No issues
2025-02-06,Google Ads,showreel_push,38944,576,NGN,231308.79,No issues
2025-02-06,Influencer,harmattan_drop,38447,999,NGN,216585.1,No issues
2025-02-06,TikTok Ads,retarget_q4,32395,862,NGN,323426.64,No issues
2025-02-06,YouTube Pre-roll,always_on,11884,53,NGN,12690.97,No issues
2025-02-07,Email / CRM,retarget_q4,12283,158,NGN,62542.89,No issues
2025-02-07,Google Ads,always_on,25579,210,NGN,80873.22,No issues
2025-02-07,Meta Ads,wedding_season_24,81611,1054,NGN,394105.77,No issues
2025-02-07,YouTube Pre-roll,retarget_q4,69957,730,NGN,218269.02,No issues
2025-02-08,Email / CRM,wedding_season_24,41086,290,NGN,22618.57,No issues
2025-02-08,Google Ads,showreel_push,52479,1276,NGN,139177.65,No issues
2025-02-08,Meta Ads,brand_always_on,54865,1049,NGN,313569.5,No issues
2025-02-08,TikTok Ads,always_on,72324,530,NGN,129470.86,No issues
2025-02-08,YouTube Pre-roll,black_friday,28936,683,NGN,185176.17,No issues
2025-02-09,Email / CRM,blackfriday24,23399,221,NGN,68592.01,No issues
2025-02-09,Google Ads,blackfriday24,9278,71,NGN,12562.67,No issues
2025-02-09,Influencer,showreel_push,89977,893,NGN,297934.75,No issues
2025-02-09,Meta Ads,retarget_q4,44171,645,NGN,165816.73,No issues
2025-02-09,TikTok Ads,retarget_q4,49955,1637,NGN,191083.37,No issues
2025-02-09,YouTube Pre-roll,showreel_push,88318,1780,NGN,484898.42,No issues
2025-02-10,Email / CRM,harmattan_drop,61166,1958,NGN,603097.97,No issues
2025-02-10,Google Ads,retarget_q4,47741,314,NGN,78730.58,No issues
2025-02-10,Meta Ads,retarget_q4,22702,719,NGN,232148.74,No issues
2025-02-10,TikTok Ads,black_friday,5959,155,NGN,39962.17,No issues
2025-02-10,YouTube Pre-roll,lagos_nights_launch,22280,556,NGN,199773.09,No issues
2025-02-11,Email / CRM,black_friday,27305,878,NGN,84174.84,No issues
2025-02-11,Google Ads,wedding_season_23,35293,599,NGN,80540.08,No issues
2025-02-12,Google Ads,black_friday,89964,1675,NGN,203960.72,No issues
2025-02-12,Influencer,always_on,37154,218,NGN,76233.48,No issues
2025-02-12,Meta Ads,brand_always_on,71472,1935,NGN,524000.36,No issues
2025-02-12,TikTok Ads,wedding_season_24,32857,993,NGN,140959.28,No issues
2025-02-12,YouTube Pre-roll,wedding_season_24,55932,626,NGN,240847.83,No issues
2025-02-13,Email / CRM,harmattan_drop,20942,539,NGN,54325.43,No issues
2025-02-13,Meta Ads,harmattan_drop,20262,403,NGN,27859.05,No issues
2025-02-13,TikTok Ads,black_friday,24418,598,NGN,123756.08,No issues
2025-02-13,YouTube Pre-roll,always_on,63794,705,NGN,195606.34,No issues
2025-02-14,Google Ads,blackfriday24,84873,1268,NGN,531390.33,No issues
2025-02-14,Influencer,wedding_season_24,9409,302,NGN,93904.68,No issues
2025-02-14,Meta Ads,harmattan_drop,12034,348,NGN,122528.62,No issues
2025-02-14,TikTok Ads,always_on,38875,450,NGN,100600.19,No issues
2025-02-15,Influencer,wedding_season_24,61360,1886,NGN,535127.32,No issues
2025-02-15,Meta Ads,harmattan_drop,75342,2022,NGN,395231.47,No issues
2025-02-15,TikTok Ads,retarget_q4,21981,168,NGN,60116.64,No issues
2025-02-15,YouTube Pre-roll,showreel_push,54236,1731,NGN,234203.83,No issues
2025-02-16,Email / CRM,always_on,38626,448,NGN,184416.64,No issues
2025-02-16,Google Ads,lagos_nights_launch,20224,443,NGN,29048.65,No issues
2025-02-16,Influencer,harmattan_drop,47383,838,NGN,324678.69,No issues
2025-02-16,TikTok Ads,lagos_nights_launch,20578,306,NGN,126812.61,No issues
2025-02-16,YouTube Pre-roll,retarget_q4,56883,1581,NGN,434157.81,No issues
2025-02-17,Influencer,harmattan_drop,66833,1164,NGN,183708.62,No issues
2025-02-17,TikTok Ads,harmattan_drop,70549,430,NGN,74110.86,No issues
2025-02-17,YouTube Pre-roll,wedding_season_24,82730,1452,NGN,587043.01,No issues
2025-02-18,Email / CRM,harmattan_drop,85844,2856,NGN,470791.35,No issues
2025-02-18,Meta Ads,showreel_push,26146,772,NGN,126225.79,No issues
2025-02-19,Email / CRM,lagos_nights_launch,48936,890,NGN,79627.41,No issues
2025-02-19,Google Ads,harmattan_drop,48805,346,NGN,73676.26,No issues
2025-02-19,Influencer,harmattan_drop,82641,1157,NGN,176286.35,No issues
2025-02-19,Meta Ads,harmattan_drop,88845,1729,NGN,560204.56,No issues
2025-02-19,YouTube Pre-roll,black_friday,23894,623,NGN,75819.38,No issues
2025-02-20,Email / CRM,brand_always_on,55636,786,NGN,222012.58,No issues
2025-02-20,Google Ads,always_on,45518,1468,NGN,536730.78,No issues
2025-02-20,Influencer,always_on,23443,440,NGN,47378.8,No issues
2025-02-20,Meta Ads,harmattan_drop,8552,256,NGN,93481.36,No issues
2025-02-20,YouTube Pre-roll,retarget_q4,49687,1478,NGN,588439.58,No issues
2025-02-21,Email / CRM,showreel_push,71012,2359,NGN,693646.27,No issues
2025-02-21,Google Ads,black_friday,7873,258,NGN,77233.82,No issues
2025-02-21,Influencer,harmattan_drop,56528,1216,NGN,498682.45,No issues
2025-02-21,Meta Ads,showreel_push,25890,481,NGN,56218.65,No issues
2025-02-21,TikTok Ads,wedding_season_23,45395,399,NGN,161275.1,No issues
2025-02-21,YouTube Pre-roll,brand_always_on,8290,178,NGN,13587.53,No issues
2025-02-22,Email / CRM,blackfriday24,28392,215,NGN,26210.62,No issues
2025-02-22,Google Ads,wedding_season_24,42769,875,NGN,321916.82,No issues
2025-02-22,Influencer,blackfriday24,49291,934,NGN,328863.92,No issues
2025-02-22,Meta Ads,brand_always_on,9433,254,NGN,16984.73,No issues
2025-02-23,Meta Ads,harmattan_drop,7326,252,NGN,53950.57,No issues
2025-02-24,Email / CRM,harmattan_drop,78412,1222,NGN,428948.11,No issues
2025-02-24,Google Ads,retarget_q4,37609,445,NGN,97059.86,No issues
2025-02-24,Influencer,retarget_q4,75114,932,NGN,125700.58,No issues
2025-02-24,Meta Ads,harmattan_drop,54382,1728,NGN,333257.31,No issues
2025-02-24,TikTok Ads,harmattan_drop,4972,63,NGN,5478.72,No issues
2025-02-25,Email / CRM,brand_always_on,73006,963,NGN,240011.54,No issues
2025-02-25,Google Ads,wedding_season_24,73797,2470,NGN,989164.32,No issues
2025-02-25,Influencer,retarget_q4,86225,1171,NGN,105812.44,No issues
2025-02-25,Meta Ads,blackfriday24,73725,2520,NGN,609352.67,No issues
2025-02-25,TikTok Ads,blackfriday24,80990,1763,NGN,250159.35,No issues
2025-02-25,YouTube Pre-roll,blackfriday24,86515,655,NGN,46358.99,No issues
2025-02-26,Email / CRM,black_friday,60570,532,NGN,221162.84,No issues
2025-02-26,TikTok Ads,harmattan_drop,61302,2090,NGN,528402.75,No issues
2025-02-26,YouTube Pre-roll,brand_always_on,38321,611,NGN,118552.72,No issues
2025-02-27,Email / CRM,black_friday,45343,1203,NGN,367622.62,No issues
2025-02-27,Google Ads,showreel_push,29902,534,NGN,64559.07,No issues
2025-02-27,Meta Ads,wedding_season_24,80811,2630,NGN,684176.11,No issues
2025-02-27,TikTok Ads,lagos_nights_launch,62766,1887,NGN,686713.92,No issues
2025-02-27,YouTube Pre-roll,retarget_q4,69025,1928,NGN,672671.44,No issues
2025-02-28,Email / CRM,black_friday,23207,686,NGN,268082.42,No issues
2025-02-28,Google Ads,lagos_nights_launch,39773,1380,NGN,202971.36,No issues
2025-02-28,Influencer,black_friday,84567,500,NGN,89916.6,No issues
2025-02-28,Meta Ads,lagos_nights_launch,4945,62,NGN,13623.42,No issues
2025-03-01,Email / CRM,harmattan_drop,35725,610,NGN,59204.2,No issues
2025-03-01,Google Ads,harmattan_drop,5088,176,NGN,67660.75,No issues
2025-03-01,Meta Ads,retarget_q4,32497,173,NGN,47329.45,No issues
2025-03-01,TikTok Ads,brand_always_on,80637,716,NGN,78516.52,No issues
2025-03-02,Email / CRM,blackfriday24,7942,42,NGN,11794.27,No issues
2025-03-02,Google Ads,wedding_season_24,78490,2403,NGN,798628.14,No issues
2025-03-02,Influencer,harmattan_drop,46016,1462,NGN,350283.7,No issues
2025-03-02,Meta Ads,lagos_nights_launch,54458,218,NGN,59049.81,No issues
2025-03-02,TikTok Ads,wedding_season_23,14639,410,NGN,161895.04,No issues
2025-03-02,YouTube Pre-roll,wedding_season_24,83385,955,NGN,108039.91,No issues
2025-03-03,Email / CRM,harmattan_drop,66425,1428,NGN,478871.48,No issues
2025-03-03,Google Ads,showreel_push,36715,1163,NGN,300252.49,No issues
2025-03-03,Influencer,retarget_q4,88723,2269,NGN,139821.8,No issues
2025-03-03,Meta Ads,retarget_q4,56674,1051,NGN,304005.3,No issues
2025-03-03,YouTube Pre-roll,lagos_nights_launch,36015,1140,NGN,253038.51,No issues
2025-03-04,Google Ads,wedding_season_23,42371,744,NGN,125861.68,No issues
2025-03-04,Influencer,lagos_nights_launch,22280,277,NGN,42242.7,No issues
2025-03-04,Meta Ads,retarget_q4,28749,430,NGN,143076.19,No issues
2025-03-04,TikTok Ads,lagos_nights_launch,81142,867,NGN,98702.66,No issues
2025-03-05,Influencer,brand_always_on,13665,86,NGN,16130.34,No issues
2025-03-05,Meta Ads,wedding_season_23,74515,1509,NGN,489295.16,No issues
2025-03-05,TikTok Ads,showreel_push,72177,1695,NGN,630876.45,No issues
2025-03-05,YouTube Pre-roll,retarget_q4,53492,1190,NGN,149126.6,No issues
2025-03-06,Email / CRM,brand_always_on,18375,606,NGN,111080.18,No issues
2025-03-06,Influencer,retarget_q4,24074,656,NGN,144961.07,No issues
2025-03-06,TikTok Ads,always_on,24013,612,NGN,134171.7,No issues
2025-03-07,Email / CRM,wedding_season_23,69038,2299,NGN,520190.27,No issues
2025-03-07,Google Ads,always_on,69647,1443,NGN,509786.82,No issues
2025-03-07,YouTube Pre-roll,harmattan_drop,10064,281,NGN,96722.35,No issues
2025-03-08,Email / CRM,harmattan_drop,6425,209,NGN,50307.34,No issues
2025-03-08,Google Ads,retarget_q4,18136,224,NGN,25948.33,No issues
2025-03-08,Influencer,brand_always_on,80544,2201,NGN,693868.78,No issues
2025-03-08,Meta Ads,black_friday,32428,979,NGN,217915.32,No issues
2025-03-08,TikTok Ads,retarget_q4,79648,1984,NGN,330878.65,No issues
2025-03-09,Email / CRM,wedding_season_23,32783,510,NGN,114779.2,No issues
2025-03-09,Google Ads,wedding_season_23,43111,1186,NGN,178733.97,No issues
2025-03-09,Influencer,wedding_season_24,44521,1114,NGN,257668.24,No issues
2025-03-09,Meta Ads,lagos_nights_launch,11057,67,NGN,27084.93,No issues
2025-03-09,TikTok Ads,wedding_season_23,32785,139,NGN,28280.1,No issues
2025-03-09,YouTube Pre-roll,showreel_push,65117,447,NGN,142878.44,No issues
2025-03-10,Email / CRM,showreel_push,18129,190,NGN,44842.73,No issues
2025-03-10,Google Ads,harmattan_drop,63534,1957,NGN,693168.04,No issues
2025-03-10,Influencer,lagos_nights_launch,89343,3111,NGN,309794.18,No issues
2025-03-10,Meta Ads,showreel_push,31482,539,NGN,186882.18,No issues
2025-03-10,TikTok Ads,blackfriday24,13886,314,NGN,35496.55,No issues
2025-03-10,YouTube Pre-roll,always_on,79864,1585,NGN,218357.66,No issues
2025-03-11,Email / CRM,retarget_q4,35636,825,NGN,320355.52,No issues
2025-03-11,Influencer,wedding_season_23,16936,578,NGN,47037.84,No issues
2025-03-11,Meta Ads,lagos_nights_launch,49356,300,NGN,44544.15,No issues
2025-03-11,YouTube Pre-roll,showreel_push,48106,1413,NGN,198046.44,No issues
2025-03-12,Email / CRM,brand_always_on,57650,1307,NGN,367618.31,No issues
2025-03-12,Google Ads,always_on,76303,1454,NGN,578262.78,No issues
2025-03-12,YouTube Pre-roll,retarget_q4,81747,788,NGN,227104.01,No issues
2025-03-13,Email / CRM,lagos_nights_launch,65954,765,NGN,282390.6,No issues
2025-03-13,Google Ads,showreel_push,50917,331,NGN,46972.55,No issues
2025-03-13,Influencer,harmattan_drop,40568,1381,NGN,474322.27,No issues
2025-03-13,Meta Ads,brand_always_on,11689,100,NGN,8488.57,No issues
2025-03-13,YouTube Pre-roll,harmattan_drop,83730,2476,NGN,676205.26,No issues
2025-03-14,Influencer,wedding_season_23,23039,766,NGN,125709.61,No issues
2025-03-14,TikTok Ads,black_friday,54532,700,NGN,91651.16,No issues
2025-03-14,YouTube Pre-roll,lagos_nights_launch,59024,377,NGN,79089.23,No issues
2025-03-15,Google Ads,wedding_season_24,51435,564,NGN,59417.29,No issues
2025-03-15,Influencer,harmattan_drop,80148,2729,NGN,749905.77,No issues
2025-03-15,Meta Ads,showreel_push,75284,497,NGN,33206.11,No issues
2025-03-15,TikTok Ads,brand_always_on,13198,386,NGN,25539.01,No issues
2025-03-16,Email / CRM,harmattan_drop,45997,1153,NGN,120349.0,No issues
2025-03-16,Google Ads,harmattan_drop,43765,1248,NGN,176633.74,No issues
2025-03-16,Influencer,brand_always_on,25010,180,NGN,44452.93,No issues
2025-03-16,Meta Ads,wedding_season_23,89811,2413,NGN,804692.9,No issues
2025-03-16,TikTok Ads,retarget_q4,15079,379,NGN,67205.59,No issues
2025-03-16,YouTube Pre-roll,harmattan_drop,7591,140,NGN,15107.86,No issues
2025-03-17,Google Ads,wedding_season_23,88926,3104,NGN,618703.94,No issues
2025-03-17,Meta Ads,wedding_season_23,72264,2113,NGN,692592.17,No issues
2025-03-17,TikTok Ads,showreel_push,79391,2592,NGN,1067860.76,No issues
2025-03-18,Email / CRM,black_friday,28922,693,NGN,237071.48,No issues
2025-03-18,Google Ads,wedding_season_23,15094,486,NGN,166301.34,No issues
2025-03-18,Influencer,wedding_season_24,13354,327,NGN,95003.82,No issues
2025-03-18,Meta Ads,wedding_season_24,82196,1724,NGN,214305.29,No issues
2025-03-18,YouTube Pre-roll,always_on,47065,1104,NGN,348336.54,No issues
2025-03-19,Google Ads,wedding_season_23,35935,1042,NGN,345869.12,No issues
2025-03-19,Influencer,showreel_push,30968,942,NGN,284189.92,No issues
2025-03-19,Meta Ads,harmattan_drop,15560,356,NGN,27544.06,No issues
2025-03-19,TikTok Ads,showreel_push,86010,1884,NGN,782217.95,No issues
2025-03-19,YouTube Pre-roll,wedding_season_24,88097,1457,NGN,468206.05,No issues
2025-03-20,Email / CRM,blackfriday24,77321,1668,NGN,629378.07,No issues
2025-03-20,Google Ads,retarget_q4,60795,1653,NGN,482712.24,No issues
2025-03-20,Influencer,wedding_season_24,60108,664,NGN,122051.03,No issues
2025-03-20,TikTok Ads,harmattan_drop,52245,941,NGN,289266.48,No issues
2025-03-20,YouTube Pre-roll,black_friday,52236,990,NGN,371700.33,No issues
2025-03-21,Google Ads,retarget_q4,53925,393,NGN,140598.22,No issues
2025-03-21,Influencer,harmattan_drop,11855,158,NGN,57793.87,No issues
2025-03-21,Meta Ads,black_friday,25468,496,NGN,119814.89,No issues
2025-03-21,TikTok Ads,wedding_season_23,5573,99,NGN,34980.06,No issues
2025-03-21,YouTube Pre-roll,wedding_season_24,33071,164,NGN,65009.18,No issues
2025-03-22,Email / CRM,wedding_season_23,55890,1086,NGN,74546.89,No issues
2025-03-22,Google Ads,harmattan_drop,39387,1090,NGN,430320.59,No issues
2025-03-22,Influencer,lagos_nights_launch,27245,606,NGN,36936.05,No issues
2025-03-22,Meta Ads,harmattan_drop,10167,78,NGN,12536.61,No issues
2025-03-22,TikTok Ads,always_on,62977,2074,NGN,271579.43,No issues
2025-03-22,YouTube Pre-roll,harmattan_drop,71572,1728,NGN,368158.37,No issues
2025-03-23,Email / CRM,showreel_push,13396,247,NGN,86985.63,No issues
2025-03-23,Google Ads,blackfriday24,23814,127,NGN,28725.5,No issues
2025-03-23,Influencer,wedding_season_24,7293,232,NGN,62968.14,No issues
2025-03-23,TikTok Ads,black_friday,59751,1751,NGN,150505.5,No issues
2025-03-23,YouTube Pre-roll,retarget_q4,22127,745,NGN,272694.4,No issues
2025-03-24,Email / CRM,wedding_season_23,74102,1817,NGN,218478.41,No issues
2025-03-24,Google Ads,harmattan_drop,73465,2074,NGN,510372.21,No issues
2025-03-24,Influencer,harmattan_drop,40550,1355,NGN,479376.24,No issues
2025-03-24,TikTok Ads,always_on,45008,1226,NGN,198123.39,No issues
2025-03-24,YouTube Pre-roll,showreel_push,44008,421,NGN,85842.85,No issues
2025-03-25,Email / CRM,lagos_nights_launch,40937,169,NGN,45184.31,No issues
2025-03-25,Google Ads,wedding_season_23,13988,406,NGN,78209.64,No issues
2025-03-25,Meta Ads,lagos_nights_launch,62935,1885,NGN,775864.59,No issues
2025-03-26,Email / CRM,lagos_nights_launch,31924,646,NGN,246449.42,No issues
2025-03-26,Google Ads,black_friday,27051,138,NGN,22233.02,No issues
2025-03-26,Meta Ads,harmattan_drop,50637,970,NGN,194302.94,No issues
2025-03-26,TikTok Ads,brand_always_on,50983,1030,NGN,411986.22,No issues
2025-03-26,YouTube Pre-roll,wedding_season_23,56520,424,NGN,42256.67,No issues
2025-03-27,Email / CRM,harmattan_drop,41692,866,NGN,182833.88,No issues
2025-03-27,Google Ads,showreel_push,89923,1645,NGN,416752.38,No issues
2025-03-27,Influencer,harmattan_drop,19063,312,NGN,127410.58,No issues
2025-03-27,Meta Ads,wedding_season_24,74485,490,NGN,204986.05,No issues
2025-03-27,TikTok Ads,retarget_q4,17526,475,NGN,42405.74,No issues
2025-03-27,YouTube Pre-roll,harmattan_drop,3526,28,NGN,3593.31,No issues
2025-03-28,Email / CRM,harmattan_drop,58448,1329,NGN,516942.06,No issues
2025-03-28,Google Ads,always_on,89732,2147,NGN,543849.99,No issues
2025-03-28,Influencer,showreel_push,44593,1080,NGN,151105.42,No issues
2025-03-28,TikTok Ads,retarget_q4,65054,292,NGN,99753.11,No issues
2025-03-29,Email / CRM,wedding_season_23,83245,797,NGN,92534.78,No issues
2025-03-29,YouTube Pre-roll,retarget_q4,10744,84,NGN,18402.45,No issues
2025-03-30,Email / CRM,harmattan_drop,53735,1464,NGN,591310.41,No issues
2025-03-30,Google Ads,black_friday,87371,2283,NGN,847541.59,No issues
2025-03-30,Influencer,wedding_season_23,50533,1517,NGN,201773.68,No issues
2025-03-30,Meta Ads,showreel_push,64816,1831,NGN,724223.39,No issues
2025-03-30,YouTube Pre-roll,brand_always_on,8966,229,NGN,72635.13,No issues
2025-03-31,Email / CRM,brand_always_on,62650,1207,NGN,256466.55,No issues
2025-03-31,Google Ads,always_on,72966,2082,NGN,662909.34,No issues
2025-03-31,Influencer,retarget_q4,28503,785,NGN,284001.22,No issues
2025-04-01,Email / CRM,harmattan_drop,69944,2003,NGN,528896.49,No issues
2025-04-01,Google Ads,wedding_season_23,73414,1205,NGN,477165.61,No issues
2025-04-01,Influencer,brand_always_on,75386,1149,NGN,178616.66,No issues
2025-04-01,Meta Ads,showreel_push,67133,1598,NGN,130923.76,No issues
2025-04-01,TikTok Ads,black_friday,12020,52,NGN,18829.47,No issues
2025-04-02,Email / CRM,showreel_push,14331,428,NGN,56305.96,No issues
2025-04-02,Google Ads,wedding_season_24,58843,700,NGN,128299.38,No issues
2025-04-02,Influencer,brand_always_on,82263,1781,NGN,161219.83,No issues
2025-04-03,Email / CRM,lagos_nights_launch,34867,1082,NGN,318708.94,No issues
2025-04-03,Google Ads,wedding_season_24,79255,1058,NGN,279778.23,No issues
2025-04-03,Influencer,wedding_season_23,65950,1437,NGN,117440.38,No issues
2025-04-03,Meta Ads,always_on,60483,710,NGN,83372.95,No issues
2025-04-03,TikTok Ads,showreel_push,46646,1522,NGN,299752.85,No issues
2025-04-04,Email / CRM,harmattan_drop,28083,452,NGN,170781.67,No issues
2025-04-04,Google Ads,brand_always_on,35766,1004,NGN,221525.92,No issues
2025-04-04,Meta Ads,blackfriday24,20560,453,NGN,132659.3,No issues
2025-04-04,TikTok Ads,showreel_push,22199,316,NGN,36280.67,No issues
2025-04-04,YouTube Pre-roll,brand_always_on,43980,1479,NGN,263786.59,No issues
2025-04-05,Influencer,wedding_season_23,70794,2104,NGN,739735.75,No issues
2025-04-05,TikTok Ads,retarget_q4,66519,1919,NGN,274184.85,No issues
2025-04-05,YouTube Pre-roll,showreel_push,28255,498,NGN,56913.36,No issues
2025-04-06,Email / CRM,harmattan_drop,55624,1839,NGN,130634.74,No issues
2025-04-06,Google Ads,harmattan_drop,62531,2112,NGN,262980.08,No issues
2025-04-06,Influencer,harmattan_drop,35383,1074,NGN,103947.34,No issues
2025-04-06,Meta Ads,blackfriday24,8125,76,NGN,5691.2,No issues
2025-04-06,TikTok Ads,wedding_season_23,3156,98,NGN,19397.66,No issues
2025-04-06,YouTube Pre-roll,harmattan_drop,3294,55,NGN,12643.83,No issues
2025-04-07,Influencer,black_friday,6671,232,NGN,52027.0,No issues
2025-04-07,Meta Ads,retarget_q4,76789,704,NGN,253359.02,No issues
2025-04-07,YouTube Pre-roll,retarget_q4,18647,332,NGN,61295.18,No issues
2025-04-08,Influencer,harmattan_drop,79552,2463,NGN,930189.35,No issues
2025-04-08,Meta Ads,wedding_season_23,23704,623,NGN,115880.78,No issues
2025-04-08,YouTube Pre-roll,harmattan_drop,77134,748,NGN,295564.47,No issues
2025-04-09,Email / CRM,wedding_season_24,3899,108,NGN,30258.89,No issues
2025-04-09,Meta Ads,retarget_q4,43576,571,NGN,105820.02,No issues
2025-04-09,YouTube Pre-roll,retarget_q4,50527,1675,NGN,322999.33,No issues
2025-04-10,Email / CRM,lagos_nights_launch,36375,986,NGN,215851.17,No issues
2025-04-10,Google Ads,harmattan_drop,74618,490,NGN,68126.81,No issues
2025-04-10,Influencer,harmattan_drop,37684,255,NGN,63434.66,No issues
2025-04-11,Email / CRM,harmattan_drop,10976,257,NGN,46012.05,No issues
2025-04-11,Influencer,wedding_season_23,50087,554,NGN,184098.1,No issues
2025-04-11,TikTok Ads,harmattan_drop,30702,778,NGN,261815.49,No issues
2025-04-11,YouTube Pre-roll,always_on,74939,1232,NGN,253103.11,No issues
2025-04-12,Email / CRM,brand_always_on,80115,497,NGN,179580.38,No issues
2025-04-12,Google Ads,brand_always_on,49603,1007,NGN,174575.41,No issues
2025-04-12,Influencer,harmattan_drop,77195,805,NGN,184112.72,No issues
2025-04-12,Meta Ads,always_on,33748,578,NGN,65962.5,No issues
2025-04-12,YouTube Pre-roll,harmattan_drop,77218,1308,NGN,327042.98,No issues
2025-04-13,Email / CRM,harmattan_drop,46421,393,NGN,138075.93,No issues
2025-04-13,Google Ads,black_friday,4631,109,NGN,16002.54,No issues
2025-04-13,Influencer,showreel_push,28766,209,NGN,41685.44,No issues
2025-04-13,Meta Ads,harmattan_drop,32070,297,NGN,104504.33,No issues
2025-04-14,Email / CRM,retarget_q4,47107,222,NGN,81713.68,No issues
2025-04-14,Google Ads,always_on,68960,463,NGN,193904.84,No issues
2025-04-14,Influencer,brand_always_on,51574,1017,NGN,333190.64,No issues
2025-04-14,Meta Ads,wedding_season_23,37704,1314,NGN,107408.61,No issues
2025-04-14,TikTok Ads,wedding_season_23,15809,141,NGN,33137.04,No issues
2025-04-14,YouTube Pre-roll,harmattan_drop,70456,500,NGN,44861.77,No issues
2025-04-15,Influencer,brand_always_on,5441,161,NGN,14642.17,No issues
2025-04-15,Meta Ads,wedding_season_23,12615,254,NGN,74351.54,No issues
2025-04-15,TikTok Ads,blackfriday24,24195,415,NGN,118067.89,No issues
2025-04-15,YouTube Pre-roll,blackfriday24,20270,188,NGN,55448.84,No issues
2025-04-16,Google Ads,harmattan_drop,71282,2247,NGN,350666.22,No issues
2025-04-16,Influencer,wedding_season_23,23104,170,NGN,40940.25,No issues
2025-04-16,Meta Ads,harmattan_drop,76190,1441,NGN,350739.09,No issues
2025-04-16,TikTok Ads,showreel_push,78577,965,NGN,331526.41,No issues
2025-04-17,Google Ads,brand_always_on,66252,761,NGN,246150.24,No issues
2025-04-17,Influencer,always_on,23441,680,NGN,119977.11,No issues
2025-04-17,Meta Ads,wedding_season_23,38116,1221,NGN,428182.88,No issues
2025-04-17,YouTube Pre-roll,harmattan_drop,84630,1045,NGN,277583.37,No issues
2025-04-18,Email / CRM,wedding_season_23,78986,327,NGN,81973.8,No issues
2025-04-18,Google Ads,wedding_season_24,9293,173,NGN,56451.78,No issues
2025-04-18,Meta Ads,showreel_push,11825,328,NGN,110499.67,No issues
2025-04-18,TikTok Ads,black_friday,38614,1097,NGN,130464.46,No issues
2025-04-19,Influencer,blackfriday24,81941,1170,NGN,444999.04,No issues
2025-04-19,TikTok Ads,brand_always_on,26508,760,NGN,77215.75,No issues
2025-04-19,YouTube Pre-roll,black_friday,44116,700,NGN,127159.47,No issues
2025-04-20,Email / CRM,always_on,85054,1512,NGN,228537.55,No issues
2025-04-20,Google Ads,black_friday,7649,145,NGN,56255.9,No issues
2025-04-20,Meta Ads,wedding_season_24,60451,1445,NGN,173785.81,No issues
2025-04-20,YouTube Pre-roll,harmattan_drop,56033,473,NGN,72190.76,No issues
2025-04-21,Email / CRM,harmattan_drop,23573,327,NGN,59782.25,No issues
2025-04-21,Google Ads,black_friday,3712,36,NGN,12845.07,No issues
2025-04-21,Influencer,lagos_nights_launch,46547,822,NGN,341428.91,No issues
2025-04-21,TikTok Ads,blackfriday24,85146,1428,NGN,522263.27,No issues
2025-04-22,Google Ads,retarget_q4,6995,220,NGN,74248.33,No issues
2025-04-22,Influencer,brand_always_on,28834,779,NGN,121012.95,No issues
2025-04-22,Meta Ads,wedding_season_24,7724,79,NGN,15548.35,No issues
2025-04-22,TikTok Ads,blackfriday24,64272,929,NGN,252790.78,No issues
2025-04-23,TikTok Ads,brand_always_on,49881,391,NGN,59790.16,No issues
2025-04-24,Email / CRM,lagos_nights_launch,19002,373,NGN,111255.04,No issues
2025-04-24,Google Ads,lagos_nights_launch,44983,1284,NGN,298516.16,No issues
2025-04-24,Influencer,harmattan_drop,70529,1884,NGN,739871.51,No issues
2025-04-24,Meta Ads,brand_always_on,53728,813,NGN,203094.59,No issues
2025-04-24,TikTok Ads,retarget_q4,24020,366,NGN,61926.35,No issues
2025-04-24,YouTube Pre-roll,always_on,30467,567,NGN,57523.76,No issues
2025-04-25,Email / CRM,blackfriday24,47532,1115,NGN,133203.14,No issues
2025-04-25,Influencer,harmattan_drop,70189,2169,NGN,375453.37,No issues
2025-04-25,Meta Ads,harmattan_drop,83213,1251,NGN,448546.4,No issues
2025-04-25,TikTok Ads,retarget_q4,69777,1834,NGN,232846.84,No issues
2025-04-25,YouTube Pre-roll,lagos_nights_launch,15554,283,NGN,97364.7,No issues
2025-04-26,Email / CRM,harmattan_drop,30939,439,NGN,53095.05,No issues
2025-04-26,Meta Ads,harmattan_drop,35428,301,NGN,19755.38,No issues
2025-04-26,TikTok Ads,showreel_push,60368,559,NGN,123127.44,No issues
2025-04-26,YouTube Pre-roll,wedding_season_23,32523,677,NGN,42789.63,No issues
2025-04-27,Google Ads,wedding_season_24,19796,429,NGN,105159.86,No issues
2025-04-27,TikTok Ads,brand_always_on,45263,358,NGN,36927.45,No issues
2025-04-27,YouTube Pre-roll,wedding_season_24,51417,1318,NGN,314882.71,No issues
2025-04-28,Google Ads,harmattan_drop,17439,256,NGN,105549.36,No issues
2025-04-28,Influencer,lagos_nights_launch,47895,1148,NGN,248176.81,No issues
2025-04-28,Meta Ads,wedding_season_24,88564,2451,NGN,304825.12,No issues
2025-04-28,TikTok Ads,blackfriday24,34383,424,NGN,154499.86,No issues
2025-04-28,YouTube Pre-roll,harmattan_drop,29706,237,NGN,92666.87,No issues
2025-04-29,Email / CRM,harmattan_drop,44898,1034,NGN,315519.01,No issues
2025-04-29,Google Ads,always_on,36560,1162,NGN,229172.77,No issues
2025-04-29,Influencer,black_friday,66215,367,NGN,84728.62,No issues
2025-04-29,Meta Ads,always_on,22907,520,NGN,195756.9,No issues
2025-04-29,TikTok Ads,blackfriday24,79063,698,NGN,200748.64,No issues
2025-04-29,YouTube Pre-roll,retarget_q4,70541,745,NGN,212342.53,No issues
2025-04-30,Email / CRM,always_on,27251,718,NGN,257879.86,No issues
2025-04-30,Google Ads,black_friday,44700,765,NGN,137446.74,No issues
2025-04-30,Influencer,retarget_q4,48652,823,NGN,70225.66,No issues
2025-04-30,Meta Ads,lagos_nights_launch,22934,353,NGN,98353.33,No issues
2025-04-30,TikTok Ads,harmattan_drop,38515,393,NGN,154729.84,No issues
2025-04-30,YouTube Pre-roll,retarget_q4,29335,628,NGN,131495.72,No issues
2025-05-01,Email / CRM,black_friday,67195,2072,NGN,288744.51,No issues
2025-05-01,Google Ads,showreel_push,71548,1425,NGN,531216.59,No issues
2025-05-01,Influencer,blackfriday24,40195,385,NGN,124298.32,No issues
2025-05-01,Meta Ads,harmattan_drop,76031,2050,NGN,787755.35,No issues
2025-05-02,Google Ads,harmattan_drop,48895,1158,NGN,272339.94,No issues
2025-05-02,TikTok Ads,harmattan_drop,33494,567,NGN,177192.14,No issues
2025-05-02,YouTube Pre-roll,blackfriday24,44604,1446,NGN,411619.79,No issues
2025-05-03,Email / CRM,wedding_season_23,28888,641,NGN,82344.4,No issues
2025-05-03,Google Ads,showreel_push,23725,463,NGN,40191.8,No issues
2025-05-03,Influencer,harmattan_drop,45233,301,NGN,104916.13,No issues
2025-05-03,Meta Ads,retarget_q4,61810,833,NGN,72038.88,No issues
2025-05-03,TikTok Ads,always_on,50718,745,NGN,179366.99,No issues
2025-05-03,YouTube Pre-roll,wedding_season_24,53809,879,NGN,139287.44,No issues
2025-05-04,Email / CRM,brand_always_on,34514,293,NGN,37390.37,No issues
2025-05-04,Google Ads,harmattan_drop,70788,863,NGN,78356.38,No issues
2025-05-04,Influencer,lagos_nights_launch,56864,273,NGN,42005.51,No issues
2025-05-04,Meta Ads,wedding_season_24,29029,781,NGN,270744.49,No issues
2025-05-04,TikTok Ads,showreel_push,80577,814,NGN,262540.64,No issues
2025-05-05,Email / CRM,always_on,16869,545,NGN,189611.02,No issues
2025-05-05,Google Ads,wedding_season_23,12446,95,NGN,24940.62,No issues
2025-05-05,Influencer,always_on,36840,1113,NGN,338849.64,No issues
2025-05-05,Meta Ads,black_friday,74851,1548,NGN,344151.76,No issues
2025-05-05,TikTok Ads,wedding_season_23,17472,531,NGN,116385.36,No issues
2025-05-05,YouTube Pre-roll,harmattan_drop,33204,1122,NGN,359222.26,No issues
2025-05-06,Google Ads,harmattan_drop,60516,1621,NGN,255255.89,No issues
2025-05-06,Influencer,wedding_season_23,28521,489,NGN,60715.75,No issues
2025-05-06,Meta Ads,harmattan_drop,17198,370,NGN,112204.86,No issues
2025-05-06,TikTok Ads,brand_always_on,14527,396,NGN,157122.41,No issues
2025-05-06,YouTube Pre-roll,harmattan_drop,12021,329,NGN,56386.22,No issues
2025-05-07,Email / CRM,harmattan_drop,44537,835,NGN,101924.82,No issues
2025-05-07,Google Ads,wedding_season_23,13723,373,NGN,37373.96,No issues
2025-05-07,Influencer,brand_always_on,43274,979,NGN,175774.3,No issues
2025-05-07,Meta Ads,retarget_q4,13220,358,NGN,88836.47,No issues
2025-05-08,Google Ads,lagos_nights_launch,89506,617,NGN,256276.04,No issues
2025-05-08,Influencer,black_friday,51958,1323,NGN,171460.64,No issues
2025-05-08,Meta Ads,lagos_nights_launch,54742,1548,NGN,465902.35,No issues
2025-05-08,TikTok Ads,blackfriday24,36938,1282,NGN,303260.65,No issues
2025-05-08,YouTube Pre-roll,brand_always_on,7318,40,NGN,4162.79,No issues
2025-05-09,Email / CRM,harmattan_drop,68241,2231,NGN,312302.8,No issues
2025-05-09,Meta Ads,always_on,23063,216,NGN,83550.86,No issues
2025-05-09,TikTok Ads,blackfriday24,28493,995,NGN,321061.7,No issues
2025-05-10,Email / CRM,black_friday,51589,1242,NGN,373343.57,No issues
2025-05-10,Google Ads,harmattan_drop,39837,1227,NGN,85305.68,No issues
2025-05-10,Influencer,black_friday,38958,268,NGN,46478.85,No issues
2025-05-10,Meta Ads,harmattan_drop,78138,1137,NGN,117302.15,No issues
2025-05-10,YouTube Pre-roll,always_on,62543,267,NGN,26182.6,No issues
2025-05-11,Google Ads,lagos_nights_launch,67956,2354,NGN,141728.11,No issues
2025-05-11,Influencer,always_on,31414,982,NGN,147305.54,No issues
2025-05-11,TikTok Ads,lagos_nights_launch,20811,710,NGN,263930.52,No issues
2025-05-11,YouTube Pre-roll,wedding_season_24,41707,452,NGN,48717.42,No issues
2025-05-12,Email / CRM,always_on,75256,639,NGN,95551.0,No issues
2025-05-12,Google Ads,retarget_q4,57660,966,NGN,151255.04,No issues
2025-05-12,Meta Ads,always_on,18875,632,NGN,148037.69,No issues
2025-05-12,TikTok Ads,harmattan_drop,19936,571,NGN,78736.07,No issues
2025-05-13,Email / CRM,lagos_nights_launch,62709,336,NGN,37105.51,No issues
2025-05-13,Google Ads,retarget_q4,8927,238,NGN,20087.11,No issues
2025-05-13,Influencer,harmattan_drop,18614,581,NGN,178318.14,No issues
2025-05-13,TikTok Ads,harmattan_drop,39441,1117,NGN,257943.41,No issues
2025-05-13,YouTube Pre-roll,brand_always_on,68845,2145,NGN,749585.65,No issues
2025-05-14,Google Ads,retarget_q4,13048,416,NGN,84823.81,No issues
2025-05-14,Influencer,harmattan_drop,41526,645,NGN,188075.43,No issues
2025-05-14,TikTok Ads,wedding_season_24,20241,454,NGN,144207.7,No issues
2025-05-14,YouTube Pre-roll,black_friday,18632,431,NGN,165265.56,No issues
2025-05-15,Email / CRM,wedding_season_23,86158,931,NGN,277270.43,No issues
2025-05-15,Google Ads,always_on,34325,985,NGN,125900.99,No issues
2025-05-15,Influencer,wedding_season_23,46327,334,NGN,82171.87,No issues
2025-05-15,Meta Ads,lagos_nights_launch,78776,451,NGN,136131.52,No issues
2025-05-15,TikTok Ads,harmattan_drop,9717,129,NGN,25956.56,No issues
2025-05-15,YouTube Pre-roll,brand_always_on,70201,1170,NGN,157506.44,No issues
2025-05-16,Email / CRM,brand_always_on,13563,265,NGN,62487.37,No issues
2025-05-16,Google Ads,lagos_nights_launch,86151,1964,NGN,141210.6,No issues
2025-05-16,TikTok Ads,always_on,19029,142,NGN,52345.72,No issues
2025-05-16,YouTube Pre-roll,retarget_q4,3424,73,NGN,20198.44,No issues
2025-05-17,Email / CRM,harmattan_drop,6900,223,NGN,47819.27,No issues
2025-05-17,Google Ads,wedding_season_23,49781,1342,NGN,119161.58,No issues
2025-05-17,Influencer,lagos_nights_launch,21064,372,NGN,33561.59,No issues
2025-05-17,Meta Ads,retarget_q4,11988,257,NGN,16946.71,No issues
2025-05-17,TikTok Ads,wedding_season_23,37047,364,NGN,98039.4,No issues
2025-05-17,YouTube Pre-roll,retarget_q4,69648,1705,NGN,366435.63,No issues
2025-05-18,Email / CRM,harmattan_drop,3054,64,NGN,15551.66,No issues
2025-05-18,Meta Ads,harmattan_drop,22651,105,NGN,38407.21,No issues
2025-05-18,TikTok Ads,black_friday,88228,372,NGN,132935.92,No issues
2025-05-18,YouTube Pre-roll,wedding_season_24,66118,446,NGN,99339.63,No issues
2025-05-19,Email / CRM,brand_always_on,77540,1090,NGN,233159.0,No issues
2025-05-19,Google Ads,harmattan_drop,72731,507,NGN,156768.96,No issues
2025-05-19,Influencer,blackfriday24,66995,1322,NGN,503242.76,No issues
2025-05-19,Meta Ads,blackfriday24,58827,1599,NGN,517051.82,No issues
2025-05-19,TikTok Ads,blackfriday24,13808,147,NGN,17921.61,No issues
2025-05-19,YouTube Pre-roll,retarget_q4,35936,509,NGN,199989.53,No issues
2025-05-20,Google Ads,wedding_season_23,61610,1855,NGN,683528.07,No issues
2025-05-20,Influencer,wedding_season_23,13421,137,NGN,11580.61,No issues
2025-05-20,Meta Ads,retarget_q4,84016,1101,NGN,216135.91,No issues
2025-05-20,YouTube Pre-roll,brand_always_on,63160,1963,NGN,734557.78,No issues
2025-05-21,Email / CRM,wedding_season_24,44252,729,NGN,52335.59,No issues
2025-05-21,Google Ads,blackfriday24,76058,1707,NGN,446762.76,No issues
2025-05-21,Influencer,blackfriday24,16770,190,NGN,29484.56,No issues
2025-05-21,TikTok Ads,harmattan_drop,32638,187,NGN,56736.05,No issues
2025-05-21,YouTube Pre-roll,harmattan_drop,67658,379,NGN,126045.47,No issues
2025-05-22,Influencer,always_on,15213,416,NGN,62187.01,No issues
2025-05-22,Meta Ads,wedding_season_23,15456,127,NGN,50367.11,No issues
2025-05-22,YouTube Pre-roll,harmattan_drop,22090,566,NGN,36607.38,No issues
2025-05-23,Influencer,harmattan_drop,25783,636,NGN,110926.44,No issues
2025-05-23,Meta Ads,harmattan_drop,55539,985,NGN,154692.22,No issues
2025-05-24,Email / CRM,retarget_q4,89660,1189,NGN,117866.69,No issues
2025-05-24,Google Ads,harmattan_drop,28901,417,NGN,150588.87,No issues
2025-05-24,Influencer,blackfriday24,8840,282,NGN,69342.39,No issues
2025-05-24,Meta Ads,retarget_q4,37164,953,NGN,64010.11,No issues
2025-05-24,TikTok Ads,wedding_season_23,80106,947,NGN,367716.45,No issues
2025-05-24,YouTube Pre-roll,harmattan_drop,20717,520,NGN,106933.83,No issues
2025-05-25,Influencer,brand_always_on,67880,1828,NGN,444953.44,No issues
2025-05-25,Meta Ads,retarget_q4,76724,1808,NGN,547157.54,No issues
2025-05-25,YouTube Pre-roll,black_friday,43748,570,NGN,132650.61,No issues
2025-05-26,Email / CRM,retarget_q4,75916,471,NGN,60038.47,No issues
2025-05-26,Influencer,harmattan_drop,30685,808,NGN,108568.06,No issues
2025-05-27,Email / CRM,always_on,48963,1078,NGN,385141.9,No issues
2025-05-27,Google Ads,wedding_season_23,25866,274,NGN,19321.06,No issues
2025-05-27,Influencer,blackfriday24,11729,61,NGN,22579.45,No issues
2025-05-27,Meta Ads,harmattan_drop,5049,102,NGN,8376.39,No issues
2025-05-27,YouTube Pre-roll,harmattan_drop,87507,2392,NGN,943383.53,No issues
2025-05-28,Email / CRM,harmattan_drop,10239,269,NGN,34639.62,No issues
2025-05-28,Meta Ads,harmattan_drop,36050,201,NGN,40454.94,No issues
2025-05-28,YouTube Pre-roll,showreel_push,60289,2084,NGN,345812.92,No issues
2025-05-29,Email / CRM,wedding_season_24,33612,553,NGN,213266.71,No issues
2025-05-29,Google Ads,blackfriday24,64793,2265,NGN,322560.27,No issues
2025-05-29,Influencer,brand_always_on,72990,2357,NGN,765224.95,No issues
2025-05-29,Meta Ads,harmattan_drop,53394,1499,NGN,628116.26,No issues
2025-05-29,YouTube Pre-roll,blackfriday24,62838,1105,NGN,318290.54,No issues
2025-05-30,Email / CRM,retarget_q4,19155,85,NGN,19170.97,No issues
2025-05-30,Google Ads,retarget_q4,79883,2033,NGN,520729.31,No issues
2025-05-30,Influencer,harmattan_drop,10691,137,NGN,16013.23,No issues
2025-05-30,YouTube Pre-roll,harmattan_drop,81751,2014,NGN,435511.29,No issues
2025-05-31,Google Ads,harmattan_drop,43566,324,NGN,103702.49,No issues
2025-05-31,Meta Ads,lagos_nights_launch,29389,152,NGN,37009.58,No issues
2025-05-31,TikTok Ads,blackfriday24,85468,2840,NGN,896122.22,No issues
2025-05-31,YouTube Pre-roll,showreel_push,53619,1231,NGN,413276.16,No issues
2025-06-01,Email / CRM,lagos_nights_launch,82902,806,NGN,149776.16,No issues
2025-06-01,Google Ads,retarget_q4,48822,1531,NGN,560864.23,No issues
2025-06-01,Meta Ads,harmattan_drop,47752,421,NGN,161755.36,No issues
2025-06-01,TikTok Ads,wedding_season_23,36073,239,NGN,73702.73,No issues
2025-06-01,YouTube Pre-roll,always_on,31934,1098,NGN,161579.23,No issues
2025-06-02,Email / CRM,harmattan_drop,81099,743,NGN,209516.53,No issues
2025-06-02,Influencer,always_on,22270,427,NGN,60668.25,No issues
2025-06-02,Meta Ads,black_friday,14771,435,NGN,179699.04,No issues
2025-06-02,TikTok Ads,brand_always_on,77982,2332,NGN,690028.33,No issues
2025-06-02,YouTube Pre-roll,retarget_q4,16616,550,NGN,100952.43,No issues
2025-06-03,Email / CRM,wedding_season_24,80053,769,NGN,222657.81,No issues
2025-06-03,Google Ads,showreel_push,76804,2439,NGN,152916.04,No issues
2025-06-03,Meta Ads,black_friday,74071,623,NGN,216713.97,No issues
2025-06-03,TikTok Ads,blackfriday24,34466,881,NGN,111171.12,No issues
2025-06-03,YouTube Pre-roll,brand_always_on,39991,833,NGN,261821.8,No issues
2025-06-04,Email / CRM,harmattan_drop,21831,730,NGN,186443.11,No issues
2025-06-04,Google Ads,harmattan_drop,69918,2415,NGN,195876.96,No issues
2025-06-04,Influencer,showreel_push,22948,489,NGN,57223.88,No issues
2025-06-04,Meta Ads,lagos_nights_launch,33153,1153,NGN,118210.79,No issues
2025-06-04,YouTube Pre-roll,lagos_nights_launch,63729,1614,NGN,590270.81,No issues
2025-06-05,Google Ads,harmattan_drop,12714,74,NGN,22088.48,No issues
2025-06-05,Meta Ads,brand_always_on,31032,205,NGN,58110.77,No issues
2025-06-05,TikTok Ads,lagos_nights_launch,66202,1084,NGN,340725.07,No issues
2025-06-06,Email / CRM,lagos_nights_launch,57811,1008,NGN,300805.67,No issues
2025-06-06,Google Ads,harmattan_drop,57249,664,NGN,221115.69,No issues
2025-06-06,Influencer,retarget_q4,69572,2227,NGN,592940.79,No issues
2025-06-06,TikTok Ads,blackfriday24,16228,263,NGN,16624.95,No issues
2025-06-06,YouTube Pre-roll,always_on,26443,676,NGN,78394.62,No issues
2025-06-07,Email / CRM,harmattan_drop,72729,2269,NGN,448694.77,No issues
2025-06-07,Influencer,lagos_nights_launch,47744,233,NGN,44944.85,No issues
2025-06-07,Meta Ads,brand_always_on,3521,52,NGN,19495.65,No issues
2025-06-07,TikTok Ads,retarget_q4,40177,1337,NGN,195056.03,No issues
2025-06-08,Influencer,harmattan_drop,20262,536,NGN,191082.57,No issues
2025-06-08,Meta Ads,lagos_nights_launch,9496,238,NGN,46372.18,No issues
2025-06-08,TikTok Ads,harmattan_drop,9178,53,NGN,19080.9,No issues
2025-06-08,YouTube Pre-roll,harmattan_drop,76374,1542,NGN,365277.41,No issues
2025-06-09,Email / CRM,lagos_nights_launch,12820,250,NGN,92701.95,No issues
2025-06-09,Google Ads,brand_always_on,9862,95,NGN,21333.21,No issues
2025-06-09,Influencer,harmattan_drop,89791,3090,NGN,861729.88,No issues
2025-06-09,Meta Ads,always_on,57193,325,NGN,123453.07,No issues
2025-06-09,YouTube Pre-roll,wedding_season_24,55950,1922,NGN,474832.44,No issues
2025-06-10,Email / CRM,wedding_season_24,75557,385,NGN,103540.19,No issues
2025-06-10,Google Ads,harmattan_drop,73746,1930,NGN,294318.65,No issues
2025-06-10,Meta Ads,retarget_q4,6401,88,NGN,33758.65,No issues
2025-06-10,TikTok Ads,harmattan_drop,44927,1302,NGN,151375.63,No issues
2025-06-10,YouTube Pre-roll,showreel_push,25400,356,NGN,122715.98,No issues
2025-06-11,Email / CRM,harmattan_drop,82947,2581,NGN,237021.95,No issues
2025-06-11,Google Ads,retarget_q4,87049,687,NGN,269374.91,No issues
2025-06-11,Influencer,always_on,71316,1169,NGN,141475.04,No issues
2025-06-11,Meta Ads,blackfriday24,29681,265,NGN,69167.16,No issues
2025-06-11,YouTube Pre-roll,harmattan_drop,56667,890,NGN,79681.26,No issues
2025-06-12,Email / CRM,harmattan_drop,39862,1060,NGN,238643.32,No issues
2025-06-12,Google Ads,always_on,75319,1139,NGN,289687.15,No issues
2025-06-12,Influencer,brand_always_on,42236,218,NGN,69387.6,No issues
2025-06-12,Meta Ads,harmattan_drop,46252,714,NGN,73237.2,No issues
2025-06-12,TikTok Ads,harmattan_drop,80461,1284,NGN,220757.33,No issues
2025-06-12,YouTube Pre-roll,wedding_season_23,32239,1026,NGN,287958.12,No issues
2025-06-13,Email / CRM,harmattan_drop,78970,2227,NGN,838733.65,No issues
2025-06-13,Google Ads,always_on,42952,488,NGN,171955.6,No issues
2025-06-13,Meta Ads,wedding_season_24,55891,1470,NGN,285020.81,No issues
2025-06-13,TikTok Ads,lagos_nights_launch,38773,1310,NGN,210898.91,No issues
2025-06-13,YouTube Pre-roll,lagos_nights_launch,78320,2162,NGN,844475.91,No issues
2025-06-14,Email / CRM,retarget_q4,67426,1419,NGN,584464.55,No issues
2025-06-14,Google Ads,black_friday,54795,941,NGN,302661.85,No issues
2025-06-14,Influencer,harmattan_drop,14491,109,NGN,10832.39,No issues
2025-06-14,Meta Ads,retarget_q4,77833,2356,NGN,216481.42,No issues
2025-06-14,TikTok Ads,always_on,88485,1047,NGN,82173.54,No issues
2025-06-15,Email / CRM,brand_always_on,77261,393,NGN,55922.28,No issues
2025-06-15,Google Ads,showreel_push,84696,2556,NGN,870379.37,No issues
2025-06-15,Meta Ads,harmattan_drop,15599,503,NGN,86590.37,No issues
2025-06-15,TikTok Ads,brand_always_on,72860,2218,NGN,217559.13,No issues
2025-06-15,YouTube Pre-roll,black_friday,5493,51,NGN,10519.29,No issues
2025-06-16,Email / CRM,harmattan_drop,3520,37,NGN,9200.47,No issues
2025-06-16,Influencer,black_friday,48892,318,NGN,81328.3,No issues
2025-06-16,TikTok Ads,retarget_q4,62473,1055,NGN,389618.24,No issues
2025-06-16,YouTube Pre-roll,blackfriday24,6380,181,NGN,35991.74,No issues
2025-06-17,Email / CRM,harmattan_drop,10138,107,NGN,9712.87,No issues
2025-06-17,Google Ads,harmattan_drop,55276,1140,NGN,358918.88,No issues
2025-06-17,Influencer,showreel_push,87796,1929,NGN,784285.14,No issues
2025-06-17,Meta Ads,blackfriday24,40076,693,NGN,81002.3,No issues
2025-06-18,Email / CRM,retarget_q4,49625,1033,NGN,92563.25,No issues
2025-06-18,Influencer,retarget_q4,36384,1169,NGN,314762.7,No issues
2025-06-18,Meta Ads,brand_always_on,51631,1236,NGN,261975.84,No issues
2025-06-18,TikTok Ads,retarget_q4,72623,1098,NGN,326434.19,No issues
2025-06-18,YouTube Pre-roll,harmattan_drop,60015,371,NGN,102697.27,No issues
2025-06-19,Email / CRM,wedding_season_23,48977,1061,NGN,216885.0,No issues
2025-06-19,Influencer,wedding_season_23,87179,1915,NGN,155530.89,No issues
2025-06-19,Meta Ads,wedding_season_24,40232,272,NGN,32714.64,No issues
2025-06-20,Email / CRM,brand_always_on,35354,1167,NGN,200216.96,No issues
2025-06-20,Google Ads,harmattan_drop,65302,598,NGN,237363.91,No issues
2025-06-20,Influencer,showreel_push,84698,1890,NGN,124995.15,No issues
2025-06-20,Meta Ads,harmattan_drop,88166,582,NGN,232820.53,No issues
2025-06-20,YouTube Pre-roll,lagos_nights_launch,48899,1490,NGN,130933.57,No issues
2025-06-21,Email / CRM,wedding_season_24,81505,548,NGN,93356.65,No issues
2025-06-21,Google Ads,wedding_season_23,24728,791,NGN,112036.95,No issues
2025-06-21,Meta Ads,blackfriday24,46789,1368,NGN,523472.25,No issues
2025-06-21,TikTok Ads,retarget_q4,6255,207,NGN,43193.37,No issues
2025-06-21,YouTube Pre-roll,black_friday,30731,813,NGN,194707.55,No issues
2025-06-22,Email / CRM,blackfriday24,73428,1400,NGN,497920.84,No issues
2025-06-22,Google Ads,wedding_season_23,25280,397,NGN,28998.31,No issues
2025-06-22,Influencer,harmattan_drop,30134,757,NGN,186397.39,No issues
2025-06-22,Meta Ads,blackfriday24,28808,859,NGN,281295.59,No issues
2025-06-22,TikTok Ads,harmattan_drop,59830,1868,NGN,306380.38,No issues
2025-06-22,YouTube Pre-roll,black_friday,26364,328,NGN,79247.73,No issues
2025-06-23,Email / CRM,harmattan_drop,18554,317,NGN,49578.81,No issues
2025-06-23,Google Ads,harmattan_drop,87804,673,NGN,221182.25,No issues
2025-06-23,Meta Ads,harmattan_drop,84909,1633,NGN,271140.33,No issues
2025-06-23,TikTok Ads,blackfriday24,46019,862,NGN,320470.18,No issues
2025-06-23,YouTube Pre-roll,harmattan_drop,9653,75,NGN,22441.89,No issues
2025-06-24,Google Ads,brand_always_on,48722,1234,NGN,319279.06,No issues
2025-06-24,Meta Ads,retarget_q4,48571,1366,NGN,509933.11,No issues
2025-06-24,TikTok Ads,blackfriday24,10958,158,NGN,46086.33,No issues
2025-06-24,YouTube Pre-roll,harmattan_drop,41907,639,NGN,195978.03,No issues
2025-06-25,Email / CRM,black_friday,34464,345,NGN,67970.62,No issues
2025-06-25,Influencer,wedding_season_24,59012,845,NGN,258251.64,No issues
2025-06-25,Meta Ads,wedding_season_24,86716,2948,NGN,742970.06,No issues
2025-06-25,TikTok Ads,lagos_nights_launch,37905,659,NGN,274239.12,No issues
2025-06-25,YouTube Pre-roll,wedding_season_23,23407,180,NGN,47374.21,No issues
2025-06-26,Email / CRM,lagos_nights_launch,13935,440,NGN,165720.99,No issues
2025-06-26,Google Ads,retarget_q4,29749,581,NGN,171649.24,No issues
2025-06-26,Meta Ads,wedding_season_23,48485,636,NGN,153655.81,No issues
2025-06-26,YouTube Pre-roll,wedding_season_24,56673,876,NGN,87720.1,No issues
2025-06-27,Email / CRM,black_friday,82554,867,NGN,110624.55,No issues
2025-06-27,Google Ads,brand_always_on,18776,643,NGN,80209.05,No issues
2025-06-27,Influencer,retarget_q4,10587,54,NGN,17789.31,No issues
2025-06-27,Meta Ads,blackfriday24,33429,328,NGN,108738.88,No issues
2025-06-27,YouTube Pre-roll,retarget_q4,35309,977,NGN,193251.8,No issues
2025-06-28,Email / CRM,retarget_q4,33671,858,NGN,307386.6,No issues
2025-06-28,Influencer,retarget_q4,83345,635,NGN,234536.46,No issues
2025-06-28,TikTok Ads,showreel_push,64919,568,NGN,80323.51,No issues
2025-06-28,YouTube Pre-roll,retarget_q4,70706,1452,NGN,249353.75,No issues
2025-06-29,Email / CRM,blackfriday24,66300,1055,NGN,425014.19,No issues
2025-06-29,Google Ads,black_friday,54141,564,NGN,158050.17,No issues
2025-06-29,Meta Ads,retarget_q4,49884,1070,NGN,82657.27,No issues
2025-06-29,TikTok Ads,wedding_season_23,43213,1271,NGN,510689.61,No issues
2025-06-29,YouTube Pre-roll,harmattan_drop,7819,72,NGN,24364.79,No issues
2025-06-30,Google Ads,blackfriday24,60297,837,NGN,243351.15,No issues
2025-06-30,Influencer,always_on,7980,47,NGN,4181.47,No issues
2025-06-30,TikTok Ads,harmattan_drop,50804,1100,NGN,110912.23,No issues
