dataset,record_id,field,original_currency,original_amount,currency_source,fx_rate,fx_rate_date,fx_rate_filled,amount_ngn
clients_export.csv,XT-01787,billing_currency,NGN,,crm_export,,,,
clients_export.csv,XT-00025,billing_currency,NGN,,crm_export,,,,
clients_export.csv,XT-01749,billing_currency,NGN,,crm_export,,,,
clients_export.csv,XT-01076,billing_currency,NGN,,crm_export,,,,
clients_export.csv,XT-00563,billing_currency,NGN,,crm_export,,,,
clients_export.csv,XT-01791,billing_currency,USD,,crm_export,,,,
clients_export.csv,XT-00942,billing_currency,USD,,crm_export,,,,
clients_export.csv,XT-00561,billing_currency,NGN,,crm_export,,,,
clients_export.csv,XT-00715,billing_currency,NGN,,crm_export,,,,
clients_export.csv,XT-00739,billing_currency,USD,,crm_export,,,,
clients_export.csv,XT-00463,billing_currency,NGN,,crm_export,,,,
clients_export.csv,XT-01294,billing_currency,NGN,,crm_export,,,,
clients_export.csv,XT-01849,billing_currency,NGN,,crm_export,,,,
clients_export.csv,XT-00927,billing_currency,USD,,crm_export,,,,
clients_export.csv,XT-00253,billing_currency,NGN,,crm_export,,,,
clients_export.csv,XT-00996,billing_currency,NGN,,crm_export,,,,
clients_export.csv,XT-00294,billing_currency,NGN,,crm_export,,,,
clients_export.csv,XT-00555,billing_currency,NGN,,crm_export,,,,
clients_export.csv,XT-00669,billing_currency,USD,,crm_export,,,,
clients_export.csv,XT-00896,billing_currency,GBP,,crm_export,,,,
clients_export.csv,XT-00636,billing_currency,GBP,,crm_export,,,,
clients_export.csv,XT-00809,billing_currency,NGN,,crm_export,,,,
clients_export.csv,XT-00510,billing_currency,NGN,,crm_export,,,,
clients_export.csv,XT-01887,billing_currency,NGN,,crm_export,,,,
clients_export.csv,XT-01875,billing_currency,NGN,,crm_export,,,,
clients_export.csv,XT-01392,billing_currency,NGN,,crm_export,,,,
clients_export.csv,XT-00928,billing_currency,NGN,,crm_export,,,,
clients_export.csv,XT-01035,billing_currency,NGN,,crm_export,,,,
clients_export.csv,XT-01879,billing_currency,NGN,,crm_export,,,,
clients_export.csv,XT-01641,billing_currency,NGN,,crm_export,,,,
clients_export.csv,XT-01170,billing_currency,GBP,,crm_export,,,,
clients_export.csv,XT-00594,billing_currency,NGN,,crm_export,,,,
clients_export.csv,XT-00998,billing_currency,NGN,,crm_export,,,,
clients_export.csv,XT-00370,billing_currency,NGN,,crm_export,,,,
clients_export.csv,XT-00834,billing_currency,NGN,,crm_export,,,,
clients_export.csv,XT-00473,billing_currency,NGN,,crm_export,,,,
clients_export.csv,XT-00882,billing_currency,NGN,,crm_export,,,,
clients_export.csv,XT-00327,billing_currency,NGN,,crm_export,,,,
clients_export.csv,XT-00182,billing_currency,NGN,,crm_export,,,,
clients_export.csv,XT-01168,billing_currency,NGN,,crm_export,,,,
clients_export.csv,XT-01418,billing_currency,NGN,,crm_export,,,,
clients_export.csv,XT-01017,billing_currency,NGN,,crm_export,,,,
clients_export.csv,XT-00624,billing_currency,NGN,,crm_export,,,,
clients_export.csv,XT-00856,billing_currency,,,crm_export,,,,
clients_export.csv,XT-00527,billing_currency,NGN,,crm_export,,,,
clients_export.csv,XT-00541,billing_currency,NGN,,crm_export,,,,
clients_export.csv,XT-00450,billing_currency,NGN,,crm_export,,,,
clients_export.csv,XT-01661,billing_currency,GBP,,crm_export,,,,
clients_export.csv,XT-00374,billing_currency,NGN,,crm_export,,,,
clients_export.csv,XT-00968,billing_currency,NGN,,crm_export,,,,
clients_export.csv,XT-01798,billing_currency,NGN,,crm_export,,,,
clients_export.csv,XT-00315,billing_currency,NGN,,crm_export,,,,
clients_export.csv,XT-01311,billing_currency,,,crm_export,,,,
clients_export.csv,XT-01683,billing_currency,NGN,,crm_export,,,,
clients_export.csv,XT-01778,billing_currency,NGN,,crm_export,,,,
clients_export.csv,XT-01452,billing_currency,NGN,,crm_export,,,,
clients_export.csv,XT-00874,billing_currency,NGN,,crm_export,,,,
clients_export.csv,XT-01795,billing_currency,NGN,,crm_export,,,,
clients_export.csv,XT-00967,billing_currency,NGN,,crm_export,,,,
clients_export.csv,XT-00063,billing_currency,GBP,,crm_export,,,,
clients_export.csv,XT-00097,billing_currency,NGN,,crm_export,,,,
clients_export.csv,XT-00472,billing_currency,NGN,,crm_export,,,,
clients_export.csv,XT-00691,billing_currency,NGN,,crm_export,,,,
clients_export.csv,XT-01827,billing_currency,NGN,,crm_export,,,,
clients_export.csv,XT-01263,billing_currency,NGN,,crm_export,,,,
clients_export.csv,XT-00369,billing_currency,NGN,,crm_export,,,,
clients_export.csv,XT-01445,billing_currency,NGN,,crm_export,,,,
clients_export.csv,XT-01829,billing_currency,NGN,,crm_export,,,,
clients_export.csv,XT-01491,billing_currency,GBP,,crm_export,,,,
clients_export.csv,XT-00568,billing_currency,NGN,,crm_export,,,,
clients_export.csv,XT-00373,billing_currency,NGN,,crm_export,,,,
clients_export.csv,XT-00677,billing_currency,NGN,,crm_export,,,,
clients_export.csv,XT-01713,billing_currency,NGN,,crm_export,,,,
clients_export.csv,XT-00084,billing_currency,NGN,,crm_export,,,,
clients_export.csv,XT-01384,billing_currency,NGN,,crm_export,,,,
clients_export.csv,XT-01254,billing_currency,NGN,,crm_export,,,,
clients_export.csv,XT-00405,billing_currency,USD,,crm_export,,,,
clients_export.csv,XT-00714,billing_currency,NGN,,crm_export,,,,
clients_export.csv,XT-01561,billing_currency,,,crm_export,,,,
clients_export.csv,XT-01616,billing_currency,GBP,,crm_export,,,,
clients_export.csv,XT-00984,billing_currency,NGN,,crm_export,,,,
clients_export.csv,XT-00050,billing_currency,USD,,crm_export,,,,
clients_export.csv,XT-00623,billing_currency,NGN,,crm_export,,,,
clients_export.csv,XT-00298,billing_currency,NGN,,crm_export,,,,
clients_export.csv,XT-01024,billing_currency,USD,,crm_export,,,,
clients_export.csv,XT-01750,billing_currency,NGN,,crm_export,,,,
clients_export.csv,XT-01876,billing_currency,NGN,,crm_export,,,,
clients_export.csv,XT-00803,billing_currency,GBP,,crm_export,,,,
clients_export.csv,XT-01498,billing_currency,NGN,,crm_export,,,,
clients_export.csv,XT-00571,billing_currency,NGN,,crm_export,,,,
clients_export.csv,XT-01005,billing_currency,USD,,crm_export,,,,
clients_export.csv,XT-01319,billing_currency,NGN,,crm_export,,,,
clients_export.csv,XT-00618,billing_currency,NGN,,crm_export,,,,
clients_export.csv,XT-00132,billing_currency,NGN,,crm_export,,,,
clients_export.csv,XT-01230,billing_currency,NGN,,crm_export,,,,
clients_export.csv,XT-00122,billing_currency,,,crm_export,,,,
clients_export.csv,XT-01476,billing_currency,NGN,,crm_export,,,,
clients_export.csv,XT-00151,billing_currency,NGN,,crm_export,,,,
clients_export.csv,XT-01899,billing_currency,NGN,,crm_export,,,,
clients_export.csv,XT-01050,billing_currency,,,crm_export,,,,
clients_export.csv,XT-01718,billing_currency,NGN,,crm_export,,,,
clients_export.csv,XT-01755,billing_currency,NGN,,crm_export,,,,
clients_export.csv,XT-01489,billing_currency,USD,,crm_export,,,,
clients_export.csv,XT-01286,billing_currency,NGN,,crm_export,,,,
clients_export.csv,XT-00797,billing_currency,GBP,,crm_export,,,,
clients_export.csv,XT-00466,billing_currency,NGN,,crm_export,,,,
clients_export.csv,XT-00153,billing_currency,NGN,,crm_export,,,,
clients_export.csv,XT-01256,billing_currency,NGN,,crm_export,,,,
clients_export.csv,XT-00603,billing_currency,USD,,crm_export,,,,
clients_export.csv,XT-00622,billing_currency,NGN,,crm_export,,,,
clients_export.csv,XT-01059,billing_currency,NGN,,crm_export,,,,
clients_export.csv,XT-00849,billing_currency,NGN,,crm_export,,,,
clients_export.csv,XT-01754,billing_currency,NGN,,crm_export,,,,
clients_export.csv,XT-00168,billing_currency,NGN,,crm_export,,,,
clients_export.csv,XT-00576,billing_currency,NGN,,crm_export,,,,
clients_export.csv,XT-01371,billing_currency,NGN,,crm_export,,,,
clients_export.csv,XT-00854,billing_currency,NGN,,crm_export,,,,
clients_export.csv,XT-00652,billing_currency,USD,,crm_export,,,,
clients_export.csv,XT-01891,billing_currency,NGN,,crm_export,,,,
clients_export.csv,XT-00416,billing_currency,USD,,crm_export,,,,
clients_export.csv,XT-01873,billing_currency,NGN,,crm_export,,,,
clients_export.csv,XT-00980,billing_currency,NGN,,crm_export,,,,
clients_export.csv,XT-01266,billing_currency,NGN,,crm_export,,,,
clients_export.csv,XT-01174,billing_currency,NGN,,crm_export,,,,
clients_export.csv,XT-01502,billing_currency,NGN,,crm_export,,,,
clients_export.csv,XT-01124,billing_currency,USD,,crm_export,,,,
clients_export.csv,XT-00944,billing_currency,USD,,crm_export,,,,
clients_export.csv,XT-00760,billing_currency,USD,,crm_export,,,,
clients_export.csv,XT-00997,billing_currency,USD,,crm_export,,,,
clients_export.csv,XT-01300,billing_currency,NGN,,crm_export,,,,
clients_export.csv,XT-01734,billing_currency,NGN,,crm_export,,,,
clients_export.csv,XT-00268,billing_currency,NGN,,crm_export,,,,
clients_export.csv,XT-01411,billing_currency,USD,,crm_export,,,,
clients_export.csv,XT-01279,billing_currency,NGN,,crm_export,,,,
clients_export.csv,XT-00121,billing_currency,NGN,,crm_export,,,,
clients_export.csv,XT-01269,billing_currency,NGN,,crm_export,,,,
clients_export.csv,XT-01133,billing_currency,NGN,,crm_export,,,,
clients_export.csv,XT-01348,billing_currency,NGN,,crm_export,,,,
clients_export.csv,XT-00175,billing_currency,NGN,,crm_export,,,,
clients_export.csv,XT-01001,billing_currency,NGN,,crm_export,,,,
clients_export.csv,XT-00887,billing_currency,,,crm_export,,,,
clients_export.csv,XT-00428,billing_currency,NGN,,crm_export,,,,
clients_export.csv,XT-01224,billing_currency,NGN,,crm_export,,,,
clients_export.csv,XT-01625,billing_currency,,,crm_export,,,,
clients_export.csv,XT-00487,billing_currency,GBP,,crm_export,,,,
clients_export.csv,XT-01565,billing_currency,NGN,,crm_export,,,,
clients_export.csv,XT-00395,billing_currency,NGN,,crm_export,,,,
clients_export.csv,XT-00438,billing_currency,NGN,,crm_export,,,,
clients_export.csv,XT-00065,billing_currency,NGN,,crm_export,,,,
clients_export.csv,XT-00929,billing_currency,NGN,,crm_export,,,,
clients_export.csv,XT-00922,billing_currency,NGN,,crm_export,,,,
clients_export.csv,XT-00244,billing_currency,,,crm_export,,,,
clients_export.csv,XT-00002,billing_currency,USD,,crm_export,,,,
clients_export.csv,XT-00511,billing_currency,USD,,crm_export,,,,
clients_export.csv,XT-01117,billing_currency,NGN,,crm_export,,,,
clients_export.csv,XT-00392,billing_currency,NGN,,crm_export,,,,
clients_export.csv,XT-01251,billing_currency,NGN,,crm_export,,,,
clients_export.csv,XT-01364,billing_currency,NGN,,crm_export,,,,
clients_export.csv,XT-01052,billing_currency,USD,,crm_export,,,,
clients_export.csv,XT-00864,billing_currency,NGN,,crm_export,,,,
clients_export.csv,XT-00926,billing_currency,GBP,,crm_export,,,,
clients_export.csv,XT-00908,billing_currency,NGN,,crm_export,,,,
clients_export.csv,XT-00752,billing_currency,NGN,,crm_export,,,,
clients_export.csv,XT-01314,billing_currency,NGN,,crm_export,,,,
clients_export.csv,XT-00577,billing_currency,,,crm_export,,,,
clients_export.csv,XT-01323,billing_currency,NGN,,crm_export,,,,
clients_export.csv,XT-00018,billing_currency,NGN,,crm_export,,,,
clients_export.csv,XT-00100,billing_currency,NGN,,crm_export,,,,
clients_export.csv,XT-01370,billing_currency,NGN,,crm_export,,,,
clients_export.csv,XT-00159,billing_currency,GBP,,crm_export,,,,
clients_export.csv,XT-00979,billing_currency,NGN,,crm_export,,,,
clients_export.csv,XT-00639,billing_currency,NGN,,crm_export,,,,
clients_export.csv,XT-01724,billing_currency,NGN,,crm_export,,,,
clients_export.csv,XT-00497,billing_currency,NGN,,crm_export,,,,
clients_export.csv,XT-00371,billing_currency,NGN,,crm_export,,,,
clients_export.csv,XT-00757,billing_currency,NGN,,crm_export,,,,
clients_export.csv,XT-00276,billing_currency,NGN,,crm_export,,,,
clients_export.csv,XT-00766,billing_currency,NGN,,crm_export,,,,
clients_export.csv,XT-00776,billing_currency,,,crm_export,,,,
clients_export.csv,XT-00243,billing_currency,NGN,,crm_export,,,,
clients_export.csv,XT-01284,billing_currency,NGN,,crm_export,,,,
clients_export.csv,XT-00868,billing_currency,NGN,,crm_export,,,,
clients_export.csv,XT-01524,billing_currency,NGN,,crm_export,,,,
clients_export.csv,XT-00126,billing_currency,NGN,,crm_export,,,,
clients_export.csv,XT-01832,billing_currency,NGN,,crm_export,,,,
clients_export.csv,XT-00230,billing_currency,GBP,,crm_export,,,,
clients_export.csv,XT-01867,billing_currency,NGN,,crm_export,,,,
clients_export.csv,XT-01771,billing_currency,USD,,crm_export,,,,
clients_export.csv,XT-00575,billing_currency,NGN,,crm_export,,,,
clients_export.csv,XT-01143,billing_currency,NGN,,crm_export,,,,
clients_export.csv,XT-01233,billing_currency,NGN,,crm_export,,,,
clients_export.csv,XT-01649,billing_currency,NGN,,crm_export,,,,
clients_export.csv,XT-00299,billing_currency,NGN,,crm_export,,,,
clients_export.csv,XT-00900,billing_currency,NGN,,crm_export,,,,
clients_export.csv,XT-00501,billing_currency,NGN,,crm_export,,,,
clients_export.csv,XT-01454,billing_currency,NGN,,crm_export,,,,
clients_export.csv,XT-01720,billing_currency,NGN,,crm_export,,,,
clients_export.csv,XT-01839,billing_currency,USD,,crm_export,,,,
clients_export.csv,XT-00798,billing_currency,NGN,,crm_export,,,,
clients_export.csv,XT-00805,billing_currency,,,crm_export,,,,
clients_export.csv,XT-00459,billing_currency,NGN,,crm_export,,,,
clients_export.csv,XT-01606,billing_currency,GBP,,crm_export,,,,
clients_export.csv,XT-01033,billing_currency,NGN,,crm_export,,,,
clients_export.csv,XT-01865,billing_currency,NGN,,crm_export,,,,
clients_export.csv,XT-00001,billing_currency,NGN,,crm_export,,,,
clients_export.csv,XT-00545,billing_currency,USD,,crm_export,,,,
clients_export.csv,XT-00989,billing_currency,NGN,,crm_export,,,,
clients_export.csv,XT-01537,billing_currency,NGN,,crm_export,,,,
clients_export.csv,XT-01711,billing_currency,NGN,,crm_export,,,,
clients_export.csv,XT-00925,billing_currency,NGN,,crm_export,,,,
clients_export.csv,XT-01270,billing_currency,NGN,,crm_export,,,,
clients_export.csv,XT-00318,billing_currency,NGN,,crm_export,,,,
clients_export.csv,XT-00320,billing_currency,NGN,,crm_export,,,,
clients_export.csv,XT-01840,billing_currency,NGN,,crm_export,,,,
clients_export.csv,XT-00851,billing_currency,NGN,,crm_export,,,,
clients_export.csv,XT-01094,billing_currency,NGN,,crm_export,,,,
clients_export.csv,XT-00239,billing_currency,USD,,crm_export,,,,
clients_export.csv,XT-00413,billing_currency,NGN,,crm_export,,,,
clients_export.csv,XT-00092,billing_currency,GBP,,crm_export,,,,
clients_export.csv,XT-00859,billing_currency,,,crm_export,,,,
clients_export.csv,XT-00161,billing_currency,GBP,,crm_export,,,,
clients_export.csv,XT-00308,billing_currency,NGN,,crm_export,,,,
clients_export.csv,XT-01671,billing_currency,NGN,,crm_export,,,,
clients_export.csv,XT-00951,billing_currency,NGN,,crm_export,,,,
clients_export.csv,XT-01281,billing_currency,GBP,,crm_export,,,,
clients_export.csv,XT-00781,billing_currency,NGN,,crm_export,,,,
clients_export.csv,XT-01071,billing_currency,NGN,,crm_export,,,,
clients_export.csv,XT-01651,billing_currency,NGN,,crm_export,,,,
clients_export.csv,XT-00186,billing_currency,NGN,,crm_export,,,,
clients_export.csv,XT-00206,billing_currency,NGN,,crm_export,,,,
clients_export.csv,XT-00286,billing_currency,NGN,,crm_export,,,,
clients_export.csv,XT-01352,billing_currency,USD,,crm_export,,,,
clients_export.csv,XT-00183,billing_currency,NGN,,crm_export,,,,
clients_export.csv,XT-00853,billing_currency,GBP,,crm_export,,,,
clients_export.csv,XT-00124,billing_currency,,,crm_export,,,,
clients_export.csv,XT-01108,billing_currency,NGN,,crm_export,,,,
clients_export.csv,XT-01692,billing_currency,,,crm_export,,,,
clients_export.csv,XT-01190,billing_currency,NGN,,crm_export,,,,
clients_export.csv,XT-00648,billing_currency,GBP,,crm_export,,,,
clients_export.csv,XT-01013,billing_currency,USD,,crm_export,,,,
clients_export.csv,XT-01159,billing_currency,NGN,,crm_export,,,,
clients_export.csv,XT-00306,billing_currency,NGN,,crm_export,,,,
clients_export.csv,XT-01125,billing_currency,NGN,,crm_export,,,,
clients_export.csv,XT-01599,billing_currency,GBP,,crm_export,,,,
clients_export.csv,XT-00671,billing_currency,USD,,crm_export,,,,
clients_export.csv,XT-01862,billing_currency,NGN,,crm_export,,,,
clients_export.csv,XT-00422,billing_currency,NGN,,crm_export,,,,
clients_export.csv,XT-01455,billing_currency,NGN,,crm_export,,,,
clients_export.csv,XT-01624,billing_currency,NGN,,crm_export,,,,
clients_export.csv,XT-01002,billing_currency,NGN,,crm_export,,,,
clients_export.csv,XT-01477,billing_currency,USD,,crm_export,,,,
clients_export.csv,XT-01151,billing_currency,NGN,,crm_export,,,,
clients_export.csv,XT-01185,billing_currency,NGN,,crm_export,,,,
clients_export.csv,XT-01012,billing_currency,NGN,,crm_export,,,,
clients_export.csv,XT-01093,billing_currency,NGN,,crm_export,,,,
clients_export.csv,XT-01136,billing_currency,NGN,,crm_export,,,,
clients_export.csv,XT-00579,billing_currency,NGN,,crm_export,,,,
clients_export.csv,XT-00795,billing_currency,NGN,,crm_export,,,,
clients_export.csv,XT-01820,billing_currency,NGN,,crm_export,,,,
clients_export.csv,XT-01705,billing_currency,USD,,crm_export,,,,
clients_export.csv,XT-01227,billing_currency,NGN,,crm_export,,,,
clients_export.csv,XT-00363,billing_currency,NGN,,crm_export,,,,
clients_export.csv,XT-00845,billing_currency,,,crm_export,,,,
clients_export.csv,XT-01346,billing_currency,GBP,,crm_export,,,,
clients_export.csv,XT-00508,billing_currency,NGN,,crm_export,,,,
clients_export.csv,XT-01589,billing_currency,NGN,,crm_export,,,,
clients_export.csv,XT-01069,billing_currency,NGN,,crm_export,,,,
clients_export.csv,XT-01250,billing_currency,NGN,,crm_export,,,,
clients_export.csv,XT-01023,billing_currency,NGN,,crm_export,,,,
clients_export.csv,XT-00595,billing_currency,USD,,crm_export,,,,
clients_export.csv,XT-00453,billing_currency,NGN,,crm_export,,,,
clients_export.csv,XT-01785,billing_currency,NGN,,crm_export,,,,
clients_export.csv,XT-01192,billing_currency,NGN,,crm_export,,,,
clients_export.csv,XT-00303,billing_currency,NGN,,crm_export,,,,
clients_export.csv,XT-00112,billing_currency,GBP,,crm_export,,,,
clients_export.csv,XT-01302,billing_currency,NGN,,crm_export,,,,
clients_export.csv,XT-01429,billing_currency,GBP,,crm_export,,,,
clients_export.csv,XT-01261,billing_currency,,,crm_export,,,,
clients_export.csv,XT-01699,billing_currency,NGN,,crm_export,,,,
clients_export.csv,XT-00665,billing_currency,NGN,,crm_export,,,,
clients_export.csv,XT-00647,billing_currency,NGN,,crm_export,,,,
clients_export.csv,XT-00057,billing_currency,NGN,,crm_export,,,,
clients_export.csv,XT-00643,billing_currency,NGN,,crm_export,,,,
clients_export.csv,XT-00661,billing_currency,NGN,,crm_export,,,,
clients_export.csv,XT-01896,billing_currency,NGN,,crm_export,,,,
clients_export.csv,XT-00368,billing_currency,NGN,,crm_export,,,,
clients_export.csv,XT-01349,billing_currency,NGN,,crm_export,,,,
clients_export.csv,XT-01852,billing_currency,NGN,,crm_export,,,,
clients_export.csv,XT-01252,billing_currency,NGN,,crm_export,,,,
clients_export.csv,XT-00099,billing_currency,NGN,,crm_export,,,,
clients_export.csv,XT-00964,billing_currency,NGN,,crm_export,,,,
clients_export.csv,XT-00682,billing_currency,NGN,,crm_export,,,,
clients_export.csv,XT-01014,billing_currency,NGN,,crm_export,,,,
clients_export.csv,XT-00332,billing_currency,NGN,,crm_export,,,,
clients_export.csv,XT-01706,billing_currency,NGN,,crm_export,,,,
clients_export.csv,XT-01377,billing_currency,NGN,,crm_export,,,,
clients_export.csv,XT-00762,billing_currency,NGN,,crm_export,,,,
clients_export.csv,XT-01856,billing_currency,,,crm_export,,,,
clients_export.csv,XT-01267,billing_currency,NGN,,crm_export,,,,
clients_export.csv,XT-01450,billing_currency,NGN,,crm_export,,,,
clients_export.csv,XT-00710,billing_currency,NGN,,crm_export,,,,
clients_export.csv,XT-00147,billing_currency,NGN,,crm_export,,,,
clients_export.csv,XT-00091,billing_currency,GBP,,crm_export,,,,
clients_export.csv,XT-01520,billing_currency,,,crm_export,,,,
clients_export.csv,XT-01022,billing_currency,,,crm_export,,,,
clients_export.csv,XT-00876,billing_currency,USD,,crm_export,,,,
clients_export.csv,XT-01687,billing_currency,GBP,,crm_export,,,,
clients_export.csv,XT-00692,billing_currency,NGN,,crm_export,,,,
clients_export.csv,XT-00375,billing_currency,NGN,,crm_export,,,,
clients_export.csv,XT-00102,billing_currency,,,crm_export,,,,
clients_export.csv,XT-01551,billing_currency,,,crm_export,,,,
clients_export.csv,XT-01343,billing_currency,NGN,,crm_export,,,,
clients_export.csv,XT-00357,billing_currency,NGN,,crm_export,,,,
clients_export.csv,XT-01695,billing_currency,NGN,,crm_export,,,,
clients_export.csv,XT-00831,billing_currency,NGN,,crm_export,,,,
clients_export.csv,XT-01397,billing_currency,,,crm_export,,,,
clients_export.csv,XT-01541,billing_currency,NGN,,crm_export,,,,
clients_export.csv,XT-00144,billing_currency,NGN,,crm_export,,,,
clients_export.csv,XT-01886,billing_currency,NGN,,crm_export,,,,
clients_export.csv,XT-00531,billing_currency,GBP,,crm_export,,,,
clients_export.csv,XT-00215,billing_currency,NGN,,crm_export,,,,
clients_export.csv,XT-00740,billing_currency,NGN,,crm_export,,,,
clients_export.csv,XT-01596,billing_currency,NGN,,crm_export,,,,
clients_export.csv,XT-00672,billing_currency,NGN,,crm_export,,,,
clients_export.csv,XT-01535,billing_currency,NGN,,crm_export,,,,
clients_export.csv,XT-01772,billing_currency,NGN,,crm_export,,,,
clients_export.csv,XT-00302,billing_currency,USD,,crm_export,,,,
clients_export.csv,XT-00435,billing_currency,NGN,,crm_export,,,,
clients_export.csv,XT-01757,billing_currency,NGN,,crm_export,,,,
clients_export.csv,XT-01262,billing_currency,NGN,,crm_export,,,,
clients_export.csv,XT-01458,billing_currency,NGN,,crm_export,,,,
clients_export.csv,XT-00110,billing_currency,,,crm_export,,,,
clients_export.csv,XT-00621,billing_currency,USD,,crm_export,,,,
clients_export.csv,XT-01275,billing_currency,NGN,,crm_export,,,,
clients_export.csv,XT-01074,billing_currency,USD,,crm_export,,,,
clients_export.csv,XT-01189,billing_currency,,,crm_export,,,,
clients_export.csv,XT-00281,billing_currency,NGN,,crm_export,,,,
clients_export.csv,XT-01229,billing_currency,NGN,,crm_export,,,,
clients_export.csv,XT-00210,billing_currency,NGN,,crm_export,,,,
clients_export.csv,XT-01658,billing_currency,NGN,,crm_export,,,,
clients_export.csv,XT-00088,billing_currency,USD,,crm_export,,,,
clients_export.csv,XT-01714,billing_currency,NGN,,crm_export,,,,
clients_export.csv,XT-01890,billing_currency,USD,,crm_export,,,,
clients_export.csv,XT-00765,billing_currency,NGN,,crm_export,,,,
clients_export.csv,XT-01410,billing_currency,USD,,crm_export,,,,
clients_export.csv,XT-00965,billing_currency,NGN,,crm_export,,,,
clients_export.csv,XT-00883,billing_currency,NGN,,crm_export,,,,
clients_export.csv,XT-00934,billing_currency,NGN,,crm_export,,,,
clients_export.csv,XT-00529,billing_currency,NGN,,crm_export,,,,
clients_export.csv,XT-01475,billing_currency,GBP,,crm_export,,,,
clients_export.csv,XT-00462,billing_currency,NGN,,crm_export,,,,
clients_export.csv,XT-00386,billing_currency,NGN,,crm_export,,,,
clients_export.csv,XT-01741,billing_currency,NGN,,crm_export,,,,
clients_export.csv,XT-01278,billing_currency,,,crm_export,,,,
clients_export.csv,XT-00783,billing_currency,,,crm_export,,,,
clients_export.csv,XT-01361,billing_currency,,,crm_export,,,,
clients_export.csv,XT-01613,billing_currency,NGN,,crm_export,,,,
clients_export.csv,XT-01380,billing_currency,NGN,,crm_export,,,,
clients_export.csv,XT-00875,billing_currency,GBP,,crm_export,,,,
clients_export.csv,XT-00037,billing_currency,NGN,,crm_export,,,,
clients_export.csv,XT-01310,billing_currency,NGN,,crm_export,,,,
clients_export.csv,XT-01155,billing_currency,NGN,,crm_export,,,,
clients_export.csv,XT-01147,billing_currency,NGN,,crm_export,,,,
clients_export.csv,XT-00190,billing_currency,NGN,,crm_export,,,,
clients_export.csv,XT-01635,billing_currency,NGN,,crm_export,,,,
clients_export.csv,XT-01461,billing_currency,GBP,,crm_export,,,,
clients_export.csv,XT-00750,billing_currency,GBP,,crm_export,,,,
clients_export.csv,XT-00323,billing_currency,,,crm_export,,,,
clients_export.csv,XT-00936,billing_currency,NGN,,crm_export,,,,
clients_export.csv,XT-01038,billing_currency,NGN,,crm_export,,,,
clients_export.csv,XT-00187,billing_currency,,,crm_export,,,,
clients_export.csv,XT-00173,billing_currency,NGN,,crm_export,,,,
clients_export.csv,XT-01851,billing_currency,NGN,,crm_export,,,,
clients_export.csv,XT-01552,billing_currency,USD,,crm_export,,,,
clients_export.csv,XT-00972,billing_currency,NGN,,crm_export,,,,
clients_export.csv,XT-01738,billing_currency,NGN,,crm_export,,,,
clients_export.csv,XT-01382,billing_currency,NGN,,crm_export,,,,
clients_export.csv,XT-00035,billing_currency,NGN,,crm_export,,,,
clients_export.csv,XT-01116,billing_currency,NGN,,crm_export,,,,
clients_export.csv,XT-01338,billing_currency,NGN,,crm_export,,,,
clients_export.csv,XT-01501,billing_currency,NGN,,crm_export,,,,
clients_export.csv,XT-00425,billing_currency,,,crm_export,,,,
clients_export.csv,XT-00336,billing_currency,NGN,,crm_export,,,,
clients_export.csv,XT-00729,billing_currency,USD,,crm_export,,,,
clients_export.csv,XT-00464,billing_currency,NGN,,crm_export,,,,
clients_export.csv,XT-00212,billing_currency,NGN,,crm_export,,,,
clients_export.csv,XT-01146,billing_currency,NGN,,crm_export,,,,
clients_export.csv,XT-00436,billing_currency,,,crm_export,,,,
clients_export.csv,XT-01858,billing_currency,,,crm_export,,,,
clients_export.csv,XT-00358,billing_currency,NGN,,crm_export,,,,
clients_export.csv,XT-00106,billing_currency,,,crm_export,,,,
clients_export.csv,XT-00238,billing_currency,NGN,,crm_export,,,,
clients_export.csv,XT-01340,billing_currency,NGN,,crm_export,,,,
clients_export.csv,XT-00142,billing_currency,NGN,,crm_export,,,,
clients_export.csv,XT-00026,billing_currency,NGN,,crm_export,,,,
clients_export.csv,XT-00818,billing_currency,GBP,,crm_export,,,,
clients_export.csv,XT-00771,billing_currency,NGN,,crm_export,,,,
clients_export.csv,XT-00957,billing_currency,NGN,,crm_export,,,,
clients_export.csv,XT-00170,billing_currency,NGN,,crm_export,,,,
clients_export.csv,XT-00232,billing_currency,NGN,,crm_export,,,,
clients_export.csv,XT-01413,billing_currency,NGN,,crm_export,,,,
clients_export.csv,XT-01688,billing_currency,NGN,,crm_export,,,,
clients_export.csv,XT-01560,billing_currency,,,crm_export,,,,
clients_export.csv,XT-01762,billing_currency,,,crm_export,,,,
clients_export.csv,XT-00356,billing_currency,NGN,,crm_export,,,,
clients_export.csv,XT-00027,billing_currency,NGN,,crm_export,,,,
clients_export.csv,XT-01075,billing_currency,NGN,,crm_export,,,,
clients_export.csv,XT-00503,billing_currency,,,crm_export,,,,
clients_export.csv,XT-01538,billing_currency,NGN,,crm_export,,,,
clients_export.csv,XT-00986,billing_currency,GBP,,crm_export,,,,
clients_export.csv,XT-01308,billing_currency,NGN,,crm_export,,,,
clients_export.csv,XT-01276,billing_currency,NGN,,crm_export,,,,
clients_export.csv,XT-01374,billing_currency,NGN,,crm_export,,,,
clients_export.csv,XT-00171,billing_currency,NGN,,crm_export,,,,
clients_export.csv,XT-00660,billing_currency,NGN,,crm_export,,,,
clients_export.csv,XT-01773,billing_currency,NGN,,crm_export,,,,
clients_export.csv,XT-01700,billing_currency,NGN,,crm_export,,,,
clients_export.csv,XT-01019,billing_currency,NGN,,crm_export,,,,
clients_export.csv,XT-00780,billing_currency,NGN,,crm_export,,,,
clients_export.csv,XT-00514,billing_currency,NGN,,crm_export,,,,
clients_export.csv,XT-00023,billing_currency,NGN,,crm_export,,,,
clients_export.csv,XT-01205,billing_currency,NGN,,crm_export,,,,
clients_export.csv,XT-00217,billing_currency,NGN,,crm_export,,,,
clients_export.csv,XT-01556,billing_currency,NGN,,crm_export,,,,
clients_export.csv,XT-01419,billing_currency,NGN,,crm_export,,,,
clients_export.csv,XT-00051,billing_currency,NGN,,crm_export,,,,
clients_export.csv,XT-00825,billing_currency,NGN,,crm_export,,,,
clients_export.csv,XT-00981,billing_currency,NGN,,crm_export,,,,
clients_export.csv,XT-00778,billing_currency,,,crm_export,,,,
clients_export.csv,XT-01056,billing_currency,NGN,,crm_export,,,,
clients_export.csv,XT-00322,billing_currency,NGN,,crm_export,,,,
clients_export.csv,XT-00763,billing_currency,,,crm_export,,,,
clients_export.csv,XT-01194,billing_currency,NGN,,crm_export,,,,
clients_export.csv,XT-01431,billing_currency,NGN,,crm_export,,,,
clients_export.csv,XT-01483,billing_currency,NGN,,crm_export,,,,
clients_export.csv,XT-01138,billing_currency,NGN,,crm_export,,,,
clients_export.csv,XT-00207,billing_currency,,,crm_export,,,,
clients_export.csv,XT-01859,billing_currency,NGN,,crm_export,,,,
clients_export.csv,XT-00137,billing_currency,NGN,,crm_export,,,,
clients_export.csv,XT-00485,billing_currency,NGN,,crm_export,,,,
clients_export.csv,XT-00105,billing_currency,NGN,,crm_export,,,,
clients_export.csv,XT-01895,billing_currency,NGN,,crm_export,,,,
clients_export.csv,XT-00852,billing_currency,NGN,,crm_export,,,,
clients_export.csv,XT-01007,billing_currency,,,crm_export,,,,
clients_export.csv,XT-01642,billing_currency,NGN,,crm_export,,,,
clients_export.csv,XT-00910,billing_currency,GBP,,crm_export,,,,
clients_export.csv,XT-01232,billing_currency,NGN,,crm_export,,,,
clients_export.csv,XT-01333,billing_currency,GBP,,crm_export,,,,
clients_export.csv,XT-00335,billing_currency,NGN,,crm_export,,,,
clients_export.csv,XT-00165,billing_currency,NGN,,crm_export,,,,
clients_export.csv,XT-00751,billing_currency,NGN,,crm_export,,,,
clients_export.csv,XT-01211,billing_currency,NGN,,crm_export,,,,
clients_export.csv,XT-00836,billing_currency,NGN,,crm_export,,,,
clients_export.csv,XT-01414,billing_currency,NGN,,crm_export,,,,
clients_export.csv,XT-01590,billing_currency,USD,,crm_export,,,,
clients_export.csv,XT-01678,billing_currency,GBP,,crm_export,,,,
clients_export.csv,XT-00567,billing_currency,NGN,,crm_export,,,,
clients_export.csv,XT-00470,billing_currency,NGN,,crm_export,,,,
clients_export.csv,XT-01797,billing_currency,NGN,,crm_export,,,,
clients_export.csv,XT-00493,billing_currency,NGN,,crm_export,,,,
clients_export.csv,XT-01148,billing_currency,NGN,,crm_export,,,,
clients_export.csv,XT-01034,billing_currency,NGN,,crm_export,,,,
clients_export.csv,XT-00522,billing_currency,,,crm_export,,,,
clients_export.csv,XT-01215,billing_currency,GBP,,crm_export,,,,
clients_export.csv,XT-01366,billing_currency,NGN,,crm_export,,,,
clients_export.csv,XT-00534,billing_currency,NGN,,crm_export,,,,
clients_export.csv,XT-00189,billing_currency,NGN,,crm_export,,,,
clients_export.csv,XT-00946,billing_currency,NGN,,crm_export,,,,
clients_export.csv,XT-01496,billing_currency,NGN,,crm_export,,,,
clients_export.csv,XT-01303,billing_currency,NGN,,crm_export,,,,
clients_export.csv,XT-00160,billing_currency,NGN,,crm_export,,,,
clients_export.csv,XT-01846,billing_currency,GBP,,crm_export,,,,
clients_export.csv,XT-00360,billing_currency,NGN,,crm_export,,,,
clients_export.csv,XT-00916,billing_currency,NGN,,crm_export,,,,
clients_export.csv,XT-00869,billing_currency,,,crm_export,,,,
clients_export.csv,XT-00107,billing_currency,NGN,,crm_export,,,,
clients_export.csv,XT-00615,billing_currency,NGN,,crm_export,,,,
clients_export.csv,XT-01547,billing_currency,GBP,,crm_export,,,,
clients_export.csv,XT-00202,billing_currency,NGN,,crm_export,,,,
clients_export.csv,XT-01016,billing_currency,NGN,,crm_export,,,,
clients_export.csv,XT-00949,billing_currency,NGN,,crm_export,,,,
clients_export.csv,XT-00719,billing_currency,,,crm_export,,,,
clients_export.csv,XT-00812,billing_currency,USD,,crm_export,,,,
clients_export.csv,XT-01100,billing_currency,NGN,,crm_export,,,,
clients_export.csv,XT-01179,billing_currency,NGN,,crm_export,,,,
clients_export.csv,XT-00642,billing_currency,GBP,,crm_export,,,,
clients_export.csv,XT-00862,billing_currency,NGN,,crm_export,,,,
clients_export.csv,XT-00149,billing_currency,NGN,,crm_export,,,,
clients_export.csv,XT-00021,billing_currency,NGN,,crm_export,,,,
clients_export.csv,XT-00398,billing_currency,NGN,,crm_export,,,,
clients_export.csv,XT-00289,billing_currency,NGN,,crm_export,,,,
clients_export.csv,XT-00060,billing_currency,NGN,,crm_export,,,,
clients_export.csv,XT-01351,billing_currency,NGN,,crm_export,,,,
clients_export.csv,XT-00288,billing_currency,NGN,,crm_export,,,,
clients_export.csv,XT-00767,billing_currency,USD,,crm_export,,,,
clients_export.csv,XT-00653,billing_currency,NGN,,crm_export,,,,
clients_export.csv,XT-01761,billing_currency,NGN,,crm_export,,,,
clients_export.csv,XT-01045,billing_currency,GBP,,crm_export,,,,
clients_export.csv,XT-00687,billing_currency,NGN,,crm_export,,,,
clients_export.csv,XT-00261,billing_currency,NGN,,crm_export,,,,
clients_export.csv,XT-00895,billing_currency,NGN,,crm_export,,,,
clients_export.csv,XT-01386,billing_currency,NGN,,crm_export,,,,
clients_export.csv,XT-01850,billing_currency,NGN,,crm_export,,,,
clients_export.csv,XT-01420,billing_currency,NGN,,crm_export,,,,
clients_export.csv,XT-00448,billing_currency,,,crm_export,,,,
clients_export.csv,XT-01529,billing_currency,NGN,,crm_export,,,,
clients_export.csv,XT-00017,billing_currency,NGN,,crm_export,,,,
clients_export.csv,XT-00064,billing_currency,NGN,,crm_export,,,,
clients_export.csv,XT-01666,billing_currency,USD,,crm_export,,,,
clients_export.csv,XT-00596,billing_currency,NGN,,crm_export,,,,
clients_export.csv,XT-00668,billing_currency,NGN,,crm_export,,,,
clients_export.csv,XT-01325,billing_currency,USD,,crm_export,,,,
clients_export.csv,XT-01082,billing_currency,NGN,,crm_export,,,,
clients_export.csv,XT-01407,billing_currency,USD,,crm_export,,,,
clients_export.csv,XT-01187,billing_currency,NGN,,crm_export,,,,
clients_export.csv,XT-00830,billing_currency,NGN,,crm_export,,,,
clients_export.csv,XT-00978,billing_currency,GBP,,crm_export,,,,
clients_export.csv,XT-01492,billing_currency,NGN,,crm_export,,,,
clients_export.csv,XT-00411,billing_currency,NGN,,crm_export,,,,
clients_export.csv,XT-01220,billing_currency,NGN,,crm_export,,,,
clients_export.csv,XT-00059,billing_currency,,,crm_export,,,,
clients_export.csv,XT-00683,billing_currency,,,crm_export,,,,
clients_export.csv,XT-00139,billing_currency,NGN,,crm_export,,,,
clients_export.csv,XT-00792,billing_currency,NGN,,crm_export,,,,
clients_export.csv,XT-00840,billing_currency,NGN,,crm_export,,,,
clients_export.csv,XT-00432,billing_currency,NGN,,crm_export,,,,
clients_export.csv,XT-00893,billing_currency,,,crm_export,,,,
clients_export.csv,XT-00597,billing_currency,NGN,,crm_export,,,,
clients_export.csv,XT-01510,billing_currency,NGN,,crm_export,,,,
clients_export.csv,XT-01623,billing_currency,NGN,,crm_export,,,,
clients_export.csv,XT-00973,billing_currency,NGN,,crm_export,,,,
clients_export.csv,XT-01586,billing_currency,USD,,crm_export,,,,
clients_export.csv,XT-01493,billing_currency,NGN,,crm_export,,,,
clients_export.csv,XT-01120,billing_currency,NGN,,crm_export,,,,
clients_export.csv,XT-01747,billing_currency,,,crm_export,,,,
clients_export.csv,XT-01815,billing_currency,NGN,,crm_export,,,,
clients_export.csv,XT-01067,billing_currency,NGN,,crm_export,,,,
clients_export.csv,XT-00663,billing_currency,USD,,crm_export,,,,
clients_export.csv,XT-01416,billing_currency,NGN,,crm_export,,,,
clients_export.csv,XT-01799,billing_currency,NGN,,crm_export,,,,
clients_export.csv,XT-01487,billing_currency,NGN,,crm_export,,,,
clients_export.csv,XT-01118,billing_currency,NGN,,crm_export,,,,
clients_export.csv,XT-01652,billing_currency,GBP,,crm_export,,,,
clients_export.csv,XT-01511,billing_currency,USD,,crm_export,,,,
clients_export.csv,XT-01422,billing_currency,NGN,,crm_export,,,,
clients_export.csv,XT-00901,billing_currency,GBP,,crm_export,,,,
clients_export.csv,XT-01178,billing_currency,NGN,,crm_export,,,,
clients_export.csv,XT-01321,billing_currency,NGN,,crm_export,,,,
clients_export.csv,XT-01748,billing_currency,NGN,,crm_export,,,,
clients_export.csv,XT-00313,billing_currency,NGN,,crm_export,,,,
clients_export.csv,XT-01249,billing_currency,USD,,crm_export,,,,
clients_export.csv,XT-00234,billing_currency,NGN,,crm_export,,,,
clients_export.csv,XT-01028,billing_currency,USD,,crm_export,,,,
clients_export.csv,XT-01181,billing_currency,NGN,,crm_export,,,,
clients_export.csv,XT-00871,billing_currency,NGN,,crm_export,,,,
clients_export.csv,XT-01725,billing_currency,NGN,,crm_export,,,,
clients_export.csv,XT-01253,billing_currency,NGN,,crm_export,,,,
clients_export.csv,XT-00424,billing_currency,NGN,,crm_export,,,,
clients_export.csv,XT-00920,billing_currency,NGN,,crm_export,,,,
clients_export.csv,XT-00553,billing_currency,NGN,,crm_export,,,,
clients_export.csv,XT-00418,billing_currency,,,crm_export,,,,
clients_export.csv,XT-00393,billing_currency,NGN,,crm_export,,,,
clients_export.csv,XT-01443,billing_currency,NGN,,crm_export,,,,
clients_export.csv,XT-01132,billing_currency,NGN,,crm_export,,,,
clients_export.csv,XT-00477,billing_currency,NGN,,crm_export,,,,
clients_export.csv,XT-01533,billing_currency,NGN,,crm_export,,,,
clients_export.csv,XT-00578,billing_currency,NGN,,crm_export,,,,
clients_export.csv,XT-00061,billing_currency,,,crm_export,,,,
clients_export.csv,XT-01164,billing_currency,GBP,,crm_export,,,,
clients_export.csv,XT-00906,billing_currency,GBP,,crm_export,,,,
clients_export.csv,XT-01046,billing_currency,,,crm_export,,,,
clients_export.csv,XT-00208,billing_currency,,,crm_export,,,,
clients_export.csv,XT-00939,billing_currency,NGN,,crm_export,,,,
clients_export.csv,XT-00670,billing_currency,NGN,,crm_export,,,,
clients_export.csv,XT-00941,billing_currency,GBP,,crm_export,,,,
clients_export.csv,XT-01390,billing_currency,NGN,,crm_export,,,,
clients_export.csv,XT-00703,billing_currency,NGN,,crm_export,,,,
clients_export.csv,XT-00753,billing_currency,NGN,,crm_export,,,,
clients_export.csv,XT-00200,billing_currency,NGN,,crm_export,,,,
clients_export.csv,XT-00264,billing_currency,NGN,,crm_export,,,,
clients_export.csv,XT-00205,billing_currency,NGN,,crm_export,,,,
clients_export.csv,XT-00266,billing_currency,NGN,,crm_export,,,,
clients_export.csv,XT-00429,billing_currency,NGN,,crm_export,,,,
clients_export.csv,XT-01344,billing_currency,NGN,,crm_export,,,,
clients_export.csv,XT-01434,billing_currency,NGN,,crm_export,,,,
clients_export.csv,XT-00331,billing_currency,NGN,,crm_export,,,,
clients_export.csv,XT-01894,billing_currency,NGN,,crm_export,,,,
clients_export.csv,XT-01048,billing_currency,USD,,crm_export,,,,
clients_export.csv,XT-00539,billing_currency,NGN,,crm_export,,,,
clients_export.csv,XT-01882,billing_currency,NGN,,crm_export,,,,
clients_export.csv,XT-01030,billing_currency,,,crm_export,,,,
clients_export.csv,XT-01702,billing_currency,,,crm_export,,,,
clients_export.csv,XT-01577,billing_currency,NGN,,crm_export,,,,
clients_export.csv,XT-01499,billing_currency,NGN,,crm_export,,,,
clients_export.csv,XT-00638,billing_currency,NGN,,crm_export,,,,
clients_export.csv,XT-00959,billing_currency,USD,,crm_export,,,,
clients_export.csv,XT-01053,billing_currency,NGN,,crm_export,,,,
clients_export.csv,XT-01473,billing_currency,NGN,,crm_export,,,,
clients_export.csv,XT-00815,billing_currency,NGN,,crm_export,,,,
clients_export.csv,XT-00746,billing_currency,,,crm_export,,,,
clients_export.csv,XT-01833,billing_currency,,,crm_export,,,,
clients_export.csv,XT-01062,billing_currency,NGN,,crm_export,,,,
clients_export.csv,XT-01464,billing_currency,NGN,,crm_export,,,,
clients_export.csv,XT-01517,billing_currency,NGN,,crm_export,,,,
clients_export.csv,XT-00975,billing_currency,NGN,,crm_export,,,,
clients_export.csv,XT-01622,billing_currency,NGN,,crm_export,,,,
clients_export.csv,XT-00562,billing_currency,NGN,,crm_export,,,,
clients_export.csv,XT-01847,billing_currency,,,crm_export,,,,
clients_export.csv,XT-00193,billing_currency,NGN,,crm_export,,,,
clients_export.csv,XT-00338,billing_currency,NGN,,crm_export,,,,
clients_export.csv,XT-01567,billing_currency,NGN,,crm_export,,,,
clients_export.csv,XT-01562,billing_currency,NGN,,crm_export,,,,
clients_export.csv,XT-00003,billing_currency,NGN,,crm_export,,,,
clients_export.csv,XT-00758,billing_currency,NGN,,crm_export,,,,
clients_export.csv,XT-01889,billing_currency,NGN,,crm_export,,,,
clients_export.csv,XT-00377,billing_currency,NGN,,crm_export,,,,
clients_export.csv,XT-00894,billing_currency,NGN,,crm_export,,,,
clients_export.csv,XT-00558,billing_currency,NGN,,crm_export,,,,
clients_export.csv,XT-00329,billing_currency,NGN,,crm_export,,,,
clients_export.csv,XT-00101,billing_currency,NGN,,crm_export,,,,
clients_export.csv,XT-00067,billing_currency,NGN,,crm_export,,,,
clients_export.csv,XT-00141,billing_currency,GBP,,crm_export,,,,
clients_export.csv,XT-01207,billing_currency,NGN,,crm_export,,,,
clients_export.csv,XT-01488,billing_currency,GBP,,crm_export,,,,
clients_export.csv,XT-01514,billing_currency,NGN,,crm_export,,,,
clients_export.csv,XT-01398,billing_currency,NGN,,crm_export,,,,
clients_export.csv,XT-00917,billing_currency,NGN,,crm_export,,,,
clients_export.csv,XT-01362,billing_currency,NGN,,crm_export,,,,
clients_export.csv,XT-01676,billing_currency,GBP,,crm_export,,,,
clients_export.csv,XT-00755,billing_currency,NGN,,crm_export,,,,
clients_export.csv,XT-00083,billing_currency,NGN,,crm_export,,,,
clients_export.csv,XT-00924,billing_currency,,,crm_export,,,,
clients_export.csv,XT-00721,billing_currency,NGN,,crm_export,,,,
clients_export.csv,XT-00080,billing_currency,NGN,,crm_export,,,,
clients_export.csv,XT-01097,billing_currency,,,crm_export,,,,
clients_export.csv,XT-00569,billing_currency,NGN,,crm_export,,,,
clients_export.csv,XT-00841,billing_currency,NGN,,crm_export,,,,
clients_export.csv,XT-01137,billing_currency,NGN,,crm_export,,,,
clients_export.csv,XT-00891,billing_currency,NGN,,crm_export,,,,
clients_export.csv,XT-01630,billing_currency,GBP,,crm_export,,,,
clients_export.csv,XT-01818,billing_currency,NGN,,crm_export,,,,
clients_export.csv,XT-01682,billing_currency,USD,,crm_export,,,,
clients_export.csv,XT-00675,billing_currency,NGN,,crm_export,,,,
clients_export.csv,XT-01480,billing_currency,NGN,,crm_export,,,,
clients_export.csv,XT-00808,billing_currency,,,crm_export,,,,
clients_export.csv,XT-01796,billing_currency,,,crm_export,,,,
clients_export.csv,XT-01472,billing_currency,NGN,,crm_export,,,,
clients_export.csv,XT-00804,billing_currency,,,crm_export,,,,
clients_export.csv,XT-00312,billing_currency,GBP,,crm_export,,,,
clients_export.csv,XT-01764,billing_currency,NGN,,crm_export,,,,
clients_export.csv,XT-01110,billing_currency,,,crm_export,,,,
clients_export.csv,XT-01401,billing_currency,NGN,,crm_export,,,,
clients_export.csv,XT-00019,billing_currency,NGN,,crm_export,,,,
clients_export.csv,XT-01327,billing_currency,NGN,,crm_export,,,,
clients_export.csv,XT-00847,billing_currency,NGN,,crm_export,,,,
clients_export.csv,XT-00788,billing_currency,NGN,,crm_export,,,,
clients_export.csv,XT-00414,billing_currency,NGN,,crm_export,,,,
clients_export.csv,XT-01223,billing_currency,NGN,,crm_export,,,,
clients_export.csv,XT-00030,billing_currency,NGN,,crm_export,,,,
clients_export.csv,XT-00179,billing_currency,NGN,,crm_export,,,,
clients_export.csv,XT-00417,billing_currency,,,crm_export,,,,
clients_export.csv,XT-01792,billing_currency,NGN,,crm_export,,,,
clients_export.csv,XT-00201,billing_currency,NGN,,crm_export,,,,
clients_export.csv,XT-01523,billing_currency,,,crm_export,,,,
clients_export.csv,XT-01292,billing_currency,NGN,,crm_export,,,,
clients_export.csv,XT-01436,billing_currency,NGN,,crm_export,,,,
clients_export.csv,XT-00686,billing_currency,NGN,,crm_export,,,,
clients_export.csv,XT-00549,billing_currency,USD,,crm_export,,,,
clients_export.csv,XT-01691,billing_currency,NGN,,crm_export,,,,
clients_export.csv,XT-01597,billing_currency,NGN,,crm_export,,,,
clients_export.csv,XT-00262,billing_currency,NGN,,crm_export,,,,
clients_export.csv,XT-00469,billing_currency,NGN,,crm_export,,,,
clients_export.csv,XT-00632,billing_currency,,,crm_export,,,,
clients_export.csv,XT-01009,billing_currency,NGN,,crm_export,,,,
clients_export.csv,XT-00494,billing_currency,NGN,,crm_export,,,,
clients_export.csv,XT-00241,billing_currency,NGN,,crm_export,,,,
clients_export.csv,XT-01808,billing_currency,NGN,,crm_export,,,,
clients_export.csv,XT-00704,billing_currency,NGN,,crm_export,,,,
clients_export.csv,XT-00530,billing_currency,NGN,,crm_export,,,,
clients_export.csv,XT-01515,billing_currency,NGN,,crm_export,,,,
clients_export.csv,XT-01780,billing_currency,,,crm_export,,,,
clients_export.csv,XT-01481,billing_currency,,,crm_export,,,,
clients_export.csv,XT-00889,billing_currency,NGN,,crm_export,,,,
clients_export.csv,XT-00838,billing_currency,NGN,,crm_export,,,,
clients_export.csv,XT-01283,billing_currency,NGN,,crm_export,,,,
clients_export.csv,XT-01241,billing_currency,NGN,,crm_export,,,,
clients_export.csv,XT-01739,billing_currency,NGN,,crm_export,,,,
clients_export.csv,XT-00611,billing_currency,NGN,,crm_export,,,,
clients_export.csv,XT-00504,billing_currency,NGN,,crm_export,,,,
clients_export.csv,XT-00933,billing_currency,NGN,,crm_export,,,,
clients_export.csv,XT-01182,billing_currency,GBP,,crm_export,,,,
clients_export.csv,XT-00295,billing_currency,NGN,,crm_export,,,,
clients_export.csv,XT-00626,billing_currency,NGN,,crm_export,,,,
clients_export.csv,XT-00004,billing_currency,USD,,crm_export,,,,
clients_export.csv,XT-00657,billing_currency,,,crm_export,,,,
clients_export.csv,XT-01376,billing_currency,NGN,,crm_export,,,,
clients_export.csv,XT-00844,billing_currency,NGN,,crm_export,,,,
clients_export.csv,XT-00307,billing_currency,USD,,crm_export,,,,
clients_export.csv,XT-01826,billing_currency,USD,,crm_export,,,,
clients_export.csv,XT-01298,billing_currency,NGN,,crm_export,,,,
clients_export.csv,XT-01150,billing_currency,NGN,,crm_export,,,,
clients_export.csv,XT-00521,billing_currency,,,crm_export,,,,
clients_export.csv,XT-00245,billing_currency,USD,,crm_export,,,,
clients_export.csv,XT-00072,billing_currency,,,crm_export,,,,
clients_export.csv,XT-01553,billing_currency,,,crm_export,,,,
clients_export.csv,XT-01175,billing_currency,NGN,,crm_export,,,,
clients_export.csv,XT-00381,billing_currency,,,crm_export,,,,
clients_export.csv,XT-01080,billing_currency,NGN,,crm_export,,,,
clients_export.csv,XT-01811,billing_currency,NGN,,crm_export,,,,
clients_export.csv,XT-01378,billing_currency,NGN,,crm_export,,,,
clients_export.csv,XT-01611,billing_currency,,,crm_export,,,,
clients_export.csv,XT-00684,billing_currency,,,crm_export,,,,
clients_export.csv,XT-01018,billing_currency,NGN,,crm_export,,,,
clients_export.csv,XT-00931,billing_currency,NGN,,crm_export,,,,
clients_export.csv,XT-01049,billing_currency,GBP,,crm_export,,,,
clients_export.csv,XT-00129,billing_currency,NGN,,crm_export,,,,
clients_export.csv,XT-01490,billing_currency,NGN,,crm_export,,,,
clients_export.csv,XT-00585,billing_currency,NGN,,crm_export,,,,
clients_export.csv,XT-00680,billing_currency,NGN,,crm_export,,,,
clients_export.csv,XT-00582,billing_currency,NGN,,crm_export,,,,
clients_export.csv,XT-01350,billing_currency,NGN,,crm_export,,,,
clients_export.csv,XT-00457,billing_currency,NGN,,crm_export,,,,
clients_export.csv,XT-00192,billing_currency,,,crm_export,,,,
clients_export.csv,XT-00387,billing_currency,NGN,,crm_export,,,,
clients_export.csv,XT-01598,billing_currency,NGN,,crm_export,,,,
clients_export.csv,XT-01614,billing_currency,NGN,,crm_export,,,,
clients_export.csv,XT-00287,billing_currency,NGN,,crm_export,,,,
clients_export.csv,XT-01425,billing_currency,USD,,crm_export,,,,
clients_export.csv,XT-01736,billing_currency,NGN,,crm_export,,,,
clients_export.csv,XT-00629,billing_currency,NGN,,crm_export,,,,
clients_export.csv,XT-01337,billing_currency,NGN,,crm_export,,,,
clients_export.csv,XT-01591,billing_currency,USD,,crm_export,,,,
clients_export.csv,XT-01099,billing_currency,NGN,,crm_export,,,,
clients_export.csv,XT-00769,billing_currency,NGN,,crm_export,,,,
clients_export.csv,XT-00745,billing_currency,NGN,,crm_export,,,,
clients_export.csv,XT-00644,billing_currency,,,crm_export,,,,
clients_export.csv,XT-01601,billing_currency,USD,,crm_export,,,,
clients_export.csv,XT-01801,billing_currency,NGN,,crm_export,,,,
clients_export.csv,XT-00881,billing_currency,NGN,,crm_export,,,,
clients_export.csv,XT-01196,billing_currency,NGN,,crm_export,,,,
clients_export.csv,XT-00990,billing_currency,NGN,,crm_export,,,,
clients_export.csv,XT-01365,billing_currency,NGN,,crm_export,,,,
clients_export.csv,XT-00520,billing_currency,NGN,,crm_export,,,,
clients_export.csv,XT-00923,billing_currency,NGN,,crm_export,,,,
clients_export.csv,XT-00366,billing_currency,NGN,,crm_export,,,,
clients_export.csv,XT-00546,billing_currency,NGN,,crm_export,,,,
clients_export.csv,XT-01065,billing_currency,NGN,,crm_export,,,,
clients_export.csv,XT-00480,billing_currency,,,crm_export,,,,
clients_export.csv,XT-01115,billing_currency,NGN,,crm_export,,,,
clients_export.csv,XT-01506,billing_currency,,,crm_export,,,,
clients_export.csv,XT-01092,billing_currency,NGN,,crm_export,,,,
clients_export.csv,XT-01752,billing_currency,NGN,,crm_export,,,,
clients_export.csv,XT-01332,billing_currency,NGN,,crm_export,,,,
clients_export.csv,XT-01432,billing_currency,USD,,crm_export,,,,
clients_export.csv,XT-01328,billing_currency,NGN,,crm_export,,,,
clients_export.csv,XT-01469,billing_currency,USD,,crm_export,,,,
clients_export.csv,XT-01783,billing_currency,NGN,,crm_export,,,,
clients_export.csv,XT-00985,billing_currency,,,crm_export,,,,
clients_export.csv,XT-00977,billing_currency,NGN,,crm_export,,,,
clients_export.csv,XT-01408,billing_currency,NGN,,crm_export,,,,
clients_export.csv,XT-01665,billing_currency,NGN,,crm_export,,,,
clients_export.csv,XT-01176,billing_currency,NGN,,crm_export,,,,
clients_export.csv,XT-00138,billing_currency,NGN,,crm_export,,,,
clients_export.csv,XT-01203,billing_currency,NGN,,crm_export,,,,
clients_export.csv,XT-01528,billing_currency,NGN,,crm_export,,,,
clients_export.csv,XT-01162,billing_currency,NGN,,crm_export,,,,
clients_export.csv,XT-00666,billing_currency,NGN,,crm_export,,,,
clients_export.csv,XT-01064,billing_currency,NGN,,crm_export,,,,
clients_export.csv,XT-01834,billing_currency,GBP,,crm_export,,,,
clients_export.csv,XT-00902,billing_currency,NGN,,crm_export,,,,
clients_export.csv,XT-00328,billing_currency,USD,,crm_export,,,,
clients_export.csv,XT-00437,billing_currency,NGN,,crm_export,,,,
clients_export.csv,XT-00777,billing_currency,NGN,,crm_export,,,,
clients_export.csv,XT-01467,billing_currency,NGN,,crm_export,,,,
clients_export.csv,XT-01130,billing_currency,NGN,,crm_export,,,,
clients_export.csv,XT-00242,billing_currency,NGN,,crm_export,,,,
clients_export.csv,XT-01731,billing_currency,NGN,,crm_export,,,,
clients_export.csv,XT-01810,billing_currency,NGN,,crm_export,,,,
clients_export.csv,XT-00958,billing_currency,NGN,,crm_export,,,,
clients_export.csv,XT-00029,billing_currency,NGN,,crm_export,,,,
clients_export.csv,XT-01522,billing_currency,NGN,,crm_export,,,,
clients_export.csv,XT-00249,billing_currency,USD,,crm_export,,,,
clients_export.csv,XT-00537,billing_currency,NGN,,crm_export,,,,
clients_export.csv,XT-00167,billing_currency,NGN,,crm_export,,,,
clients_export.csv,XT-00251,billing_currency,NGN,,crm_export,,,,
clients_export.csv,XT-01542,billing_currency,,,crm_export,,,,
clients_export.csv,XT-01121,billing_currency,NGN,,crm_export,,,,
clients_export.csv,XT-00305,billing_currency,NGN,,crm_export,,,,
clients_export.csv,XT-00782,billing_currency,,,crm_export,,,,
clients_export.csv,XT-01505,billing_currency,,,crm_export,,,,
clients_export.csv,XT-00226,billing_currency,USD,,crm_export,,,,
clients_export.csv,XT-01603,billing_currency,NGN,,crm_export,,,,
clients_export.csv,XT-01690,billing_currency,,,crm_export,,,,
clients_export.csv,XT-00282,billing_currency,NGN,,crm_export,,,,
clients_export.csv,XT-00406,billing_currency,NGN,,crm_export,,,,
clients_export.csv,XT-00409,billing_currency,NGN,,crm_export,,,,
clients_export.csv,XT-00826,billing_currency,NGN,,crm_export,,,,
clients_export.csv,XT-00956,billing_currency,NGN,,crm_export,,,,
clients_export.csv,XT-00772,billing_currency,NGN,,crm_export,,,,
clients_export.csv,XT-01638,billing_currency,NGN,,crm_export,,,,
clients_export.csv,XT-01559,billing_currency,NGN,,crm_export,,,,
clients_export.csv,XT-00674,billing_currency,NGN,,crm_export,,,,
clients_export.csv,XT-01259,billing_currency,NGN,,crm_export,,,,
clients_export.csv,XT-00640,billing_currency,NGN,,crm_export,,,,
clients_export.csv,XT-01633,billing_currency,NGN,,crm_export,,,,
clients_export.csv,XT-00544,billing_currency,NGN,,crm_export,,,,
clients_export.csv,XT-00580,billing_currency,NGN,,crm_export,,,,
clients_export.csv,XT-00646,billing_currency,NGN,,crm_export,,,,
clients_export.csv,XT-00352,billing_currency,NGN,,crm_export,,,,
clients_export.csv,XT-00006,billing_currency,NGN,,crm_export,,,,
clients_export.csv,XT-01619,billing_currency,NGN,,crm_export,,,,
clients_export.csv,XT-01712,billing_currency,NGN,,crm_export,,,,
clients_export.csv,XT-00602,billing_currency,USD,,crm_export,,,,
clients_export.csv,XT-01106,billing_currency,NGN,,crm_export,,,,
clients_export.csv,XT-01555,billing_currency,USD,,crm_export,,,,
clients_export.csv,XT-01519,billing_currency,,,crm_export,,,,
clients_export.csv,XT-01874,billing_currency,NGN,,crm_export,,,,
clients_export.csv,XT-00628,billing_currency,NGN,,crm_export,,,,
clients_export.csv,XT-01309,billing_currency,NGN,,crm_export,,,,
clients_export.csv,XT-00233,billing_currency,NGN,,crm_export,,,,
clients_export.csv,XT-00600,billing_currency,USD,,crm_export,,,,
clients_export.csv,XT-00333,billing_currency,USD,,crm_export,,,,
clients_export.csv,XT-01358,billing_currency,NGN,,crm_export,,,,
clients_export.csv,XT-00516,billing_currency,NGN,,crm_export,,,,
clients_export.csv,XT-00354,billing_currency,NGN,,crm_export,,,,
clients_export.csv,XT-00620,billing_currency,NGN,,crm_export,,,,
clients_export.csv,XT-00971,billing_currency,USD,,crm_export,,,,
clients_export.csv,XT-00195,billing_currency,,,crm_export,,,,
clients_export.csv,XT-00113,billing_currency,NGN,,crm_export,,,,
clients_export.csv,XT-00807,billing_currency,,,crm_export,,,,
clients_export.csv,XT-01186,billing_currency,NGN,,crm_export,,,,
clients_export.csv,XT-00404,billing_currency,NGN,,crm_export,,,,
clients_export.csv,XT-01441,billing_currency,,,crm_export,,,,
clients_export.csv,XT-00583,billing_currency,NGN,,crm_export,,,,
clients_export.csv,XT-00884,billing_currency,,,crm_export,,,,
clients_export.csv,XT-00402,billing_currency,,,crm_export,,,,
clients_export.csv,XT-00543,billing_currency,NGN,,crm_export,,,,
clients_export.csv,XT-00260,billing_currency,,,crm_export,,,,
clients_export.csv,XT-00361,billing_currency,NGN,,crm_export,,,,
clients_export.csv,XT-00733,billing_currency,NGN,,crm_export,,,,
clients_export.csv,XT-00524,billing_currency,NGN,,crm_export,,,,
clients_export.csv,XT-00833,billing_currency,NGN,,crm_export,,,,
clients_export.csv,XT-01800,billing_currency,NGN,,crm_export,,,,
clients_export.csv,XT-00434,billing_currency,,,crm_export,,,,
clients_export.csv,XT-00904,billing_currency,NGN,,crm_export,,,,
clients_export.csv,XT-00089,billing_currency,NGN,,crm_export,,,,
clients_export.csv,XT-00451,billing_currency,NGN,,crm_export,,,,
clients_export.csv,XT-01154,billing_currency,GBP,,crm_export,,,,
clients_export.csv,XT-00479,billing_currency,NGN,,crm_export,,,,
clients_export.csv,XT-00070,billing_currency,NGN,,crm_export,,,,
clients_export.csv,XT-00317,billing_currency,GBP,,crm_export,,,,
clients_export.csv,XT-00350,billing_currency,NGN,,crm_export,,,,
clients_export.csv,XT-00211,billing_currency,,,crm_export,,,,
clients_export.csv,XT-01604,billing_currency,NGN,,crm_export,,,,
clients_export.csv,XT-01572,billing_currency,NGN,,crm_export,,,,
clients_export.csv,XT-01534,billing_currency,NGN,,crm_export,,,,
clients_export.csv,XT-00694,billing_currency,NGN,,crm_export,,,,
clients_export.csv,XT-00008,billing_currency,NGN,,crm_export,,,,
clients_export.csv,XT-01197,billing_currency,NGN,,crm_export,,,,
clients_export.csv,XT-00905,billing_currency,,,crm_export,,,,
clients_export.csv,XT-01643,billing_currency,,,crm_export,,,,
clients_export.csv,XT-00036,billing_currency,NGN,,crm_export,,,,
clients_export.csv,XT-00867,billing_currency,USD,,crm_export,,,,
clients_export.csv,XT-00829,billing_currency,GBP,,crm_export,,,,
clients_export.csv,XT-00589,billing_currency,GBP,,crm_export,,,,
clients_export.csv,XT-01571,billing_currency,NGN,,crm_export,,,,
clients_export.csv,XT-01172,billing_currency,NGN,,crm_export,,,,
clients_export.csv,XT-00426,billing_currency,NGN,,crm_export,,,,
clients_export.csv,XT-00257,billing_currency,NGN,,crm_export,,,,
clients_export.csv,XT-00865,billing_currency,NGN,,crm_export,,,,
clients_export.csv,XT-01709,billing_currency,NGN,,crm_export,,,,
clients_export.csv,XT-00734,billing_currency,NGN,,crm_export,,,,
clients_export.csv,XT-01244,billing_currency,USD,,crm_export,,,,
clients_export.csv,XT-01113,billing_currency,GBP,,crm_export,,,,
clients_export.csv,XT-00502,billing_currency,NGN,,crm_export,,,,
clients_export.csv,XT-00930,billing_currency,NGN,,crm_export,,,,
clients_export.csv,XT-01812,billing_currency,NGN,,crm_export,,,,
clients_export.csv,XT-01368,billing_currency,NGN,,crm_export,,,,
clients_export.csv,XT-01575,billing_currency,,,crm_export,,,,
clients_export.csv,XT-01041,billing_currency,NGN,,crm_export,,,,
clients_export.csv,XT-00842,billing_currency,NGN,,crm_export,,,,
clients_export.csv,XT-00046,billing_currency,NGN,,crm_export,,,,
clients_export.csv,XT-01612,billing_currency,NGN,,crm_export,,,,
clients_export.csv,XT-01383,billing_currency,NGN,,crm_export,,,,
clients_export.csv,XT-01221,billing_currency,NGN,,crm_export,,,,
clients_export.csv,XT-01177,billing_currency,NGN,,crm_export,,,,
clients_export.csv,XT-00673,billing_currency,NGN,,crm_export,,,,
clients_export.csv,XT-01342,billing_currency,,,crm_export,,,,
clients_export.csv,XT-00606,billing_currency,NGN,,crm_export,,,,
clients_export.csv,XT-01208,billing_currency,NGN,,crm_export,,,,
clients_export.csv,XT-00400,billing_currency,NGN,,crm_export,,,,
clients_export.csv,XT-01188,billing_currency,NGN,,crm_export,,,,
clients_export.csv,XT-01280,billing_currency,NGN,,crm_export,,,,
clients_export.csv,XT-00810,billing_currency,NGN,,crm_export,,,,
clients_export.csv,XT-01449,billing_currency,NGN,,crm_export,,,,
clients_export.csv,XT-01708,billing_currency,USD,,crm_export,,,,
clients_export.csv,XT-00304,billing_currency,GBP,,crm_export,,,,
clients_export.csv,XT-01218,billing_currency,NGN,,crm_export,,,,
clients_export.csv,XT-01440,billing_currency,NGN,,crm_export,,,,
clients_export.csv,XT-00731,billing_currency,NGN,,crm_export,,,,
clients_export.csv,XT-00785,billing_currency,NGN,,crm_export,,,,
clients_export.csv,XT-01784,billing_currency,NGN,,crm_export,,,,
clients_export.csv,XT-00334,billing_currency,NGN,,crm_export,,,,
clients_export.csv,XT-01536,billing_currency,NGN,,crm_export,,,,
clients_export.csv,XT-00033,billing_currency,NGN,,crm_export,,,,
clients_export.csv,XT-01774,billing_currency,NGN,,crm_export,,,,
clients_export.csv,XT-01210,billing_currency,NGN,,crm_export,,,,
clients_export.csv,XT-01790,billing_currency,NGN,,crm_export,,,,
clients_export.csv,XT-00020,billing_currency,NGN,,crm_export,,,,
clients_export.csv,XT-01291,billing_currency,NGN,,crm_export,,,,
clients_export.csv,XT-01242,billing_currency,NGN,,crm_export,,,,
clients_export.csv,XT-01742,billing_currency,NGN,,crm_export,,,,
clients_export.csv,XT-00832,billing_currency,NGN,,crm_export,,,,
clients_export.csv,XT-00713,billing_currency,NGN,,crm_export,,,,
clients_export.csv,XT-00383,billing_currency,GBP,,crm_export,,,,
clients_export.csv,XT-00938,billing_currency,USD,,crm_export,,,,
clients_export.csv,XT-01072,billing_currency,NGN,,crm_export,,,,
clients_export.csv,XT-00191,billing_currency,,,crm_export,,,,
clients_export.csv,XT-01393,billing_currency,USD,,crm_export,,,,
clients_export.csv,XT-01095,billing_currency,NGN,,crm_export,,,,
clients_export.csv,XT-01026,billing_currency,NGN,,crm_export,,,,
clients_export.csv,XT-01871,billing_currency,NGN,,crm_export,,,,
clients_export.csv,XT-01460,billing_currency,,,crm_export,,,,
clients_export.csv,XT-00517,billing_currency,NGN,,crm_export,,,,
clients_export.csv,XT-00787,billing_currency,,,crm_export,,,,
clients_export.csv,XT-01608,billing_currency,NGN,,crm_export,,,,
clients_export.csv,XT-00362,billing_currency,NGN,,crm_export,,,,
clients_export.csv,XT-00878,billing_currency,NGN,,crm_export,,,,
clients_export.csv,XT-00724,billing_currency,NGN,,crm_export,,,,
clients_export.csv,XT-01289,billing_currency,NGN,,crm_export,,,,
clients_export.csv,XT-00604,billing_currency,USD,,crm_export,,,,
clients_export.csv,XT-00074,billing_currency,NGN,,crm_export,,,,
clients_export.csv,XT-00098,billing_currency,NGN,,crm_export,,,,
clients_export.csv,XT-00449,billing_currency,NGN,,crm_export,,,,
clients_export.csv,XT-01816,billing_currency,NGN,,crm_export,,,,
clients_export.csv,XT-01157,billing_currency,USD,,crm_export,,,,
clients_export.csv,XT-00542,billing_currency,NGN,,crm_export,,,,
clients_export.csv,XT-01504,billing_currency,NGN,,crm_export,,,,
clients_export.csv,XT-00225,billing_currency,NGN,,crm_export,,,,
clients_export.csv,XT-00565,billing_currency,NGN,,crm_export,,,,
clients_export.csv,XT-01156,billing_currency,NGN,,crm_export,,,,
clients_export.csv,XT-01421,billing_currency,NGN,,crm_export,,,,
clients_export.csv,XT-00347,billing_currency,NGN,,crm_export,,,,
clients_export.csv,XT-00412,billing_currency,NGN,,crm_export,,,,
clients_export.csv,XT-01715,billing_currency,NGN,,crm_export,,,,
clients_export.csv,XT-01058,billing_currency,NGN,,crm_export,,,,
clients_export.csv,XT-01495,billing_currency,NGN,,crm_export,,,,
clients_export.csv,XT-01521,billing_currency,NGN,,crm_export,,,,
clients_export.csv,XT-01417,billing_currency,NGN,,crm_export,,,,
clients_export.csv,XT-00945,billing_currency,USD,,crm_export,,,,
clients_export.csv,XT-00789,billing_currency,USD,,crm_export,,,,
clients_export.csv,XT-00708,billing_currency,NGN,,crm_export,,,,
clients_export.csv,XT-01061,billing_currency,NGN,,crm_export,,,,
clients_export.csv,XT-00283,billing_currency,NGN,,crm_export,,,,
clients_export.csv,XT-01135,billing_currency,GBP,,crm_export,,,,
clients_export.csv,XT-00720,billing_currency,NGN,,crm_export,,,,
clients_export.csv,XT-01209,billing_currency,NGN,,crm_export,,,,
clients_export.csv,XT-00741,billing_currency,NGN,,crm_export,,,,
clients_export.csv,XT-01459,billing_currency,NGN,,crm_export,,,,
clients_export.csv,XT-00761,billing_currency,NGN,,crm_export,,,,
clients_export.csv,XT-01228,billing_currency,,,crm_export,,,,
clients_export.csv,XT-00598,billing_currency,USD,,crm_export,,,,
clients_export.csv,XT-00649,billing_currency,NGN,,crm_export,,,,
clients_export.csv,XT-00749,billing_currency,NGN,,crm_export,,,,
clients_export.csv,XT-00523,billing_currency,NGN,,crm_export,,,,
clients_export.csv,XT-00476,billing_currency,USD,,crm_export,,,,
clients_export.csv,XT-00970,billing_currency,,,crm_export,,,,
clients_export.csv,XT-01381,billing_currency,NGN,,crm_export,,,,
clients_export.csv,XT-00560,billing_currency,NGN,,crm_export,,,,
clients_export.csv,XT-01359,billing_currency,NGN,,crm_export,,,,
clients_export.csv,XT-01636,billing_currency,NGN,,crm_export,,,,
clients_export.csv,XT-00581,billing_currency,NGN,,crm_export,,,,
clients_export.csv,XT-00736,billing_currency,NGN,,crm_export,,,,
clients_export.csv,XT-00912,billing_currency,NGN,,crm_export,,,,
clients_export.csv,XT-01238,billing_currency,NGN,,crm_export,,,,
clients_export.csv,XT-00267,billing_currency,NGN,,crm_export,,,,
clients_export.csv,XT-00115,billing_currency,,,crm_export,,,,
clients_export.csv,XT-01585,billing_currency,,,crm_export,,,,
clients_export.csv,XT-00068,billing_currency,NGN,,crm_export,,,,
clients_export.csv,XT-00627,billing_currency,,,crm_export,,,,
clients_export.csv,XT-00490,billing_currency,NGN,,crm_export,,,,
clients_export.csv,XT-00156,billing_currency,NGN,,crm_export,,,,
clients_export.csv,XT-01070,billing_currency,NGN,,crm_export,,,,
clients_export.csv,XT-00491,billing_currency,NGN,,crm_export,,,,
clients_export.csv,XT-00423,billing_currency,,,crm_export,,,,
clients_export.csv,XT-00337,billing_currency,NGN,,crm_export,,,,
clients_export.csv,XT-00011,billing_currency,NGN,,crm_export,,,,
clients_export.csv,XT-01824,billing_currency,NGN,,crm_export,,,,
clients_export.csv,XT-00443,billing_currency,NGN,,crm_export,,,,
clients_export.csv,XT-00158,billing_currency,NGN,,crm_export,,,,
clients_export.csv,XT-01698,billing_currency,,,crm_export,,,,
clients_export.csv,XT-01593,billing_currency,NGN,,crm_export,,,,
clients_export.csv,XT-01043,billing_currency,USD,,crm_export,,,,
clients_export.csv,XT-01848,billing_currency,NGN,,crm_export,,,,
clients_export.csv,XT-01500,billing_currency,,,crm_export,,,,
clients_export.csv,XT-00706,billing_currency,NGN,,crm_export,,,,
clients_export.csv,XT-00120,billing_currency,,,crm_export,,,,
clients_export.csv,XT-00301,billing_currency,USD,,crm_export,,,,
clients_export.csv,XT-00717,billing_currency,NGN,,crm_export,,,,
clients_export.csv,XT-00650,billing_currency,NGN,,crm_export,,,,
clients_export.csv,XT-01861,billing_currency,,,crm_export,,,,
clients_export.csv,XT-00279,billing_currency,NGN,,crm_export,,,,
clients_export.csv,XT-00047,billing_currency,NGN,,crm_export,,,,
clients_export.csv,XT-01494,billing_currency,NGN,,crm_export,,,,
clients_export.csv,XT-00119,billing_currency,NGN,,crm_export,,,,
clients_export.csv,XT-01466,billing_currency,NGN,,crm_export,,,,
clients_export.csv,XT-00445,billing_currency,USD,,crm_export,,,,
clients_export.csv,XT-01090,billing_currency,USD,,crm_export,,,,
clients_export.csv,XT-00073,billing_currency,NGN,,crm_export,,,,
clients_export.csv,XT-01282,billing_currency,NGN,,crm_export,,,,
clients_export.csv,XT-01644,billing_currency,NGN,,crm_export,,,,
clients_export.csv,XT-00794,billing_currency,NGN,,crm_export,,,,
clients_export.csv,XT-01084,billing_currency,NGN,,crm_export,,,,
clients_export.csv,XT-00330,billing_currency,NGN,,crm_export,,,,
clients_export.csv,XT-01391,billing_currency,USD,,crm_export,,,,
clients_export.csv,XT-01486,billing_currency,,,crm_export,,,,
clients_export.csv,XT-01897,billing_currency,NGN,,crm_export,,,,
clients_export.csv,XT-01650,billing_currency,NGN,,crm_export,,,,
clients_export.csv,XT-00574,billing_currency,NGN,,crm_export,,,,
clients_export.csv,XT-01287,billing_currency,NGN,,crm_export,,,,
clients_export.csv,XT-00447,billing_currency,NGN,,crm_export,,,,
clients_export.csv,XT-00799,billing_currency,NGN,,crm_export,,,,
clients_export.csv,XT-01354,billing_currency,NGN,,crm_export,,,,
clients_export.csv,XT-01288,billing_currency,NGN,,crm_export,,,,
clients_export.csv,XT-00492,billing_currency,NGN,,crm_export,,,,
clients_export.csv,XT-00343,billing_currency,NGN,,crm_export,,,,
clients_export.csv,XT-01497,billing_currency,USD,,crm_export,,,,
clients_export.csv,XT-01402,billing_currency,NGN,,crm_export,,,,
clients_export.csv,XT-01313,billing_currency,NGN,,crm_export,,,,
clients_export.csv,XT-00738,billing_currency,,,crm_export,,,,
clients_export.csv,XT-00564,billing_currency,,,crm_export,,,,
clients_export.csv,XT-01574,billing_currency,USD,,crm_export,,,,
clients_export.csv,XT-00157,billing_currency,NGN,,crm_export,,,,
clients_export.csv,XT-01085,billing_currency,NGN,,crm_export,,,,
clients_export.csv,XT-00292,billing_currency,NGN,,crm_export,,,,
clients_export.csv,XT-00348,billing_currency,USD,,crm_export,,,,
clients_export.csv,XT-01456,billing_currency,NGN,,crm_export,,,,
clients_export.csv,XT-00452,billing_currency,NGN,,crm_export,,,,
clients_export.csv,XT-00420,billing_currency,NGN,,crm_export,,,,
clients_export.csv,XT-00252,billing_currency,USD,,crm_export,,,,
clients_export.csv,XT-00919,billing_currency,NGN,,crm_export,,,,
clients_export.csv,XT-01558,billing_currency,NGN,,crm_export,,,,
clients_export.csv,XT-01717,billing_currency,NGN,,crm_export,,,,
clients_export.csv,XT-01356,billing_currency,NGN,,crm_export,,,,
clients_export.csv,XT-00108,billing_currency,NGN,,crm_export,,,,
clients_export.csv,XT-01347,billing_currency,NGN,,crm_export,,,,
clients_export.csv,XT-00728,billing_currency,NGN,,crm_export,,,,
clients_export.csv,XT-01806,billing_currency,NGN,,crm_export,,,,
clients_export.csv,XT-01632,billing_currency,NGN,,crm_export,,,,
clients_export.csv,XT-00456,billing_currency,NGN,,crm_export,,,,
clients_export.csv,XT-00293,billing_currency,NGN,,crm_export,,,,
clients_export.csv,XT-01550,billing_currency,USD,,crm_export,,,,
clients_export.csv,XT-00095,billing_currency,,,crm_export,,,,
clients_export.csv,XT-01195,billing_currency,NGN,,crm_export,,,,
clients_export.csv,XT-01152,billing_currency,NGN,,crm_export,,,,
clients_export.csv,XT-00364,billing_currency,GBP,,crm_export,,,,
clients_export.csv,XT-00419,billing_currency,NGN,,crm_export,,,,
clients_export.csv,XT-01105,billing_currency,,,crm_export,,,,
clients_export.csv,XT-01549,billing_currency,NGN,,crm_export,,,,
clients_export.csv,XT-01751,billing_currency,NGN,,crm_export,,,,
clients_export.csv,XT-01326,billing_currency,NGN,,crm_export,,,,
clients_export.csv,XT-00800,billing_currency,NGN,,crm_export,,,,
clients_export.csv,XT-01149,billing_currency,NGN,,crm_export,,,,
clients_export.csv,XT-00096,billing_currency,NGN,,crm_export,,,,
clients_export.csv,XT-00209,billing_currency,GBP,,crm_export,,,,
clients_export.csv,XT-00316,billing_currency,,,crm_export,,,,
clients_export.csv,XT-01484,billing_currency,NGN,,crm_export,,,,
clients_export.csv,XT-00824,billing_currency,NGN,,crm_export,,,,
clients_export.csv,XT-01285,billing_currency,GBP,,crm_export,,,,
clients_export.csv,XT-01102,billing_currency,NGN,,crm_export,,,,
clients_export.csv,XT-00219,billing_currency,NGN,,crm_export,,,,
clients_export.csv,XT-00284,billing_currency,NGN,,crm_export,,,,
clients_export.csv,XT-00817,billing_currency,NGN,,crm_export,,,,
clients_export.csv,XT-01729,billing_currency,NGN,,crm_export,,,,
clients_export.csv,XT-01109,billing_currency,NGN,,crm_export,,,,
clients_export.csv,XT-01293,billing_currency,NGN,,crm_export,,,,
clients_export.csv,XT-00619,billing_currency,,,crm_export,,,,
clients_export.csv,XT-00039,billing_currency,NGN,,crm_export,,,,
clients_export.csv,XT-01775,billing_currency,NGN,,crm_export,,,,
clients_export.csv,XT-00461,billing_currency,NGN,,crm_export,,,,
clients_export.csv,XT-01539,billing_currency,NGN,,crm_export,,,,
clients_export.csv,XT-00109,billing_currency,NGN,,crm_export,,,,
clients_export.csv,XT-00076,billing_currency,NGN,,crm_export,,,,
clients_export.csv,XT-01139,billing_currency,GBP,,crm_export,,,,
clients_export.csv,XT-01355,billing_currency,NGN,,crm_export,,,,
clients_export.csv,XT-00518,billing_currency,NGN,,crm_export,,,,
clients_export.csv,XT-01465,billing_currency,NGN,,crm_export,,,,
clients_export.csv,XT-01844,billing_currency,NGN,,crm_export,,,,
clients_export.csv,XT-01582,billing_currency,NGN,,crm_export,,,,
clients_export.csv,XT-00963,billing_currency,NGN,,crm_export,,,,
clients_export.csv,XT-00679,billing_currency,NGN,,crm_export,,,,
clients_export.csv,XT-01306,billing_currency,NGN,,crm_export,,,,
clients_export.csv,XT-01672,billing_currency,NGN,,crm_export,,,,
clients_export.csv,XT-00174,billing_currency,NGN,,crm_export,,,,
clients_export.csv,XT-00240,billing_currency,NGN,,crm_export,,,,
clients_export.csv,XT-01813,billing_currency,,,crm_export,,,,
clients_export.csv,XT-01821,billing_currency,NGN,,crm_export,,,,
clients_export.csv,XT-00196,billing_currency,NGN,,crm_export,,,,
clients_export.csv,XT-00880,billing_currency,NGN,,crm_export,,,,
clients_export.csv,XT-01406,billing_currency,NGN,,crm_export,,,,
clients_export.csv,XT-00935,billing_currency,NGN,,crm_export,,,,
clients_export.csv,XT-00700,billing_currency,NGN,,crm_export,,,,
clients_export.csv,XT-01870,billing_currency,NGN,,crm_export,,,,
clients_export.csv,XT-00349,billing_currency,NGN,,crm_export,,,,
clients_export.csv,XT-00250,billing_currency,NGN,,crm_export,,,,
clients_export.csv,XT-00475,billing_currency,NGN,,crm_export,,,,
clients_export.csv,XT-00730,billing_currency,NGN,,crm_export,,,,
clients_export.csv,XT-01032,billing_currency,,,crm_export,,,,
clients_export.csv,XT-00843,billing_currency,NGN,,crm_export,,,,
clients_export.csv,XT-00547,billing_currency,NGN,,crm_export,,,,
clients_export.csv,XT-00885,billing_currency,NGN,,crm_export,,,,
clients_export.csv,XT-00372,billing_currency,NGN,,crm_export,,,,
clients_export.csv,XT-00822,billing_currency,NGN,,crm_export,,,,
clients_export.csv,XT-00974,billing_currency,NGN,,crm_export,,,,
clients_export.csv,XT-00850,billing_currency,NGN,,crm_export,,,,
clients_export.csv,XT-01079,billing_currency,NGN,,crm_export,,,,
clients_export.csv,XT-00892,billing_currency,NGN,,crm_export,,,,
clients_export.csv,XT-01395,billing_currency,USD,,crm_export,,,,
clients_export.csv,XT-01819,billing_currency,NGN,,crm_export,,,,
clients_export.csv,XT-00536,billing_currency,,,crm_export,,,,
clients_export.csv,XT-00351,billing_currency,NGN,,crm_export,,,,
clients_export.csv,XT-00430,billing_currency,NGN,,crm_export,,,,
clients_export.csv,XT-01583,billing_currency,NGN,,crm_export,,,,
clients_export.csv,XT-00197,billing_currency,NGN,,crm_export,,,,
clients_export.csv,XT-00793,billing_currency,NGN,,crm_export,,,,
clients_export.csv,XT-01204,billing_currency,GBP,,crm_export,,,,
clients_export.csv,XT-01707,billing_currency,NGN,,crm_export,,,,
clients_export.csv,XT-01010,billing_currency,NGN,,crm_export,,,,
clients_export.csv,XT-00610,billing_currency,NGN,,crm_export,,,,
clients_export.csv,XT-00213,billing_currency,NGN,,crm_export,,,,
clients_export.csv,XT-00711,billing_currency,NGN,,crm_export,,,,
clients_export.csv,XT-00042,billing_currency,NGN,,crm_export,,,,
clients_export.csv,XT-01428,billing_currency,,,crm_export,,,,
clients_export.csv,XT-01216,billing_currency,,,crm_export,,,,
clients_export.csv,XT-01003,billing_currency,NGN,,crm_export,,,,
clients_export.csv,XT-01664,billing_currency,NGN,,crm_export,,,,
clients_export.csv,XT-00667,billing_currency,NGN,,crm_export,,,,
clients_export.csv,XT-01295,billing_currency,NGN,,crm_export,,,,
clients_export.csv,XT-01594,billing_currency,,,crm_export,,,,
clients_export.csv,XT-01360,billing_currency,NGN,,crm_export,,,,
clients_export.csv,XT-01318,billing_currency,NGN,,crm_export,,,,
clients_export.csv,XT-00118,billing_currency,NGN,,crm_export,,,,
clients_export.csv,XT-01756,billing_currency,GBP,,crm_export,,,,
clients_export.csv,XT-00066,billing_currency,USD,,crm_export,,,,
clients_export.csv,XT-00556,billing_currency,NGN,,crm_export,,,,
clients_export.csv,XT-00194,billing_currency,NGN,,crm_export,,,,
clients_export.csv,XT-01855,billing_currency,NGN,,crm_export,,,,
clients_export.csv,XT-00022,billing_currency,NGN,,crm_export,,,,
clients_export.csv,XT-01367,billing_currency,NGN,,crm_export,,,,
clients_export.csv,XT-01025,billing_currency,NGN,,crm_export,,,,
clients_export.csv,XT-01878,billing_currency,,,crm_export,,,,
clients_export.csv,XT-01290,billing_currency,NGN,,crm_export,,,,
clients_export.csv,XT-00028,billing_currency,NGN,,crm_export,,,,
clients_export.csv,XT-01439,billing_currency,NGN,,crm_export,,,,
clients_export.csv,XT-01507,billing_currency,NGN,,crm_export,,,,
clients_export.csv,XT-00273,billing_currency,NGN,,crm_export,,,,
clients_export.csv,XT-01857,billing_currency,NGN,,crm_export,,,,
clients_export.csv,XT-00382,billing_currency,NGN,,crm_export,,,,
clients_export.csv,XT-01400,billing_currency,NGN,,crm_export,,,,
clients_export.csv,XT-01101,billing_currency,NGN,,crm_export,,,,
clients_export.csv,XT-01444,billing_currency,NGN,,crm_export,,,,
clients_export.csv,XT-01047,billing_currency,NGN,,crm_export,,,,
clients_export.csv,XT-00796,billing_currency,NGN,,crm_export,,,,
clients_export.csv,XT-00188,billing_currency,NGN,,crm_export,,,,
clients_export.csv,XT-00995,billing_currency,NGN,,crm_export,,,,
clients_export.csv,XT-01357,billing_currency,GBP,,crm_export,,,,
clients_export.csv,XT-01817,billing_currency,NGN,,crm_export,,,,
clients_export.csv,XT-00365,billing_currency,USD,,crm_export,,,,
clients_export.csv,XT-01727,billing_currency,NGN,,crm_export,,,,
clients_export.csv,XT-00465,billing_currency,NGN,,crm_export,,,,
clients_export.csv,XT-01248,billing_currency,USD,,crm_export,,,,
clients_export.csv,XT-00770,billing_currency,NGN,,crm_export,,,,
clients_export.csv,XT-01881,billing_currency,NGN,,crm_export,,,,
clients_export.csv,XT-00915,billing_currency,NGN,,crm_export,,,,
clients_export.csv,XT-00635,billing_currency,NGN,,crm_export,,,,
clients_export.csv,XT-00199,billing_currency,NGN,,crm_export,,,,
clients_export.csv,XT-00828,billing_currency,NGN,,crm_export,,,,
clients_export.csv,XT-00705,billing_currency,GBP,,crm_export,,,,
clients_export.csv,XT-01674,billing_currency,NGN,,crm_export,,,,
clients_export.csv,XT-01468,billing_currency,NGN,,crm_export,,,,
clients_export.csv,XT-00689,billing_currency,NGN,,crm_export,,,,
clients_export.csv,XT-00081,billing_currency,NGN,,crm_export,,,,
clients_export.csv,XT-00791,billing_currency,GBP,,crm_export,,,,
clients_export.csv,XT-00016,billing_currency,NGN,,crm_export,,,,
clients_export.csv,XT-01029,billing_currency,NGN,,crm_export,,,,
clients_export.csv,XT-00236,billing_currency,NGN,,crm_export,,,,
clients_export.csv,XT-00255,billing_currency,USD,,crm_export,,,,
clients_export.csv,XT-01335,billing_currency,NGN,,crm_export,,,,
clients_export.csv,XT-01447,billing_currency,NGN,,crm_export,,,,
clients_export.csv,XT-01015,billing_currency,NGN,,crm_export,,,,
clients_export.csv,XT-00870,billing_currency,NGN,,crm_export,,,,
clients_export.csv,XT-00756,billing_currency,NGN,,crm_export,,,,
clients_export.csv,XT-00086,billing_currency,NGN,,crm_export,,,,
clients_export.csv,XT-00290,billing_currency,NGN,,crm_export,,,,
clients_export.csv,XT-01584,billing_currency,GBP,,crm_export,,,,
clients_export.csv,XT-01129,billing_currency,NGN,,crm_export,,,,
clients_export.csv,XT-01509,billing_currency,NGN,,crm_export,,,,
clients_export.csv,XT-01247,billing_currency,NGN,,crm_export,,,,
clients_export.csv,XT-00552,billing_currency,NGN,,crm_export,,,,
clients_export.csv,XT-01578,billing_currency,NGN,,crm_export,,,,
clients_export.csv,XT-01304,billing_currency,NGN,,crm_export,,,,
clients_export.csv,XT-01385,billing_currency,,,crm_export,,,,
clients_export.csv,XT-01389,billing_currency,NGN,,crm_export,,,,
clients_export.csv,XT-01685,billing_currency,NGN,,crm_export,,,,
clients_export.csv,XT-01866,billing_currency,NGN,,crm_export,,,,
clients_export.csv,XT-01595,billing_currency,,,crm_export,,,,
clients_export.csv,XT-01054,billing_currency,NGN,,crm_export,,,,
clients_export.csv,XT-00103,billing_currency,NGN,,crm_export,,,,
clients_export.csv,XT-00143,billing_currency,,,crm_export,,,,
clients_export.csv,XT-01788,billing_currency,NGN,,crm_export,,,,
clients_export.csv,XT-00054,billing_currency,NGN,,crm_export,,,,
clients_export.csv,XT-00235,billing_currency,NGN,,crm_export,,,,
clients_export.csv,XT-01463,billing_currency,USD,,crm_export,,,,
clients_export.csv,XT-01107,billing_currency,NGN,,crm_export,,,,
clients_export.csv,XT-00907,billing_currency,,,crm_export,,,,
clients_export.csv,XT-01677,billing_currency,NGN,,crm_export,,,,
clients_export.csv,XT-00737,billing_currency,NGN,,crm_export,,,,
clients_export.csv,XT-01037,billing_currency,NGN,,crm_export,,,,
clients_export.csv,XT-00014,billing_currency,USD,,crm_export,,,,
clients_export.csv,XT-00735,billing_currency,GBP,,crm_export,,,,
clients_export.csv,XT-01243,billing_currency,NGN,,crm_export,,,,
clients_export.csv,XT-00277,billing_currency,NGN,,crm_export,,,,
clients_export.csv,XT-01900,billing_currency,NGN,,crm_export,,,,
clients_export.csv,XT-00505,billing_currency,USD,,crm_export,,,,
clients_export.csv,XT-01892,billing_currency,NGN,,crm_export,,,,
clients_export.csv,XT-01639,billing_currency,,,crm_export,,,,
clients_export.csv,XT-00587,billing_currency,NGN,,crm_export,,,,
clients_export.csv,XT-01145,billing_currency,NGN,,crm_export,,,,
clients_export.csv,XT-01273,billing_currency,USD,,crm_export,,,,
clients_export.csv,XT-01474,billing_currency,NGN,,crm_export,,,,
clients_export.csv,XT-00685,billing_currency,NGN,,crm_export,,,,
clients_export.csv,XT-00248,billing_currency,,,crm_export,,,,
clients_export.csv,XT-01694,billing_currency,NGN,,crm_export,,,,
clients_export.csv,XT-00163,billing_currency,NGN,,crm_export,,,,
clients_export.csv,XT-00940,billing_currency,,,crm_export,,,,
clients_export.csv,XT-00641,billing_currency,NGN,,crm_export,,,,
clients_export.csv,XT-00743,billing_currency,NGN,,crm_export,,,,
clients_export.csv,XT-01166,billing_currency,NGN,,crm_export,,,,
clients_export.csv,XT-00441,billing_currency,,,crm_export,,,,
clients_export.csv,XT-00152,billing_currency,NGN,,crm_export,,,,
clients_export.csv,XT-01765,billing_currency,,,crm_export,,,,
clients_export.csv,XT-01793,billing_currency,USD,,crm_export,,,,
clients_export.csv,XT-00130,billing_currency,,,crm_export,,,,
clients_export.csv,XT-00495,billing_currency,,,crm_export,,,,
clients_export.csv,XT-00075,billing_currency,NGN,,crm_export,,,,
clients_export.csv,XT-00488,billing_currency,NGN,,crm_export,,,,
clients_export.csv,XT-00415,billing_currency,NGN,,crm_export,,,,
clients_export.csv,XT-01264,billing_currency,NGN,,crm_export,,,,
clients_export.csv,XT-00742,billing_currency,NGN,,crm_export,,,,
clients_export.csv,XT-01219,billing_currency,NGN,,crm_export,,,,
clients_export.csv,XT-01403,billing_currency,GBP,,crm_export,,,,
clients_export.csv,XT-01615,billing_currency,GBP,,crm_export,,,,
clients_export.csv,XT-00223,billing_currency,NGN,,crm_export,,,,
clients_export.csv,XT-01011,billing_currency,NGN,,crm_export,,,,
clients_export.csv,XT-00651,billing_currency,NGN,,crm_export,,,,
clients_export.csv,XT-01044,billing_currency,NGN,,crm_export,,,,
clients_export.csv,XT-00265,billing_currency,NGN,,crm_export,,,,
clients_export.csv,XT-00087,billing_currency,NGN,,crm_export,,,,
clients_export.csv,XT-00319,billing_currency,NGN,,crm_export,,,,
clients_export.csv,XT-01877,billing_currency,NGN,,crm_export,,,,
clients_export.csv,XT-00055,billing_currency,NGN,,crm_export,,,,
clients_export.csv,XT-01822,billing_currency,,,crm_export,,,,
clients_export.csv,XT-00231,billing_currency,NGN,,crm_export,,,,
clients_export.csv,XT-01372,billing_currency,NGN,,crm_export,,,,
clients_export.csv,XT-00525,billing_currency,NGN,,crm_export,,,,
clients_export.csv,XT-00410,billing_currency,NGN,,crm_export,,,,
clients_export.csv,XT-00899,billing_currency,NGN,,crm_export,,,,
clients_export.csv,XT-00078,billing_currency,NGN,,crm_export,,,,
clients_export.csv,XT-00388,billing_currency,NGN,,crm_export,,,,
clients_export.csv,XT-00125,billing_currency,,,crm_export,,,,
clients_export.csv,XT-01225,billing_currency,GBP,,crm_export,,,,
clients_export.csv,XT-01697,billing_currency,NGN,,crm_export,,,,
clients_export.csv,XT-01667,billing_currency,NGN,,crm_export,,,,
clients_export.csv,XT-01607,billing_currency,NGN,,crm_export,,,,
clients_export.csv,XT-01884,billing_currency,NGN,,crm_export,,,,
clients_export.csv,XT-00962,billing_currency,NGN,,crm_export,,,,
clients_export.csv,XT-00222,billing_currency,NGN,,crm_export,,,,
clients_export.csv,XT-01442,billing_currency,NGN,,crm_export,,,,
clients_export.csv,XT-01096,billing_currency,NGN,,crm_export,,,,
clients_export.csv,XT-01180,billing_currency,NGN,,crm_export,,,,
clients_export.csv,XT-00169,billing_currency,NGN,,crm_export,,,,
clients_export.csv,XT-00259,billing_currency,NGN,,crm_export,,,,
clients_export.csv,XT-00506,billing_currency,NGN,,crm_export,,,,
clients_export.csv,XT-01315,billing_currency,NGN,,crm_export,,,,
clients_export.csv,XT-01805,billing_currency,NGN,,crm_export,,,,
clients_export.csv,XT-01693,billing_currency,GBP,,crm_export,,,,
clients_export.csv,XT-01435,billing_currency,NGN,,crm_export,,,,
clients_export.csv,XT-00094,billing_currency,NGN,,crm_export,,,,
clients_export.csv,XT-00918,billing_currency,NGN,,crm_export,,,,
clients_export.csv,XT-00483,billing_currency,NGN,,crm_export,,,,
clients_export.csv,XT-01334,billing_currency,NGN,,crm_export,,,,
clients_export.csv,XT-00953,billing_currency,NGN,,crm_export,,,,
clients_export.csv,XT-00311,billing_currency,USD,,crm_export,,,,
clients_export.csv,XT-00140,billing_currency,NGN,,crm_export,,,,
clients_export.csv,XT-00873,billing_currency,NGN,,crm_export,,,,
clients_export.csv,XT-00391,billing_currency,USD,,crm_export,,,,
clients_export.csv,XT-01721,billing_currency,NGN,,crm_export,,,,
clients_export.csv,XT-01202,billing_currency,NGN,,crm_export,,,,
clients_export.csv,XT-01794,billing_currency,NGN,,crm_export,,,,
clients_export.csv,XT-01240,billing_currency,NGN,,crm_export,,,,
clients_export.csv,XT-00397,billing_currency,NGN,,crm_export,,,,
clients_export.csv,XT-01696,billing_currency,NGN,,crm_export,,,,
clients_export.csv,XT-01779,billing_currency,NGN,,crm_export,,,,
clients_export.csv,XT-01433,billing_currency,NGN,,crm_export,,,,
clients_export.csv,XT-01226,billing_currency,NGN,,crm_export,,,,
clients_export.csv,XT-00085,billing_currency,NGN,,crm_export,,,,
clients_export.csv,XT-01409,billing_currency,NGN,,crm_export,,,,
clients_export.csv,XT-00586,billing_currency,NGN,,crm_export,,,,
clients_export.csv,XT-01453,billing_currency,NGN,,crm_export,,,,
clients_export.csv,XT-01057,billing_currency,NGN,,crm_export,,,,
clients_export.csv,XT-01758,billing_currency,USD,,crm_export,,,,
clients_export.csv,XT-01006,billing_currency,NGN,,crm_export,,,,
clients_export.csv,XT-00819,billing_currency,NGN,,crm_export,,,,
clients_export.csv,XT-01689,billing_currency,NGN,,crm_export,,,,
clients_export.csv,XT-01234,billing_currency,NGN,,crm_export,,,,
clients_export.csv,XT-00227,billing_currency,NGN,,crm_export,,,,
clients_export.csv,XT-00032,billing_currency,,,crm_export,,,,
clients_export.csv,XT-01008,billing_currency,NGN,,crm_export,,,,
clients_export.csv,XT-01888,billing_currency,NGN,,crm_export,,,,
clients_export.csv,XT-01042,billing_currency,NGN,,crm_export,,,,
clients_export.csv,XT-01158,billing_currency,NGN,,crm_export,,,,
clients_export.csv,XT-00269,billing_currency,NGN,,crm_export,,,,
clients_export.csv,XT-01103,billing_currency,NGN,,crm_export,,,,
clients_export.csv,XT-00608,billing_currency,,,crm_export,,,,
clients_export.csv,XT-01214,billing_currency,NGN,,crm_export,,,,
clients_export.csv,XT-01814,billing_currency,NGN,,crm_export,,,,
clients_export.csv,XT-01222,billing_currency,NGN,,crm_export,,,,
clients_export.csv,XT-01379,billing_currency,GBP,,crm_export,,,,
clients_export.csv,XT-01854,billing_currency,NGN,,crm_export,,,,
clients_export.csv,XT-01173,billing_currency,,,crm_export,,,,
clients_export.csv,XT-00270,billing_currency,NGN,,crm_export,,,,
clients_export.csv,XT-00532,billing_currency,NGN,,crm_export,,,,
clients_export.csv,XT-00220,billing_currency,NGN,,crm_export,,,,
clients_export.csv,XT-00688,billing_currency,NGN,,crm_export,,,,
clients_export.csv,XT-01543,billing_currency,NGN,,crm_export,,,,
clients_export.csv,XT-01457,billing_currency,NGN,,crm_export,,,,
clients_export.csv,XT-00948,billing_currency,NGN,,crm_export,,,,
clients_export.csv,XT-01141,billing_currency,NGN,,crm_export,,,,
clients_export.csv,XT-01317,billing_currency,NGN,,crm_export,,,,
clients_export.csv,XT-01331,billing_currency,USD,,crm_export,,,,
clients_export.csv,XT-01645,billing_currency,NGN,,crm_export,,,,
clients_export.csv,XT-01631,billing_currency,NGN,,crm_export,,,,
clients_export.csv,XT-01580,billing_currency,NGN,,crm_export,,,,
clients_export.csv,XT-01063,billing_currency,USD,,crm_export,,,,
clients_export.csv,XT-01646,billing_currency,NGN,,crm_export,,,,
clients_export.csv,XT-01036,billing_currency,NGN,,crm_export,,,,
clients_export.csv,XT-00634,billing_currency,NGN,,crm_export,,,,
clients_export.csv,XT-00203,billing_currency,NGN,,crm_export,,,,
clients_export.csv,XT-01128,billing_currency,NGN,,crm_export,,,,
clients_export.csv,XT-00460,billing_currency,NGN,,crm_export,,,,
clients_export.csv,XT-01387,billing_currency,NGN,,crm_export,,,,
clients_export.csv,XT-00111,billing_currency,NGN,,crm_export,,,,
clients_export.csv,XT-01789,billing_currency,,,crm_export,,,,
clients_export.csv,XT-00117,billing_currency,NGN,,crm_export,,,,
clients_export.csv,XT-00401,billing_currency,NGN,,crm_export,,,,
clients_export.csv,XT-00861,billing_currency,NGN,,crm_export,,,,
clients_export.csv,XT-01621,billing_currency,NGN,,crm_export,,,,
clients_export.csv,XT-01744,billing_currency,NGN,,crm_export,,,,
clients_export.csv,XT-01198,billing_currency,NGN,,crm_export,,,,
clients_export.csv,XT-01527,billing_currency,GBP,,crm_export,,,,
clients_export.csv,XT-00148,billing_currency,NGN,,crm_export,,,,
clients_export.csv,XT-01770,billing_currency,NGN,,crm_export,,,,
clients_export.csv,XT-00999,billing_currency,NGN,,crm_export,,,,
clients_export.csv,XT-01485,billing_currency,NGN,,crm_export,,,,
clients_export.csv,XT-01563,billing_currency,NGN,,crm_export,,,,
clients_export.csv,XT-01512,billing_currency,NGN,,crm_export,,,,
clients_export.csv,XT-00678,billing_currency,USD,,crm_export,,,,
clients_export.csv,XT-00950,billing_currency,NGN,,crm_export,,,,
clients_export.csv,XT-00218,billing_currency,,,crm_export,,,,
clients_export.csv,XT-00863,billing_currency,NGN,,crm_export,,,,
clients_export.csv,XT-00983,billing_currency,GBP,,crm_export,,,,
clients_export.csv,XT-01000,billing_currency,NGN,,crm_export,,,,
clients_export.csv,XT-01087,billing_currency,NGN,,crm_export,,,,
clients_export.csv,XT-01634,billing_currency,NGN,,crm_export,,,,
clients_export.csv,XT-00698,billing_currency,USD,,crm_export,,,,
clients_export.csv,XT-00180,billing_currency,NGN,,crm_export,,,,
clients_export.csv,XT-00992,billing_currency,NGN,,crm_export,,,,
clients_export.csv,XT-01268,billing_currency,,,crm_export,,,,
clients_export.csv,XT-00166,billing_currency,GBP,,crm_export,,,,
clients_export.csv,XT-00590,billing_currency,NGN,,crm_export,,,,
clients_export.csv,XT-01339,billing_currency,NGN,,crm_export,,,,
clients_export.csv,XT-00911,billing_currency,NGN,,crm_export,,,,
clients_export.csv,XT-00344,billing_currency,NGN,,crm_export,,,,
clients_export.csv,XT-01743,billing_currency,NGN,,crm_export,,,,
clients_export.csv,XT-00790,billing_currency,NGN,,crm_export,,,,
clients_export.csv,XT-00764,billing_currency,NGN,,crm_export,,,,
clients_export.csv,XT-01104,billing_currency,NGN,,crm_export,,,,
clients_export.csv,XT-00816,billing_currency,NGN,,crm_export,,,,
clients_export.csv,XT-00116,billing_currency,NGN,,crm_export,,,,
clients_export.csv,XT-01399,billing_currency,NGN,,crm_export,,,,
clients_export.csv,XT-01255,billing_currency,NGN,,crm_export,,,,
clients_export.csv,XT-01260,billing_currency,NGN,,crm_export,,,,
clients_export.csv,XT-00052,billing_currency,NGN,,crm_export,,,,
clients_export.csv,XT-00380,billing_currency,NGN,,crm_export,,,,
clients_export.csv,XT-01753,billing_currency,NGN,,crm_export,,,,
clients_export.csv,XT-01031,billing_currency,NGN,,crm_export,,,,
clients_export.csv,XT-01684,billing_currency,NGN,,crm_export,,,,
clients_export.csv,XT-01412,billing_currency,NGN,,crm_export,,,,
clients_export.csv,XT-00345,billing_currency,USD,,crm_export,,,,
clients_export.csv,XT-00104,billing_currency,NGN,,crm_export,,,,
clients_export.csv,XT-00177,billing_currency,NGN,,crm_export,,,,
clients_export.csv,XT-01004,billing_currency,NGN,,crm_export,,,,
clients_export.csv,XT-01373,billing_currency,NGN,,crm_export,,,,
clients_export.csv,XT-00058,billing_currency,NGN,,crm_export,,,,
clients_export.csv,XT-00123,billing_currency,NGN,,crm_export,,,,
clients_export.csv,XT-00855,billing_currency,NGN,,crm_export,,,,
clients_export.csv,XT-01088,billing_currency,NGN,,crm_export,,,,
clients_export.csv,XT-01027,billing_currency,GBP,,crm_export,,,,
clients_export.csv,XT-00478,billing_currency,NGN,,crm_export,,,,
clients_export.csv,XT-01627,billing_currency,NGN,,crm_export,,,,
clients_export.csv,XT-00135,billing_currency,NGN,,crm_export,,,,
clients_export.csv,XT-00228,billing_currency,,,crm_export,,,,
clients_export.csv,XT-01239,billing_currency,NGN,,crm_export,,,,
clients_export.csv,XT-00591,billing_currency,GBP,,crm_export,,,,
clients_export.csv,XT-01767,billing_currency,NGN,,crm_export,,,,
clients_export.csv,XT-00458,billing_currency,NGN,,crm_export,,,,
clients_export.csv,XT-00181,billing_currency,NGN,,crm_export,,,,
clients_export.csv,XT-01199,billing_currency,NGN,,crm_export,,,,
clients_export.csv,XT-01763,billing_currency,NGN,,crm_export,,,,
clients_export.csv,XT-00827,billing_currency,NGN,,crm_export,,,,
clients_export.csv,XT-00943,billing_currency,,,crm_export,,,,
clients_export.csv,XT-01051,billing_currency,USD,,crm_export,,,,
clients_export.csv,XT-00913,billing_currency,NGN,,crm_export,,,,
clients_export.csv,XT-00732,billing_currency,NGN,,crm_export,,,,
clients_export.csv,XT-00010,billing_currency,NGN,,crm_export,,,,
clients_export.csv,XT-01733,billing_currency,GBP,,crm_export,,,,
clients_export.csv,XT-00321,billing_currency,,,crm_export,,,,
clients_export.csv,XT-00718,billing_currency,GBP,,crm_export,,,,
clients_export.csv,XT-00178,billing_currency,,,crm_export,,,,
clients_export.csv,XT-00389,billing_currency,NGN,,crm_export,,,,
clients_export.csv,XT-01807,billing_currency,NGN,,crm_export,,,,
clients_export.csv,XT-01144,billing_currency,,,crm_export,,,,
clients_export.csv,XT-00297,billing_currency,NGN,,crm_export,,,,
clients_export.csv,XT-00701,billing_currency,NGN,,crm_export,,,,
clients_export.csv,XT-01518,billing_currency,NGN,,crm_export,,,,
clients_export.csv,XT-00960,billing_currency,NGN,,crm_export,,,,
clients_export.csv,XT-00866,billing_currency,NGN,,crm_export,,,,
clients_export.csv,XT-01864,billing_currency,NGN,,crm_export,,,,
clients_export.csv,XT-00835,billing_currency,NGN,,crm_export,,,,
clients_export.csv,XT-01647,billing_currency,USD,,crm_export,,,,
clients_export.csv,XT-00499,billing_currency,NGN,,crm_export,,,,
clients_export.csv,XT-01479,billing_currency,NGN,,crm_export,,,,
clients_export.csv,XT-00053,billing_currency,NGN,,crm_export,,,,
clients_export.csv,XT-00784,billing_currency,NGN,,crm_export,,,,
clients_export.csv,XT-01081,billing_currency,NGN,,crm_export,,,,
clients_export.csv,XT-00633,billing_currency,NGN,,crm_export,,,,
clients_export.csv,XT-01740,billing_currency,NGN,,crm_export,,,,
clients_export.csv,XT-00005,billing_currency,NGN,,crm_export,,,,
clients_export.csv,XT-01077,billing_currency,NGN,,crm_export,,,,
clients_export.csv,XT-00813,billing_currency,NGN,,crm_export,,,,
clients_export.csv,XT-00507,billing_currency,NGN,,crm_export,,,,
clients_export.csv,XT-01703,billing_currency,NGN,,crm_export,,,,
clients_export.csv,XT-00300,billing_currency,NGN,,crm_export,,,,
clients_export.csv,XT-01809,billing_currency,NGN,,crm_export,,,,
clients_export.csv,XT-01776,billing_currency,NGN,,crm_export,,,,
clients_export.csv,XT-00486,billing_currency,NGN,,crm_export,,,,
clients_export.csv,XT-00384,billing_currency,NGN,,crm_export,,,,
clients_export.csv,XT-01569,billing_currency,NGN,,crm_export,,,,
clients_export.csv,XT-00921,billing_currency,NGN,,crm_export,,,,
clients_export.csv,XT-00801,billing_currency,NGN,,crm_export,,,,
clients_export.csv,XT-00954,billing_currency,NGN,,crm_export,,,,
clients_export.csv,XT-00385,billing_currency,NGN,,crm_export,,,,
clients_export.csv,XT-01544,billing_currency,NGN,,crm_export,,,,
clients_export.csv,XT-00229,billing_currency,,,crm_export,,,,
clients_export.csv,XT-01745,billing_currency,NGN,,crm_export,,,,
clients_export.csv,XT-01737,billing_currency,NGN,,crm_export,,,,
clients_export.csv,XT-00454,billing_currency,NGN,,crm_export,,,,
clients_export.csv,XT-00185,billing_currency,NGN,,crm_export,,,,
clients_export.csv,XT-00256,billing_currency,,,crm_export,,,,
clients_export.csv,XT-00134,billing_currency,NGN,,crm_export,,,,
clients_export.csv,XT-00645,billing_currency,NGN,,crm_export,,,,
clients_export.csv,XT-01719,billing_currency,NGN,,crm_export,,,,
clients_export.csv,XT-00528,billing_currency,NGN,,crm_export,,,,
clients_export.csv,XT-00676,billing_currency,NGN,,crm_export,,,,
clients_export.csv,XT-01265,billing_currency,USD,,crm_export,,,,
clients_export.csv,XT-00043,billing_currency,NGN,,crm_export,,,,
clients_export.csv,XT-00474,billing_currency,GBP,,crm_export,,,,
clients_export.csv,XT-01893,billing_currency,NGN,,crm_export,,,,
clients_export.csv,XT-00656,billing_currency,NGN,,crm_export,,,,
clients_export.csv,XT-00994,billing_currency,GBP,,crm_export,,,,
clients_export.csv,XT-01640,billing_currency,GBP,,crm_export,,,,
clients_export.csv,XT-00127,billing_currency,NGN,,crm_export,,,,
clients_export.csv,XT-00658,billing_currency,NGN,,crm_export,,,,
clients_export.csv,XT-00659,billing_currency,NGN,,crm_export,,,,
clients_export.csv,XT-00280,billing_currency,NGN,,crm_export,,,,
clients_export.csv,XT-00500,billing_currency,NGN,,crm_export,,,,
clients_export.csv,XT-00133,billing_currency,NGN,,crm_export,,,,
clients_export.csv,XT-00221,billing_currency,NGN,,crm_export,,,,
clients_export.csv,XT-01503,billing_currency,,,crm_export,,,,
clients_export.csv,XT-00489,billing_currency,NGN,,crm_export,,,,
clients_export.csv,XT-00848,billing_currency,,,crm_export,,,,
clients_export.csv,XT-01341,billing_currency,NGN,,crm_export,,,,
clients_export.csv,XT-00695,billing_currency,NGN,,crm_export,,,,
clients_export.csv,XT-01312,billing_currency,,,crm_export,,,,
clients_export.csv,XT-00768,billing_currency,NGN,,crm_export,,,,
clients_export.csv,XT-00079,billing_currency,NGN,,crm_export,,,,
clients_export.csv,XT-00605,billing_currency,NGN,,crm_export,,,,
clients_export.csv,XT-00952,billing_currency,USD,,crm_export,,,,
clients_export.csv,XT-00310,billing_currency,NGN,,crm_export,,,,
clients_export.csv,XT-01193,billing_currency,NGN,,crm_export,,,,
clients_export.csv,XT-01842,billing_currency,NGN,,crm_export,,,,
clients_export.csv,XT-00773,billing_currency,NGN,,crm_export,,,,
clients_export.csv,XT-01853,billing_currency,NGN,,crm_export,,,,
clients_export.csv,XT-00082,billing_currency,USD,,crm_export,,,,
clients_export.csv,XT-01880,billing_currency,NGN,,crm_export,,,,
clients_export.csv,XT-01781,billing_currency,NGN,,crm_export,,,,
clients_export.csv,XT-00041,billing_currency,NGN,,crm_export,,,,
clients_export.csv,XT-00664,billing_currency,NGN,,crm_export,,,,
clients_export.csv,XT-01557,billing_currency,NGN,,crm_export,,,,
clients_export.csv,XT-01525,billing_currency,NGN,,crm_export,,,,
clients_export.csv,XT-01478,billing_currency,NGN,,crm_export,,,,
clients_export.csv,XT-00533,billing_currency,NGN,,crm_export,,,,
clients_export.csv,XT-00034,billing_currency,NGN,,crm_export,,,,
clients_export.csv,XT-01579,billing_currency,USD,,crm_export,,,,
clients_export.csv,XT-01554,billing_currency,NGN,,crm_export,,,,
clients_export.csv,XT-00198,billing_currency,NGN,,crm_export,,,,
clients_export.csv,XT-00839,billing_currency,,,crm_export,,,,
clients_export.csv,XT-00155,billing_currency,USD,,crm_export,,,,
clients_export.csv,XT-01863,billing_currency,NGN,,crm_export,,,,
clients_export.csv,XT-00888,billing_currency,NGN,,crm_export,,,,
clients_export.csv,XT-00572,billing_currency,NGN,,crm_export,,,,
clients_export.csv,XT-01588,billing_currency,NGN,,crm_export,,,,
clients_export.csv,XT-00090,billing_currency,NGN,,crm_export,,,,
clients_export.csv,XT-00509,billing_currency,NGN,,crm_export,,,,
clients_export.csv,XT-00291,billing_currency,,,crm_export,,,,
clients_export.csv,XT-01169,billing_currency,NGN,,crm_export,,,,
clients_export.csv,XT-00846,billing_currency,NGN,,crm_export,,,,
clients_export.csv,XT-00774,billing_currency,NGN,,crm_export,,,,
clients_export.csv,XT-00340,billing_currency,USD,,crm_export,,,,
clients_export.csv,XT-01686,billing_currency,NGN,,crm_export,,,,
clients_export.csv,XT-01566,billing_currency,NGN,,crm_export,,,,
clients_export.csv,XT-01140,billing_currency,NGN,,crm_export,,,,
clients_export.csv,XT-01704,billing_currency,NGN,,crm_export,,,,
clients_export.csv,XT-00540,billing_currency,NGN,,crm_export,,,,
clients_export.csv,XT-00325,billing_currency,NGN,,crm_export,,,,
clients_export.csv,XT-00512,billing_currency,NGN,,crm_export,,,,
clients_export.csv,XT-00554,billing_currency,NGN,,crm_export,,,,
clients_export.csv,XT-00727,billing_currency,NGN,,crm_export,,,,
clients_export.csv,XT-00048,billing_currency,NGN,,crm_export,,,,
clients_export.csv,XT-00630,billing_currency,NGN,,crm_export,,,,
clients_export.csv,XT-01653,billing_currency,NGN,,crm_export,,,,
clients_export.csv,XT-00390,billing_currency,NGN,,crm_export,,,,
clients_export.csv,XT-00775,billing_currency,NGN,,crm_export,,,,
clients_export.csv,XT-01701,billing_currency,NGN,,crm_export,,,,
clients_export.csv,XT-00681,billing_currency,,,crm_export,,,,
clients_export.csv,XT-00616,billing_currency,NGN,,crm_export,,,,
clients_export.csv,XT-00823,billing_currency,NGN,,crm_export,,,,
clients_export.csv,XT-00056,billing_currency,NGN,,crm_export,,,,
clients_export.csv,XT-00254,billing_currency,,,crm_export,,,,
clients_export.csv,XT-01531,billing_currency,NGN,,crm_export,,,,
clients_export.csv,XT-00588,billing_currency,NGN,,crm_export,,,,
clients_export.csv,XT-01532,billing_currency,NGN,,crm_export,,,,
clients_export.csv,XT-00359,billing_currency,NGN,,crm_export,,,,
clients_export.csv,XT-00566,billing_currency,NGN,,crm_export,,,,
clients_export.csv,XT-01246,billing_currency,GBP,,crm_export,,,,
clients_export.csv,XT-01021,billing_currency,NGN,,crm_export,,,,
clients_export.csv,XT-01060,billing_currency,NGN,,crm_export,,,,
clients_export.csv,XT-00526,billing_currency,,,crm_export,,,,
clients_export.csv,XT-00519,billing_currency,NGN,,crm_export,,,,
clients_export.csv,XT-01516,billing_currency,,,crm_export,,,,
clients_export.csv,XT-00612,billing_currency,NGN,,crm_export,,,,
clients_export.csv,XT-00114,billing_currency,NGN,,crm_export,,,,
clients_export.csv,XT-00278,billing_currency,USD,,crm_export,,,,
clients_export.csv,XT-00399,billing_currency,NGN,,crm_export,,,,
clients_export.csv,XT-01657,billing_currency,NGN,,crm_export,,,,
clients_export.csv,XT-00467,billing_currency,NGN,,crm_export,,,,
clients_export.csv,XT-00062,billing_currency,NGN,,crm_export,,,,
clients_export.csv,XT-00614,billing_currency,NGN,,crm_export,,,,
clients_export.csv,XT-01470,billing_currency,NGN,,crm_export,,,,
clients_export.csv,XT-01659,billing_currency,NGN,,crm_export,,,,
clients_export.csv,XT-00879,billing_currency,NGN,,crm_export,,,,
clients_export.csv,XT-01336,billing_currency,NGN,,crm_export,,,,
clients_export.csv,XT-00961,billing_currency,NGN,,crm_export,,,,
clients_export.csv,XT-01587,billing_currency,NGN,,crm_export,,,,
clients_export.csv,XT-01134,billing_currency,NGN,,crm_export,,,,
clients_export.csv,XT-01112,billing_currency,NGN,,crm_export,,,,
clients_export.csv,XT-00154,billing_currency,USD,,crm_export,,,,
clients_export.csv,XT-00744,billing_currency,NGN,,crm_export,,,,
clients_export.csv,XT-01415,billing_currency,NGN,,crm_export,,,,
clients_export.csv,XT-01648,billing_currency,USD,,crm_export,,,,
clients_export.csv,XT-00162,billing_currency,NGN,,crm_export,,,,
clients_export.csv,XT-00481,billing_currency,NGN,,crm_export,,,,
clients_export.csv,XT-01305,billing_currency,NGN,,crm_export,,,,
clients_export.csv,XT-00367,billing_currency,NGN,,crm_export,,,,
clients_export.csv,XT-00164,billing_currency,NGN,,crm_export,,,,
clients_export.csv,XT-01119,billing_currency,NGN,,crm_export,,,,
clients_export.csv,XT-01236,billing_currency,NGN,,crm_export,,,,
clients_export.csv,XT-00716,billing_currency,NGN,,crm_export,,,,
clients_export.csv,XT-00726,billing_currency,NGN,,crm_export,,,,
clients_export.csv,XT-01660,billing_currency,NGN,,crm_export,,,,
clients_export.csv,XT-01605,billing_currency,NGN,,crm_export,,,,
clients_export.csv,XT-00548,billing_currency,NGN,,crm_export,,,,
clients_export.csv,XT-00725,billing_currency,NGN,,crm_export,,,,
clients_export.csv,XT-01723,billing_currency,NGN,,crm_export,,,,
clients_export.csv,XT-01883,billing_currency,NGN,,crm_export,,,,
clients_export.csv,XT-00779,billing_currency,NGN,,crm_export,,,,
clients_export.csv,XT-01213,billing_currency,NGN,,crm_export,,,,
clients_export.csv,XT-00150,billing_currency,NGN,,crm_export,,,,
clients_export.csv,XT-00131,billing_currency,NGN,,crm_export,,,,
clients_export.csv,XT-00559,billing_currency,NGN,,crm_export,,,,
clients_export.csv,XT-00285,billing_currency,GBP,,crm_export,,,,
clients_export.csv,XT-00886,billing_currency,NGN,,crm_export,,,,
clients_export.csv,XT-01868,billing_currency,NGN,,crm_export,,,,
clients_export.csv,XT-01836,billing_currency,NGN,,crm_export,,,,
clients_export.csv,XT-01111,billing_currency,NGN,,crm_export,,,,
clients_export.csv,XT-01231,billing_currency,NGN,,crm_export,,,,
clients_export.csv,XT-01126,billing_currency,NGN,,crm_export,,,,
clients_export.csv,XT-01576,billing_currency,GBP,,crm_export,,,,
clients_export.csv,XT-01885,billing_currency,NGN,,crm_export,,,,
clients_export.csv,XT-01673,billing_currency,NGN,,crm_export,,,,
clients_export.csv,XT-00515,billing_currency,NGN,,crm_export,,,,
clients_export.csv,XT-00966,billing_currency,USD,,crm_export,,,,
clients_export.csv,XT-01066,billing_currency,GBP,,crm_export,,,,
clients_export.csv,XT-00263,billing_currency,GBP,,crm_export,,,,
clients_export.csv,XT-00482,billing_currency,NGN,,crm_export,,,,
clients_export.csv,XT-00471,billing_currency,NGN,,crm_export,,,,
clients_export.csv,XT-01760,billing_currency,NGN,,crm_export,,,,
clients_export.csv,XT-00903,billing_currency,GBP,,crm_export,,,,
clients_export.csv,XT-00176,billing_currency,NGN,,crm_export,,,,
clients_export.csv,XT-01838,billing_currency,NGN,,crm_export,,,,
clients_export.csv,XT-01831,billing_currency,NGN,,crm_export,,,,
clients_export.csv,XT-01316,billing_currency,NGN,,crm_export,,,,
clients_export.csv,XT-00625,billing_currency,NGN,,crm_export,,,,
clients_export.csv,XT-01592,billing_currency,NGN,,crm_export,,,,
clients_export.csv,XT-01206,billing_currency,NGN,,crm_export,,,,
clients_export.csv,XT-00396,billing_currency,NGN,,crm_export,,,,
clients_export.csv,XT-01307,billing_currency,NGN,,crm_export,,,,
clients_export.csv,XT-00702,billing_currency,NGN,,crm_export,,,,
clients_export.csv,XT-00613,billing_currency,USD,,crm_export,,,,
clients_export.csv,XT-00609,billing_currency,NGN,,crm_export,,,,
clients_export.csv,XT-01396,billing_currency,USD,,crm_export,,,,
clients_export.csv,XT-01670,billing_currency,NGN,,crm_export,,,,
clients_export.csv,XT-00748,billing_currency,USD,,crm_export,,,,
clients_export.csv,XT-01083,billing_currency,NGN,,crm_export,,,,
clients_export.csv,XT-00877,billing_currency,NGN,,crm_export,,,,
clients_export.csv,XT-00012,billing_currency,NGN,,crm_export,,,,
clients_export.csv,XT-01153,billing_currency,NGN,,crm_export,,,,
clients_export.csv,XT-00593,billing_currency,USD,,crm_export,,,,
clients_export.csv,XT-00993,billing_currency,NGN,,crm_export,,,,
clients_export.csv,XT-00584,billing_currency,NGN,,crm_export,,,,
clients_export.csv,XT-00631,billing_currency,GBP,,crm_export,,,,
clients_export.csv,XT-01626,billing_currency,NGN,,crm_export,,,,
clients_export.csv,XT-01123,billing_currency,NGN,,crm_export,,,,
clients_export.csv,XT-00038,billing_currency,NGN,,crm_export,,,,
clients_export.csv,XT-01301,billing_currency,NGN,,crm_export,,,,
clients_export.csv,XT-00538,billing_currency,NGN,,crm_export,,,,
clients_export.csv,XT-00214,billing_currency,NGN,,crm_export,,,,
clients_export.csv,XT-00247,billing_currency,NGN,,crm_export,,,,
clients_export.csv,XT-00599,billing_currency,NGN,,crm_export,,,,
clients_export.csv,XT-01618,billing_currency,NGN,,crm_export,,,,
clients_export.csv,XT-00897,billing_currency,NGN,,crm_export,,,,
clients_export.csv,XT-01257,billing_currency,NGN,,crm_export,,,,
clients_export.csv,XT-00128,billing_currency,NGN,,crm_export,,,,
clients_export.csv,XT-01191,billing_currency,NGN,,crm_export,,,,
clients_export.csv,XT-00709,billing_currency,NGN,,crm_export,,,,
clients_export.csv,XT-00049,billing_currency,NGN,,crm_export,,,,
clients_export.csv,XT-01237,billing_currency,NGN,,crm_export,,,,
clients_export.csv,XT-00421,billing_currency,,,crm_export,,,,
clients_export.csv,XT-01508,billing_currency,NGN,,crm_export,,,,
clients_export.csv,XT-01546,billing_currency,NGN,,crm_export,,,,
clients_export.csv,XT-01679,billing_currency,NGN,,crm_export,,,,
clients_export.csv,XT-01160,billing_currency,NGN,,crm_export,,,,
clients_export.csv,XT-01545,billing_currency,NGN,,crm_export,,,,
clients_export.csv,XT-00484,billing_currency,NGN,,crm_export,,,,
clients_export.csv,XT-00696,billing_currency,NGN,,crm_export,,,,
clients_export.csv,XT-00498,billing_currency,USD,,crm_export,,,,
clients_export.csv,XT-01898,billing_currency,,,crm_export,,,,
clients_export.csv,XT-01375,billing_currency,NGN,,crm_export,,,,
clients_export.csv,XT-01628,billing_currency,NGN,,crm_export,,,,
clients_export.csv,XT-01297,billing_currency,NGN,,crm_export,,,,
clients_export.csv,XT-01245,billing_currency,NGN,,crm_export,,,,
clients_export.csv,XT-01600,billing_currency,NGN,,crm_export,,,,
clients_export.csv,XT-01394,billing_currency,NGN,,crm_export,,,,
clients_export.csv,XT-01183,billing_currency,NGN,,crm_export,,,,
clients_export.csv,XT-00431,billing_currency,NGN,,crm_export,,,,
clients_export.csv,XT-01329,billing_currency,USD,,crm_export,,,,
clients_export.csv,XT-01526,billing_currency,NGN,,crm_export,,,,
clients_export.csv,XT-00637,billing_currency,NGN,,crm_export,,,,
clients_export.csv,XT-00857,billing_currency,NGN,,crm_export,,,,
clients_export.csv,XT-01609,billing_currency,,,crm_export,,,,
clients_export.csv,XT-01320,billing_currency,NGN,,crm_export,,,,
clients_export.csv,XT-01668,billing_currency,,,crm_export,,,,
clients_export.csv,XT-01769,billing_currency,GBP,,crm_export,,,,
clients_export.csv,XT-00433,billing_currency,NGN,,crm_export,,,,
clients_export.csv,XT-01448,billing_currency,,,crm_export,,,,
clients_export.csv,XT-00693,billing_currency,,,crm_export,,,,
clients_export.csv,XT-00455,billing_currency,NGN,,crm_export,,,,
clients_export.csv,XT-00932,billing_currency,NGN,,crm_export,,,,
clients_export.csv,XT-01405,billing_currency,,,crm_export,,,,
clients_export.csv,XT-01161,billing_currency,NGN,,crm_export,,,,
clients_export.csv,XT-01345,billing_currency,USD,,crm_export,,,,
clients_export.csv,XT-01656,billing_currency,GBP,,crm_export,,,,
clients_export.csv,XT-00976,billing_currency,NGN,,crm_export,,,,
clients_export.csv,XT-00342,billing_currency,NGN,,crm_export,,,,
clients_export.csv,XT-01823,billing_currency,NGN,,crm_export,,,,
clients_export.csv,XT-01732,billing_currency,NGN,,crm_export,,,,
clients_export.csv,XT-00592,billing_currency,NGN,,crm_export,,,,
clients_export.csv,XT-00914,billing_currency,NGN,,crm_export,,,,
clients_export.csv,XT-00314,billing_currency,NGN,,crm_export,,,,
clients_export.csv,XT-01299,billing_currency,,,crm_export,,,,
clients_export.csv,XT-01388,billing_currency,NGN,,crm_export,,,,
clients_export.csv,XT-00326,billing_currency,USD,,crm_export,,,,
clients_export.csv,XT-01078,billing_currency,NGN,,crm_export,,,,
clients_export.csv,XT-01513,billing_currency,GBP,,crm_export,,,,
clients_export.csv,XT-00069,billing_currency,NGN,,crm_export,,,,
clients_export.csv,XT-00015,billing_currency,NGN,,crm_export,,,,
clients_export.csv,XT-00811,billing_currency,GBP,,crm_export,,,,
clients_export.csv,XT-00216,billing_currency,NGN,,crm_export,,,,
clients_export.csv,XT-01548,billing_currency,NGN,,crm_export,,,,
clients_export.csv,XT-01835,billing_currency,NGN,,crm_export,,,,
clients_export.csv,XT-00557,billing_currency,NGN,,crm_export,,,,
clients_export.csv,XT-01663,billing_currency,,,crm_export,,,,
clients_export.csv,XT-00077,billing_currency,NGN,,crm_export,,,,
clients_export.csv,XT-00601,billing_currency,GBP,,crm_export,,,,
clients_export.csv,XT-00858,billing_currency,NGN,,crm_export,,,,
clients_export.csv,XT-00786,billing_currency,NGN,,crm_export,,,,
clients_export.csv,XT-00275,billing_currency,NGN,,crm_export,,,,
clients_export.csv,XT-01629,billing_currency,GBP,,crm_export,,,,
clients_export.csv,XT-01869,billing_currency,NGN,,crm_export,,,,
clients_export.csv,XT-01680,billing_currency,NGN,,crm_export,,,,
clients_export.csv,XT-01462,billing_currency,,,crm_export,,,,
clients_export.csv,XT-01568,billing_currency,NGN,,crm_export,,,,
clients_export.csv,XT-01330,billing_currency,NGN,,crm_export,,,,
clients_export.csv,XT-01086,billing_currency,NGN,,crm_export,,,,
clients_export.csv,XT-01617,billing_currency,,,crm_export,,,,
clients_export.csv,XT-00378,billing_currency,NGN,,crm_export,,,,
clients_export.csv,XT-00339,billing_currency,NGN,,crm_export,,,,
clients_export.csv,XT-01217,billing_currency,GBP,,crm_export,,,,
clients_export.csv,XT-00346,billing_currency,NGN,,crm_export,,,,
clients_export.csv,XT-00408,billing_currency,NGN,,crm_export,,,,
clients_export.csv,XT-00820,billing_currency,GBP,,crm_export,,,,
clients_export.csv,XT-01662,billing_currency,,,crm_export,,,,
clients_export.csv,XT-00274,billing_currency,NGN,,crm_export,,,,
clients_export.csv,XT-00009,billing_currency,NGN,,crm_export,,,,
clients_export.csv,XT-00145,billing_currency,USD,,crm_export,,,,
clients_export.csv,XT-01746,billing_currency,NGN,,crm_export,,,,
clients_export.csv,XT-00407,billing_currency,NGN,,crm_export,,,,
clients_export.csv,XT-00898,billing_currency,NGN,,crm_export,,,,
clients_export.csv,XT-01581,billing_currency,NGN,,crm_export,,,,
clients_export.csv,XT-01437,billing_currency,NGN,,crm_export,,,,
clients_export.csv,XT-01681,billing_currency,,,crm_export,,,,
clients_export.csv,XT-01171,billing_currency,NGN,,crm_export,,,,
clients_export.csv,XT-01272,billing_currency,,,crm_export,,,,
clients_export.csv,XT-01837,billing_currency,,,crm_export,,,,
clients_export.csv,XT-01427,billing_currency,NGN,,crm_export,,,,
clients_export.csv,XT-00394,billing_currency,,,crm_export,,,,
clients_export.csv,XT-00550,billing_currency,NGN,,crm_export,,,,
clients_export.csv,XT-00496,billing_currency,NGN,,crm_export,,,,
clients_export.csv,XT-01602,billing_currency,NGN,,crm_export,,,,
clients_export.csv,XT-01324,billing_currency,GBP,,crm_export,,,,
clients_export.csv,XT-00440,billing_currency,NGN,,crm_export,,,,
clients_export.csv,XT-01637,billing_currency,NGN,,crm_export,,,,
clients_export.csv,XT-00988,billing_currency,NGN,,crm_export,,,,
clients_export.csv,XT-00909,billing_currency,NGN,,crm_export,,,,
clients_export.csv,XT-01482,billing_currency,NGN,,crm_export,,,,
clients_export.csv,XT-00722,billing_currency,NGN,,crm_export,,,,
clients_export.csv,XT-00324,billing_currency,NGN,,crm_export,,,,
clients_export.csv,XT-01845,billing_currency,,,crm_export,,,,
clients_export.csv,XT-00136,billing_currency,NGN,,crm_export,,,,
clients_export.csv,XT-00403,billing_currency,NGN,,crm_export,,,,
clients_export.csv,XT-00570,billing_currency,USD,,crm_export,,,,
clients_export.csv,XT-00955,billing_currency,NGN,,crm_export,,,,
clients_export.csv,XT-00699,billing_currency,NGN,,crm_export,,,,
clients_export.csv,XT-01184,billing_currency,,,crm_export,,,,
clients_export.csv,XT-01735,billing_currency,NGN,,crm_export,,,,
clients_export.csv,XT-01163,billing_currency,NGN,,crm_export,,,,
clients_export.csv,XT-01274,billing_currency,NGN,,crm_export,,,,
clients_export.csv,XT-00468,billing_currency,NGN,,crm_export,,,,
clients_export.csv,XT-01363,billing_currency,NGN,,crm_export,,,,
clients_export.csv,XT-01768,billing_currency,GBP,,crm_export,,,,
clients_export.csv,XT-01860,billing_currency,NGN,,crm_export,,,,
clients_export.csv,XT-00379,billing_currency,,,crm_export,,,,
clients_export.csv,XT-00617,billing_currency,USD,,crm_export,,,,
clients_export.csv,XT-00296,billing_currency,NGN,,crm_export,,,,
clients_export.csv,XT-01142,billing_currency,NGN,,crm_export,,,,
clients_export.csv,XT-00444,billing_currency,NGN,,crm_export,,,,
clients_export.csv,XT-01782,billing_currency,NGN,,crm_export,,,,
clients_export.csv,XT-01212,billing_currency,,,crm_export,,,,
clients_export.csv,XT-00937,billing_currency,NGN,,crm_export,,,,
clients_export.csv,XT-00427,billing_currency,GBP,,crm_export,,,,
clients_export.csv,XT-01573,billing_currency,NGN,,crm_export,,,,
clients_export.csv,XT-01039,billing_currency,NGN,,crm_export,,,,
clients_export.csv,XT-00353,billing_currency,NGN,,crm_export,,,,
clients_export.csv,XT-01114,billing_currency,NGN,,crm_export,,,,
clients_export.csv,XT-01655,billing_currency,USD,,crm_export,,,,
clients_export.csv,XT-00697,billing_currency,NGN,,crm_export,,,,
clients_export.csv,XT-01759,billing_currency,NGN,,crm_export,,,,
clients_export.csv,XT-01089,billing_currency,NGN,,crm_export,,,,
clients_export.csv,XT-01131,billing_currency,GBP,,crm_export,,,,
clients_export.csv,XT-00754,billing_currency,NGN,,crm_export,,,,
clients_export.csv,XT-00872,billing_currency,NGN,,crm_export,,,,
clients_export.csv,XT-01424,billing_currency,,,crm_export,,,,
clients_export.csv,XT-01716,billing_currency,NGN,,crm_export,,,,
clients_export.csv,XT-00947,billing_currency,NGN,,crm_export,,,,
clients_export.csv,XT-01127,billing_currency,,,crm_export,,,,
clients_export.csv,XT-01570,billing_currency,NGN,,crm_export,,,,
clients_export.csv,XT-00040,billing_currency,NGN,,crm_export,,,,
clients_export.csv,XT-01777,billing_currency,NGN,,crm_export,,,,
clients_export.csv,XT-00031,billing_currency,NGN,,crm_export,,,,
clients_export.csv,XT-01122,billing_currency,,,crm_export,,,,
clients_export.csv,XT-01165,billing_currency,NGN,,crm_export,,,,
clients_export.csv,XT-01540,billing_currency,NGN,,crm_export,,,,
clients_export.csv,XT-01564,billing_currency,NGN,,crm_export,,,,
clients_export.csv,XT-00258,billing_currency,NGN,,crm_export,,,,
clients_export.csv,XT-01730,billing_currency,,,crm_export,,,,
clients_export.csv,XT-01710,billing_currency,GBP,,crm_export,,,,
clients_export.csv,XT-01803,billing_currency,NGN,,crm_export,,,,
clients_export.csv,XT-00355,billing_currency,USD,,crm_export,,,,
clients_export.csv,XT-00224,billing_currency,NGN,,crm_export,,,,
clients_export.csv,XT-00802,billing_currency,GBP,,crm_export,,,,
clients_export.csv,XT-00806,billing_currency,GBP,,crm_export,,,,
clients_export.csv,XT-01430,billing_currency,NGN,,crm_export,,,,
clients_export.csv,XT-00376,billing_currency,NGN,,crm_export,,,,
clients_export.csv,XT-00146,billing_currency,NGN,,crm_export,,,,
clients_export.csv,XT-01201,billing_currency,NGN,,crm_export,,,,
clients_export.csv,XT-00044,billing_currency,NGN,,crm_export,,,,
clients_export.csv,XT-00535,billing_currency,NGN,,crm_export,,,,
clients_export.csv,XT-01728,billing_currency,USD,,crm_export,,,,
clients_export.csv,XT-00442,billing_currency,NGN,,crm_export,,,,
clients_export.csv,XT-01098,billing_currency,NGN,,crm_export,,,,
clients_export.csv,XT-00707,billing_currency,USD,,crm_export,,,,
clients_export.csv,XT-01404,billing_currency,NGN,,crm_export,,,,
clients_export.csv,XT-00172,billing_currency,NGN,,crm_export,,,,
clients_export.csv,XT-00184,billing_currency,NGN,,crm_export,,,,
clients_export.csv,XT-01804,billing_currency,NGN,,crm_export,,,,
clients_export.csv,XT-01669,billing_currency,NGN,,crm_export,,,,
clients_export.csv,XT-01040,billing_currency,NGN,,crm_export,,,,
clients_export.csv,XT-01786,billing_currency,,,crm_export,,,,
clients_export.csv,XT-00655,billing_currency,NGN,,crm_export,,,,
clients_export.csv,XT-00654,billing_currency,NGN,,crm_export,,,,
clients_export.csv,XT-00246,billing_currency,NGN,,crm_export,,,,
clients_export.csv,XT-01471,billing_currency,NGN,,crm_export,,,,
clients_export.csv,XT-01235,billing_currency,GBP,,crm_export,,,,
clients_export.csv,XT-00821,billing_currency,NGN,,crm_export,,,,
clients_export.csv,XT-00024,billing_currency,USD,,crm_export,,,,
clients_export.csv,XT-00969,billing_currency,NGN,,crm_export,,,,
clients_export.csv,XT-01258,billing_currency,NGN,,crm_export,,,,
clients_export.csv,XT-01825,billing_currency,NGN,,crm_export,,,,
clients_export.csv,XT-01271,billing_currency,NGN,,crm_export,,,,
clients_export.csv,XT-00013,billing_currency,NGN,,crm_export,,,,
clients_export.csv,XT-00662,billing_currency,NGN,,crm_export,,,,
clients_export.csv,XT-01654,billing_currency,NGN,,crm_export,,,,
clients_export.csv,XT-01296,billing_currency,NGN,,crm_export,,,,
clients_export.csv,XT-01451,billing_currency,NGN,,crm_export,,,,
clients_export.csv,XT-01872,billing_currency,NGN,,crm_export,,,,
clients_export.csv,XT-00551,billing_currency,NGN,,crm_export,,,,
clients_export.csv,XT-01277,billing_currency,NGN,,crm_export,,,,
clients_export.csv,XT-00204,billing_currency,GBP,,crm_export,,,,
clients_export.csv,XT-00814,billing_currency,USD,,crm_export,,,,
clients_export.csv,XT-01068,billing_currency,NGN,,crm_export,,,,
clients_export.csv,XT-00439,billing_currency,USD,,crm_export,,,,
clients_export.csv,XT-00723,billing_currency,USD,,crm_export,,,,
clients_export.csv,XT-00837,billing_currency,GBP,,crm_export,,,,
clients_export.csv,XT-00272,billing_currency,NGN,,crm_export,,,,
clients_export.csv,XT-00860,billing_currency,GBP,,crm_export,,,,
clients_export.csv,XT-00045,billing_currency,NGN,,crm_export,,,,
clients_export.csv,XT-01438,billing_currency,NGN,,crm_export,,,,
clients_export.csv,XT-01020,billing_currency,NGN,,crm_export,,,,
clients_export.csv,XT-01073,billing_currency,NGN,,crm_export,,,,
clients_export.csv,XT-01841,billing_currency,NGN,,crm_export,,,,
clients_export.csv,XT-00071,billing_currency,NGN,,crm_export,,,,
clients_export.csv,XT-00690,billing_currency,NGN,,crm_export,,,,
clients_export.csv,XT-01426,billing_currency,NGN,,crm_export,,,,
clients_export.csv,XT-01446,billing_currency,NGN,,crm_export,,,,
clients_export.csv,XT-00712,billing_currency,NGN,,crm_export,,,,
clients_export.csv,XT-00573,billing_currency,NGN,,crm_export,,,,
clients_export.csv,XT-01055,billing_currency,NGN,,crm_export,,,,
clients_export.csv,XT-00237,billing_currency,NGN,,crm_export,,,,
clients_export.csv,XT-01200,billing_currency,NGN,,crm_export,,,,
clients_export.csv,XT-00513,billing_currency,NGN,,crm_export,,,,
clients_export.csv,XT-00987,billing_currency,NGN,,crm_export,,,,
clients_export.csv,XT-00982,billing_currency,USD,,crm_export,,,,
clients_export.csv,XT-00747,billing_currency,,,crm_export,,,,
clients_export.csv,XT-01722,billing_currency,NGN,,crm_export,,,,
clients_export.csv,XT-01530,billing_currency,USD,,crm_export,,,,
clients_export.csv,XT-01167,billing_currency,NGN,,crm_export,,,,
clients_export.csv,XT-01369,billing_currency,,,crm_export,,,,
clients_export.csv,XT-00271,billing_currency,NGN,,crm_export,,,,
clients_export.csv,XT-00607,billing_currency,NGN,,crm_export,,,,
clients_export.csv,XT-01726,billing_currency,NGN,,crm_export,,,,
clients_export.csv,XT-00007,billing_currency,NGN,,crm_export,,,,
clients_export.csv,XT-00759,billing_currency,,,crm_export,,,,
clients_export.csv,XT-00446,billing_currency,,,crm_export,,,,
clients_export.csv,XT-01828,billing_currency,USD,,crm_export,,,,
clients_export.csv,XT-00341,billing_currency,NGN,,crm_export,,,,
clients_export.csv,XT-00890,billing_currency,NGN,,crm_export,,,,
clients_export.csv,XT-01322,billing_currency,NGN,,crm_export,,,,
clients_export.csv,XT-01766,billing_currency,NGN,,crm_export,,,,
clients_export.csv,XT-01091,billing_currency,,,crm_export,,,,
clients_export.csv,XT-01802,billing_currency,,,crm_export,,,,
clients_export.csv,XT-01675,billing_currency,NGN,,crm_export,,,,
clients_export.csv,XT-01830,billing_currency,,,crm_export,,,,
clients_export.csv,XT-01423,billing_currency,NGN,,crm_export,,,,
clients_export.csv,XT-00093,billing_currency,GBP,,crm_export,,,,
clients_export.csv,XT-00991,billing_currency,NGN,,crm_export,,,,
clients_export.csv,XT-01353,billing_currency,NGN,,crm_export,,,,
clients_export.csv,XT-01843,billing_currency,NGN,,crm_export,,,,
clients_export.csv,XT-00309,billing_currency,NGN,,crm_export,,,,
clients_export.csv,XT-01620,billing_currency,,,crm_export,,,,
clients_export.csv,XT-01610,billing_currency,NGN,,crm_export,,,,
bookings_2023.csv,BK-01030,gross_amount,NGN,6830000.0,currency_column,1.0,,False,6830000.0
bookings_2023.csv,BK-01264,gross_amount,NGN,8878000.0,currency_column,1.0,,False,8878000.0
bookings_2023.csv,BK-01708,gross_amount,NGN,12897000.0,currency_column,1.0,,False,12897000.0
bookings_2023.csv,BK-01297,gross_amount,NGN,9323000.0,currency_column,1.0,,False,9323000.0
bookings_2023.csv,BK-01359,gross_amount,NGN,5901000.0,currency_column,1.0,,False,5901000.0
bookings_2023.csv,BK-01672,gross_amount,GBP,1320.0,amount_text,1400.6466,2023-10-16,False,1848853.51
bookings_2023.csv,BK-01164,gross_amount,NGN,2734000.0,amount_text,1.0,,False,2734000.0
bookings_2023.csv,BK-01730,gross_amount,NGN,23415000.0,amount_text,1.0,,False,23415000.0
bookings_2023.csv,BK-01917,gross_amount,NGN,2196000.0,amount_text,1.0,,False,2196000.0
bookings_2023.csv,BK-01041,gross_amount,GBP,2110.0,amount_text,583.6439,2023-02-11,True,1231488.63
bookings_2023.csv,BK-01241,gross_amount,NGN,1149000.0,currency_column,1.0,,False,1149000.0
bookings_2023.csv,BK-01903,gross_amount,NGN,3189000.0,amount_text,1.0,,False,3189000.0
bookings_2023.csv,BK-01590,gross_amount,NGN,5305000.0,client_billing_currency,1.0,,False,5305000.0
bookings_2023.csv,BK-01767,gross_amount,NGN,13406000.0,currency_column,1.0,,False,13406000.0
bookings_2023.csv,BK-01624,gross_amount,NGN,3141000.0,currency_column,1.0,,False,3141000.0
bookings_2023.csv,BK-01438,gross_amount,NGN,2140000.0,currency_column,1.0,,False,2140000.0
bookings_2023.csv,BK-01056,gross_amount,NGN,2986000.0,amount_text,1.0,,False,2986000.0
bookings_2023.csv,BK-01810,gross_amount,NGN,4874000.0,currency_column,1.0,,False,4874000.0
bookings_2023.csv,BK-01603,gross_amount,USD,12380.0,amount_text,1167.4971,2023-09-19,False,14453614.1
bookings_2023.csv,BK-01727,gross_amount,NGN,7461000.0,amount_text,1.0,,False,7461000.0
bookings_2023.csv,BK-01160,gross_amount,NGN,6023000.0,amount_text,1.0,,False,6023000.0
bookings_2023.csv,BK-01805,gross_amount,NGN,18349000.0,amount_text,1.0,,False,18349000.0
bookings_2023.csv,BK-01404,gross_amount,NGN,769000.0,currency_column,1.0,,False,769000.0
bookings_2023.csv,BK-01071,gross_amount,NGN,4077000.0,amount_text,1.0,,False,4077000.0
bookings_2023.csv,BK-01715,gross_amount,NGN,1638000.0,currency_column,1.0,,False,1638000.0
bookings_2023.csv,BK-01704,gross_amount,NGN,4947000.0,amount_text,1.0,,False,4947000.0
bookings_2023.csv,BK-01135,gross_amount,NGN,1355000.0,amount_text,1.0,,False,1355000.0
bookings_2023.csv,BK-01231,gross_amount,GBP,24400.0,currency_column,634.2106,2023-05-07,True,15474738.64
bookings_2023.csv,BK-01273,gross_amount,NGN,8841000.0,amount_text,1.0,,False,8841000.0
bookings_2023.csv,BK-01366,gross_amount,NGN,9248000.0,amount_text,1.0,,False,9248000.0
bookings_2023.csv,BK-01951,gross_amount,GBP,4500.0,currency_column,1553.6366,2023-12-30,True,6991364.7
bookings_2023.csv,BK-01461,gross_amount,NGN,1567000.0,amount_text,1.0,,False,1567000.0
bookings_2023.csv,BK-01867,gross_amount,NGN,1241000.0,amount_text,1.0,,False,1241000.0
bookings_2023.csv,BK-01496,gross_amount,NGN,6326000.0,amount_text,1.0,,False,6326000.0
bookings_2023.csv,BK-01346,gross_amount,NGN,20715000.0,amount_text,1.0,,False,20715000.0
bookings_2023.csv,BK-01352,gross_amount,NGN,5652000.0,amount_text,1.0,,False,5652000.0
bookings_2023.csv,BK-01221,gross_amount,NGN,11512000.0,amount_text,1.0,,False,11512000.0
bookings_2023.csv,BK-01530,gross_amount,NGN,3151000.0,amount_text,1.0,,False,3151000.0
bookings_2023.csv,BK-01168,gross_amount,GBP,340.0,amount_text,631.01,2023-04-14,False,214543.4
bookings_2023.csv,BK-01090,gross_amount,NGN,2056000.0,amount_text,1.0,,False,2056000.0
bookings_2023.csv,BK-01338,gross_amount,NGN,14274000.0,currency_column,1.0,,False,14274000.0
bookings_2023.csv,BK-01502,gross_amount,NGN,54787000.0,currency_column,1.0,,False,54787000.0
bookings_2023.csv,BK-01757,gross_amount,NGN,15592000.0,amount_text,1.0,,False,15592000.0
bookings_2023.csv,BK-01635,gross_amount,NGN,2681000.0,currency_column,1.0,,False,2681000.0
bookings_2023.csv,BK-01542,gross_amount,NGN,2833000.0,client_billing_currency,1.0,,False,2833000.0
bookings_2023.csv,BK-01875,gross_amount,GBP,470.0,amount_text,1487.881,2023-12-11,False,699304.07
bookings_2023.csv,BK-01561,gross_amount,NGN,5013000.0,amount_text,1.0,,False,5013000.0
bookings_2023.csv,BK-01382,gross_amount,NGN,2685000.0,amount_text,1.0,,False,2685000.0
bookings_2023.csv,BK-01482,gross_amount,NGN,14750000.0,amount_text,1.0,,False,14750000.0
bookings_2023.csv,BK-01353,gross_amount,NGN,17964000.0,amount_text,1.0,,False,17964000.0
bookings_2023.csv,BK-01649,gross_amount,USD,11450.0,amount_text,1185.3323,2023-10-08,True,13572054.84
bookings_2023.csv,BK-01202,gross_amount,NGN,13038000.0,amount_text,1.0,,False,13038000.0
bookings_2023.csv,BK-01841,gross_amount,NGN,10117000.0,amount_text,1.0,,False,10117000.0
bookings_2023.csv,BK-01934,gross_amount,NGN,14599000.0,amount_text,1.0,,False,14599000.0
bookings_2023.csv,BK-01203,gross_amount,NGN,11149000.0,currency_column,1.0,,False,11149000.0
bookings_2023.csv,BK-01612,gross_amount,NGN,3699000.0,amount_text,1.0,,False,3699000.0
bookings_2023.csv,BK-01239,gross_amount,NGN,10744000.0,amount_text,1.0,,False,10744000.0
bookings_2023.csv,BK-01643,gross_amount,NGN,1689000.0,amount_text,1.0,,False,1689000.0
bookings_2023.csv,BK-01851,gross_amount,NGN,300000.0,currency_column,1.0,,False,300000.0
bookings_2023.csv,BK-01478,gross_amount,NGN,3019000.0,currency_column,1.0,,False,3019000.0
bookings_2023.csv,BK-01308,gross_amount,NGN,9241000.0,amount_text,1.0,,False,9241000.0
bookings_2023.csv,BK-01027,gross_amount,NGN,5319000.0,amount_text,1.0,,False,5319000.0
bookings_2023.csv,BK-01193,gross_amount,NGN,11622000.0,amount_text,1.0,,False,11622000.0
bookings_2023.csv,BK-01136,gross_amount,USD,1080.0,amount_text,563.13,2023-04-03,False,608180.4
bookings_2023.csv,BK-01835,gross_amount,NGN,4207000.0,amount_text,1.0,,False,4207000.0
bookings_2023.csv,BK-01763,gross_amount,NGN,12777000.0,currency_column,1.0,,False,12777000.0
bookings_2023.csv,BK-01881,gross_amount,NGN,3112000.0,currency_column,1.0,,False,3112000.0
bookings_2023.csv,BK-01492,gross_amount,NGN,42747000.0,amount_text,1.0,,False,42747000.0
bookings_2023.csv,BK-01656,gross_amount,NGN,6857000.0,currency_column,1.0,,False,6857000.0
bookings_2023.csv,BK-01472,gross_amount,NGN,3793000.0,currency_column,1.0,,False,3793000.0
bookings_2023.csv,BK-01839,gross_amount,NGN,11506000.0,amount_text,1.0,,False,11506000.0
bookings_2023.csv,BK-01572,gross_amount,NGN,2620000.0,amount_text,1.0,,False,2620000.0
bookings_2023.csv,BK-01678,gross_amount,NGN,12508000.0,currency_column,1.0,,False,12508000.0
bookings_2023.csv,BK-01084,gross_amount,NGN,3223000.0,amount_text,1.0,,False,3223000.0
bookings_2023.csv,BK-01435,gross_amount,USD,13460.0,amount_text,1100.9,2023-07-24,False,14818114.0
bookings_2023.csv,BK-01948,gross_amount,USD,760.0,amount_text,1372.22,2023-12-29,False,1042887.2
bookings_2023.csv,BK-01248,gross_amount,NGN,13950000.0,currency_column,1.0,,False,13950000.0
bookings_2023.csv,BK-01398,gross_amount,NGN,1727000.0,currency_column,1.0,,False,1727000.0
bookings_2023.csv,BK-01405,gross_amount,NGN,558000.0,amount_text,1.0,,False,558000.0
bookings_2023.csv,BK-01490,gross_amount,GBP,860.0,currency_column,1291.7442,2023-08-08,False,1110900.01
bookings_2023.csv,BK-01019,gross_amount,USD,11450.0,currency_column,485.9226,2023-01-26,False,5563813.77
bookings_2023.csv,BK-01744,gross_amount,NGN,1075000.0,client_billing_currency,1.0,,False,1075000.0
bookings_2023.csv,BK-01466,gross_amount,NGN,2209000.0,amount_text,1.0,,False,2209000.0
bookings_2023.csv,BK-01770,gross_amount,NGN,4253000.0,currency_column,1.0,,False,4253000.0
bookings_2023.csv,BK-01504,gross_amount,NGN,4910000.0,client_billing_currency,1.0,,False,4910000.0
bookings_2023.csv,BK-01460,gross_amount,NGN,15041000.0,currency_column,1.0,,False,15041000.0
bookings_2023.csv,BK-01330,gross_amount,NGN,6235000.0,amount_text,1.0,,False,6235000.0
bookings_2023.csv,BK-01017,gross_amount,USD,510.0,currency_column,485.9226,2023-01-26,False,247820.53
bookings_2023.csv,BK-01882,gross_amount,NGN,19346000.0,currency_column,1.0,,False,19346000.0
bookings_2023.csv,BK-01145,gross_amount,NGN,3123000.0,currency_column,1.0,,False,3123000.0
bookings_2023.csv,BK-01210,gross_amount,NGN,17969000.0,amount_text,1.0,,False,17969000.0
bookings_2023.csv,BK-01684,gross_amount,NGN,12431000.0,amount_text,1.0,,False,12431000.0
bookings_2023.csv,BK-01442,gross_amount,NGN,3827000.0,currency_column,1.0,,False,3827000.0
bookings_2023.csv,BK-01499,gross_amount,NGN,460000.0,currency_column,1.0,,False,460000.0
bookings_2023.csv,BK-01163,gross_amount,NGN,34366000.0,amount_text,1.0,,False,34366000.0
bookings_2023.csv,BK-01455,gross_amount,USD,1720.0,client_billing_currency,1106.4135,2023-07-29,True,1903031.22
bookings_2023.csv,BK-01729,gross_amount,NGN,14839000.0,amount_text,1.0,,False,14839000.0
bookings_2023.csv,BK-01190,gross_amount,GBP,3760.0,amount_text,625.3851,2023-04-23,True,2351447.98
bookings_2023.csv,BK-01287,gross_amount,NGN,9694000.0,currency_column,1.0,,False,9694000.0
bookings_2023.csv,BK-01445,gross_amount,NGN,19786000.0,amount_text,1.0,,False,19786000.0
bookings_2023.csv,BK-01483,gross_amount,NGN,4312000.0,amount_text,1.0,,False,4312000.0
bookings_2023.csv,BK-01669,gross_amount,NGN,1555000.0,amount_text,1.0,,False,1555000.0
bookings_2023.csv,BK-01049,gross_amount,NGN,5189000.0,amount_text,1.0,,False,5189000.0
bookings_2023.csv,BK-01854,gross_amount,NGN,3799000.0,amount_text,1.0,,False,3799000.0
bookings_2023.csv,BK-01884,gross_amount,NGN,3047000.0,amount_text,1.0,,False,3047000.0
bookings_2023.csv,BK-01826,gross_amount,NGN,2983000.0,amount_text,1.0,,False,2983000.0
bookings_2023.csv,BK-01317,gross_amount,NGN,5028000.0,amount_text,1.0,,False,5028000.0
bookings_2023.csv,BK-01411,gross_amount,NGN,15668000.0,amount_text,1.0,,False,15668000.0
bookings_2023.csv,BK-01329,gross_amount,NGN,11631000.0,client_other_bookings_currency,1.0,,False,11631000.0
bookings_2023.csv,BK-01547,gross_amount,NGN,1380000.0,client_billing_currency,1.0,,False,1380000.0
bookings_2023.csv,BK-01183,gross_amount,NGN,4042000.0,currency_column,1.0,,False,4042000.0
bookings_2023.csv,BK-01452,gross_amount,NGN,2244000.0,amount_text,1.0,,False,2244000.0
bookings_2023.csv,BK-01798,gross_amount,NGN,14065000.0,currency_column,1.0,,False,14065000.0
bookings_2023.csv,BK-01792,gross_amount,NGN,510000.0,amount_text,1.0,,False,510000.0
bookings_2023.csv,BK-01292,gross_amount,NGN,2739000.0,amount_text,1.0,,False,2739000.0
bookings_2023.csv,BK-01517,gross_amount,USD,840.0,amount_text,1159.9493,2023-08-15,False,974357.41
bookings_2023.csv,BK-01003,gross_amount,NGN,7726000.0,amount_text,1.0,,False,7726000.0
bookings_2023.csv,BK-01419,gross_amount,NGN,2057000.0,currency_column,1.0,,False,2057000.0
bookings_2023.csv,BK-01471,gross_amount,NGN,2259000.0,amount_text,1.0,,False,2259000.0
bookings_2023.csv,BK-01891,gross_amount,NGN,21168000.0,amount_text,1.0,,False,21168000.0
bookings_2023.csv,BK-01936,gross_amount,USD,1330.0,currency_column,1379.1251,2023-12-26,False,1834236.38
bookings_2023.csv,BK-01076,gross_amount,NGN,3303000.0,amount_text,1.0,,False,3303000.0
bookings_2023.csv,BK-01477,gross_amount,GBP,1600.0,currency_column,1290.2101,2023-08-06,True,2064336.16
bookings_2023.csv,BK-01942,gross_amount,NGN,12052000.0,amount_text,1.0,,False,12052000.0
bookings_2023.csv,BK-01775,gross_amount,NGN,8256000.0,amount_text,1.0,,False,8256000.0
bookings_2023.csv,BK-01803,gross_amount,GBP,23130.0,currency_column,1502.38,2023-11-21,False,34750049.4
bookings_2023.csv,BK-01840,gross_amount,USD,3540.0,amount_text,1313.9064,2023-12-01,False,4651228.66
bookings_2023.csv,BK-01781,gross_amount,NGN,2123000.0,currency_column,1.0,,False,2123000.0
bookings_2023.csv,BK-01514,gross_amount,NGN,23761000.0,amount_text,1.0,,False,23761000.0
bookings_2023.csv,BK-01923,gross_amount,GBP,430.0,amount_text,1525.5104,2023-12-24,True,655969.47
bookings_2023.csv,BK-01811,gross_amount,USD,11370.0,currency_column,1276.83,2023-11-23,False,14517557.1
bookings_2023.csv,BK-01024,gross_amount,USD,6570.0,amount_text,501.29,2023-02-02,False,3293475.3
bookings_2023.csv,BK-01309,gross_amount,NGN,45184000.0,amount_text,1.0,,False,45184000.0
bookings_2023.csv,BK-01848,gross_amount,NGN,3165000.0,amount_text,1.0,,False,3165000.0
bookings_2023.csv,BK-01597,gross_amount,GBP,6800.0,currency_column,1359.93,2023-09-16,True,9247524.0
bookings_2023.csv,BK-01564,gross_amount,NGN,1625000.0,currency_column,1.0,,False,1625000.0
bookings_2023.csv,BK-01307,gross_amount,USD,1880.0,currency_column,599.58,2023-06-11,True,1127210.4
bookings_2023.csv,BK-01295,gross_amount,NGN,2898000.0,currency_column,1.0,,False,2898000.0
bookings_2023.csv,BK-01328,gross_amount,NGN,1967000.0,amount_text,1.0,,False,1967000.0
bookings_2023.csv,BK-01082,gross_amount,NGN,3538000.0,amount_text,1.0,,False,3538000.0
bookings_2023.csv,BK-01209,gross_amount,NGN,462000.0,amount_text,1.0,,False,462000.0
bookings_2023.csv,BK-01097,gross_amount,NGN,6345000.0,amount_text,1.0,,False,6345000.0
bookings_2023.csv,BK-01935,gross_amount,NGN,1240000.0,amount_text,1.0,,False,1240000.0
bookings_2023.csv,BK-01320,gross_amount,NGN,4693000.0,amount_text,1.0,,False,4693000.0
bookings_2023.csv,BK-01943,gross_amount,NGN,5535000.0,currency_column,1.0,,False,5535000.0
bookings_2023.csv,BK-01488,gross_amount,GBP,2260.0,amount_text,1287.6325,2023-08-07,False,2910049.45
bookings_2023.csv,BK-01821,gross_amount,NGN,629000.0,amount_text,1.0,,False,629000.0
bookings_2023.csv,BK-01383,gross_amount,NGN,6487000.0,amount_text,1.0,,False,6487000.0
bookings_2023.csv,BK-01138,gross_amount,NGN,28063000.0,amount_text,1.0,,False,28063000.0
bookings_2023.csv,BK-01833,gross_amount,NGN,27889000.0,amount_text,1.0,,False,27889000.0
bookings_2023.csv,BK-01378,gross_amount,NGN,9397000.0,amount_text,1.0,,False,9397000.0
bookings_2023.csv,BK-01141,gross_amount,NGN,2560000.0,amount_text,1.0,,False,2560000.0
bookings_2023.csv,BK-01063,gross_amount,NGN,3131000.0,amount_text,1.0,,False,3131000.0
bookings_2023.csv,BK-01229,gross_amount,NGN,771000.0,amount_text,1.0,,False,771000.0
bookings_2023.csv,BK-01929,gross_amount,NGN,1127000.0,amount_text,1.0,,False,1127000.0
bookings_2023.csv,BK-01065,gross_amount,NGN,977000.0,amount_text,1.0,,False,977000.0
bookings_2023.csv,BK-01311,gross_amount,NGN,1774000.0,amount_text,1.0,,False,1774000.0
bookings_2023.csv,BK-01341,gross_amount,NGN,8823000.0,amount_text,1.0,,False,8823000.0
bookings_2023.csv,BK-01198,gross_amount,NGN,2255000.0,currency_column,1.0,,False,2255000.0
bookings_2023.csv,BK-01594,gross_amount,NGN,826000.0,client_billing_currency,1.0,,False,826000.0
bookings_2023.csv,BK-01413,gross_amount,NGN,4294000.0,amount_text,1.0,,False,4294000.0
bookings_2023.csv,BK-01412,gross_amount,NGN,2843000.0,amount_text,1.0,,False,2843000.0
bookings_2023.csv,BK-01470,gross_amount,NGN,6601000.0,amount_text,1.0,,False,6601000.0
bookings_2023.csv,BK-01780,gross_amount,NGN,15794000.0,currency_column,1.0,,False,15794000.0
bookings_2023.csv,BK-01195,gross_amount,NGN,284000.0,amount_text,1.0,,False,284000.0
bookings_2023.csv,BK-01242,gross_amount,NGN,16864000.0,currency_column,1.0,,False,16864000.0
bookings_2023.csv,BK-01104,gross_amount,NGN,3860000.0,amount_text,1.0,,False,3860000.0
bookings_2023.csv,BK-01500,gross_amount,NGN,5006000.0,amount_text,1.0,,False,5006000.0
bookings_2023.csv,BK-01797,gross_amount,GBP,120.0,amount_text,1490.4553,2023-11-20,False,178854.64
bookings_2023.csv,BK-01485,gross_amount,NGN,5498000.0,amount_text,1.0,,False,5498000.0
bookings_2023.csv,BK-01666,gross_amount,NGN,9522000.0,amount_text,1.0,,False,9522000.0
bookings_2023.csv,BK-01246,gross_amount,NGN,952000.0,amount_text,1.0,,False,952000.0
bookings_2023.csv,BK-01947,gross_amount,NGN,13834000.0,amount_text,1.0,,False,13834000.0
bookings_2023.csv,BK-01094,gross_amount,NGN,4791000.0,amount_text,1.0,,False,4791000.0
bookings_2023.csv,BK-01386,gross_amount,NGN,4353000.0,currency_column,1.0,,False,4353000.0
bookings_2023.csv,BK-01720,gross_amount,NGN,21650000.0,amount_text,1.0,,False,21650000.0
bookings_2023.csv,BK-01865,gross_amount,NGN,3170000.0,currency_column,1.0,,False,3170000.0
bookings_2023.csv,BK-01029,gross_amount,NGN,825000.0,amount_text,1.0,,False,825000.0
bookings_2023.csv,BK-01787,gross_amount,NGN,14719000.0,currency_column,1.0,,False,14719000.0
bookings_2023.csv,BK-01177,gross_amount,NGN,2232000.0,amount_text,1.0,,False,2232000.0
bookings_2023.csv,BK-01912,gross_amount,NGN,5436000.0,amount_text,1.0,,False,5436000.0
bookings_2023.csv,BK-01453,gross_amount,NGN,14114000.0,amount_text,1.0,,False,14114000.0
bookings_2023.csv,BK-01363,gross_amount,USD,3370.0,currency_column,1017.0109,2023-06-26,False,3427326.73
bookings_2023.csv,BK-01820,gross_amount,NGN,3779000.0,amount_text,1.0,,False,3779000.0
bookings_2023.csv,BK-01449,gross_amount,GBP,1620.0,amount_text,1282.31,2023-07-28,False,2077342.2
bookings_2023.csv,BK-01533,gross_amount,NGN,8650000.0,currency_column,1.0,,False,8650000.0
bookings_2023.csv,BK-01327,gross_amount,NGN,3453000.0,currency_column,1.0,,False,3453000.0
bookings_2023.csv,BK-01058,gross_amount,NGN,5177000.0,currency_column,1.0,,False,5177000.0
bookings_2023.csv,BK-01186,gross_amount,NGN,4366000.0,currency_column,1.0,,False,4366000.0
bookings_2023.csv,BK-01369,gross_amount,NGN,8014000.0,currency_column,1.0,,False,8014000.0
bookings_2023.csv,BK-01949,gross_amount,NGN,61914000.0,currency_column,1.0,,False,61914000.0
bookings_2023.csv,BK-01641,gross_amount,NGN,3312000.0,currency_column,1.0,,False,3312000.0
bookings_2023.csv,BK-01009,gross_amount,NGN,3963000.0,amount_text,1.0,,False,3963000.0
bookings_2023.csv,BK-01765,gross_amount,NGN,3087000.0,currency_column,1.0,,False,3087000.0
bookings_2023.csv,BK-01091,gross_amount,NGN,6405000.0,amount_text,1.0,,False,6405000.0
bookings_2023.csv,BK-01796,gross_amount,GBP,7070.0,currency_column,1490.4553,2023-11-20,False,10537518.97
bookings_2023.csv,BK-01728,gross_amount,NGN,793000.0,amount_text,1.0,,False,793000.0
bookings_2023.csv,BK-01580,gross_amount,NGN,4181000.0,amount_text,1.0,,False,4181000.0
bookings_2023.csv,BK-01699,gross_amount,GBP,1130.0,currency_column,1424.03,2023-10-26,False,1609153.9
bookings_2023.csv,BK-01827,gross_amount,NGN,4563000.0,currency_column,1.0,,False,4563000.0
bookings_2023.csv,BK-01244,gross_amount,NGN,14407000.0,amount_text,1.0,,False,14407000.0
bookings_2023.csv,BK-01125,gross_amount,NGN,3536000.0,currency_column,1.0,,False,3536000.0
bookings_2023.csv,BK-01919,gross_amount,NGN,3176000.0,currency_column,1.0,,False,3176000.0
bookings_2023.csv,BK-01685,gross_amount,GBP,7930.0,amount_text,1406.39,2023-10-21,True,11152672.7
bookings_2023.csv,BK-01441,gross_amount,GBP,3280.0,amount_text,1253.97,2023-07-25,False,4113021.6
bookings_2023.csv,BK-01142,gross_amount,NGN,4341000.0,amount_text,1.0,,False,4341000.0
bookings_2023.csv,BK-01397,gross_amount,GBP,950.0,currency_column,1205.5125,2023-07-11,False,1145236.88
bookings_2023.csv,BK-01768,gross_amount,NGN,2390000.0,currency_column,1.0,,False,2390000.0
bookings_2023.csv,BK-01268,gross_amount,GBP,4840.0,amount_text,659.58,2023-05-25,False,3192367.2
bookings_2023.csv,BK-01342,gross_amount,NGN,950000.0,client_billing_currency,1.0,,False,950000.0
bookings_2023.csv,BK-01605,gross_amount,NGN,5548000.0,currency_column,1.0,,False,5548000.0
bookings_2023.csv,BK-01653,gross_amount,GBP,6660.0,amount_text,1392.0057,2023-10-10,False,9270757.96
bookings_2023.csv,BK-01175,gross_amount,NGN,913000.0,amount_text,1.0,,False,913000.0
bookings_2023.csv,BK-01204,gross_amount,USD,1960.0,currency_column,597.0127,2023-04-28,False,1170144.89
bookings_2023.csv,BK-01536,gross_amount,USD,2130.0,currency_column,1168.2334,2023-08-21,False,2488337.14
bookings_2023.csv,BK-01368,gross_amount,GBP,5870.0,amount_text,1166.48,2023-07-01,True,6847237.6
bookings_2023.csv,BK-01072,gross_amount,NGN,1242000.0,amount_text,1.0,,False,1242000.0
bookings_2023.csv,BK-01753,gross_amount,NGN,915000.0,currency_column,1.0,,False,915000.0
bookings_2023.csv,BK-01102,gross_amount,NGN,2790000.0,amount_text,1.0,,False,2790000.0
bookings_2023.csv,BK-01279,gross_amount,GBP,320.0,amount_text,653.92,2023-05-31,False,209254.4
bookings_2023.csv,BK-01676,gross_amount,NGN,1557000.0,currency_column,1.0,,False,1557000.0
bookings_2023.csv,BK-01033,gross_amount,NGN,13725000.0,amount_text,1.0,,False,13725000.0
bookings_2023.csv,BK-01532,gross_amount,NGN,2161000.0,amount_text,1.0,,False,2161000.0
bookings_2023.csv,BK-01296,gross_amount,NGN,10187000.0,amount_text,1.0,,False,10187000.0
bookings_2023.csv,BK-01425,gross_amount,NGN,4870000.0,currency_column,1.0,,False,4870000.0
bookings_2023.csv,BK-01939,gross_amount,NGN,971000.0,currency_column,1.0,,False,971000.0
bookings_2023.csv,BK-01726,gross_amount,NGN,4367000.0,amount_text,1.0,,False,4367000.0
bookings_2023.csv,BK-01377,gross_amount,NGN,1557000.0,amount_text,1.0,,False,1557000.0
bookings_2023.csv,BK-01722,gross_amount,NGN,13802000.0,currency_column,1.0,,False,13802000.0
bookings_2023.csv,BK-01127,gross_amount,NGN,10390000.0,currency_column,1.0,,False,10390000.0
bookings_2023.csv,BK-01588,gross_amount,NGN,14281000.0,amount_text,1.0,,False,14281000.0
bookings_2023.csv,BK-01474,gross_amount,NGN,12494000.0,amount_text,1.0,,False,12494000.0
bookings_2023.csv,BK-01392,gross_amount,NGN,4455000.0,amount_text,1.0,,False,4455000.0
bookings_2023.csv,BK-01686,gross_amount,NGN,17026000.0,amount_text,1.0,,False,17026000.0
bookings_2023.csv,BK-01606,gross_amount,NGN,3492000.0,amount_text,1.0,,False,3492000.0
bookings_2023.csv,BK-01574,gross_amount,NGN,2156000.0,amount_text,1.0,,False,2156000.0
bookings_2023.csv,BK-01663,gross_amount,NGN,64297000.0,currency_column,1.0,,False,64297000.0
bookings_2023.csv,BK-01283,gross_amount,NGN,2549000.0,currency_column,1.0,,False,2549000.0
bookings_2023.csv,BK-01258,gross_amount,NGN,2364000.0,amount_text,1.0,,False,2364000.0
bookings_2023.csv,BK-01371,gross_amount,NGN,5319000.0,currency_column,1.0,,False,5319000.0
bookings_2023.csv,BK-01095,gross_amount,NGN,592000.0,currency_column,1.0,,False,592000.0
bookings_2023.csv,BK-01705,gross_amount,NGN,5255000.0,amount_text,1.0,,False,5255000.0
bookings_2023.csv,BK-01523,gross_amount,GBP,270.0,amount_text,1335.35,2023-08-18,False,360544.5
bookings_2023.csv,BK-01736,gross_amount,NGN,18288000.0,currency_column,1.0,,False,18288000.0
bookings_2023.csv,BK-01025,gross_amount,NGN,2882000.0,currency_column,1.0,,False,2882000.0
bookings_2023.csv,BK-01584,gross_amount,NGN,12462000.0,currency_column,1.0,,False,12462000.0
bookings_2023.csv,BK-01650,gross_amount,NGN,6746000.0,currency_column,1.0,,False,6746000.0
bookings_2023.csv,BK-01265,gross_amount,NGN,4844000.0,currency_column,1.0,,False,4844000.0
bookings_2023.csv,BK-01290,gross_amount,NGN,38842000.0,currency_column,1.0,,False,38842000.0
bookings_2023.csv,BK-01494,gross_amount,NGN,2065000.0,amount_text,1.0,,False,2065000.0
bookings_2023.csv,BK-01946,gross_amount,GBP,4660.0,amount_text,1553.6366,2023-12-29,False,7239946.56
bookings_2023.csv,BK-01913,gross_amount,NGN,5827000.0,amount_text,1.0,,False,5827000.0
bookings_2023.csv,BK-01553,gross_amount,NGN,1815000.0,amount_text,1.0,,False,1815000.0
bookings_2023.csv,BK-01557,gross_amount,NGN,7732000.0,currency_column,1.0,,False,7732000.0
bookings_2023.csv,BK-01662,gross_amount,NGN,1684000.0,client_other_bookings_currency,1.0,,False,1684000.0
bookings_2023.csv,BK-01634,gross_amount,NGN,33365000.0,amount_text,1.0,,False,33365000.0
bookings_2023.csv,BK-01313,gross_amount,NGN,3676000.0,currency_column,1.0,,False,3676000.0
bookings_2023.csv,BK-01836,gross_amount,NGN,4010000.0,amount_text,1.0,,False,4010000.0
bookings_2023.csv,BK-01535,gross_amount,NGN,3184000.0,currency_column,1.0,,False,3184000.0
bookings_2023.csv,BK-01437,gross_amount,NGN,17612000.0,currency_column,1.0,,False,17612000.0
bookings_2023.csv,BK-01910,gross_amount,NGN,18292000.0,amount_text,1.0,,False,18292000.0
bookings_2023.csv,BK-01690,gross_amount,NGN,5979000.0,currency_column,1.0,,False,5979000.0
bookings_2023.csv,BK-01078,gross_amount,NGN,12130000.0,currency_column,1.0,,False,12130000.0
bookings_2023.csv,BK-01150,gross_amount,NGN,1104000.0,amount_text,1.0,,False,1104000.0
bookings_2023.csv,BK-01830,gross_amount,NGN,9390000.0,amount_text,1.0,,False,9390000.0
bookings_2023.csv,BK-01758,gross_amount,NGN,10811000.0,amount_text,1.0,,False,10811000.0
bookings_2023.csv,BK-01463,gross_amount,NGN,10170000.0,amount_text,1.0,,False,10170000.0
bookings_2023.csv,BK-01473,gross_amount,NGN,2757000.0,amount_text,1.0,,False,2757000.0
bookings_2023.csv,BK-01182,gross_amount,NGN,15070000.0,amount_text,1.0,,False,15070000.0
bookings_2023.csv,BK-01713,gross_amount,NGN,447000.0,amount_text,1.0,,False,447000.0
bookings_2023.csv,BK-01262,gross_amount,NGN,1911000.0,amount_text,1.0,,False,1911000.0
bookings_2023.csv,BK-01786,gross_amount,NGN,1785000.0,currency_column,1.0,,False,1785000.0
bookings_2023.csv,BK-01325,gross_amount,GBP,1370.0,amount_text,1099.1548,2023-06-17,True,1505842.08
bookings_2023.csv,BK-01646,gross_amount,NGN,16645000.0,currency_column,1.0,,False,16645000.0
bookings_2023.csv,BK-01648,gross_amount,NGN,4321000.0,amount_text,1.0,,False,4321000.0
bookings_2023.csv,BK-01361,gross_amount,NGN,1568000.0,amount_text,1.0,,False,1568000.0
bookings_2023.csv,BK-01388,gross_amount,NGN,34170000.0,amount_text,1.0,,False,34170000.0
bookings_2023.csv,BK-01894,gross_amount,NGN,789000.0,amount_text,1.0,,False,789000.0
bookings_2023.csv,BK-01754,gross_amount,NGN,884000.0,amount_text,1.0,,False,884000.0
bookings_2023.csv,BK-01238,gross_amount,USD,2860.0,currency_column,595.7555,2023-05-13,True,1703860.73
bookings_2023.csv,BK-01746,gross_amount,NGN,3604000.0,amount_text,1.0,,False,3604000.0
bookings_2023.csv,BK-01957,gross_amount,NGN,1392000.0,currency_column,1.0,,False,1392000.0
bookings_2023.csv,BK-01694,gross_amount,NGN,3345000.0,amount_text,1.0,,False,3345000.0
bookings_2023.csv,BK-01259,gross_amount,NGN,1341000.0,amount_text,1.0,,False,1341000.0
bookings_2023.csv,BK-01184,gross_amount,NGN,2574000.0,currency_column,1.0,,False,2574000.0
bookings_2023.csv,BK-01931,gross_amount,NGN,1949000.0,amount_text,1.0,,False,1949000.0
bookings_2023.csv,BK-01096,gross_amount,NGN,782000.0,amount_text,1.0,,False,782000.0
bookings_2023.csv,BK-01415,gross_amount,NGN,829000.0,client_billing_currency,1.0,,False,829000.0
bookings_2023.csv,BK-01348,gross_amount,NGN,1571000.0,amount_text,1.0,,False,1571000.0
bookings_2023.csv,BK-01217,gross_amount,NGN,2826000.0,amount_text,1.0,,False,2826000.0
bookings_2023.csv,BK-01456,gross_amount,NGN,1906000.0,currency_column,1.0,,False,1906000.0
bookings_2023.csv,BK-01416,gross_amount,NGN,13967000.0,amount_text,1.0,,False,13967000.0
bookings_2023.csv,BK-01565,gross_amount,NGN,9009000.0,currency_column,1.0,,False,9009000.0
bookings_2023.csv,BK-01092,gross_amount,NGN,7584000.0,amount_text,1.0,,False,7584000.0
bookings_2023.csv,BK-01454,gross_amount,NGN,751000.0,amount_text,1.0,,False,751000.0
bookings_2023.csv,BK-01113,gross_amount,NGN,6190000.0,currency_column,1.0,,False,6190000.0
bookings_2023.csv,BK-01108,gross_amount,GBP,1700.0,currency_column,614.7746,2023-03-25,True,1045116.82
bookings_2023.csv,BK-01406,gross_amount,NGN,2895000.0,amount_text,1.0,,False,2895000.0
bookings_2023.csv,BK-01664,gross_amount,GBP,880.0,amount_text,1405.35,2023-10-14,True,1236708.0
bookings_2023.csv,BK-01021,gross_amount,NGN,8540000.0,amount_text,1.0,,False,8540000.0
bookings_2023.csv,BK-01933,gross_amount,GBP,14110.0,currency_column,1558.27,2023-12-26,False,21987189.7
bookings_2023.csv,BK-01807,gross_amount,NGN,3133000.0,amount_text,1.0,,False,3133000.0
bookings_2023.csv,BK-01879,gross_amount,NGN,6856000.0,amount_text,1.0,,False,6856000.0
bookings_2023.csv,BK-01652,gross_amount,USD,1330.0,amount_text,1183.0676,2023-10-09,False,1573479.91
bookings_2023.csv,BK-01761,gross_amount,USD,2510.0,amount_text,1251.8368,2023-11-11,True,3142110.37
bookings_2023.csv,BK-01926,gross_amount,NGN,268000.0,amount_text,1.0,,False,268000.0
bookings_2023.csv,BK-01051,gross_amount,USD,4340.0,client_billing_currency,501.7619,2023-02-20,False,2177646.65
bookings_2023.csv,BK-01526,gross_amount,NGN,13003000.0,currency_column,1.0,,False,13003000.0
bookings_2023.csv,BK-01519,gross_amount,NGN,807000.0,amount_text,1.0,,False,807000.0
bookings_2023.csv,BK-01570,gross_amount,NGN,9491000.0,amount_text,1.0,,False,9491000.0
bookings_2023.csv,BK-01212,gross_amount,GBP,6600.0,currency_column,636.3821,2023-04-29,True,4200121.86
bookings_2023.csv,BK-01285,gross_amount,USD,4440.0,currency_column,593.028,2023-06-04,True,2633044.32
bookings_2023.csv,BK-01908,gross_amount,NGN,2905000.0,amount_text,1.0,,False,2905000.0
bookings_2023.csv,BK-01591,gross_amount,NGN,1252000.0,currency_column,1.0,,False,1252000.0
bookings_2023.csv,BK-01093,gross_amount,NGN,3817000.0,currency_column,1.0,,False,3817000.0
bookings_2023.csv,BK-01747,gross_amount,NGN,629000.0,currency_column,1.0,,False,629000.0
bookings_2023.csv,BK-01632,gross_amount,NGN,6310000.0,currency_column,1.0,,False,6310000.0
bookings_2023.csv,BK-01733,gross_amount,GBP,3740.0,amount_text,1460.19,2023-11-05,True,5461110.6
bookings_2023.csv,BK-01593,gross_amount,NGN,80524000.0,currency_column,1.0,,False,80524000.0
bookings_2023.csv,BK-01230,gross_amount,NGN,9660000.0,currency_column,1.0,,False,9660000.0
bookings_2023.csv,BK-01475,gross_amount,USD,18120.0,amount_text,1100.3961,2023-08-05,True,19939177.33
bookings_2023.csv,BK-01115,gross_amount,NGN,2341000.0,amount_text,1.0,,False,2341000.0
bookings_2023.csv,BK-01133,gross_amount,GBP,1730.0,amount_text,626.443,2023-04-03,False,1083746.39
bookings_2023.csv,BK-01620,gross_amount,NGN,4648000.0,currency_column,1.0,,False,4648000.0
bookings_2023.csv,BK-01319,gross_amount,USD,1710.0,amount_text,1001.66,2023-06-16,False,1712838.6
bookings_2023.csv,BK-01087,gross_amount,NGN,824000.0,amount_text,1.0,,False,824000.0
bookings_2023.csv,BK-01520,gross_amount,NGN,6326000.0,amount_text,1.0,,False,6326000.0
bookings_2023.csv,BK-01555,gross_amount,NGN,1998000.0,currency_column,1.0,,False,1998000.0
bookings_2023.csv,BK-01945,gross_amount,USD,3640.0,amount_text,1372.22,2023-12-29,False,4994880.8
bookings_2023.csv,BK-01426,gross_amount,USD,4160.0,amount_text,1072.4991,2023-07-19,False,4461596.26
bookings_2023.csv,BK-01289,gross_amount,NGN,13873000.0,amount_text,1.0,,False,13873000.0
bookings_2023.csv,BK-01074,gross_amount,NGN,19140000.0,currency_column,1.0,,False,19140000.0
bookings_2023.csv,BK-01831,gross_amount,NGN,1551000.0,amount_text,1.0,,False,1551000.0
bookings_2023.csv,BK-01421,gross_amount,NGN,1485000.0,amount_text,1.0,,False,1485000.0
bookings_2023.csv,BK-01889,gross_amount,NGN,2445000.0,amount_text,1.0,,False,2445000.0
bookings_2023.csv,BK-01350,gross_amount,USD,9760.0,amount_text,1027.9127,2023-06-24,True,10032427.95
bookings_2023.csv,BK-01814,gross_amount,NGN,4220000.0,currency_column,1.0,,False,4220000.0
bookings_2023.csv,BK-01077,gross_amount,NGN,12390000.0,currency_column,1.0,,False,12390000.0
bookings_2023.csv,BK-01487,gross_amount,GBP,10240.0,amount_text,1287.6325,2023-08-07,False,13185356.8
bookings_2023.csv,BK-01892,gross_amount,NGN,4160000.0,client_billing_currency,1.0,,False,4160000.0
bookings_2023.csv,BK-01374,gross_amount,NGN,5975000.0,amount_text,1.0,,False,5975000.0
bookings_2023.csv,BK-01601,gross_amount,NGN,13425000.0,amount_text,1.0,,False,13425000.0
bookings_2023.csv,BK-01130,gross_amount,NGN,7190000.0,currency_column,1.0,,False,7190000.0
bookings_2023.csv,BK-01938,gross_amount,NGN,7316000.0,currency_column,1.0,,False,7316000.0
bookings_2023.csv,BK-01156,gross_amount,NGN,2618000.0,currency_column,1.0,,False,2618000.0
bookings_2023.csv,BK-01829,gross_amount,NGN,2860000.0,amount_text,1.0,,False,2860000.0
bookings_2023.csv,BK-01837,gross_amount,NGN,6345000.0,amount_text,1.0,,False,6345000.0
bookings_2023.csv,BK-01645,gross_amount,NGN,2348000.0,amount_text,1.0,,False,2348000.0
bookings_2023.csv,BK-01400,gross_amount,NGN,2284000.0,amount_text,1.0,,False,2284000.0
bookings_2023.csv,BK-01158,gross_amount,NGN,3344000.0,currency_column,1.0,,False,3344000.0
bookings_2023.csv,BK-01486,gross_amount,NGN,16270000.0,currency_column,1.0,,False,16270000.0
bookings_2023.csv,BK-01759,gross_amount,NGN,17012000.0,amount_text,1.0,,False,17012000.0
bookings_2023.csv,BK-01529,gross_amount,NGN,4027000.0,amount_text,1.0,,False,4027000.0
bookings_2023.csv,BK-01240,gross_amount,USD,1020.0,amount_text,595.7555,2023-05-13,True,607670.61
bookings_2023.csv,BK-01861,gross_amount,NGN,1189000.0,amount_text,1.0,,False,1189000.0
bookings_2023.csv,BK-01626,gross_amount,NGN,4976000.0,amount_text,1.0,,False,4976000.0
bookings_2023.csv,BK-01014,gross_amount,NGN,3231000.0,currency_column,1.0,,False,3231000.0
bookings_2023.csv,BK-01707,gross_amount,NGN,1921000.0,currency_column,1.0,,False,1921000.0
bookings_2023.csv,BK-01037,gross_amount,NGN,10077000.0,amount_text,1.0,,False,10077000.0
bookings_2023.csv,BK-01788,gross_amount,NGN,3104000.0,currency_column,1.0,,False,3104000.0
bookings_2023.csv,BK-01446,gross_amount,USD,870.0,amount_text,1115.4079,2023-07-27,False,970404.87
bookings_2023.csv,BK-01619,gross_amount,NGN,1656000.0,amount_text,1.0,,False,1656000.0
bookings_2023.csv,BK-01008,gross_amount,NGN,26238000.0,amount_text,1.0,,False,26238000.0
bookings_2023.csv,BK-01525,gross_amount,NGN,15570000.0,currency_column,1.0,,False,15570000.0
bookings_2023.csv,BK-01944,gross_amount,NGN,2087000.0,amount_text,1.0,,False,2087000.0
bookings_2023.csv,BK-01440,gross_amount,NGN,17304000.0,amount_text,1.0,,False,17304000.0
bookings_2023.csv,BK-01958,gross_amount,NGN,7373000.0,currency_column,1.0,,False,7373000.0
bookings_2023.csv,BK-01886,gross_amount,NGN,12586000.0,currency_column,1.0,,False,12586000.0
bookings_2023.csv,BK-01178,gross_amount,USD,1400.0,amount_text,575.8473,2023-04-19,False,806186.22
bookings_2023.csv,BK-01172,gross_amount,NGN,3031000.0,currency_column,1.0,,False,3031000.0
bookings_2023.csv,BK-01631,gross_amount,NGN,1100000.0,currency_column,1.0,,False,1100000.0
bookings_2023.csv,BK-01615,gross_amount,NGN,3064000.0,currency_column,1.0,,False,3064000.0
bookings_2023.csv,BK-01120,gross_amount,NGN,1766000.0,amount_text,1.0,,False,1766000.0
bookings_2023.csv,BK-01062,gross_amount,NGN,4630000.0,amount_text,1.0,,False,4630000.0
bookings_2023.csv,BK-01571,gross_amount,GBP,30750.0,currency_column,1352.9419,2023-09-04,False,41602963.43
bookings_2023.csv,BK-01940,gross_amount,NGN,3707000.0,amount_text,1.0,,False,3707000.0
bookings_2023.csv,BK-01866,gross_amount,NGN,7954000.0,amount_text,1.0,,False,7954000.0
bookings_2023.csv,BK-01401,gross_amount,USD,2050.0,amount_text,1043.0452,2023-07-13,False,2138242.66
bookings_2023.csv,BK-01303,gross_amount,NGN,11151000.0,amount_text,1.0,,False,11151000.0
bookings_2023.csv,BK-01284,gross_amount,NGN,3197000.0,amount_text,1.0,,False,3197000.0
bookings_2023.csv,BK-01211,gross_amount,NGN,6223000.0,amount_text,1.0,,False,6223000.0
bookings_2023.csv,BK-01546,gross_amount,NGN,488000.0,amount_text,1.0,,False,488000.0
bookings_2023.csv,BK-01755,gross_amount,NGN,29815000.0,amount_text,1.0,,False,29815000.0
bookings_2023.csv,BK-01528,gross_amount,NGN,4011000.0,amount_text,1.0,,False,4011000.0
bookings_2023.csv,BK-01060,gross_amount,NGN,1512000.0,amount_text,1.0,,False,1512000.0
bookings_2023.csv,BK-01735,gross_amount,NGN,5301000.0,amount_text,1.0,,False,5301000.0
bookings_2023.csv,BK-01479,gross_amount,NGN,19316000.0,client_billing_currency,1.0,,False,19316000.0
bookings_2023.csv,BK-01501,gross_amount,NGN,4883000.0,amount_text,1.0,,False,4883000.0
bookings_2023.csv,BK-01384,gross_amount,NGN,6786000.0,amount_text,1.0,,False,6786000.0
bookings_2023.csv,BK-01070,gross_amount,NGN,5634000.0,amount_text,1.0,,False,5634000.0
bookings_2023.csv,BK-01616,gross_amount,NGN,2971000.0,amount_text,1.0,,False,2971000.0
bookings_2023.csv,BK-01609,gross_amount,USD,3150.0,currency_column,1194.2914,2023-09-23,True,3762017.91
bookings_2023.csv,BK-01390,gross_amount,NGN,6128000.0,amount_text,1.0,,False,6128000.0
bookings_2023.csv,BK-01420,gross_amount,NGN,18706000.0,amount_text,1.0,,False,18706000.0
bookings_2023.csv,BK-01199,gross_amount,NGN,3154000.0,currency_column,1.0,,False,3154000.0
bookings_2023.csv,BK-01522,gross_amount,NGN,732000.0,amount_text,1.0,,False,732000.0
bookings_2023.csv,BK-01089,gross_amount,NGN,37866000.0,amount_text,1.0,,False,37866000.0
bookings_2023.csv,BK-01628,gross_amount,NGN,5127000.0,currency_column,1.0,,False,5127000.0
bookings_2023.csv,BK-01709,gross_amount,USD,6820.0,currency_column,1248.9477,2023-10-29,True,8517823.31
bookings_2023.csv,BK-01897,gross_amount,NGN,4727000.0,currency_column,1.0,,False,4727000.0
bookings_2023.csv,BK-01779,gross_amount,NGN,20299000.0,amount_text,1.0,,False,20299000.0
bookings_2023.csv,BK-01642,gross_amount,NGN,1923000.0,amount_text,1.0,,False,1923000.0
bookings_2023.csv,BK-01188,gross_amount,NGN,4163000.0,amount_text,1.0,,False,4163000.0
bookings_2023.csv,BK-01937,gross_amount,NGN,6548000.0,amount_text,1.0,,False,6548000.0
bookings_2023.csv,BK-01661,gross_amount,NGN,6304000.0,client_billing_currency,1.0,,False,6304000.0
bookings_2023.csv,BK-01895,gross_amount,NGN,6560000.0,currency_column,1.0,,False,6560000.0
bookings_2023.csv,BK-01712,gross_amount,NGN,750000.0,amount_text,1.0,,False,750000.0
bookings_2023.csv,BK-01638,gross_amount,NGN,3388000.0,currency_column,1.0,,False,3388000.0
bookings_2023.csv,BK-01224,gross_amount,NGN,14614000.0,currency_column,1.0,,False,14614000.0
bookings_2023.csv,BK-01073,gross_amount,NGN,1887000.0,amount_text,1.0,,False,1887000.0
bookings_2023.csv,BK-01585,gross_amount,NGN,3617000.0,client_billing_currency,1.0,,False,3617000.0
bookings_2023.csv,BK-01859,gross_amount,NGN,2808000.0,amount_text,1.0,,False,2808000.0
bookings_2023.csv,BK-01679,gross_amount,NGN,4219000.0,currency_column,1.0,,False,4219000.0
bookings_2023.csv,BK-01345,gross_amount,NGN,16740000.0,amount_text,1.0,,False,16740000.0
bookings_2023.csv,BK-01180,gross_amount,NGN,1800000.0,currency_column,1.0,,False,1800000.0
bookings_2023.csv,BK-01129,gross_amount,NGN,24682000.0,amount_text,1.0,,False,24682000.0
bookings_2023.csv,BK-01444,gross_amount,NGN,17171000.0,currency_column,1.0,,False,17171000.0
bookings_2023.csv,BK-01052,gross_amount,NGN,1486000.0,amount_text,1.0,,False,1486000.0
bookings_2023.csv,BK-01511,gross_amount,NGN,2054000.0,amount_text,1.0,,False,2054000.0
bookings_2023.csv,BK-01911,gross_amount,NGN,5359000.0,amount_text,1.0,,False,5359000.0
bookings_2023.csv,BK-01822,gross_amount,NGN,3039000.0,currency_column,1.0,,False,3039000.0
bookings_2023.csv,BK-01023,gross_amount,NGN,2095000.0,amount_text,1.0,,False,2095000.0
bookings_2023.csv,BK-01086,gross_amount,NGN,2252000.0,currency_column,1.0,,False,2252000.0
bookings_2023.csv,BK-01162,gross_amount,USD,1780.0,currency_column,579.75,2023-04-12,False,1031955.0
bookings_2023.csv,BK-01613,gross_amount,NGN,5824000.0,amount_text,1.0,,False,5824000.0
bookings_2023.csv,BK-01161,gross_amount,NGN,89520000.0,currency_column,1.0,,False,89520000.0
bookings_2023.csv,BK-01633,gross_amount,NGN,16749000.0,currency_column,1.0,,False,16749000.0
bookings_2023.csv,BK-01907,gross_amount,USD,1310.0,currency_column,1336.5043,2023-12-20,False,1750820.63
bookings_2023.csv,BK-01950,gross_amount,NGN,3470000.0,amount_text,1.0,,False,3470000.0
bookings_2023.csv,BK-01315,gross_amount,NGN,1504000.0,amount_text,1.0,,False,1504000.0
bookings_2023.csv,BK-01527,gross_amount,NGN,22690000.0,amount_text,1.0,,False,22690000.0
bookings_2023.csv,BK-01304,gross_amount,NGN,2340000.0,currency_column,1.0,,False,2340000.0
bookings_2023.csv,BK-01868,gross_amount,NGN,2080000.0,currency_column,1.0,,False,2080000.0
bookings_2023.csv,BK-01505,gross_amount,NGN,733000.0,currency_column,1.0,,False,733000.0
bookings_2023.csv,BK-01657,gross_amount,NGN,10746000.0,currency_column,1.0,,False,10746000.0
bookings_2023.csv,BK-01402,gross_amount,NGN,30918000.0,currency_column,1.0,,False,30918000.0
bookings_2023.csv,BK-01717,gross_amount,NGN,6534000.0,amount_text,1.0,,False,6534000.0
bookings_2023.csv,BK-01738,gross_amount,NGN,12510000.0,currency_column,1.0,,False,12510000.0
bookings_2023.csv,BK-01286,gross_amount,NGN,1030000.0,amount_text,1.0,,False,1030000.0
bookings_2023.csv,BK-01701,gross_amount,USD,10560.0,amount_text,1248.9477,2023-10-27,False,13188887.71
bookings_2023.csv,BK-01952,gross_amount,NGN,5148000.0,amount_text,1.0,,False,5148000.0
bookings_2023.csv,BK-01042,gross_amount,NGN,14098000.0,currency_column,1.0,,False,14098000.0
bookings_2023.csv,BK-01192,gross_amount,NGN,6317000.0,amount_text,1.0,,False,6317000.0
bookings_2023.csv,BK-01336,gross_amount,NGN,4773000.0,currency_column,1.0,,False,4773000.0
bookings_2023.csv,BK-01394,gross_amount,NGN,20348000.0,amount_text,1.0,,False,20348000.0
bookings_2023.csv,BK-01254,gross_amount,GBP,7700.0,currency_column,657.86,2023-05-20,True,5065522.0
bookings_2023.csv,BK-01007,gross_amount,NGN,26978000.0,amount_text,1.0,,False,26978000.0
bookings_2023.csv,BK-01001,gross_amount,NGN,2542000.0,currency_column,1.0,,False,2542000.0
bookings_2023.csv,BK-01702,gross_amount,NGN,886000.0,currency_column,1.0,,False,886000.0
bookings_2023.csv,BK-01560,gross_amount,NGN,317000.0,amount_text,1.0,,False,317000.0
bookings_2023.csv,BK-01459,gross_amount,NGN,25073000.0,currency_column,1.0,,False,25073000.0
bookings_2023.csv,BK-01173,gross_amount,NGN,10818000.0,currency_column,1.0,,False,10818000.0
bookings_2023.csv,BK-01418,gross_amount,NGN,5723000.0,currency_column,1.0,,False,5723000.0
bookings_2023.csv,BK-01312,gross_amount,NGN,2868000.0,amount_text,1.0,,False,2868000.0
bookings_2023.csv,BK-01046,gross_amount,NGN,3597000.0,currency_column,1.0,,False,3597000.0
bookings_2023.csv,BK-01207,gross_amount,NGN,1640000.0,client_billing_currency,1.0,,False,1640000.0
bookings_2023.csv,BK-01481,gross_amount,NGN,6206000.0,client_billing_currency,1.0,,False,6206000.0
bookings_2023.csv,BK-01864,gross_amount,USD,520.0,amount_text,1306.31,2023-12-07,False,679281.2
bookings_2023.csv,BK-01790,gross_amount,NGN,3541000.0,amount_text,1.0,,False,3541000.0
bookings_2023.csv,BK-01157,gross_amount,NGN,7815000.0,currency_column,1.0,,False,7815000.0
bookings_2023.csv,BK-01447,gross_amount,USD,5260.0,amount_text,1115.4079,2023-07-27,False,5867045.55
bookings_2023.csv,BK-01331,gross_amount,NGN,842000.0,amount_text,1.0,,False,842000.0
bookings_2023.csv,BK-01858,gross_amount,USD,6480.0,client_billing_currency,1293.72,2023-12-05,False,8383305.6
bookings_2023.csv,BK-01737,gross_amount,NGN,4509000.0,amount_text,1.0,,False,4509000.0
bookings_2023.csv,BK-01928,gross_amount,NGN,2674000.0,client_other_bookings_currency,1.0,,False,2674000.0
bookings_2023.csv,BK-01270,gross_amount,NGN,938000.0,client_billing_currency,1.0,,False,938000.0
bookings_2023.csv,BK-01743,gross_amount,NGN,10002000.0,amount_text,1.0,,False,10002000.0
bookings_2023.csv,BK-01293,gross_amount,NGN,21507000.0,amount_text,1.0,,False,21507000.0
bookings_2023.csv,BK-01604,gross_amount,NGN,6740000.0,currency_column,1.0,,False,6740000.0
bookings_2023.csv,BK-01725,gross_amount,NGN,4950000.0,amount_text,1.0,,False,4950000.0
bookings_2023.csv,BK-01549,gross_amount,NGN,1596000.0,currency_column,1.0,,False,1596000.0
bookings_2023.csv,BK-01515,gross_amount,NGN,10564000.0,amount_text,1.0,,False,10564000.0
bookings_2023.csv,BK-01921,gross_amount,NGN,14524000.0,amount_text,1.0,,False,14524000.0
bookings_2023.csv,BK-01237,gross_amount,NGN,2303000.0,amount_text,1.0,,False,2303000.0
bookings_2023.csv,BK-01524,gross_amount,GBP,630.0,amount_text,1335.35,2023-08-18,False,841270.5
bookings_2023.csv,BK-01301,gross_amount,NGN,5283000.0,amount_text,1.0,,False,5283000.0
bookings_2023.csv,BK-01890,gross_amount,NGN,29038000.0,currency_column,1.0,,False,29038000.0
bookings_2023.csv,BK-01878,gross_amount,USD,510.0,currency_column,1309.5,2023-12-12,True,667845.0
bookings_2023.csv,BK-01222,gross_amount,NGN,1070000.0,currency_column,1.0,,False,1070000.0
bookings_2023.csv,BK-01789,gross_amount,NGN,1123000.0,currency_column,1.0,,False,1123000.0
bookings_2023.csv,BK-01294,gross_amount,NGN,11535000.0,amount_text,1.0,,False,11535000.0
bookings_2023.csv,BK-01578,gross_amount,NGN,10330000.0,currency_column,1.0,,False,10330000.0
bookings_2023.csv,BK-01777,gross_amount,NGN,1741000.0,client_billing_currency,1.0,,False,1741000.0
bookings_2023.csv,BK-01750,gross_amount,NGN,2995000.0,amount_text,1.0,,False,2995000.0
bookings_2023.csv,BK-01651,gross_amount,NGN,9054000.0,client_billing_currency,1.0,,False,9054000.0
bookings_2023.csv,BK-01576,gross_amount,NGN,5569000.0,amount_text,1.0,,False,5569000.0
bookings_2023.csv,BK-01647,gross_amount,NGN,1707000.0,amount_text,1.0,,False,1707000.0
bookings_2023.csv,BK-01774,gross_amount,NGN,930000.0,amount_text,1.0,,False,930000.0
bookings_2023.csv,BK-01587,gross_amount,NGN,4847000.0,amount_at_or_above_ngn_floor,1.0,,False,4847000.0
bookings_2023.csv,BK-01450,gross_amount,NGN,18898000.0,currency_column,1.0,,False,18898000.0
bookings_2023.csv,BK-01493,gross_amount,USD,5590.0,currency_column,1138.41,2023-08-08,False,6363711.9
bookings_2023.csv,BK-01506,gross_amount,NGN,1696000.0,amount_text,1.0,,False,1696000.0
bookings_2023.csv,BK-01002,gross_amount,NGN,1152000.0,currency_column,1.0,,False,1152000.0
bookings_2023.csv,BK-01925,gross_amount,NGN,1450000.0,amount_text,1.0,,False,1450000.0
bookings_2023.csv,BK-01079,gross_amount,NGN,5987000.0,amount_text,1.0,,False,5987000.0
bookings_2023.csv,BK-01853,gross_amount,NGN,2171000.0,client_billing_currency,1.0,,False,2171000.0
bookings_2023.csv,BK-01824,gross_amount,NGN,3360000.0,amount_text,1.0,,False,3360000.0
bookings_2023.csv,BK-01187,gross_amount,NGN,1466000.0,currency_column,1.0,,False,1466000.0
bookings_2023.csv,BK-01321,gross_amount,NGN,5279000.0,currency_column,1.0,,False,5279000.0
bookings_2023.csv,BK-01354,gross_amount,NGN,6475000.0,amount_text,1.0,,False,6475000.0
bookings_2023.csv,BK-01040,gross_amount,NGN,6155000.0,amount_text,1.0,,False,6155000.0
bookings_2023.csv,BK-01721,gross_amount,NGN,6617000.0,amount_text,1.0,,False,6617000.0
bookings_2023.csv,BK-01783,gross_amount,NGN,3714000.0,amount_text,1.0,,False,3714000.0
bookings_2023.csv,BK-01111,gross_amount,NGN,9109000.0,amount_text,1.0,,False,9109000.0
bookings_2023.csv,BK-01365,gross_amount,NGN,3571000.0,amount_text,1.0,,False,3571000.0
bookings_2023.csv,BK-01066,gross_amount,NGN,2800000.0,amount_text,1.0,,False,2800000.0
bookings_2023.csv,BK-01575,gross_amount,NGN,2836000.0,amount_text,1.0,,False,2836000.0
bookings_2023.csv,BK-01109,gross_amount,NGN,3080000.0,currency_column,1.0,,False,3080000.0
bookings_2023.csv,BK-01687,gross_amount,USD,2650.0,currency_column,1239.6,2023-10-22,True,3284940.0
bookings_2023.csv,BK-01176,gross_amount,NGN,11275000.0,amount_text,1.0,,False,11275000.0
bookings_2023.csv,BK-01201,gross_amount,NGN,4836000.0,amount_text,1.0,,False,4836000.0
bookings_2023.csv,BK-01711,gross_amount,NGN,1835000.0,amount_text,1.0,,False,1835000.0
bookings_2023.csv,BK-01116,gross_amount,NGN,16672000.0,currency_column,1.0,,False,16672000.0
bookings_2023.csv,BK-01121,gross_amount,NGN,3343000.0,currency_column,1.0,,False,3343000.0
bookings_2023.csv,BK-01503,gross_amount,NGN,2661000.0,currency_column,1.0,,False,2661000.0
bookings_2023.csv,BK-01098,gross_amount,NGN,13237000.0,currency_column,1.0,,False,13237000.0
bookings_2023.csv,BK-01622,gross_amount,NGN,1261000.0,currency_column,1.0,,False,1261000.0
bookings_2023.csv,BK-01611,gross_amount,NGN,4699000.0,amount_text,1.0,,False,4699000.0
bookings_2023.csv,BK-01318,gross_amount,NGN,890000.0,currency_column,1.0,,False,890000.0
bookings_2023.csv,BK-01791,gross_amount,NGN,773000.0,amount_text,1.0,,False,773000.0
bookings_2023.csv,BK-01272,gross_amount,NGN,242000.0,amount_text,1.0,,False,242000.0
bookings_2023.csv,BK-01874,gross_amount,NGN,12490000.0,amount_text,1.0,,False,12490000.0
bookings_2023.csv,BK-01579,gross_amount,NGN,1842000.0,amount_text,1.0,,False,1842000.0
bookings_2023.csv,BK-01513,gross_amount,NGN,3225000.0,amount_text,1.0,,False,3225000.0
bookings_2023.csv,BK-01834,gross_amount,NGN,1172000.0,amount_text,1.0,,False,1172000.0
bookings_2023.csv,BK-01703,gross_amount,NGN,7698000.0,amount_text,1.0,,False,7698000.0
bookings_2023.csv,BK-01143,gross_amount,NGN,1935000.0,amount_text,1.0,,False,1935000.0
bookings_2023.csv,BK-01916,gross_amount,NGN,1397000.0,currency_column,1.0,,False,1397000.0
bookings_2023.csv,BK-01596,gross_amount,NGN,3475000.0,amount_text,1.0,,False,3475000.0
bookings_2023.csv,BK-01540,gross_amount,NGN,1137000.0,amount_text,1.0,,False,1137000.0
bookings_2023.csv,BK-01170,gross_amount,NGN,3525000.0,amount_text,1.0,,False,3525000.0
bookings_2023.csv,BK-01302,gross_amount,NGN,7312000.0,currency_column,1.0,,False,7312000.0
bookings_2023.csv,BK-01862,gross_amount,NGN,7841000.0,currency_column,1.0,,False,7841000.0
bookings_2023.csv,BK-01784,gross_amount,NGN,1321000.0,currency_column,1.0,,False,1321000.0
bookings_2023.csv,BK-01132,gross_amount,NGN,3756000.0,amount_text,1.0,,False,3756000.0
bookings_2023.csv,BK-01005,gross_amount,USD,9680.0,amount_text,469.7178,2023-01-05,False,4546868.3
bookings_2023.csv,BK-01749,gross_amount,USD,8380.0,amount_text,1256.2553,2023-11-09,False,10527419.41
bookings_2023.csv,BK-01423,gross_amount,NGN,7775000.0,amount_text,1.0,,False,7775000.0
bookings_2023.csv,BK-01740,gross_amount,NGN,17375000.0,amount_text,1.0,,False,17375000.0
bookings_2023.csv,BK-01698,gross_amount,NGN,1737000.0,currency_column,1.0,,False,1737000.0
bookings_2023.csv,BK-01769,gross_amount,NGN,792000.0,currency_column,1.0,,False,792000.0
bookings_2023.csv,BK-01119,gross_amount,NGN,653000.0,currency_column,1.0,,False,653000.0
bookings_2023.csv,BK-01403,gross_amount,NGN,13982000.0,amount_text,1.0,,False,13982000.0
bookings_2023.csv,BK-01243,gross_amount,GBP,1750.0,currency_column,651.84,2023-05-16,False,1140720.0
bookings_2023.csv,BK-01640,gross_amount,NGN,4190000.0,currency_column,1.0,,False,4190000.0
bookings_2023.csv,BK-01275,gross_amount,NGN,26543000.0,amount_text,1.0,,False,26543000.0
bookings_2023.csv,BK-01152,gross_amount,NGN,14227000.0,amount_text,1.0,,False,14227000.0
bookings_2023.csv,BK-01035,gross_amount,NGN,7585000.0,amount_text,1.0,,False,7585000.0
bookings_2023.csv,BK-01718,gross_amount,USD,15940.0,currency_column,1257.9343,2023-11-01,False,20051472.74
bookings_2023.csv,BK-01215,gross_amount,NGN,416000.0,amount_text,1.0,,False,416000.0
bookings_2023.csv,BK-01491,gross_amount,NGN,779000.0,amount_text,1.0,,False,779000.0
bookings_2023.csv,BK-01395,gross_amount,NGN,1026000.0,currency_column,1.0,,False,1026000.0
bookings_2023.csv,BK-01885,gross_amount,NGN,2560000.0,amount_text,1.0,,False,2560000.0
bookings_2023.csv,BK-01047,gross_amount,NGN,3040000.0,currency_column,1.0,,False,3040000.0
bookings_2023.csv,BK-01551,gross_amount,NGN,4699000.0,amount_text,1.0,,False,4699000.0
bookings_2023.csv,BK-01011,gross_amount,NGN,156000.0,currency_column,1.0,,False,156000.0
bookings_2023.csv,BK-01298,gross_amount,GBP,4730.0,currency_column,674.34,2023-06-09,False,3189628.2
bookings_2023.csv,BK-01189,gross_amount,NGN,840000.0,amount_text,1.0,,False,840000.0
bookings_2023.csv,BK-01389,gross_amount,NGN,9208000.0,currency_column,1.0,,False,9208000.0
bookings_2023.csv,BK-01629,gross_amount,NGN,3114000.0,amount_text,1.0,,False,3114000.0
bookings_2023.csv,BK-01191,gross_amount,NGN,6674000.0,amount_text,1.0,,False,6674000.0
bookings_2023.csv,BK-01396,gross_amount,NGN,1737000.0,currency_column,1.0,,False,1737000.0
bookings_2023.csv,BK-01355,gross_amount,NGN,2404000.0,amount_text,1.0,,False,2404000.0
bookings_2023.csv,BK-01110,gross_amount,NGN,1195000.0,amount_text,1.0,,False,1195000.0
bookings_2023.csv,BK-01171,gross_amount,NGN,77369000.0,amount_text,1.0,,False,77369000.0
bookings_2023.csv,BK-01256,gross_amount,NGN,1275000.0,amount_text,1.0,,False,1275000.0
bookings_2023.csv,BK-01255,gross_amount,NGN,4017000.0,amount_text,1.0,,False,4017000.0
bookings_2023.csv,BK-01595,gross_amount,NGN,14945000.0,currency_column,1.0,,False,14945000.0
bookings_2023.csv,BK-01691,gross_amount,NGN,1406000.0,currency_column,1.0,,False,1406000.0
bookings_2023.csv,BK-01278,gross_amount,NGN,344000.0,amount_text,1.0,,False,344000.0
bookings_2023.csv,BK-01954,gross_amount,NGN,14869000.0,amount_text,1.0,,False,14869000.0
bookings_2023.csv,BK-01794,gross_amount,NGN,21493000.0,amount_text,1.0,,False,21493000.0
bookings_2023.csv,BK-01627,gross_amount,GBP,720.0,amount_text,1371.6806,2023-10-02,False,987610.03
bookings_2023.csv,BK-01274,gross_amount,NGN,5099000.0,amount_text,1.0,,False,5099000.0
bookings_2023.csv,BK-01464,gross_amount,NGN,2145000.0,amount_text,1.0,,False,2145000.0
bookings_2023.csv,BK-01734,gross_amount,NGN,936000.0,currency_column,1.0,,False,936000.0
bookings_2023.csv,BK-01299,gross_amount,NGN,8495000.0,amount_text,1.0,,False,8495000.0
bookings_2023.csv,BK-01139,gross_amount,NGN,33884000.0,currency_column,1.0,,False,33884000.0
bookings_2023.csv,BK-01251,gross_amount,NGN,18083000.0,currency_column,1.0,,False,18083000.0
bookings_2023.csv,BK-01166,gross_amount,NGN,2784000.0,amount_text,1.0,,False,2784000.0
bookings_2023.csv,BK-01914,gross_amount,NGN,6986000.0,currency_column,1.0,,False,6986000.0
bookings_2023.csv,BK-01855,gross_amount,NGN,6050000.0,currency_column,1.0,,False,6050000.0
bookings_2023.csv,BK-01873,gross_amount,NGN,33201000.0,currency_column,1.0,,False,33201000.0
bookings_2023.csv,BK-01020,gross_amount,NGN,1250000.0,amount_text,1.0,,False,1250000.0
bookings_2023.csv,BK-01497,gross_amount,NGN,2325000.0,amount_text,1.0,,False,2325000.0
bookings_2023.csv,BK-01123,gross_amount,NGN,8757000.0,amount_text,1.0,,False,8757000.0
bookings_2023.csv,BK-01521,gross_amount,NGN,29362000.0,amount_text,1.0,,False,29362000.0
bookings_2023.csv,BK-01563,gross_amount,NGN,25675000.0,amount_text,1.0,,False,25675000.0
bookings_2023.csv,BK-01232,gross_amount,NGN,889000.0,currency_column,1.0,,False,889000.0
bookings_2023.csv,BK-01608,gross_amount,NGN,5961000.0,currency_column,1.0,,False,5961000.0
bookings_2023.csv,BK-01828,gross_amount,NGN,1012000.0,amount_text,1.0,,False,1012000.0
bookings_2023.csv,BK-01680,gross_amount,USD,2030.0,amount_text,1243.56,2023-10-19,False,2524426.8
bookings_2023.csv,BK-01795,gross_amount,NGN,2887000.0,amount_text,1.0,,False,2887000.0
bookings_2023.csv,BK-01344,gross_amount,NGN,2466000.0,amount_text,1.0,,False,2466000.0
bookings_2023.csv,BK-01724,gross_amount,NGN,2387000.0,currency_column,1.0,,False,2387000.0
bookings_2023.csv,BK-01031,gross_amount,NGN,3355000.0,amount_text,1.0,,False,3355000.0
bookings_2023.csv,BK-01900,gross_amount,NGN,4417000.0,amount_text,1.0,,False,4417000.0
bookings_2023.csv,BK-01812,gross_amount,NGN,17588000.0,currency_column,1.0,,False,17588000.0
bookings_2023.csv,BK-01695,gross_amount,NGN,596000.0,amount_text,1.0,,False,596000.0
bookings_2023.csv,BK-01800,gross_amount,NGN,18969000.0,currency_column,1.0,,False,18969000.0
bookings_2023.csv,BK-01159,gross_amount,NGN,4992000.0,currency_column,1.0,,False,4992000.0
bookings_2023.csv,BK-01644,gross_amount,NGN,15351000.0,amount_text,1.0,,False,15351000.0
bookings_2023.csv,BK-01381,gross_amount,NGN,5881000.0,currency_column,1.0,,False,5881000.0
bookings_2023.csv,BK-01100,gross_amount,NGN,7075000.0,client_billing_currency,1.0,,False,7075000.0
bookings_2023.csv,BK-01922,gross_amount,NGN,9961000.0,amount_text,1.0,,False,9961000.0
bookings_2023.csv,BK-01539,gross_amount,NGN,2918000.0,amount_text,1.0,,False,2918000.0
bookings_2023.csv,BK-01583,gross_amount,NGN,2937000.0,amount_text,1.0,,False,2937000.0
bookings_2023.csv,BK-01131,gross_amount,NGN,44872000.0,amount_text,1.0,,False,44872000.0
bookings_2023.csv,BK-01036,gross_amount,NGN,6202000.0,currency_column,1.0,,False,6202000.0
bookings_2023.csv,BK-01847,gross_amount,NGN,22187000.0,amount_text,1.0,,False,22187000.0
bookings_2023.csv,BK-01675,gross_amount,NGN,1764000.0,currency_column,1.0,,False,1764000.0
bookings_2023.csv,BK-01693,gross_amount,NGN,14725000.0,amount_text,1.0,,False,14725000.0
bookings_2023.csv,BK-01782,gross_amount,NGN,3132000.0,currency_column,1.0,,False,3132000.0
bookings_2023.csv,BK-01552,gross_amount,NGN,11666000.0,amount_text,1.0,,False,11666000.0
bookings_2023.csv,BK-01541,gross_amount,NGN,16082000.0,amount_text,1.0,,False,16082000.0
bookings_2023.csv,BK-01880,gross_amount,NGN,3442000.0,amount_text,1.0,,False,3442000.0
bookings_2023.csv,BK-01360,gross_amount,USD,1300.0,client_billing_currency,1017.0109,2023-06-26,False,1322114.17
bookings_2023.csv,BK-01825,gross_amount,NGN,7157000.0,currency_column,1.0,,False,7157000.0
bookings_2023.csv,BK-01408,gross_amount,NGN,1246000.0,currency_column,1.0,,False,1246000.0
bookings_2023.csv,BK-01870,gross_amount,NGN,1641000.0,amount_text,1.0,,False,1641000.0
bookings_2023.csv,BK-01245,gross_amount,NGN,11144000.0,amount_text,1.0,,False,11144000.0
bookings_2023.csv,BK-01362,gross_amount,NGN,3514000.0,currency_column,1.0,,False,3514000.0
bookings_2023.csv,BK-01276,gross_amount,NGN,12712000.0,currency_column,1.0,,False,12712000.0
bookings_2023.csv,BK-01339,gross_amount,NGN,9026000.0,currency_column,1.0,,False,9026000.0
bookings_2023.csv,BK-01953,gross_amount,NGN,18724000.0,amount_text,1.0,,False,18724000.0
bookings_2023.csv,BK-01220,gross_amount,USD,1070.0,amount_text,602.6719,2023-05-02,True,644858.93
bookings_2023.csv,BK-01185,gross_amount,NGN,21414000.0,currency_column,1.0,,False,21414000.0
bookings_2023.csv,BK-01334,gross_amount,NGN,10553000.0,currency_column,1.0,,False,10553000.0
bookings_2023.csv,BK-01655,gross_amount,NGN,3375000.0,currency_column,1.0,,False,3375000.0
bookings_2023.csv,BK-01716,gross_amount,NGN,10913000.0,amount_text,1.0,,False,10913000.0
bookings_2023.csv,BK-01871,gross_amount,NGN,1408000.0,client_billing_currency,1.0,,False,1408000.0
bookings_2023.csv,BK-01710,gross_amount,NGN,614000.0,amount_text,1.0,,False,614000.0
bookings_2023.csv,BK-01586,gross_amount,NGN,3297000.0,currency_column,1.0,,False,3297000.0
bookings_2023.csv,BK-01277,gross_amount,NGN,17288000.0,amount_text,1.0,,False,17288000.0
bookings_2023.csv,BK-01147,gross_amount,NGN,19060000.0,currency_column,1.0,,False,19060000.0
bookings_2023.csv,BK-01537,gross_amount,NGN,25678000.0,currency_column,1.0,,False,25678000.0
bookings_2023.csv,BK-01028,gross_amount,NGN,407000.0,currency_column,1.0,,False,407000.0
bookings_2023.csv,BK-01902,gross_amount,USD,5630.0,amount_text,1345.36,2023-12-18,False,7574376.8
bookings_2023.csv,BK-01700,gross_amount,NGN,31385000.0,amount_text,1.0,,False,31385000.0
bookings_2023.csv,BK-01617,gross_amount,USD,660.0,currency_column,1188.61,2023-09-28,False,784482.6
bookings_2023.csv,BK-01618,gross_amount,NGN,5953000.0,amount_text,1.0,,False,5953000.0
bookings_2023.csv,BK-01465,gross_amount,NGN,15364000.0,amount_text,1.0,,False,15364000.0
bookings_2023.csv,BK-01856,gross_amount,NGN,6124000.0,amount_text,1.0,,False,6124000.0
bookings_2023.csv,BK-01269,gross_amount,NGN,4579000.0,currency_column,1.0,,False,4579000.0
bookings_2023.csv,BK-01670,gross_amount,NGN,4714000.0,amount_text,1.0,,False,4714000.0
bookings_2023.csv,BK-01554,gross_amount,NGN,12793000.0,amount_text,1.0,,False,12793000.0
bookings_2023.csv,BK-01562,gross_amount,NGN,3972000.0,amount_text,1.0,,False,3972000.0
bookings_2023.csv,BK-01433,gross_amount,NGN,2188000.0,amount_text,1.0,,False,2188000.0
bookings_2023.csv,BK-01068,gross_amount,USD,1900.0,currency_column,504.7217,2023-03-02,False,958971.23
bookings_2023.csv,BK-01340,gross_amount,NGN,1061000.0,amount_text,1.0,,False,1061000.0
bookings_2023.csv,BK-01148,gross_amount,NGN,6638000.0,amount_text,1.0,,False,6638000.0
bookings_2023.csv,BK-01236,gross_amount,NGN,14177000.0,amount_text,1.0,,False,14177000.0
bookings_2023.csv,BK-01012,gross_amount,USD,1640.0,amount_text,470.9457,2023-01-12,False,772350.95
bookings_2023.csv,BK-01194,gross_amount,NGN,3040000.0,currency_column,1.0,,False,3040000.0
bookings_2023.csv,BK-01197,gross_amount,NGN,6923000.0,amount_text,1.0,,False,6923000.0
bookings_2023.csv,BK-01813,gross_amount,USD,3870.0,currency_column,1277.45,2023-11-24,False,4943731.5
bookings_2023.csv,BK-01462,gross_amount,NGN,5994000.0,amount_text,1.0,,False,5994000.0
bookings_2023.csv,BK-01257,gross_amount,NGN,4503000.0,amount_text,1.0,,False,4503000.0
bookings_2023.csv,BK-01674,gross_amount,NGN,5300000.0,amount_text,1.0,,False,5300000.0
bookings_2023.csv,BK-01598,gross_amount,NGN,14440000.0,currency_column,1.0,,False,14440000.0
bookings_2023.csv,BK-01877,gross_amount,NGN,55989000.0,amount_text,1.0,,False,55989000.0
bookings_2023.csv,BK-01054,gross_amount,NGN,864000.0,amount_text,1.0,,False,864000.0
bookings_2023.csv,BK-01751,gross_amount,NGN,4860000.0,amount_text,1.0,,False,4860000.0
bookings_2023.csv,BK-01226,gross_amount,NGN,1229000.0,amount_text,1.0,,False,1229000.0
bookings_2023.csv,BK-01146,gross_amount,USD,7030.0,amount_text,556.88,2023-04-07,True,3914866.4
bookings_2023.csv,BK-01714,gross_amount,NGN,23635000.0,amount_text,1.0,,False,23635000.0
bookings_2023.csv,BK-01039,gross_amount,NGN,45968000.0,currency_column,1.0,,False,45968000.0
bookings_2023.csv,BK-01766,gross_amount,USD,1580.0,amount_text,1251.8368,2023-11-12,True,1977902.14
bookings_2023.csv,BK-01006,gross_amount,NGN,20080000.0,amount_text,1.0,,False,20080000.0
bookings_2023.csv,BK-01636,gross_amount,NGN,2790000.0,amount_text,1.0,,False,2790000.0
bookings_2023.csv,BK-01558,gross_amount,NGN,4059999.9999999995,currency_column,1.0,,False,4060000.0
bookings_2023.csv,BK-01117,gross_amount,NGN,1293000.0,amount_text,1.0,,False,1293000.0
bookings_2023.csv,BK-01045,gross_amount,NGN,2389000.0,currency_column,1.0,,False,2389000.0
bookings_2023.csv,BK-01080,gross_amount,NGN,2685000.0,amount_text,1.0,,False,2685000.0
bookings_2023.csv,BK-01614,gross_amount,NGN,3492000.0,amount_text,1.0,,False,3492000.0
bookings_2023.csv,BK-01044,gross_amount,USD,9540.0,currency_column,493.4583,2023-02-14,False,4707592.18
bookings_2023.csv,BK-01665,gross_amount,NGN,4526000.0,amount_text,1.0,,False,4526000.0
bookings_2023.csv,BK-01816,gross_amount,NGN,16848000.0,amount_text,1.0,,False,16848000.0
bookings_2023.csv,BK-01924,gross_amount,NGN,2242000.0,amount_text,1.0,,False,2242000.0
bookings_2023.csv,BK-01430,gross_amount,NGN,1565000.0,currency_column,1.0,,False,1565000.0
bookings_2023.csv,BK-01228,gross_amount,NGN,2725000.0,amount_text,1.0,,False,2725000.0
bookings_2023.csv,BK-01850,gross_amount,NGN,5422000.0,amount_text,1.0,,False,5422000.0
bookings_2023.csv,BK-01673,gross_amount,NGN,13340000.0,amount_text,1.0,,False,13340000.0
bookings_2023.csv,BK-01155,gross_amount,NGN,15685000.0,amount_text,1.0,,False,15685000.0
bookings_2023.csv,BK-01607,gross_amount,NGN,1180000.0,currency_column,1.0,,False,1180000.0
bookings_2023.csv,BK-01253,gross_amount,GBP,800.0,currency_column,657.86,2023-05-20,True,526288.0
bookings_2023.csv,BK-01443,gross_amount,NGN,3382000.0,amount_text,1.0,,False,3382000.0
bookings_2023.csv,BK-01748,gross_amount,NGN,8239000.0,currency_column,1.0,,False,8239000.0
bookings_2023.csv,BK-01179,gross_amount,NGN,9802000.0,amount_text,1.0,,False,9802000.0
bookings_2023.csv,BK-01778,gross_amount,NGN,2678000.0,currency_column,1.0,,False,2678000.0
bookings_2023.csv,BK-01842,gross_amount,NGN,6531000.0,client_billing_currency,1.0,,False,6531000.0
bookings_2023.csv,BK-01756,gross_amount,NGN,14540000.0,currency_column,1.0,,False,14540000.0
bookings_2023.csv,BK-01376,gross_amount,NGN,3384000.0,amount_text,1.0,,False,3384000.0
bookings_2023.csv,BK-01324,gross_amount,NGN,5152000.0,amount_text,1.0,,False,5152000.0
bookings_2023.csv,BK-01343,gross_amount,NGN,19464000.0,amount_text,1.0,,False,19464000.0
bookings_2023.csv,BK-01409,gross_amount,NGN,1226000.0,amount_text,1.0,,False,1226000.0
bookings_2023.csv,BK-01015,gross_amount,NGN,25056000.0,amount_text,1.0,,False,25056000.0
bookings_2023.csv,BK-01915,gross_amount,USD,1210.0,amount_text,1365.61,2023-12-23,True,1652388.1
bookings_2023.csv,BK-01906,gross_amount,NGN,25376000.0,amount_text,1.0,,False,25376000.0
bookings_2023.csv,BK-01869,gross_amount,NGN,4434000.0,amount_text,1.0,,False,4434000.0
bookings_2023.csv,BK-01261,gross_amount,USD,4090.0,amount_text,598.6829,2023-05-23,False,2448613.06
bookings_2023.csv,BK-01332,gross_amount,NGN,4800000.0,currency_column,1.0,,False,4800000.0
bookings_2023.csv,BK-01904,gross_amount,GBP,1820.0,currency_column,1506.4677,2023-12-19,False,2741771.21
bookings_2023.csv,BK-01196,gross_amount,NGN,3142000.0,currency_column,1.0,,False,3142000.0
bookings_2023.csv,BK-01422,gross_amount,NGN,7392000.0,amount_text,1.0,,False,7392000.0
bookings_2023.csv,BK-01732,gross_amount,NGN,24355000.0,currency_column,1.0,,False,24355000.0
bookings_2023.csv,BK-01103,gross_amount,NGN,2899000.0,amount_text,1.0,,False,2899000.0
bookings_2023.csv,BK-01379,gross_amount,NGN,546000.0,amount_text,1.0,,False,546000.0
bookings_2023.csv,BK-01745,gross_amount,NGN,14805000.0,currency_column,1.0,,False,14805000.0
bookings_2023.csv,BK-01053,gross_amount,NGN,46004000.0,amount_text,1.0,,False,46004000.0
bookings_2023.csv,BK-01431,gross_amount,NGN,19895000.0,amount_text,1.0,,False,19895000.0
bookings_2023.csv,BK-01510,gross_amount,NGN,2977000.0,amount_text,1.0,,False,2977000.0
bookings_2023.csv,BK-01112,gross_amount,NGN,5580000.0,currency_column,1.0,,False,5580000.0
bookings_2023.csv,BK-01337,gross_amount,NGN,3969000.0,currency_column,1.0,,False,3969000.0
bookings_2023.csv,BK-01773,gross_amount,NGN,1210000.0,currency_column,1.0,,False,1210000.0
bookings_2023.csv,BK-01219,gross_amount,NGN,3088000.0,currency_column,1.0,,False,3088000.0
bookings_2023.csv,BK-01281,gross_amount,NGN,21502000.0,currency_column,1.0,,False,21502000.0
bookings_2023.csv,BK-01630,gross_amount,NGN,9462000.0,amount_text,1.0,,False,9462000.0
bookings_2023.csv,BK-01823,gross_amount,NGN,11087000.0,amount_text,1.0,,False,11087000.0
bookings_2023.csv,BK-01654,gross_amount,USD,5560.0,currency_column,1183.2807,2023-10-10,False,6579040.69
bookings_2023.csv,BK-01550,gross_amount,NGN,3133000.0,currency_column,1.0,,False,3133000.0
bookings_2023.csv,BK-01899,gross_amount,USD,3240.0,amount_text,1343.24,2023-12-17,True,4352097.6
bookings_2023.csv,BK-01067,gross_amount,NGN,17827000.0,amount_text,1.0,,False,17827000.0
bookings_2023.csv,BK-01843,gross_amount,USD,10190.0,currency_column,1313.9064,2023-12-02,True,13388706.22
bookings_2023.csv,BK-01034,gross_amount,NGN,11186000.0,amount_text,1.0,,False,11186000.0
bookings_2023.csv,BK-01508,gross_amount,NGN,11744000.0,amount_text,1.0,,False,11744000.0
bookings_2023.csv,BK-01484,gross_amount,NGN,31396000.0,amount_text,1.0,,False,31396000.0
bookings_2023.csv,BK-01137,gross_amount,NGN,3659000.0,amount_text,1.0,,False,3659000.0
bookings_2023.csv,BK-01323,gross_amount,NGN,6962000.0,currency_column,1.0,,False,6962000.0
bookings_2023.csv,BK-01335,gross_amount,GBP,2680.0,client_billing_currency,1127.93,2023-06-21,False,3022852.4
bookings_2023.csv,BK-01370,gross_amount,NGN,16577000.0,amount_text,1.0,,False,16577000.0
bookings_2023.csv,BK-01351,gross_amount,USD,13320.0,amount_text,1027.9127,2023-06-24,True,13691797.16
bookings_2023.csv,BK-01429,gross_amount,NGN,15345000.0,amount_text,1.0,,False,15345000.0
bookings_2023.csv,BK-01723,gross_amount,NGN,1042000.0,currency_column,1.0,,False,1042000.0
bookings_2023.csv,BK-01399,gross_amount,NGN,2075000.0,currency_column,1.0,,False,2075000.0
bookings_2023.csv,BK-01930,gross_amount,NGN,3829000.0,currency_column,1.0,,False,3829000.0
bookings_2023.csv,BK-01424,gross_amount,NGN,1591000.0,amount_text,1.0,,False,1591000.0
bookings_2023.csv,BK-01920,gross_amount,NGN,14930000.0,currency_column,1.0,,False,14930000.0
bookings_2023.csv,BK-01671,gross_amount,NGN,1324000.0,amount_text,1.0,,False,1324000.0
bookings_2023.csv,BK-01432,gross_amount,NGN,12503000.0,amount_text,1.0,,False,12503000.0
bookings_2023.csv,BK-01677,gross_amount,NGN,13381000.0,currency_column,1.0,,False,13381000.0
bookings_2023.csv,BK-01038,gross_amount,NGN,169000.0,amount_text,1.0,,False,169000.0
bookings_2023.csv,BK-01085,gross_amount,GBP,940.0,amount_text,596.2213,2023-03-13,False,560448.02
bookings_2023.csv,BK-01458,gross_amount,GBP,1000.0,currency_column,1282.31,2023-07-30,True,1282310.0
bookings_2023.csv,BK-01032,gross_amount,NGN,10037000.0,amount_text,1.0,,False,10037000.0
bookings_2023.csv,BK-01134,gross_amount,NGN,1221000.0,amount_text,1.0,,False,1221000.0
bookings_2023.csv,BK-01559,gross_amount,NGN,14345000.0,amount_text,1.0,,False,14345000.0
bookings_2023.csv,BK-01819,gross_amount,NGN,14004000.0,currency_column,1.0,,False,14004000.0
bookings_2023.csv,BK-01905,gross_amount,NGN,11480000.0,amount_text,1.0,,False,11480000.0
bookings_2023.csv,BK-01639,gross_amount,USD,1420.0,amount_text,1185.3323,2023-10-07,True,1683171.87
bookings_2023.csv,BK-01004,gross_amount,NGN,1386000.0,amount_text,1.0,,False,1386000.0
bookings_2023.csv,BK-01872,gross_amount,NGN,3537000.0,amount_text,1.0,,False,3537000.0
bookings_2023.csv,BK-01373,gross_amount,NGN,1920000.0,currency_column,1.0,,False,1920000.0
bookings_2023.csv,BK-01845,gross_amount,USD,1550.0,amount_text,1313.9064,2023-12-03,True,2036554.92
bookings_2023.csv,BK-01225,gross_amount,GBP,2300.0,currency_column,634.2106,2023-05-05,False,1458684.38
bookings_2023.csv,BK-01105,gross_amount,NGN,3485000.0,amount_text,1.0,,False,3485000.0
bookings_2023.csv,BK-01218,gross_amount,USD,6220.0,amount_text,602.6719,2023-05-01,False,3748619.22
bookings_2023.csv,BK-01013,gross_amount,NGN,5453000.0,amount_text,1.0,,False,5453000.0
bookings_2023.csv,BK-01599,gross_amount,NGN,16326000.0,currency_column,1.0,,False,16326000.0
bookings_2023.csv,BK-01762,gross_amount,NGN,1625000.0,amount_text,1.0,,False,1625000.0
bookings_2023.csv,BK-01357,gross_amount,NGN,4250000.0,currency_column,1.0,,False,4250000.0
bookings_2023.csv,BK-01048,gross_amount,NGN,1350000.0,amount_text,1.0,,False,1350000.0
bookings_2023.csv,BK-01956,gross_amount,NGN,1588000.0,amount_text,1.0,,False,1588000.0
bookings_2023.csv,BK-01124,gross_amount,NGN,14080000.0,amount_text,1.0,,False,14080000.0
bookings_2023.csv,BK-01174,gross_amount,NGN,3447000.0,currency_column,1.0,,False,3447000.0
bookings_2023.csv,BK-01697,gross_amount,NGN,2358000.0,amount_text,1.0,,False,2358000.0
bookings_2023.csv,BK-01216,gross_amount,NGN,32813000.0,amount_text,1.0,,False,32813000.0
bookings_2023.csv,BK-01764,gross_amount,NGN,15487000.0,currency_column,1.0,,False,15487000.0
bookings_2023.csv,BK-01151,gross_amount,NGN,1298000.0,amount_text,1.0,,False,1298000.0
bookings_2023.csv,BK-01776,gross_amount,NGN,12174000.0,currency_column,1.0,,False,12174000.0
bookings_2023.csv,BK-01088,gross_amount,GBP,6790.0,currency_column,590.4328,2023-03-15,False,4009038.71
bookings_2023.csv,BK-01306,gross_amount,NGN,4045000.0,amount_text,1.0,,False,4045000.0
bookings_2023.csv,BK-01326,gross_amount,NGN,1451000.0,amount_text,1.0,,False,1451000.0
bookings_2023.csv,BK-01410,gross_amount,NGN,1364000.0,amount_text,1.0,,False,1364000.0
bookings_2023.csv,BK-01126,gross_amount,NGN,1406000.0,currency_column,1.0,,False,1406000.0
bookings_2023.csv,BK-01512,gross_amount,NGN,1052000.0,currency_column,1.0,,False,1052000.0
bookings_2023.csv,BK-01668,gross_amount,NGN,21510000.0,currency_column,1.0,,False,21510000.0
bookings_2023.csv,BK-01457,gross_amount,NGN,18402000.0,amount_text,1.0,,False,18402000.0
bookings_2023.csv,BK-01621,gross_amount,NGN,3414000.0,currency_column,1.0,,False,3414000.0
bookings_2023.csv,BK-01169,gross_amount,NGN,1400000.0,amount_text,1.0,,False,1400000.0
bookings_2023.csv,BK-01817,gross_amount,NGN,4908000.0,amount_text,1.0,,False,4908000.0
bookings_2023.csv,BK-01234,gross_amount,NGN,6669000.0,amount_text,1.0,,False,6669000.0
bookings_2023.csv,BK-01018,gross_amount,NGN,1165000.0,amount_text,1.0,,False,1165000.0
bookings_2023.csv,BK-01393,gross_amount,NGN,1201000.0,amount_text,1.0,,False,1201000.0
bookings_2023.csv,BK-01414,gross_amount,NGN,14814000.0,amount_text,1.0,,False,14814000.0
bookings_2023.csv,BK-01064,gross_amount,NGN,287000.0,amount_text,1.0,,False,287000.0
bookings_2023.csv,BK-01075,gross_amount,NGN,2757000.0,currency_column,1.0,,False,2757000.0
bookings_2023.csv,BK-01898,gross_amount,NGN,2222000.0,amount_text,1.0,,False,2222000.0
bookings_2023.csv,BK-01213,gross_amount,NGN,4677000.0,currency_column,1.0,,False,4677000.0
bookings_2023.csv,BK-01107,gross_amount,NGN,2405000.0,amount_text,1.0,,False,2405000.0
bookings_2023.csv,BK-01476,gross_amount,NGN,10343000.0,amount_text,1.0,,False,10343000.0
bookings_2023.csv,BK-01566,gross_amount,NGN,5090000.0,amount_text,1.0,,False,5090000.0
bookings_2023.csv,BK-01391,gross_amount,NGN,1321000.0,amount_text,1.0,,False,1321000.0
bookings_2023.csv,BK-01167,gross_amount,NGN,15439000.0,amount_text,1.0,,False,15439000.0
bookings_2023.csv,BK-01625,gross_amount,NGN,2975000.0,amount_text,1.0,,False,2975000.0
bookings_2023.csv,BK-01581,gross_amount,NGN,24347000.0,amount_text,1.0,,False,24347000.0
bookings_2023.csv,BK-01896,gross_amount,NGN,1781000.0,currency_column,1.0,,False,1781000.0
bookings_2023.csv,BK-01887,gross_amount,NGN,3312000.0,amount_text,1.0,,False,3312000.0
bookings_2023.csv,BK-01205,gross_amount,NGN,3848000.0,amount_text,1.0,,False,3848000.0
bookings_2023.csv,BK-01300,gross_amount,NGN,15962000.0,amount_text,1.0,,False,15962000.0
bookings_2023.csv,BK-01249,gross_amount,NGN,3206000.0,amount_text,1.0,,False,3206000.0
bookings_2023.csv,BK-01689,gross_amount,NGN,559000.0,currency_column,1.0,,False,559000.0
bookings_2023.csv,BK-01883,gross_amount,NGN,1397000.0,amount_text,1.0,,False,1397000.0
bookings_2023.csv,BK-01793,gross_amount,NGN,883000.0,currency_column,1.0,,False,883000.0
bookings_2023.csv,BK-01741,gross_amount,NGN,7843000.0,currency_column,1.0,,False,7843000.0
bookings_2023.csv,BK-01263,gross_amount,GBP,22290.0,currency_column,660.328,2023-05-24,False,14718711.12
bookings_2023.csv,BK-01227,gross_amount,NGN,1267000.0,amount_text,1.0,,False,1267000.0
bookings_2023.csv,BK-01941,gross_amount,NGN,7449000.0,amount_text,1.0,,False,7449000.0
bookings_2023.csv,BK-01545,gross_amount,NGN,7628000.0,currency_column,1.0,,False,7628000.0
bookings_2023.csv,BK-01059,gross_amount,NGN,17446000.0,currency_column,1.0,,False,17446000.0
bookings_2023.csv,BK-01469,gross_amount,NGN,4085000.0,amount_text,1.0,,False,4085000.0
bookings_2023.csv,BK-01760,gross_amount,NGN,4302000.0,amount_text,1.0,,False,4302000.0
bookings_2023.csv,BK-01731,gross_amount,NGN,31021000.0,amount_text,1.0,,False,31021000.0
bookings_2023.csv,BK-01022,gross_amount,NGN,4842000.0,amount_text,1.0,,False,4842000.0
bookings_2023.csv,BK-01846,gross_amount,NGN,784000.0,client_billing_currency,1.0,,False,784000.0
bookings_2023.csv,BK-01682,gross_amount,NGN,6063000.0,amount_text,1.0,,False,6063000.0
bookings_2023.csv,BK-01909,gross_amount,NGN,17298000.0,currency_column,1.0,,False,17298000.0
bookings_2023.csv,BK-01918,gross_amount,NGN,9829000.0,amount_text,1.0,,False,9829000.0
bookings_2023.csv,BK-01069,gross_amount,NGN,3990000.0,amount_text,1.0,,False,3990000.0
bookings_2023.csv,BK-01799,gross_amount,NGN,3550000.0,currency_column,1.0,,False,3550000.0
bookings_2023.csv,BK-01114,gross_amount,NGN,32372000.0,amount_text,1.0,,False,32372000.0
bookings_2023.csv,BK-01140,gross_amount,NGN,2292000.0,amount_text,1.0,,False,2292000.0
bookings_2023.csv,BK-01901,gross_amount,NGN,2579000.0,currency_column,1.0,,False,2579000.0
bookings_2023.csv,BK-01375,gross_amount,NGN,2027000.0,amount_text,1.0,,False,2027000.0
bookings_2023.csv,BK-01804,gross_amount,NGN,1574000.0,currency_column,1.0,,False,1574000.0
bookings_2023.csv,BK-01260,gross_amount,NGN,810000.0,amount_text,1.0,,False,810000.0
bookings_2023.csv,BK-01149,gross_amount,NGN,3109000.0,amount_text,1.0,,False,3109000.0
bookings_2023.csv,BK-01589,gross_amount,NGN,1566000.0,currency_column,1.0,,False,1566000.0
bookings_2023.csv,BK-01660,gross_amount,NGN,12815000.0,amount_text,1.0,,False,12815000.0
bookings_2023.csv,BK-01752,gross_amount,NGN,14705000.0,amount_text,1.0,,False,14705000.0
bookings_2023.csv,BK-01050,gross_amount,NGN,895000.0,currency_column,1.0,,False,895000.0
bookings_2023.csv,BK-01250,gross_amount,NGN,33300000.0,amount_text,1.0,,False,33300000.0
bookings_2023.csv,BK-01683,gross_amount,NGN,3111000.0,amount_text,1.0,,False,3111000.0
bookings_2023.csv,BK-01548,gross_amount,NGN,8622000.0,currency_column,1.0,,False,8622000.0
bookings_2023.csv,BK-01367,gross_amount,NGN,1202000.0,currency_column,1.0,,False,1202000.0
bookings_2023.csv,BK-01658,gross_amount,GBP,2590.0,currency_column,1392.0057,2023-10-10,False,3605294.76
bookings_2023.csv,BK-01356,gross_amount,NGN,5406000.0,amount_text,1.0,,False,5406000.0
bookings_2023.csv,BK-01556,gross_amount,NGN,17185000.0,amount_text,1.0,,False,17185000.0
bookings_2023.csv,BK-01818,gross_amount,NGN,11030000.0,currency_column,1.0,,False,11030000.0
bookings_2023.csv,BK-01681,gross_amount,NGN,20211000.0,amount_text,1.0,,False,20211000.0
bookings_2023.csv,BK-01122,gross_amount,NGN,10109000.0,currency_column,1.0,,False,10109000.0
bookings_2023.csv,BK-01235,gross_amount,NGN,12092000.0,currency_column,1.0,,False,12092000.0
bookings_2023.csv,BK-01314,gross_amount,NGN,4160000.0,currency_column,1.0,,False,4160000.0
bookings_2023.csv,BK-01106,gross_amount,NGN,2419000.0,amount_text,1.0,,False,2419000.0
bookings_2023.csv,BK-01385,gross_amount,NGN,3953000.0,amount_text,1.0,,False,3953000.0
bookings_2023.csv,BK-01016,gross_amount,NGN,3550000.0,currency_column,1.0,,False,3550000.0
bookings_2023.csv,BK-01407,gross_amount,NGN,3248000.0,amount_text,1.0,,False,3248000.0
bookings_2023.csv,BK-01582,gross_amount,NGN,822000.0,amount_text,1.0,,False,822000.0
bookings_2023.csv,BK-01267,gross_amount,NGN,9621000.0,client_billing_currency,1.0,,False,9621000.0
bookings_2023.csv,BK-01467,gross_amount,NGN,8180000.0,currency_column,1.0,,False,8180000.0
bookings_2023.csv,BK-01436,gross_amount,NGN,4016000.0,currency_column,1.0,,False,4016000.0
bookings_2023.csv,BK-01857,gross_amount,GBP,3210.0,currency_column,1487.8168,2023-12-05,False,4775891.93
bookings_2023.csv,BK-01083,gross_amount,NGN,8435000.0,amount_text,1.0,,False,8435000.0
bookings_2023.csv,BK-01280,gross_amount,NGN,4098000.0,amount_text,1.0,,False,4098000.0
bookings_2023.csv,BK-01372,gross_amount,GBP,3110.0,currency_column,1166.48,2023-07-01,True,3627752.8
bookings_2023.csv,BK-01637,gross_amount,USD,24800.0,currency_column,1185.3323,2023-10-06,False,29396241.04
bookings_2023.csv,BK-01719,gross_amount,NGN,1227000.0,amount_text,1.0,,False,1227000.0
bookings_2023.csv,BK-01569,gross_amount,USD,4730.0,currency_column,1155.6664,2023-09-02,True,5466302.07
bookings_2023.csv,BK-01252,gross_amount,NGN,1300000.0,amount_text,1.0,,False,1300000.0
bookings_2023.csv,BK-01801,gross_amount,NGN,4589000.0,amount_text,1.0,,False,4589000.0
bookings_2023.csv,BK-01247,gross_amount,NGN,9831000.0,client_billing_currency,1.0,,False,9831000.0
bookings_2023.csv,BK-01233,gross_amount,USD,9300.0,currency_column,598.7399,2023-05-10,True,5568281.07
bookings_2023.csv,BK-01099,gross_amount,NGN,2242000.0,currency_column,1.0,,False,2242000.0
bookings_2023.csv,BK-01208,gross_amount,NGN,4693000.0,amount_text,1.0,,False,4693000.0
bookings_2023.csv,BK-01271,gross_amount,NGN,1477000.0,client_billing_currency,1.0,,False,1477000.0
bookings_2023.csv,BK-01742,gross_amount,NGN,60910000.0,currency_column,1.0,,False,60910000.0
bookings_2023.csv,BK-01081,gross_amount,USD,2570.0,amount_text,530.68,2023-03-11,True,1363847.6
bookings_2023.csv,BK-01927,gross_amount,NGN,1660000.0,currency_column,1.0,,False,1660000.0
bookings_2023.csv,BK-01057,gross_amount,NGN,4502000.0,client_other_bookings_currency,1.0,,False,4502000.0
bookings_2023.csv,BK-01623,gross_amount,NGN,2569000.0,amount_text,1.0,,False,2569000.0
bookings_2023.csv,BK-01688,gross_amount,NGN,605000.0,amount_text,1.0,,False,605000.0
bookings_2023.csv,BK-01516,gross_amount,NGN,2774000.0,amount_text,1.0,,False,2774000.0
bookings_2023.csv,BK-01214,gross_amount,NGN,8237000.0,amount_text,1.0,,False,8237000.0
bookings_2023.csv,BK-01380,gross_amount,NGN,5273000.0,amount_text,1.0,,False,5273000.0
bookings_2023.csv,BK-01692,gross_amount,NGN,4506000.0,amount_text,1.0,,False,4506000.0
bookings_2023.csv,BK-01206,gross_amount,NGN,2772000.0,client_billing_currency,1.0,,False,2772000.0
bookings_2023.csv,BK-01809,gross_amount,NGN,6537000.0,amount_text,1.0,,False,6537000.0
bookings_2023.csv,BK-01852,gross_amount,NGN,3143000.0,currency_column,1.0,,False,3143000.0
bookings_2023.csv,BK-01427,gross_amount,NGN,12230000.0,currency_column,1.0,,False,12230000.0
bookings_2023.csv,BK-01518,gross_amount,NGN,8083000.0,amount_text,1.0,,False,8083000.0
bookings_2023.csv,BK-01316,gross_amount,USD,20850.0,client_billing_currency,995.52,2023-06-15,False,20756592.0
bookings_2023.csv,BK-01534,gross_amount,NGN,2562000.0,currency_column,1.0,,False,2562000.0
bookings_2023.csv,BK-01310,gross_amount,NGN,32789000.0,amount_text,1.0,,False,32789000.0
bookings_2023.csv,BK-01489,gross_amount,NGN,18749000.0,currency_column,1.0,,False,18749000.0
bookings_2023.csv,BK-01600,gross_amount,NGN,4492000.0,currency_column,1.0,,False,4492000.0
bookings_2023.csv,BK-01507,gross_amount,NGN,20796000.0,client_billing_currency,1.0,,False,20796000.0
bookings_2023.csv,BK-01451,gross_amount,NGN,6015000.0,currency_column,1.0,,False,6015000.0
bookings_2023.csv,BK-01568,gross_amount,NGN,9118000.0,amount_text,1.0,,False,9118000.0
bookings_2023.csv,BK-01144,gross_amount,NGN,6280000.0,currency_column,1.0,,False,6280000.0
bookings_2023.csv,BK-01844,gross_amount,NGN,10910000.0,amount_text,1.0,,False,10910000.0
bookings_2023.csv,BK-01439,gross_amount,NGN,3151000.0,amount_text,1.0,,False,3151000.0
bookings_2023.csv,BK-01347,gross_amount,NGN,10860000.0,currency_column,1.0,,False,10860000.0
bookings_2023.csv,BK-01495,gross_amount,NGN,1356000.0,currency_column,1.0,,False,1356000.0
bookings_2023.csv,BK-01364,gross_amount,NGN,1564000.0,amount_text,1.0,,False,1564000.0
bookings_2023.csv,BK-01509,gross_amount,NGN,4554000.0,amount_text,1.0,,False,4554000.0
bookings_2023.csv,BK-01860,gross_amount,USD,220.0,amount_text,1301.64,2023-12-06,False,286360.8
bookings_2023.csv,BK-01181,gross_amount,NGN,2750000.0,currency_column,1.0,,False,2750000.0
bookings_2023.csv,BK-01358,gross_amount,NGN,1571000.0,amount_text,1.0,,False,1571000.0
bookings_2023.csv,BK-01739,gross_amount,NGN,7143000.0,amount_text,1.0,,False,7143000.0
bookings_2023.csv,BK-01802,gross_amount,GBP,2620.0,amount_text,1502.38,2023-11-21,False,3936235.6
bookings_2023.csv,BK-01577,gross_amount,USD,2420.0,amount_text,1127.1072,2023-09-08,False,2727599.42
bookings_2023.csv,BK-01428,gross_amount,NGN,5639000.0,currency_column,1.0,,False,5639000.0
bookings_2023.csv,BK-01282,gross_amount,NGN,24866000.0,currency_column,1.0,,False,24866000.0
bookings_2023.csv,BK-01434,gross_amount,NGN,11133000.0,amount_text,1.0,,False,11133000.0
bookings_2023.csv,BK-01266,gross_amount,NGN,4469000.0,amount_text,1.0,,False,4469000.0
bookings_2023.csv,BK-01888,gross_amount,GBP,2740.0,amount_text,1491.2091,2023-12-14,False,4085912.93
bookings_2023.csv,BK-01055,gross_amount,NGN,1391000.0,currency_column,1.0,,False,1391000.0
bookings_2023.csv,BK-01832,gross_amount,NGN,3129000.0,amount_text,1.0,,False,3129000.0
bookings_2023.csv,BK-01567,gross_amount,NGN,4879000.0,currency_column,1.0,,False,4879000.0
bookings_2023.csv,BK-01785,gross_amount,NGN,3542000.0,amount_text,1.0,,False,3542000.0
bookings_2023.csv,BK-01333,gross_amount,NGN,4312000.0,amount_text,1.0,,False,4312000.0
bookings_2023.csv,BK-01322,gross_amount,NGN,26274000.0,currency_column,1.0,,False,26274000.0
bookings_2023.csv,BK-01010,gross_amount,NGN,32598000.0,currency_column,1.0,,False,32598000.0
bookings_2023.csv,BK-01838,gross_amount,NGN,3544000.0,amount_text,1.0,,False,3544000.0
bookings_2023.csv,BK-01118,gross_amount,NGN,2856000.0,amount_text,1.0,,False,2856000.0
bookings_2023.csv,BK-01696,gross_amount,NGN,9148000.0,currency_column,1.0,,False,9148000.0
bookings_2023.csv,BK-01061,gross_amount,NGN,883000.0,currency_column,1.0,,False,883000.0
bookings_2023.csv,BK-01706,gross_amount,NGN,7462000.0,amount_text,1.0,,False,7462000.0
bookings_2023.csv,BK-01468,gross_amount,NGN,1785000.0,amount_text,1.0,,False,1785000.0
bookings_2023.csv,BK-01771,gross_amount,NGN,696000.0,currency_column,1.0,,False,696000.0
bookings_2023.csv,BK-01573,gross_amount,NGN,1418000.0,currency_column,1.0,,False,1418000.0
bookings_2023.csv,BK-01417,gross_amount,NGN,1919000.0,amount_text,1.0,,False,1919000.0
bookings_2023.csv,BK-01893,gross_amount,NGN,1399000.0,currency_column,1.0,,False,1399000.0
bookings_2023.csv,BK-01101,gross_amount,NGN,3944000.0,client_billing_currency,1.0,,False,3944000.0
bookings_2023.csv,BK-01288,gross_amount,NGN,977000.0,client_billing_currency,1.0,,False,977000.0
bookings_2023.csv,BK-01863,gross_amount,NGN,662000.0,amount_text,1.0,,False,662000.0
bookings_2023.csv,BK-01849,gross_amount,GBP,1760.0,currency_column,1479.1881,2023-12-04,False,2603371.06
bookings_2023.csv,BK-01538,gross_amount,NGN,6433000.0,amount_text,1.0,,False,6433000.0
bookings_2023.csv,BK-01154,gross_amount,NGN,17289000.0,currency_column,1.0,,False,17289000.0
bookings_2023.csv,BK-01200,gross_amount,NGN,9311000.0,currency_column,1.0,,False,9311000.0
bookings_2023.csv,BK-01772,gross_amount,NGN,15611000.0,client_billing_currency,1.0,,False,15611000.0
bookings_2023.csv,BK-01667,gross_amount,NGN,970000.0,currency_column,1.0,,False,970000.0
bookings_2023.csv,BK-01043,gross_amount,USD,4840.0,amount_text,493.4583,2023-02-14,False,2388338.17
bookings_2023.csv,BK-01610,gross_amount,NGN,2962000.0,amount_text,1.0,,False,2962000.0
bookings_2023.csv,BK-01305,gross_amount,USD,690.0,currency_column,599.58,2023-06-10,True,413710.2
bookings_2023.csv,BK-01808,gross_amount,NGN,3591000.0,client_billing_currency,1.0,,False,3591000.0
bookings_2023.csv,BK-01349,gross_amount,USD,8690.0,amount_text,1027.9127,2023-06-24,True,8932561.36
bookings_2023.csv,BK-01480,gross_amount,USD,8690.0,amount_text,1100.3961,2023-08-06,True,9562442.11
bookings_2023.csv,BK-01815,gross_amount,NGN,7665000.0,amount_text,1.0,,False,7665000.0
bookings_2023.csv,BK-01544,gross_amount,NGN,7021000.0,currency_column,1.0,,False,7021000.0
bookings_2023.csv,BK-01602,gross_amount,NGN,2649000.0,amount_text,1.0,,False,2649000.0
bookings_2023.csv,BK-01531,gross_amount,NGN,3782000.0,amount_text,1.0,,False,3782000.0
bookings_2023.csv,BK-01659,gross_amount,NGN,3090000.0,amount_text,1.0,,False,3090000.0
bookings_2023.csv,BK-01498,gross_amount,NGN,2271000.0,amount_text,1.0,,False,2271000.0
bookings_2023.csv,BK-01026,gross_amount,NGN,14251000.0,amount_text,1.0,,False,14251000.0
bookings_2023.csv,BK-01165,gross_amount,NGN,10516000.0,currency_column,1.0,,False,10516000.0
bookings_2023.csv,BK-01448,gross_amount,NGN,18988000.0,amount_text,1.0,,False,18988000.0
bookings_2023.csv,BK-01592,gross_amount,NGN,48119000.0,amount_text,1.0,,False,48119000.0
bookings_2023.csv,BK-01128,gross_amount,NGN,12317000.0,currency_column,1.0,,False,12317000.0
bookings_2023.csv,BK-01291,gross_amount,NGN,1010000.0,client_billing_currency,1.0,,False,1010000.0
bookings_2023.csv,BK-01806,gross_amount,NGN,23578000.0,amount_text,1.0,,False,23578000.0
bookings_2023.csv,BK-01153,gross_amount,NGN,10192000.0,amount_text,1.0,,False,10192000.0
bookings_2023.csv,BK-01543,gross_amount,NGN,800000.0,amount_text,1.0,,False,800000.0
bookings_2023.csv,BK-01876,gross_amount,USD,400.0,currency_column,1309.5,2023-12-11,False,523800.0
bookings_2023.csv,BK-01932,gross_amount,NGN,597000.0,amount_text,1.0,,False,597000.0
bookings_2023.csv,BK-01387,gross_amount,NGN,2306000.0,amount_text,1.0,,False,2306000.0
bookings_2023.csv,BK-01955,gross_amount,NGN,3646000.0,currency_column,1.0,,False,3646000.0
bookings_2023.csv,BK-01223,gross_amount,NGN,8346000.0,amount_text,1.0,,False,8346000.0
bookings_2024.csv,BK-02112,gross_amount,NGN,2110000.0,currency_column,1.0,,False,2110000.0
bookings_2024.csv,BK-02483,gross_amount,NGN,43292000.0,amount_text,1.0,,False,43292000.0
bookings_2024.csv,BK-02401,gross_amount,GBP,8100.0,currency_column,2945.2051,2024-08-04,True,23856161.31
bookings_2024.csv,BK-02040,gross_amount,NGN,40930000.0,currency_column,1.0,,False,40930000.0
bookings_2024.csv,BK-02022,gross_amount,NGN,2577000.0,amount_text,1.0,,False,2577000.0
bookings_2024.csv,BK-02317,gross_amount,NGN,3269000.0,amount_text,1.0,,False,3269000.0
bookings_2024.csv,BK-02177,gross_amount,GBP,1040.0,currency_column,2665.4137,2024-05-12,True,2772030.25
bookings_2024.csv,BK-02283,gross_amount,NGN,40210000.0,amount_text,1.0,,False,40210000.0
bookings_2024.csv,BK-02391,gross_amount,NGN,8424000.0,currency_column,1.0,,False,8424000.0
bookings_2024.csv,BK-02697,gross_amount,NGN,42909000.0,currency_column,1.0,,False,42909000.0
bookings_2024.csv,BK-02322,gross_amount,NGN,18028000.0,currency_column,1.0,,False,18028000.0
bookings_2024.csv,BK-02522,gross_amount,NGN,4894000.0,currency_column,1.0,,False,4894000.0
bookings_2024.csv,BK-02265,gross_amount,NGN,3279000.0,amount_text,1.0,,False,3279000.0
bookings_2024.csv,BK-02014,gross_amount,NGN,997000.0,currency_column,1.0,,False,997000.0
bookings_2024.csv,BK-02137,gross_amount,NGN,27801000.0,currency_column,1.0,,False,27801000.0
bookings_2024.csv,BK-01966,gross_amount,GBP,900.0,currency_column,1628.9,2024-01-12,False,1466010.0
bookings_2024.csv,BK-02090,gross_amount,NGN,2451000.0,amount_text,1.0,,False,2451000.0
bookings_2024.csv,BK-02561,gross_amount,NGN,1214000.0,amount_text,1.0,,False,1214000.0
bookings_2024.csv,BK-02195,gross_amount,NGN,5456000.0,client_other_bookings_currency,1.0,,False,5456000.0
bookings_2024.csv,BK-02872,gross_amount,GBP,840.0,currency_column,3704.5133,2024-12-27,False,3111791.17
bookings_2024.csv,BK-02323,gross_amount,USD,1160.0,currency_column,2533.1803,2024-07-10,False,2938489.15
bookings_2024.csv,BK-02888,gross_amount,NGN,3596000.0,currency_column,1.0,,False,3596000.0
bookings_2024.csv,BK-02196,gross_amount,NGN,2041000.0,amount_text,1.0,,False,2041000.0
bookings_2024.csv,BK-02303,gross_amount,NGN,2647000.0,amount_text,1.0,,False,2647000.0
bookings_2024.csv,BK-02613,gross_amount,GBP,1470.0,currency_column,3041.2194,2024-10-18,False,4470592.52
bookings_2024.csv,BK-02709,gross_amount,NGN,3433000.0,currency_column,1.0,,False,3433000.0
bookings_2024.csv,BK-02559,gross_amount,NGN,6551000.0,currency_column,1.0,,False,6551000.0
bookings_2024.csv,BK-02089,gross_amount,NGN,4068000.0,currency_column,1.0,,False,4068000.0
bookings_2024.csv,BK-02430,gross_amount,NGN,5880000.0,amount_text,1.0,,False,5880000.0
bookings_2024.csv,BK-02418,gross_amount,NGN,3433000.0,amount_text,1.0,,False,3433000.0
bookings_2024.csv,BK-02106,gross_amount,GBP,3020.0,currency_column,2562.5799,2024-04-09,True,7738991.3
bookings_2024.csv,BK-02344,gross_amount,NGN,3218000.0,amount_text,1.0,,False,3218000.0
bookings_2024.csv,BK-02520,gross_amount,USD,13500.0,currency_column,2827.4035,2024-09-16,False,38169947.25
bookings_2024.csv,BK-02458,gross_amount,USD,6670.0,amount_text,2858.18,2024-08-24,True,19064060.6
bookings_2024.csv,BK-02281,gross_amount,NGN,3000000.0,client_billing_currency,1.0,,False,3000000.0
bookings_2024.csv,BK-02362,gross_amount,NGN,8054000.0,amount_text,1.0,,False,8054000.0
bookings_2024.csv,BK-02714,gross_amount,NGN,4658000.0,amount_text,1.0,,False,4658000.0
bookings_2024.csv,BK-02377,gross_amount,NGN,12656000.0,currency_column,1.0,,False,12656000.0
bookings_2024.csv,BK-02044,gross_amount,NGN,1465000.0,currency_column,1.0,,False,1465000.0
bookings_2024.csv,BK-02850,gross_amount,NGN,1331000.0,amount_text,1.0,,False,1331000.0
bookings_2024.csv,BK-02023,gross_amount,GBP,110.0,client_billing_currency,2433.52,2024-02-29,True,267687.2
bookings_2024.csv,BK-02579,gross_amount,NGN,3895000.0,amount_text,1.0,,False,3895000.0
bookings_2024.csv,BK-02544,gross_amount,NGN,1234000.0,amount_text,1.0,,False,1234000.0
bookings_2024.csv,BK-02683,gross_amount,NGN,1713000.0,amount_text,1.0,,False,1713000.0
bookings_2024.csv,BK-02721,gross_amount,NGN,8543000.0,amount_text,1.0,,False,8543000.0
bookings_2024.csv,BK-02193,gross_amount,GBP,13100.0,amount_text,2693.28,2024-05-18,True,35281968.0
bookings_2024.csv,BK-02359,gross_amount,NGN,106248000.0,amount_text,1.0,,False,106248000.0
bookings_2024.csv,BK-02627,gross_amount,NGN,5275000.0,currency_column,1.0,,False,5275000.0
bookings_2024.csv,BK-02327,gross_amount,NGN,7938000.0,amount_text,1.0,,False,7938000.0
bookings_2024.csv,BK-02587,gross_amount,NGN,10549000.0,amount_text,1.0,,False,10549000.0
bookings_2024.csv,BK-02595,gross_amount,NGN,6972000.0,amount_text,1.0,,False,6972000.0
bookings_2024.csv,BK-02576,gross_amount,NGN,7837000.0,amount_text,1.0,,False,7837000.0
bookings_2024.csv,BK-02005,gross_amount,GBP,3140.0,currency_column,2389.3575,2024-02-15,False,7502582.55
bookings_2024.csv,BK-02769,gross_amount,GBP,2020.0,amount_text,3406.9223,2024-12-01,True,6881983.05
bookings_2024.csv,BK-02442,gross_amount,NGN,2542000.0,amount_text,1.0,,False,2542000.0
bookings_2024.csv,BK-02775,gross_amount,NGN,1534000.0,amount_text,1.0,,False,1534000.0
bookings_2024.csv,BK-02802,gross_amount,NGN,5709000.0,amount_text,1.0,,False,5709000.0
bookings_2024.csv,BK-02748,gross_amount,NGN,4652000.0,amount_text,1.0,,False,4652000.0
bookings_2024.csv,BK-02085,gross_amount,USD,4540.0,amount_text,2118.14,2024-03-30,True,9616355.6
bookings_2024.csv,BK-02189,gross_amount,GBP,6460.0,currency_column,2693.28,2024-05-17,False,17398588.8
bookings_2024.csv,BK-02358,gross_amount,NGN,3760000.0,currency_column,1.0,,False,3760000.0
bookings_2024.csv,BK-02385,gross_amount,NGN,7116000.0,amount_text,1.0,,False,7116000.0
bookings_2024.csv,BK-02232,gross_amount,NGN,732000.0,amount_text,1.0,,False,732000.0
bookings_2024.csv,BK-02511,gross_amount,USD,890.0,amount_text,2822.33,2024-09-13,False,2511873.7
bookings_2024.csv,BK-02255,gross_amount,NGN,1167000.0,amount_text,1.0,,False,1167000.0
bookings_2024.csv,BK-02843,gross_amount,USD,4070.0,amount_text,3268.5856,2024-12-20,False,13303143.39
bookings_2024.csv,BK-02566,gross_amount,NGN,18269000.0,currency_column,1.0,,False,18269000.0
bookings_2024.csv,BK-02164,gross_amount,NGN,11704000.0,amount_text,1.0,,False,11704000.0
bookings_2024.csv,BK-02217,gross_amount,NGN,1898000.0,amount_text,1.0,,False,1898000.0
bookings_2024.csv,BK-02845,gross_amount,NGN,22465000.0,amount_text,1.0,,False,22465000.0
bookings_2024.csv,BK-02740,gross_amount,GBP,5950.0,amount_text,3340.6694,2024-11-21,False,19876982.93
bookings_2024.csv,BK-02208,gross_amount,NGN,2023000.0,currency_column,1.0,,False,2023000.0
bookings_2024.csv,BK-02205,gross_amount,NGN,12487000.0,amount_text,1.0,,False,12487000.0
bookings_2024.csv,BK-02536,gross_amount,NGN,2631000.0,amount_text,1.0,,False,2631000.0
bookings_2024.csv,BK-02608,gross_amount,NGN,10662000.0,amount_text,1.0,,False,10662000.0
bookings_2024.csv,BK-02074,gross_amount,NGN,2749000.0,amount_text,1.0,,False,2749000.0
bookings_2024.csv,BK-02616,gross_amount,NGN,7908000.0,currency_column,1.0,,False,7908000.0
bookings_2024.csv,BK-02024,gross_amount,NGN,20621000.0,amount_text,1.0,,False,20621000.0
bookings_2024.csv,BK-02247,gross_amount,NGN,10479000.0,amount_text,1.0,,False,10479000.0
bookings_2024.csv,BK-02862,gross_amount,NGN,6542000.0,amount_text,1.0,,False,6542000.0
bookings_2024.csv,BK-02170,gross_amount,NGN,4026000.0,amount_text,1.0,,False,4026000.0
bookings_2024.csv,BK-02729,gross_amount,NGN,4867000.0,amount_text,1.0,,False,4867000.0
bookings_2024.csv,BK-02884,gross_amount,NGN,13234000.0,amount_text,1.0,,False,13234000.0
bookings_2024.csv,BK-02446,gross_amount,USD,14480.0,currency_column,2867.7167,2024-08-19,False,41524537.82
bookings_2024.csv,BK-02826,gross_amount,NGN,5657000.0,amount_text,1.0,,False,5657000.0
bookings_2024.csv,BK-02817,gross_amount,NGN,60023000.0,currency_column,1.0,,False,60023000.0
bookings_2024.csv,BK-02129,gross_amount,NGN,5328000.0,amount_text,1.0,,False,5328000.0
bookings_2024.csv,BK-02647,gross_amount,USD,780.0,amount_text,2915.2897,2024-10-30,False,2273925.97
bookings_2024.csv,BK-02308,gross_amount,NGN,2740000.0,amount_text,1.0,,False,2740000.0
bookings_2024.csv,BK-02078,gross_amount,NGN,705000.0,amount_text,1.0,,False,705000.0
bookings_2024.csv,BK-02114,gross_amount,NGN,20841000.0,amount_text,1.0,,False,20841000.0
bookings_2024.csv,BK-02766,gross_amount,NGN,19990000.0,currency_column,1.0,,False,19990000.0
bookings_2024.csv,BK-02662,gross_amount,NGN,10584000.0,currency_column,1.0,,False,10584000.0
bookings_2024.csv,BK-02263,gross_amount,NGN,913000.0,amount_text,1.0,,False,913000.0
bookings_2024.csv,BK-02502,gross_amount,NGN,46198000.0,currency_column,1.0,,False,46198000.0
bookings_2024.csv,BK-02764,gross_amount,NGN,3795000.0,amount_text,1.0,,False,3795000.0
bookings_2024.csv,BK-02755,gross_amount,NGN,15931000.0,amount_text,1.0,,False,15931000.0
bookings_2024.csv,BK-02874,gross_amount,NGN,261000.0,currency_column,1.0,,False,261000.0
bookings_2024.csv,BK-02113,gross_amount,NGN,182000.0,currency_column,1.0,,False,182000.0
bookings_2024.csv,BK-02758,gross_amount,NGN,2337000.0,amount_text,1.0,,False,2337000.0
bookings_2024.csv,BK-02095,gross_amount,NGN,6396000.0,amount_text,1.0,,False,6396000.0
bookings_2024.csv,BK-02411,gross_amount,NGN,22005000.0,amount_text,1.0,,False,22005000.0
bookings_2024.csv,BK-02556,gross_amount,USD,1030.0,client_other_bookings_currency,2811.0826,2024-09-29,True,2895415.08
bookings_2024.csv,BK-02464,gross_amount,NGN,956000.0,amount_text,1.0,,False,956000.0
bookings_2024.csv,BK-02271,gross_amount,NGN,1735000.0,amount_text,1.0,,False,1735000.0
bookings_2024.csv,BK-02076,gross_amount,NGN,691000.0,currency_column,1.0,,False,691000.0
bookings_2024.csv,BK-02228,gross_amount,NGN,5553000.0,currency_column,1.0,,False,5553000.0
bookings_2024.csv,BK-02703,gross_amount,NGN,7074000.0,amount_text,1.0,,False,7074000.0
bookings_2024.csv,BK-02041,gross_amount,NGN,37996000.0,currency_column,1.0,,False,37996000.0
bookings_2024.csv,BK-02612,gross_amount,NGN,7390000.0,currency_column,1.0,,False,7390000.0
bookings_2024.csv,BK-02581,gross_amount,NGN,7024000.0,amount_text,1.0,,False,7024000.0
bookings_2024.csv,BK-02494,gross_amount,NGN,4500000.0,amount_text,1.0,,False,4500000.0
bookings_2024.csv,BK-02165,gross_amount,GBP,5380.0,amount_text,2619.462,2024-05-04,True,14092705.56
bookings_2024.csv,BK-02601,gross_amount,NGN,4915000.0,amount_text,1.0,,False,4915000.0
bookings_2024.csv,BK-02350,gross_amount,NGN,6168000.0,currency_column,1.0,,False,6168000.0
bookings_2024.csv,BK-02557,gross_amount,NGN,5734000.0,amount_text,1.0,,False,5734000.0
bookings_2024.csv,BK-02643,gross_amount,NGN,7194000.0,currency_column,1.0,,False,7194000.0
bookings_2024.csv,BK-02239,gross_amount,NGN,6692000.0,currency_column,1.0,,False,6692000.0
bookings_2024.csv,BK-02521,gross_amount,NGN,6397000.0,amount_text,1.0,,False,6397000.0
bookings_2024.csv,BK-02867,gross_amount,USD,3660.0,amount_text,3307.0759,2024-12-26,False,12103897.79
bookings_2024.csv,BK-02735,gross_amount,NGN,26500000.0,currency_column,1.0,,False,26500000.0
bookings_2024.csv,BK-02028,gross_amount,NGN,1026000.0,amount_text,1.0,,False,1026000.0
bookings_2024.csv,BK-02233,gross_amount,GBP,5250.0,amount_text,2825.28,2024-06-01,True,14832720.0
bookings_2024.csv,BK-02804,gross_amount,GBP,5250.0,amount_text,3529.8674,2024-12-10,False,18531803.85
bookings_2024.csv,BK-01991,gross_amount,NGN,1690000.0,client_billing_currency,1.0,,False,1690000.0
bookings_2024.csv,BK-02642,gross_amount,NGN,3473000.0,amount_text,1.0,,False,3473000.0
bookings_2024.csv,BK-02526,gross_amount,NGN,59078000.0,currency_column,1.0,,False,59078000.0
bookings_2024.csv,BK-02425,gross_amount,NGN,744000.0,amount_text,1.0,,False,744000.0
bookings_2024.csv,BK-02789,gross_amount,USD,540.0,currency_column,3177.78,2024-12-06,False,1716001.2
bookings_2024.csv,BK-02886,gross_amount,USD,3700.0,currency_column,3287.1906,2024-12-30,False,12162605.22
bookings_2024.csv,BK-02523,gross_amount,NGN,24742000.0,amount_text,1.0,,False,24742000.0
bookings_2024.csv,BK-02100,gross_amount,NGN,5338000.0,amount_text,1.0,,False,5338000.0
bookings_2024.csv,BK-02578,gross_amount,NGN,7806000.0,currency_column,1.0,,False,7806000.0
bookings_2024.csv,BK-02251,gross_amount,NGN,4030000.0,amount_text,1.0,,False,4030000.0
bookings_2024.csv,BK-01982,gross_amount,NGN,16391000.0,amount_text,1.0,,False,16391000.0
bookings_2024.csv,BK-02187,gross_amount,NGN,13675000.0,amount_text,1.0,,False,13675000.0
bookings_2024.csv,BK-02312,gross_amount,NGN,11091000.0,currency_column,1.0,,False,11091000.0
bookings_2024.csv,BK-02696,gross_amount,NGN,6758000.0,amount_text,1.0,,False,6758000.0
bookings_2024.csv,BK-02624,gross_amount,NGN,691000.0,amount_text,1.0,,False,691000.0
bookings_2024.csv,BK-02474,gross_amount,NGN,1012000.0,currency_column,1.0,,False,1012000.0
bookings_2024.csv,BK-01962,gross_amount,NGN,9112000.0,amount_text,1.0,,False,9112000.0
bookings_2024.csv,BK-02199,gross_amount,NGN,13090000.0,amount_text,1.0,,False,13090000.0
bookings_2024.csv,BK-02018,gross_amount,NGN,2825000.0,amount_text,1.0,,False,2825000.0
bookings_2024.csv,BK-02011,gross_amount,NGN,2510000.0,amount_text,1.0,,False,2510000.0
bookings_2024.csv,BK-02252,gross_amount,NGN,4498000.0,currency_column,1.0,,False,4498000.0
bookings_2024.csv,BK-02692,gross_amount,NGN,3044000.0,amount_text,1.0,,False,3044000.0
bookings_2024.csv,BK-02202,gross_amount,NGN,4059999.9999999995,currency_column,1.0,,False,4060000.0
bookings_2024.csv,BK-02620,gross_amount,NGN,16480000.0,client_billing_currency,1.0,,False,16480000.0
bookings_2024.csv,BK-02820,gross_amount,NGN,3454000.0,amount_text,1.0,,False,3454000.0
bookings_2024.csv,BK-02339,gross_amount,NGN,12210000.0,amount_text,1.0,,False,12210000.0
bookings_2024.csv,BK-02629,gross_amount,NGN,2439000.0,amount_text,1.0,,False,2439000.0
bookings_2024.csv,BK-02691,gross_amount,NGN,10086000.0,currency_column,1.0,,False,10086000.0
bookings_2024.csv,BK-02653,gross_amount,NGN,25469000.0,currency_column,1.0,,False,25469000.0
bookings_2024.csv,BK-02762,gross_amount,NGN,4236000.0,amount_text,1.0,,False,4236000.0
bookings_2024.csv,BK-02363,gross_amount,NGN,4255000.0,amount_text,1.0,,False,4255000.0
bookings_2024.csv,BK-02084,gross_amount,NGN,4356000.0,currency_column,1.0,,False,4356000.0
bookings_2024.csv,BK-02144,gross_amount,NGN,10265000.0,amount_text,1.0,,False,10265000.0
bookings_2024.csv,BK-02198,gross_amount,NGN,2108000.0,currency_column,1.0,,False,2108000.0
bookings_2024.csv,BK-02214,gross_amount,NGN,6188000.0,currency_column,1.0,,False,6188000.0
bookings_2024.csv,BK-02708,gross_amount,NGN,5562000.0,amount_text,1.0,,False,5562000.0
bookings_2024.csv,BK-02619,gross_amount,NGN,36256000.0,amount_text,1.0,,False,36256000.0
bookings_2024.csv,BK-02371,gross_amount,NGN,575000.0,amount_text,1.0,,False,575000.0
bookings_2024.csv,BK-02173,gross_amount,NGN,787000.0,amount_text,1.0,,False,787000.0
bookings_2024.csv,BK-02617,gross_amount,USD,2740.0,amount_text,2901.225,2024-10-19,True,7949356.5
bookings_2024.csv,BK-01988,gross_amount,NGN,17698000.0,amount_text,1.0,,False,17698000.0
bookings_2024.csv,BK-02747,gross_amount,NGN,1858000.0,currency_column,1.0,,False,1858000.0
bookings_2024.csv,BK-02555,gross_amount,NGN,4797000.0,currency_column,1.0,,False,4797000.0
bookings_2024.csv,BK-02324,gross_amount,USD,9930.0,client_billing_currency,2533.1803,2024-07-10,False,25154480.38
bookings_2024.csv,BK-02257,gross_amount,NGN,2497000.0,currency_column,1.0,,False,2497000.0
bookings_2024.csv,BK-02801,gross_amount,NGN,322000.0,amount_text,1.0,,False,322000.0
bookings_2024.csv,BK-02320,gross_amount,NGN,5198000.0,amount_text,1.0,,False,5198000.0
bookings_2024.csv,BK-02682,gross_amount,NGN,1235000.0,amount_text,1.0,,False,1235000.0
bookings_2024.csv,BK-02558,gross_amount,NGN,1203000.0,amount_text,1.0,,False,1203000.0
bookings_2024.csv,BK-02825,gross_amount,NGN,16845000.0,amount_text,1.0,,False,16845000.0
bookings_2024.csv,BK-02630,gross_amount,NGN,325000.0,currency_column,1.0,,False,325000.0
bookings_2024.csv,BK-02104,gross_amount,NGN,13414000.0,currency_column,1.0,,False,13414000.0
bookings_2024.csv,BK-02509,gross_amount,NGN,3782000.0,amount_text,1.0,,False,3782000.0
bookings_2024.csv,BK-02429,gross_amount,NGN,7357000.0,amount_text,1.0,,False,7357000.0
bookings_2024.csv,BK-01978,gross_amount,NGN,2360000.0,currency_column,1.0,,False,2360000.0
bookings_2024.csv,BK-02707,gross_amount,NGN,1873000.0,currency_column,1.0,,False,1873000.0
bookings_2024.csv,BK-02424,gross_amount,NGN,11887000.0,amount_text,1.0,,False,11887000.0
bookings_2024.csv,BK-02765,gross_amount,NGN,46935000.0,currency_column,1.0,,False,46935000.0
bookings_2024.csv,BK-02178,gross_amount,NGN,4453000.0,client_billing_currency,1.0,,False,4453000.0
bookings_2024.csv,BK-02533,gross_amount,GBP,10790.0,amount_text,3042.973,2024-09-20,False,32833678.67
bookings_2024.csv,BK-02408,gross_amount,NGN,3319000.0,amount_text,1.0,,False,3319000.0
bookings_2024.csv,BK-02046,gross_amount,NGN,6646000.0,amount_text,1.0,,False,6646000.0
bookings_2024.csv,BK-01979,gross_amount,GBP,5780.0,amount_text,1650.2093,2024-01-28,True,9538209.75
bookings_2024.csv,BK-02734,gross_amount,NGN,12972000.0,amount_text,1.0,,False,12972000.0
bookings_2024.csv,BK-02546,gross_amount,NGN,24974000.0,amount_text,1.0,,False,24974000.0
bookings_2024.csv,BK-02633,gross_amount,NGN,1250000.0,currency_column,1.0,,False,1250000.0
bookings_2024.csv,BK-02431,gross_amount,NGN,13041000.0,amount_text,1.0,,False,13041000.0
bookings_2024.csv,BK-02043,gross_amount,NGN,24730000.0,currency_column,1.0,,False,24730000.0
bookings_2024.csv,BK-02020,gross_amount,NGN,3960000.0,currency_column,1.0,,False,3960000.0
bookings_2024.csv,BK-02167,gross_amount,NGN,2278000.0,amount_text,1.0,,False,2278000.0
bookings_2024.csv,BK-02606,gross_amount,NGN,10135000.0,amount_text,1.0,,False,10135000.0
bookings_2024.csv,BK-02381,gross_amount,NGN,7132000.0,amount_text,1.0,,False,7132000.0
bookings_2024.csv,BK-02421,gross_amount,NGN,2418000.0,currency_column,1.0,,False,2418000.0
bookings_2024.csv,BK-02027,gross_amount,USD,2220.0,amount_text,2016.3201,2024-03-02,True,4476230.62
bookings_2024.csv,BK-02842,gross_amount,NGN,4364000.0,amount_text,1.0,,False,4364000.0
bookings_2024.csv,BK-02582,gross_amount,NGN,10945000.0,amount_text,1.0,,False,10945000.0
bookings_2024.csv,BK-02002,gross_amount,NGN,8355000.0,amount_text,1.0,,False,8355000.0
bookings_2024.csv,BK-02787,gross_amount,NGN,9628000.0,currency_column,1.0,,False,9628000.0
bookings_2024.csv,BK-02384,gross_amount,NGN,5639000.0,amount_text,1.0,,False,5639000.0
bookings_2024.csv,BK-01976,gross_amount,NGN,1156000.0,amount_text,1.0,,False,1156000.0
bookings_2024.csv,BK-02847,gross_amount,USD,13070.0,amount_text,3268.5856,2024-12-21,True,42720413.79
bookings_2024.csv,BK-02865,gross_amount,NGN,44446000.0,amount_text,1.0,,False,44446000.0
bookings_2024.csv,BK-02325,gross_amount,GBP,1770.0,amount_text,3052.32,2024-07-11,False,5402606.4
bookings_2024.csv,BK-02058,gross_amount,NGN,20571000.0,amount_text,1.0,,False,20571000.0
bookings_2024.csv,BK-02080,gross_amount,NGN,21110000.0,amount_text,1.0,,False,21110000.0
bookings_2024.csv,BK-02614,gross_amount,NGN,4175000.0,amount_text,1.0,,False,4175000.0
bookings_2024.csv,BK-02795,gross_amount,NGN,3109000.0,currency_column,1.0,,False,3109000.0
bookings_2024.csv,BK-02824,gross_amount,NGN,5219000.0,amount_text,1.0,,False,5219000.0
bookings_2024.csv,BK-02296,gross_amount,NGN,5155000.0,currency_column,1.0,,False,5155000.0
bookings_2024.csv,BK-02406,gross_amount,NGN,19165000.0,currency_column,1.0,,False,19165000.0
bookings_2024.csv,BK-02689,gross_amount,NGN,3424000.0,amount_text,1.0,,False,3424000.0
bookings_2024.csv,BK-02851,gross_amount,NGN,1065000.0,currency_column,1.0,,False,1065000.0
bookings_2024.csv,BK-02799,gross_amount,USD,370.0,amount_text,3177.78,2024-12-08,True,1175778.6
bookings_2024.csv,BK-02147,gross_amount,NGN,10041000.0,currency_column,1.0,,False,10041000.0
bookings_2024.csv,BK-02108,gross_amount,NGN,11763000.0,currency_column,1.0,,False,11763000.0
bookings_2024.csv,BK-02423,gross_amount,NGN,2822000.0,currency_column,1.0,,False,2822000.0
bookings_2024.csv,BK-02861,gross_amount,NGN,2234000.0,client_billing_currency,1.0,,False,2234000.0
bookings_2024.csv,BK-02803,gross_amount,NGN,11024000.0,currency_column,1.0,,False,11024000.0
bookings_2024.csv,BK-02272,gross_amount,NGN,1220000.0,amount_text,1.0,,False,1220000.0
bookings_2024.csv,BK-02705,gross_amount,NGN,8122000.0,amount_text,1.0,,False,8122000.0
bookings_2024.csv,BK-01990,gross_amount,NGN,10490000.0,amount_text,1.0,,False,10490000.0
bookings_2024.csv,BK-01977,gross_amount,USD,6330.0,amount_text,1406.11,2024-01-28,True,8900676.3
bookings_2024.csv,BK-02487,gross_amount,NGN,9016000.0,currency_column,1.0,,False,9016000.0
bookings_2024.csv,BK-02069,gross_amount,GBP,2580.0,currency_column,2474.14,2024-03-23,True,6383281.2
bookings_2024.csv,BK-02737,gross_amount,NGN,5478000.0,currency_column,1.0,,False,5478000.0
bookings_2024.csv,BK-02184,gross_amount,NGN,5188000.0,client_billing_currency,1.0,,False,5188000.0
bookings_2024.csv,BK-02409,gross_amount,NGN,1972000.0,currency_column,1.0,,False,1972000.0
bookings_2024.csv,BK-02480,gross_amount,NGN,1168000.0,currency_column,1.0,,False,1168000.0
bookings_2024.csv,BK-02742,gross_amount,NGN,4111000.0,amount_text,1.0,,False,4111000.0
bookings_2024.csv,BK-02443,gross_amount,NGN,19250000.0,currency_column,1.0,,False,19250000.0
bookings_2024.csv,BK-02039,gross_amount,NGN,249000.0,amount_text,1.0,,False,249000.0
bookings_2024.csv,BK-02583,gross_amount,NGN,22592000.0,amount_text,1.0,,False,22592000.0
bookings_2024.csv,BK-02111,gross_amount,NGN,36258000.0,amount_text,1.0,,False,36258000.0
bookings_2024.csv,BK-02416,gross_amount,NGN,12455000.0,amount_text,1.0,,False,12455000.0
bookings_2024.csv,BK-02330,gross_amount,NGN,24048000.0,amount_text,1.0,,False,24048000.0
bookings_2024.csv,BK-02580,gross_amount,NGN,4003000.0,amount_text,1.0,,False,4003000.0
bookings_2024.csv,BK-02053,gross_amount,NGN,9046000.0,amount_text,1.0,,False,9046000.0
bookings_2024.csv,BK-02212,gross_amount,NGN,1702000.0,amount_text,1.0,,False,1702000.0
bookings_2024.csv,BK-02213,gross_amount,NGN,3973000.0,amount_text,1.0,,False,3973000.0
bookings_2024.csv,BK-02688,gross_amount,NGN,8977000.0,currency_column,1.0,,False,8977000.0
bookings_2024.csv,BK-02313,gross_amount,NGN,4325000.0,currency_column,1.0,,False,4325000.0
bookings_2024.csv,BK-02326,gross_amount,NGN,3421000.0,amount_text,1.0,,False,3421000.0
bookings_2024.csv,BK-02216,gross_amount,NGN,24662000.0,amount_text,1.0,,False,24662000.0
bookings_2024.csv,BK-02119,gross_amount,NGN,649000.0,amount_text,1.0,,False,649000.0
bookings_2024.csv,BK-02569,gross_amount,NGN,5399000.0,currency_column,1.0,,False,5399000.0
bookings_2024.csv,BK-01961,gross_amount,NGN,5190000.0,client_billing_currency,1.0,,False,5190000.0
bookings_2024.csv,BK-02853,gross_amount,NGN,1705000.0,currency_column,1.0,,False,1705000.0
bookings_2024.csv,BK-02554,gross_amount,USD,3260.0,amount_text,2811.0826,2024-09-28,True,9164129.28
bookings_2024.csv,BK-02277,gross_amount,NGN,5319000.0,currency_column,1.0,,False,5319000.0
bookings_2024.csv,BK-02722,gross_amount,NGN,21317000.0,amount_text,1.0,,False,21317000.0
bookings_2024.csv,BK-01959,gross_amount,NGN,2639000.0,currency_column,1.0,,False,2639000.0
bookings_2024.csv,BK-02420,gross_amount,GBP,880.0,amount_text,2929.95,2024-08-11,True,2578356.0
bookings_2024.csv,BK-02441,gross_amount,NGN,1832000.0,amount_text,1.0,,False,1832000.0
bookings_2024.csv,BK-02743,gross_amount,NGN,3105000.0,currency_column,1.0,,False,3105000.0
bookings_2024.csv,BK-02829,gross_amount,USD,11950.0,amount_text,3245.36,2024-12-15,True,38782052.0
bookings_2024.csv,BK-02602,gross_amount,NGN,19762000.0,currency_column,1.0,,False,19762000.0
bookings_2024.csv,BK-02117,gross_amount,NGN,50350000.0,amount_text,1.0,,False,50350000.0
bookings_2024.csv,BK-02690,gross_amount,NGN,20097000.0,amount_text,1.0,,False,20097000.0
bookings_2024.csv,BK-02253,gross_amount,NGN,2829000.0,amount_text,1.0,,False,2829000.0
bookings_2024.csv,BK-02181,gross_amount,NGN,5387000.0,amount_text,1.0,,False,5387000.0
bookings_2024.csv,BK-02351,gross_amount,NGN,7298000.0,currency_column,1.0,,False,7298000.0
bookings_2024.csv,BK-02757,gross_amount,NGN,10835000.0,amount_text,1.0,,False,10835000.0
bookings_2024.csv,BK-02798,gross_amount,NGN,1622000.0,amount_text,1.0,,False,1622000.0
bookings_2024.csv,BK-02143,gross_amount,NGN,2288000.0,amount_text,1.0,,False,2288000.0
bookings_2024.csv,BK-01995,gross_amount,NGN,3745000.0,amount_text,1.0,,False,3745000.0
bookings_2024.csv,BK-02047,gross_amount,NGN,8491000.0,amount_text,1.0,,False,8491000.0
bookings_2024.csv,BK-02484,gross_amount,NGN,2843000.0,amount_text,1.0,,False,2843000.0
bookings_2024.csv,BK-02304,gross_amount,NGN,3471000.0,currency_column,1.0,,False,3471000.0
bookings_2024.csv,BK-01993,gross_amount,NGN,961000.0,amount_text,1.0,,False,961000.0
bookings_2024.csv,BK-02099,gross_amount,USD,2300.0,currency_column,2199.7264,2024-04-06,True,5059370.72
bookings_2024.csv,BK-02788,gross_amount,USD,5340.0,currency_column,3177.78,2024-12-06,False,16969345.2
bookings_2024.csv,BK-02013,gross_amount,NGN,1353000.0,currency_column,1.0,,False,1353000.0
bookings_2024.csv,BK-02680,gross_amount,NGN,3851000.0,currency_column,1.0,,False,3851000.0
bookings_2024.csv,BK-02805,gross_amount,NGN,5813000.0,amount_text,1.0,,False,5813000.0
bookings_2024.csv,BK-02131,gross_amount,USD,1460.0,currency_column,2301.57,2024-04-17,False,3360292.2
bookings_2024.csv,BK-02299,gross_amount,NGN,9565000.0,client_billing_currency,1.0,,False,9565000.0
bookings_2024.csv,BK-02833,gross_amount,GBP,6610.0,amount_text,3583.0635,2024-12-16,False,23684049.74
bookings_2024.csv,BK-02126,gross_amount,NGN,25558000.0,currency_column,1.0,,False,25558000.0
bookings_2024.csv,BK-02548,gross_amount,NGN,32673000.0,amount_text,1.0,,False,32673000.0
bookings_2024.csv,BK-02693,gross_amount,GBP,1090.0,amount_text,3248.43,2024-11-10,True,3540788.7
bookings_2024.csv,BK-02168,gross_amount,NGN,2536000.0,amount_text,1.0,,False,2536000.0
bookings_2024.csv,BK-02166,gross_amount,NGN,6991000.0,currency_column,1.0,,False,6991000.0
bookings_2024.csv,BK-02081,gross_amount,NGN,13870000.0,client_billing_currency,1.0,,False,13870000.0
bookings_2024.csv,BK-02290,gross_amount,NGN,7279000.0,amount_text,1.0,,False,7279000.0
bookings_2024.csv,BK-02491,gross_amount,GBP,1280.0,amount_text,3057.4672,2024-09-07,True,3913558.02
bookings_2024.csv,BK-02712,gross_amount,NGN,9222000.0,amount_text,1.0,,False,9222000.0
bookings_2024.csv,BK-02400,gross_amount,NGN,18821000.0,amount_text,1.0,,False,18821000.0
bookings_2024.csv,BK-02840,gross_amount,NGN,16751000.0,amount_text,1.0,,False,16751000.0
bookings_2024.csv,BK-02003,gross_amount,NGN,3386000.0,currency_column,1.0,,False,3386000.0
bookings_2024.csv,BK-02782,gross_amount,NGN,3196000.0,amount_text,1.0,,False,3196000.0
bookings_2024.csv,BK-02049,gross_amount,NGN,24607000.0,amount_text,1.0,,False,24607000.0
bookings_2024.csv,BK-02307,gross_amount,NGN,3523000.0,currency_column,1.0,,False,3523000.0
bookings_2024.csv,BK-02534,gross_amount,USD,2230.0,amount_text,2846.7053,2024-09-20,False,6348152.82
bookings_2024.csv,BK-02774,gross_amount,NGN,1998000.0,amount_text,1.0,,False,1998000.0
bookings_2024.csv,BK-02175,gross_amount,NGN,950000.0,currency_column,1.0,,False,950000.0
bookings_2024.csv,BK-02316,gross_amount,NGN,28912000.0,amount_text,1.0,,False,28912000.0
bookings_2024.csv,BK-02070,gross_amount,GBP,2850.0,amount_text,2474.14,2024-03-23,True,7051299.0
bookings_2024.csv,BK-02476,gross_amount,NGN,3581000.0,currency_column,1.0,,False,3581000.0
bookings_2024.csv,BK-02361,gross_amount,NGN,6498000.0,currency_column,1.0,,False,6498000.0
bookings_2024.csv,BK-02248,gross_amount,NGN,17020000.0,currency_column,1.0,,False,17020000.0
bookings_2024.csv,BK-02882,gross_amount,USD,11130.0,amount_text,3280.77,2024-12-29,True,36514970.1
bookings_2024.csv,BK-02684,gross_amount,NGN,2751000.0,amount_text,1.0,,False,2751000.0
bookings_2024.csv,BK-02360,gross_amount,NGN,12733000.0,amount_text,1.0,,False,12733000.0
bookings_2024.csv,BK-02152,gross_amount,NGN,4587000.0,amount_text,1.0,,False,4587000.0
bookings_2024.csv,BK-02174,gross_amount,NGN,10751000.0,currency_column,1.0,,False,10751000.0
bookings_2024.csv,BK-02127,gross_amount,NGN,248000.0,amount_text,1.0,,False,248000.0
bookings_2024.csv,BK-02454,gross_amount,NGN,2170000.0,client_billing_currency,1.0,,False,2170000.0
bookings_2024.csv,BK-02333,gross_amount,GBP,710.0,amount_text,3067.8061,2024-07-13,True,2178142.33
bookings_2024.csv,BK-02585,gross_amount,USD,2120.0,currency_column,2816.4663,2024-10-10,False,5970908.56
bookings_2024.csv,BK-02625,gross_amount,NGN,4059000.0,amount_text,1.0,,False,4059000.0
bookings_2024.csv,BK-02274,gross_amount,NGN,18221000.0,amount_text,1.0,,False,18221000.0
bookings_2024.csv,BK-02149,gross_amount,NGN,891000.0,amount_text,1.0,,False,891000.0
bookings_2024.csv,BK-02035,gross_amount,NGN,549000.0,amount_text,1.0,,False,549000.0
bookings_2024.csv,BK-02891,gross_amount,NGN,4765000.0,amount_text,1.0,,False,4765000.0
bookings_2024.csv,BK-02463,gross_amount,NGN,7205000.0,currency_column,1.0,,False,7205000.0
bookings_2024.csv,BK-02588,gross_amount,NGN,11621000.0,currency_column,1.0,,False,11621000.0
bookings_2024.csv,BK-02783,gross_amount,NGN,1664000.0,currency_column,1.0,,False,1664000.0
bookings_2024.csv,BK-02162,gross_amount,NGN,1681000.0,currency_column,1.0,,False,1681000.0
bookings_2024.csv,BK-01974,gross_amount,NGN,888000.0,amount_text,1.0,,False,888000.0
bookings_2024.csv,BK-02889,gross_amount,NGN,1644000.0,currency_column,1.0,,False,1644000.0
bookings_2024.csv,BK-02226,gross_amount,NGN,680000.0,currency_column,1.0,,False,680000.0
bookings_2024.csv,BK-02848,gross_amount,NGN,2737000.0,amount_text,1.0,,False,2737000.0
bookings_2024.csv,BK-02513,gross_amount,USD,11830.0,amount_text,2822.33,2024-09-14,True,33388163.9
bookings_2024.csv,BK-02282,gross_amount,GBP,1090.0,amount_text,2876.2731,2024-06-23,True,3135137.68
bookings_2024.csv,BK-01994,gross_amount,NGN,20884000.0,currency_column,1.0,,False,20884000.0
bookings_2024.csv,BK-02342,gross_amount,NGN,21769000.0,currency_column,1.0,,False,21769000.0
bookings_2024.csv,BK-02663,gross_amount,GBP,1500.0,currency_column,3150.61,2024-11-03,True,4725915.0
bookings_2024.csv,BK-02244,gross_amount,USD,16610.0,amount_text,2460.4005,2024-06-08,True,40867252.3
bookings_2024.csv,BK-02836,gross_amount,NGN,8107000.0,amount_text,1.0,,False,8107000.0
bookings_2024.csv,BK-02435,gross_amount,NGN,7428000.0,currency_column,1.0,,False,7428000.0
bookings_2024.csv,BK-02470,gross_amount,NGN,4797000.0,currency_column,1.0,,False,4797000.0
bookings_2024.csv,BK-02033,gross_amount,NGN,3592000.0,amount_text,1.0,,False,3592000.0
bookings_2024.csv,BK-02135,gross_amount,NGN,676000.0,currency_column,1.0,,False,676000.0
bookings_2024.csv,BK-02553,gross_amount,NGN,716000.0,amount_text,1.0,,False,716000.0
bookings_2024.csv,BK-02347,gross_amount,NGN,2190000.0,currency_column,1.0,,False,2190000.0
bookings_2024.csv,BK-02436,gross_amount,NGN,10438000.0,amount_text,1.0,,False,10438000.0
bookings_2024.csv,BK-02873,gross_amount,NGN,7247000.0,amount_text,1.0,,False,7247000.0
bookings_2024.csv,BK-02498,gross_amount,NGN,2910000.0,currency_column,1.0,,False,2910000.0
bookings_2024.csv,BK-02469,gross_amount,GBP,4880.0,amount_text,3054.82,2024-08-28,True,14907521.6
bookings_2024.csv,BK-02450,gross_amount,NGN,3724000.0,amount_text,1.0,,False,3724000.0
bookings_2024.csv,BK-02107,gross_amount,NGN,1356000.0,currency_column,1.0,,False,1356000.0
bookings_2024.csv,BK-02656,gross_amount,GBP,1130.0,amount_text,3150.61,2024-11-01,False,3560189.3
bookings_2024.csv,BK-02292,gross_amount,NGN,1296000.0,amount_text,1.0,,False,1296000.0
bookings_2024.csv,BK-02438,gross_amount,NGN,698000.0,amount_text,1.0,,False,698000.0
bookings_2024.csv,BK-02490,gross_amount,NGN,11545000.0,amount_text,1.0,,False,11545000.0
bookings_2024.csv,BK-02229,gross_amount,NGN,11982000.0,amount_text,1.0,,False,11982000.0
bookings_2024.csv,BK-01996,gross_amount,NGN,3284000.0,currency_column,1.0,,False,3284000.0
bookings_2024.csv,BK-02025,gross_amount,NGN,5332000.0,amount_text,1.0,,False,5332000.0
bookings_2024.csv,BK-02596,gross_amount,NGN,10818000.0,currency_column,1.0,,False,10818000.0
bookings_2024.csv,BK-02378,gross_amount,NGN,27957000.0,amount_text,1.0,,False,27957000.0
bookings_2024.csv,BK-02852,gross_amount,NGN,4024000.0,amount_text,1.0,,False,4024000.0
bookings_2024.csv,BK-02009,gross_amount,NGN,4099999.9999999995,currency_column,1.0,,False,4100000.0
bookings_2024.csv,BK-02564,gross_amount,NGN,5624000.0,amount_text,1.0,,False,5624000.0
bookings_2024.csv,BK-02796,gross_amount,NGN,2858000.0,amount_text,1.0,,False,2858000.0
bookings_2024.csv,BK-02493,gross_amount,NGN,1439000.0,amount_text,1.0,,False,1439000.0
bookings_2024.csv,BK-02449,gross_amount,NGN,3627000.0,currency_column,1.0,,False,3627000.0
bookings_2024.csv,BK-02637,gross_amount,NGN,19980000.0,currency_column,1.0,,False,19980000.0
bookings_2024.csv,BK-02422,gross_amount,NGN,24377000.0,currency_column,1.0,,False,24377000.0
bookings_2024.csv,BK-02291,gross_amount,NGN,8594000.0,currency_column,1.0,,False,8594000.0
bookings_2024.csv,BK-02646,gross_amount,NGN,1068000.0,amount_text,1.0,,False,1068000.0
bookings_2024.csv,BK-02329,gross_amount,NGN,6417000.0,currency_column,1.0,,False,6417000.0
bookings_2024.csv,BK-02731,gross_amount,NGN,4601000.0,client_billing_currency,1.0,,False,4601000.0
bookings_2024.csv,BK-02701,gross_amount,NGN,3880000.0,currency_column,1.0,,False,3880000.0
bookings_2024.csv,BK-02415,gross_amount,NGN,8267000.0,amount_text,1.0,,False,8267000.0
bookings_2024.csv,BK-02171,gross_amount,NGN,10450000.0,currency_column,1.0,,False,10450000.0
bookings_2024.csv,BK-02719,gross_amount,NGN,1079000.0,currency_column,1.0,,False,1079000.0
bookings_2024.csv,BK-02687,gross_amount,NGN,4967000.0,currency_column,1.0,,False,4967000.0
bookings_2024.csv,BK-02062,gross_amount,GBP,2180.0,amount_text,2458.38,2024-03-20,False,5359268.4
bookings_2024.csv,BK-02760,gross_amount,NGN,903000.0,amount_text,1.0,,False,903000.0
bookings_2024.csv,BK-02877,gross_amount,USD,9130.0,client_billing_currency,3280.77,2024-12-28,True,29953430.1
bookings_2024.csv,BK-02875,gross_amount,USD,1230.0,amount_text,3280.77,2024-12-28,True,4035347.1
bookings_2024.csv,BK-02063,gross_amount,NGN,31558000.0,amount_text,1.0,,False,31558000.0
bookings_2024.csv,BK-02354,gross_amount,NGN,6103000.0,amount_text,1.0,,False,6103000.0
bookings_2024.csv,BK-02194,gross_amount,NGN,43763000.0,currency_column,1.0,,False,43763000.0
bookings_2024.csv,BK-02017,gross_amount,NGN,4830000.0,currency_column,1.0,,False,4830000.0
bookings_2024.csv,BK-02087,gross_amount,NGN,2957000.0,amount_text,1.0,,False,2957000.0
bookings_2024.csv,BK-02321,gross_amount,NGN,2165000.0,amount_text,1.0,,False,2165000.0
bookings_2024.csv,BK-02475,gross_amount,NGN,1053000.0,currency_column,1.0,,False,1053000.0
bookings_2024.csv,BK-02410,gross_amount,NGN,3691000.0,currency_column,1.0,,False,3691000.0
bookings_2024.csv,BK-02284,gross_amount,NGN,3863000.0,amount_text,1.0,,False,3863000.0
bookings_2024.csv,BK-02819,gross_amount,NGN,4097000.0,amount_text,1.0,,False,4097000.0
bookings_2024.csv,BK-02791,gross_amount,NGN,2552000.0,amount_text,1.0,,False,2552000.0
bookings_2024.csv,BK-02885,gross_amount,NGN,37475000.0,currency_column,1.0,,False,37475000.0
bookings_2024.csv,BK-02439,gross_amount,NGN,12878000.0,amount_text,1.0,,False,12878000.0
bookings_2024.csv,BK-02672,gross_amount,NGN,3143000.0,amount_text,1.0,,False,3143000.0
bookings_2024.csv,BK-02237,gross_amount,NGN,2478000.0,amount_text,1.0,,False,2478000.0
bookings_2024.csv,BK-02751,gross_amount,NGN,329000.0,amount_text,1.0,,False,329000.0
bookings_2024.csv,BK-02466,gross_amount,NGN,4560000.0,currency_column,1.0,,False,4560000.0
bookings_2024.csv,BK-02180,gross_amount,NGN,278000.0,amount_text,1.0,,False,278000.0
bookings_2024.csv,BK-02781,gross_amount,NGN,5052000.0,amount_text,1.0,,False,5052000.0
bookings_2024.csv,BK-02652,gross_amount,GBP,2820.0,amount_text,3150.61,2024-11-01,False,8884720.2
bookings_2024.csv,BK-02413,gross_amount,NGN,11759000.0,amount_text,1.0,,False,11759000.0
bookings_2024.csv,BK-02661,gross_amount,NGN,6384000.0,currency_column,1.0,,False,6384000.0
bookings_2024.csv,BK-02790,gross_amount,NGN,1962000.0,currency_column,1.0,,False,1962000.0
bookings_2024.csv,BK-02105,gross_amount,NGN,197000.0,currency_column,1.0,,False,197000.0
bookings_2024.csv,BK-02398,gross_amount,NGN,1076000.0,amount_text,1.0,,False,1076000.0
bookings_2024.csv,BK-02800,gross_amount,USD,25710.0,amount_text,3177.78,2024-12-08,True,81700723.8
bookings_2024.csv,BK-02254,gross_amount,NGN,13208000.0,amount_text,1.0,,False,13208000.0
bookings_2024.csv,BK-02763,gross_amount,NGN,6106000.0,amount_text,1.0,,False,6106000.0
bookings_2024.csv,BK-02305,gross_amount,NGN,2956000.0,amount_text,1.0,,False,2956000.0
bookings_2024.csv,BK-02125,gross_amount,NGN,4660000.0,currency_column,1.0,,False,4660000.0
bookings_2024.csv,BK-02008,gross_amount,NGN,33319000.0,currency_column,1.0,,False,33319000.0
bookings_2024.csv,BK-02082,gross_amount,USD,360.0,amount_text,2119.73,2024-03-28,False,763102.8
bookings_2024.csv,BK-02841,gross_amount,NGN,974000.0,amount_text,1.0,,False,974000.0
bookings_2024.csv,BK-02169,gross_amount,NGN,5906000.0,amount_text,1.0,,False,5906000.0
bookings_2024.csv,BK-02699,gross_amount,NGN,31547000.0,amount_text,1.0,,False,31547000.0
bookings_2024.csv,BK-02635,gross_amount,NGN,5908000.0,currency_column,1.0,,False,5908000.0
bookings_2024.csv,BK-02631,gross_amount,NGN,2217000.0,amount_text,1.0,,False,2217000.0
bookings_2024.csv,BK-02128,gross_amount,NGN,3798000.0,amount_text,1.0,,False,3798000.0
bookings_2024.csv,BK-02716,gross_amount,NGN,1224000.0,currency_column,1.0,,False,1224000.0
bookings_2024.csv,BK-02869,gross_amount,GBP,1930.0,currency_column,3691.3811,2024-12-26,False,7124365.52
bookings_2024.csv,BK-02876,gross_amount,NGN,28025000.0,client_billing_currency,1.0,,False,28025000.0
bookings_2024.csv,BK-02379,gross_amount,NGN,12769000.0,amount_text,1.0,,False,12769000.0
bookings_2024.csv,BK-02392,gross_amount,NGN,3363000.0,currency_column,1.0,,False,3363000.0
bookings_2024.csv,BK-02524,gross_amount,NGN,1939000.0,currency_column,1.0,,False,1939000.0
bookings_2024.csv,BK-02519,gross_amount,NGN,1955000.0,currency_column,1.0,,False,1955000.0
bookings_2024.csv,BK-02393,gross_amount,NGN,29473000.0,amount_text,1.0,,False,29473000.0
bookings_2024.csv,BK-02893,gross_amount,NGN,6331000.0,amount_text,1.0,,False,6331000.0
bookings_2024.csv,BK-02756,gross_amount,USD,180.0,amount_text,3015.1826,2024-11-26,False,542732.87
bookings_2024.csv,BK-02067,gross_amount,NGN,2272000.0,amount_text,1.0,,False,2272000.0
bookings_2024.csv,BK-02280,gross_amount,NGN,440000.0,currency_column,1.0,,False,440000.0
bookings_2024.csv,BK-02191,gross_amount,NGN,17207000.0,amount_text,1.0,,False,17207000.0
bookings_2024.csv,BK-01992,gross_amount,NGN,27737000.0,currency_column,1.0,,False,27737000.0
bookings_2024.csv,BK-02155,gross_amount,NGN,15737000.0,amount_text,1.0,,False,15737000.0
bookings_2024.csv,BK-02261,gross_amount,NGN,10570000.0,currency_column,1.0,,False,10570000.0
bookings_2024.csv,BK-02270,gross_amount,NGN,13072000.0,currency_column,1.0,,False,13072000.0
bookings_2024.csv,BK-02577,gross_amount,USD,5140.0,amount_text,2835.71,2024-10-08,False,14575549.4
bookings_2024.csv,BK-02738,gross_amount,NGN,22208000.0,amount_text,1.0,,False,22208000.0
bookings_2024.csv,BK-02496,gross_amount,GBP,11230.0,amount_text,3057.4672,2024-09-08,True,34335356.66
bookings_2024.csv,BK-02793,gross_amount,NGN,16277000.0,amount_text,1.0,,False,16277000.0
bookings_2024.csv,BK-02246,gross_amount,NGN,1008000.0,currency_column,1.0,,False,1008000.0
bookings_2024.csv,BK-02150,gross_amount,NGN,4516000.0,client_billing_currency,1.0,,False,4516000.0
bookings_2024.csv,BK-02083,gross_amount,NGN,5026000.0,amount_text,1.0,,False,5026000.0
bookings_2024.csv,BK-02240,gross_amount,GBP,9360.0,amount_text,2909.7963,2024-06-06,False,27235693.37
bookings_2024.csv,BK-02459,gross_amount,NGN,1119000.0,currency_column,1.0,,False,1119000.0
bookings_2024.csv,BK-02373,gross_amount,NGN,14201000.0,amount_text,1.0,,False,14201000.0
bookings_2024.csv,BK-02276,gross_amount,NGN,15234000.0,amount_text,1.0,,False,15234000.0
bookings_2024.csv,BK-02158,gross_amount,NGN,6749000.0,amount_text,1.0,,False,6749000.0
bookings_2024.csv,BK-02200,gross_amount,NGN,964000.0,currency_column,1.0,,False,964000.0
bookings_2024.csv,BK-02077,gross_amount,GBP,7040.0,client_billing_currency,2504.727,2024-03-25,False,17633278.08
bookings_2024.csv,BK-02651,gross_amount,NGN,3402000.0,currency_column,1.0,,False,3402000.0
bookings_2024.csv,BK-02142,gross_amount,NGN,21105000.0,amount_text,1.0,,False,21105000.0
bookings_2024.csv,BK-02706,gross_amount,NGN,1401000.0,amount_text,1.0,,False,1401000.0
bookings_2024.csv,BK-02807,gross_amount,NGN,521000.0,currency_column,1.0,,False,521000.0
bookings_2024.csv,BK-02072,gross_amount,NGN,858000.0,amount_text,1.0,,False,858000.0
bookings_2024.csv,BK-02397,gross_amount,NGN,3146000.0,amount_text,1.0,,False,3146000.0
bookings_2024.csv,BK-02837,gross_amount,NGN,5100000.0,amount_text,1.0,,False,5100000.0
bookings_2024.csv,BK-02367,gross_amount,NGN,6432000.0,currency_column,1.0,,False,6432000.0
bookings_2024.csv,BK-02657,gross_amount,NGN,22208000.0,amount_text,1.0,,False,22208000.0
bookings_2024.csv,BK-02319,gross_amount,NGN,28400000.0,amount_text,1.0,,False,28400000.0
bookings_2024.csv,BK-02618,gross_amount,NGN,10264000.0,amount_text,1.0,,False,10264000.0
bookings_2024.csv,BK-02453,gross_amount,NGN,3475000.0,amount_text,1.0,,False,3475000.0
bookings_2024.csv,BK-02179,gross_amount,NGN,1690000.0,amount_text,1.0,,False,1690000.0
bookings_2024.csv,BK-02854,gross_amount,NGN,2485000.0,amount_text,1.0,,False,2485000.0
bookings_2024.csv,BK-02675,gross_amount,NGN,15848000.0,amount_text,1.0,,False,15848000.0
bookings_2024.csv,BK-02821,gross_amount,NGN,1974000.0,amount_text,1.0,,False,1974000.0
bookings_2024.csv,BK-02695,gross_amount,NGN,3922000.0,currency_column,1.0,,False,3922000.0
bookings_2024.csv,BK-02068,gross_amount,NGN,3908000.0,amount_text,1.0,,False,3908000.0
bookings_2024.csv,BK-02471,gross_amount,NGN,736000.0,amount_text,1.0,,False,736000.0
bookings_2024.csv,BK-02140,gross_amount,GBP,3400.0,currency_column,2555.5718,2024-04-22,False,8688944.12
bookings_2024.csv,BK-02844,gross_amount,USD,10740.0,amount_text,3268.5856,2024-12-21,True,35104609.34
bookings_2024.csv,BK-02794,gross_amount,GBP,640.0,amount_text,3469.37,2024-12-07,True,2220396.8
bookings_2024.csv,BK-02809,gross_amount,NGN,3540000.0,amount_text,1.0,,False,3540000.0
bookings_2024.csv,BK-02894,gross_amount,NGN,8121000.0,amount_text,1.0,,False,8121000.0
bookings_2024.csv,BK-02665,gross_amount,NGN,14739000.0,amount_text,1.0,,False,14739000.0
bookings_2024.csv,BK-02632,gross_amount,NGN,698000.0,amount_text,1.0,,False,698000.0
bookings_2024.csv,BK-02839,gross_amount,GBP,21930.0,amount_text,3605.5432,2024-12-19,False,79069562.38
bookings_2024.csv,BK-02745,gross_amount,NGN,6095000.0,client_billing_currency,1.0,,False,6095000.0
bookings_2024.csv,BK-02370,gross_amount,USD,3390.0,currency_column,2612.05,2024-07-26,False,8854849.5
bookings_2024.csv,BK-02245,gross_amount,NGN,48910000.0,currency_column,1.0,,False,48910000.0
bookings_2024.csv,BK-02477,gross_amount,NGN,8413000.0,amount_text,1.0,,False,8413000.0
bookings_2024.csv,BK-02686,gross_amount,NGN,7178000.0,currency_column,1.0,,False,7178000.0
bookings_2024.csv,BK-02151,gross_amount,NGN,4747000.0,currency_column,1.0,,False,4747000.0
bookings_2024.csv,BK-02489,gross_amount,GBP,1670.0,amount_text,3057.4672,2024-09-06,False,5105970.22
bookings_2024.csv,BK-02621,gross_amount,NGN,25586000.0,client_billing_currency,1.0,,False,25586000.0
bookings_2024.csv,BK-02132,gross_amount,NGN,9532000.0,amount_text,1.0,,False,9532000.0
bookings_2024.csv,BK-02678,gross_amount,NGN,2654000.0,amount_text,1.0,,False,2654000.0
bookings_2024.csv,BK-02473,gross_amount,NGN,7322000.0,amount_text,1.0,,False,7322000.0
bookings_2024.csv,BK-02412,gross_amount,NGN,24095000.0,currency_column,1.0,,False,24095000.0
bookings_2024.csv,BK-02121,gross_amount,NGN,8361000.0,currency_column,1.0,,False,8361000.0
bookings_2024.csv,BK-01981,gross_amount,NGN,5968000.0,currency_column,1.0,,False,5968000.0
bookings_2024.csv,BK-02182,gross_amount,NGN,3129000.0,client_billing_currency,1.0,,False,3129000.0
bookings_2024.csv,BK-02006,gross_amount,NGN,34030000.0,currency_column,1.0,,False,34030000.0
bookings_2024.csv,BK-02372,gross_amount,NGN,3713000.0,currency_column,1.0,,False,3713000.0
bookings_2024.csv,BK-02863,gross_amount,NGN,2333000.0,currency_column,1.0,,False,2333000.0
bookings_2024.csv,BK-02478,gross_amount,USD,4580.0,amount_text,2766.8655,2024-08-31,True,12672243.99
bookings_2024.csv,BK-02000,gross_amount,NGN,1030000.0,amount_text,1.0,,False,1030000.0
bookings_2024.csv,BK-02048,gross_amount,NGN,11323000.0,currency_column,1.0,,False,11323000.0
bookings_2024.csv,BK-02565,gross_amount,NGN,13453000.0,currency_column,1.0,,False,13453000.0
bookings_2024.csv,BK-02495,gross_amount,GBP,2620.0,client_billing_currency,3057.4672,2024-09-08,True,8010564.06
bookings_2024.csv,BK-02335,gross_amount,NGN,9803000.0,client_billing_currency,1.0,,False,9803000.0
bookings_2024.csv,BK-02676,gross_amount,NGN,3181000.0,amount_text,1.0,,False,3181000.0
bookings_2024.csv,BK-02813,gross_amount,NGN,1364000.0,amount_text,1.0,,False,1364000.0
bookings_2024.csv,BK-02092,gross_amount,USD,1800.0,currency_column,2199.7264,2024-04-05,False,3959507.52
bookings_2024.csv,BK-02153,gross_amount,NGN,13999000.0,amount_text,1.0,,False,13999000.0
bookings_2024.csv,BK-02057,gross_amount,NGN,1810000.0,currency_column,1.0,,False,1810000.0
bookings_2024.csv,BK-01969,gross_amount,GBP,2020.0,amount_text,1645.0604,2024-01-16,False,3323022.01
bookings_2024.csv,BK-02110,gross_amount,NGN,107039000.0,amount_text,1.0,,False,107039000.0
bookings_2024.csv,BK-02831,gross_amount,NGN,4266000.0,currency_column,1.0,,False,4266000.0
bookings_2024.csv,BK-02382,gross_amount,NGN,6194000.0,amount_text,1.0,,False,6194000.0
bookings_2024.csv,BK-02535,gross_amount,NGN,3002000.0,currency_column,1.0,,False,3002000.0
bookings_2024.csv,BK-02154,gross_amount,NGN,3540000.0,amount_text,1.0,,False,3540000.0
bookings_2024.csv,BK-02288,gross_amount,NGN,1182000.0,amount_text,1.0,,False,1182000.0
bookings_2024.csv,BK-02639,gross_amount,GBP,8830.0,amount_text,3109.4641,2024-10-28,False,27456568.0
bookings_2024.csv,BK-02156,gross_amount,NGN,13996000.0,currency_column,1.0,,False,13996000.0
bookings_2024.csv,BK-02123,gross_amount,NGN,14265000.0,amount_text,1.0,,False,14265000.0
bookings_2024.csv,BK-02414,gross_amount,NGN,2404000.0,client_billing_currency,1.0,,False,2404000.0
bookings_2024.csv,BK-02771,gross_amount,NGN,51695000.0,amount_text,1.0,,False,51695000.0
bookings_2024.csv,BK-02640,gross_amount,NGN,13503000.0,amount_text,1.0,,False,13503000.0
bookings_2024.csv,BK-02549,gross_amount,NGN,3136000.0,amount_text,1.0,,False,3136000.0
bookings_2024.csv,BK-02160,gross_amount,NGN,4852000.0,amount_text,1.0,,False,4852000.0
bookings_2024.csv,BK-02812,gross_amount,NGN,9692000.0,currency_column,1.0,,False,9692000.0
bookings_2024.csv,BK-02503,gross_amount,GBP,5390.0,currency_column,3054.88,2024-09-11,False,16465803.2
bookings_2024.csv,BK-02403,gross_amount,NGN,5364000.0,currency_column,1.0,,False,5364000.0
bookings_2024.csv,BK-02710,gross_amount,GBP,1370.0,currency_column,3276.7236,2024-11-15,False,4489111.33
bookings_2024.csv,BK-02849,gross_amount,NGN,2653000.0,amount_text,1.0,,False,2653000.0
bookings_2024.csv,BK-02289,gross_amount,NGN,19668000.0,currency_column,1.0,,False,19668000.0
bookings_2024.csv,BK-02777,gross_amount,NGN,3146000.0,amount_text,1.0,,False,3146000.0
bookings_2024.csv,BK-02658,gross_amount,NGN,5400000.0,currency_column,1.0,,False,5400000.0
bookings_2024.csv,BK-02752,gross_amount,NGN,3534000.0,amount_text,1.0,,False,3534000.0
bookings_2024.csv,BK-02539,gross_amount,NGN,2383000.0,currency_column,1.0,,False,2383000.0
bookings_2024.csv,BK-02122,gross_amount,NGN,764000.0,currency_column,1.0,,False,764000.0
bookings_2024.csv,BK-02754,gross_amount,NGN,4319000.0,amount_text,1.0,,False,4319000.0
bookings_2024.csv,BK-02806,gross_amount,NGN,45075000.0,amount_text,1.0,,False,45075000.0
bookings_2024.csv,BK-02365,gross_amount,NGN,10447000.0,amount_text,1.0,,False,10447000.0
bookings_2024.csv,BK-02598,gross_amount,USD,13890.0,amount_text,2806.06,2024-10-12,True,38976173.4
bookings_2024.csv,BK-02207,gross_amount,NGN,3363000.0,amount_text,1.0,,False,3363000.0
bookings_2024.csv,BK-02694,gross_amount,NGN,3963000.0,amount_text,1.0,,False,3963000.0
bookings_2024.csv,BK-02432,gross_amount,GBP,4910.0,amount_text,3010.537,2024-08-14,False,14781736.67
bookings_2024.csv,BK-02573,gross_amount,NGN,6405000.0,client_billing_currency,1.0,,False,6405000.0
bookings_2024.csv,BK-02093,gross_amount,NGN,4397000.0,currency_column,1.0,,False,4397000.0
bookings_2024.csv,BK-02209,gross_amount,NGN,5315000.0,amount_text,1.0,,False,5315000.0
bookings_2024.csv,BK-02383,gross_amount,NGN,9755000.0,currency_column,1.0,,False,9755000.0
bookings_2024.csv,BK-02314,gross_amount,NGN,24945000.0,amount_text,1.0,,False,24945000.0
bookings_2024.csv,BK-02417,gross_amount,NGN,16787000.0,currency_column,1.0,,False,16787000.0
bookings_2024.csv,BK-02300,gross_amount,NGN,56988000.0,currency_column,1.0,,False,56988000.0
bookings_2024.csv,BK-02116,gross_amount,NGN,857000.0,amount_text,1.0,,False,857000.0
bookings_2024.csv,BK-02298,gross_amount,NGN,1360000.0,currency_column,1.0,,False,1360000.0
bookings_2024.csv,BK-02390,gross_amount,GBP,2840.0,amount_text,2951.12,2024-07-31,False,8381180.8
bookings_2024.csv,BK-02485,gross_amount,NGN,16259000.0,amount_text,1.0,,False,16259000.0
bookings_2024.csv,BK-02279,gross_amount,NGN,294000.0,amount_text,1.0,,False,294000.0
bookings_2024.csv,BK-02097,gross_amount,NGN,3731000.0,amount_text,1.0,,False,3731000.0
bookings_2024.csv,BK-01973,gross_amount,NGN,637000.0,currency_column,1.0,,False,637000.0
bookings_2024.csv,BK-02638,gross_amount,NGN,13295000.0,currency_column,1.0,,False,13295000.0
bookings_2024.csv,BK-02567,gross_amount,NGN,997000.0,currency_column,1.0,,False,997000.0
bookings_2024.csv,BK-02681,gross_amount,NGN,2239000.0,amount_text,1.0,,False,2239000.0
bookings_2024.csv,BK-02394,gross_amount,USD,5050.0,currency_column,2619.25,2024-08-01,False,13227212.5
bookings_2024.csv,BK-02456,gross_amount,GBP,37370.0,currency_column,3071.77,2024-08-23,False,114792044.9
bookings_2024.csv,BK-02728,gross_amount,USD,1080.0,currency_column,3002.8729,2024-11-18,True,3243102.73
bookings_2024.csv,BK-02034,gross_amount,NGN,6954000.0,amount_text,1.0,,False,6954000.0
bookings_2024.csv,BK-02610,gross_amount,NGN,24778000.0,amount_text,1.0,,False,24778000.0
bookings_2024.csv,BK-02500,gross_amount,GBP,2050.0,currency_column,3049.3577,2024-09-10,False,6251183.29
bookings_2024.csv,BK-02770,gross_amount,GBP,420.0,amount_text,3406.9223,2024-12-01,True,1430907.37
bookings_2024.csv,BK-02726,gross_amount,NGN,22598000.0,amount_text,1.0,,False,22598000.0
bookings_2024.csv,BK-02157,gross_amount,NGN,341000.0,amount_text,1.0,,False,341000.0
bookings_2024.csv,BK-02447,gross_amount,USD,1630.0,client_billing_currency,2863.8108,2024-08-20,False,4668011.6
bookings_2024.csv,BK-02780,gross_amount,GBP,1040.0,currency_column,3398.7529,2024-12-04,False,3534703.02
bookings_2024.csv,BK-02605,gross_amount,NGN,781000.0,amount_text,1.0,,False,781000.0
bookings_2024.csv,BK-02021,gross_amount,NGN,1751000.0,amount_text,1.0,,False,1751000.0
bookings_2024.csv,BK-02124,gross_amount,NGN,6799000.0,amount_text,1.0,,False,6799000.0
bookings_2024.csv,BK-02236,gross_amount,NGN,828000.0,amount_text,1.0,,False,828000.0
bookings_2024.csv,BK-02750,gross_amount,USD,32590.0,amount_text,2955.43,2024-11-24,True,96317463.7
bookings_2024.csv,BK-02238,gross_amount,NGN,6097000.0,amount_text,1.0,,False,6097000.0
bookings_2024.csv,BK-01983,gross_amount,NGN,6636000.0,currency_column,1.0,,False,6636000.0
bookings_2024.csv,BK-02649,gross_amount,NGN,2929000.0,currency_column,1.0,,False,2929000.0
bookings_2024.csv,BK-02628,gross_amount,GBP,4000.0,currency_column,3014.55,2024-10-26,True,12058200.0
bookings_2024.csv,BK-02517,gross_amount,USD,6360.0,currency_column,2822.33,2024-09-15,True,17950018.8
bookings_2024.csv,BK-02870,gross_amount,GBP,9270.0,currency_column,3704.5133,2024-12-27,False,34340838.29
bookings_2024.csv,BK-02115,gross_amount,NGN,560000.0,currency_column,1.0,,False,560000.0
bookings_2024.csv,BK-02508,gross_amount,NGN,694000.0,amount_text,1.0,,False,694000.0
bookings_2024.csv,BK-02163,gross_amount,GBP,2830.0,currency_column,2619.462,2024-05-03,False,7413077.46
bookings_2024.csv,BK-02445,gross_amount,NGN,2631000.0,currency_column,1.0,,False,2631000.0
bookings_2024.csv,BK-01975,gross_amount,NGN,12369000.0,amount_text,1.0,,False,12369000.0
bookings_2024.csv,BK-02386,gross_amount,NGN,17293000.0,currency_column,1.0,,False,17293000.0
bookings_2024.csv,BK-02792,gross_amount,NGN,9370000.0,amount_text,1.0,,False,9370000.0
bookings_2024.csv,BK-02285,gross_amount,NGN,1883000.0,client_billing_currency,1.0,,False,1883000.0
bookings_2024.csv,BK-01989,gross_amount,NGN,47457000.0,amount_text,1.0,,False,47457000.0
bookings_2024.csv,BK-02808,gross_amount,NGN,4339000.0,currency_column,1.0,,False,4339000.0
bookings_2024.csv,BK-02357,gross_amount,NGN,6425000.0,amount_text,1.0,,False,6425000.0
bookings_2024.csv,BK-02488,gross_amount,NGN,46072000.0,amount_text,1.0,,False,46072000.0
bookings_2024.csv,BK-02259,gross_amount,NGN,5330000.0,currency_column,1.0,,False,5330000.0
bookings_2024.csv,BK-02713,gross_amount,NGN,2044000.0,amount_text,1.0,,False,2044000.0
bookings_2024.csv,BK-02501,gross_amount,GBP,170.0,amount_text,3049.3577,2024-09-10,False,518390.81
bookings_2024.csv,BK-01965,gross_amount,GBP,4800.0,currency_column,1628.9,2024-01-12,False,7818720.0
bookings_2024.csv,BK-02866,gross_amount,NGN,7359000.0,currency_column,1.0,,False,7359000.0
bookings_2024.csv,BK-02399,gross_amount,NGN,4118000.0,client_billing_currency,1.0,,False,4118000.0
bookings_2024.csv,BK-02138,gross_amount,NGN,3195000.0,currency_column,1.0,,False,3195000.0
bookings_2024.csv,BK-02776,gross_amount,USD,610.0,amount_text,3149.9706,2024-12-03,True,1921482.07
bookings_2024.csv,BK-02461,gross_amount,NGN,17183000.0,currency_column,1.0,,False,17183000.0
bookings_2024.csv,BK-02830,gross_amount,NGN,1639000.0,currency_column,1.0,,False,1639000.0
bookings_2024.csv,BK-02547,gross_amount,USD,2630.0,currency_column,2784.21,2024-09-24,False,7322472.3
bookings_2024.csv,BK-02369,gross_amount,NGN,1242000.0,amount_text,1.0,,False,1242000.0
bookings_2024.csv,BK-02203,gross_amount,GBP,7950.0,currency_column,2727.3591,2024-05-22,False,21682504.85
bookings_2024.csv,BK-02879,gross_amount,NGN,2300000.0,currency_column,1.0,,False,2300000.0
bookings_2024.csv,BK-02552,gross_amount,NGN,5446000.0,amount_text,1.0,,False,5446000.0
bookings_2024.csv,BK-02574,gross_amount,NGN,21590000.0,amount_text,1.0,,False,21590000.0
bookings_2024.csv,BK-01970,gross_amount,GBP,15200.0,amount_text,1645.0604,2024-01-16,False,25004918.08
bookings_2024.csv,BK-01972,gross_amount,NGN,11707000.0,amount_text,1.0,,False,11707000.0
bookings_2024.csv,BK-02448,gross_amount,GBP,3000.0,currency_column,3006.1938,2024-08-20,False,9018581.4
bookings_2024.csv,BK-02139,gross_amount,NGN,15583000.0,currency_column,1.0,,False,15583000.0
bookings_2024.csv,BK-02311,gross_amount,NGN,6376000.0,amount_text,1.0,,False,6376000.0
bookings_2024.csv,BK-02715,gross_amount,GBP,1340.0,currency_column,3276.7236,2024-11-16,True,4390809.62
bookings_2024.csv,BK-02343,gross_amount,NGN,2170000.0,currency_column,1.0,,False,2170000.0
bookings_2024.csv,BK-02388,gross_amount,NGN,26006000.0,currency_column,1.0,,False,26006000.0
bookings_2024.csv,BK-02514,gross_amount,USD,220.0,amount_text,2822.33,2024-09-14,True,620912.6
bookings_2024.csv,BK-02231,gross_amount,NGN,18901000.0,amount_text,1.0,,False,18901000.0
bookings_2024.csv,BK-02545,gross_amount,NGN,2958000.0,amount_text,1.0,,False,2958000.0
bookings_2024.csv,BK-02660,gross_amount,NGN,3367000.0,amount_text,1.0,,False,3367000.0
bookings_2024.csv,BK-02267,gross_amount,NGN,9750000.0,currency_column,1.0,,False,9750000.0
bookings_2024.csv,BK-02079,gross_amount,NGN,11561000.0,amount_text,1.0,,False,11561000.0
bookings_2024.csv,BK-02759,gross_amount,NGN,883000.0,amount_text,1.0,,False,883000.0
bookings_2024.csv,BK-02146,gross_amount,NGN,4061000.0,amount_text,1.0,,False,4061000.0
bookings_2024.csv,BK-02234,gross_amount,GBP,4920.0,amount_text,2825.28,2024-06-02,True,13900377.6
bookings_2024.csv,BK-02486,gross_amount,GBP,28990.0,amount_text,3035.81,2024-09-04,False,88008131.9
bookings_2024.csv,BK-02634,gross_amount,NGN,5080000.0,amount_text,1.0,,False,5080000.0
bookings_2024.csv,BK-02725,gross_amount,USD,14200.0,amount_text,3002.8729,2024-11-18,True,42640795.18
bookings_2024.csv,BK-02702,gross_amount,USD,2500.0,client_billing_currency,3059.45,2024-11-12,False,7648625.0
bookings_2024.csv,BK-02294,gross_amount,NGN,31378000.0,amount_text,1.0,,False,31378000.0
bookings_2024.csv,BK-02176,gross_amount,NGN,4629000.0,currency_column,1.0,,False,4629000.0
bookings_2024.csv,BK-02881,gross_amount,NGN,3304000.0,currency_column,1.0,,False,3304000.0
bookings_2024.csv,BK-02186,gross_amount,NGN,1180000.0,amount_text,1.0,,False,1180000.0
bookings_2024.csv,BK-01987,gross_amount,NGN,2958000.0,amount_text,1.0,,False,2958000.0
bookings_2024.csv,BK-02204,gross_amount,NGN,2122000.0,amount_text,1.0,,False,2122000.0
bookings_2024.csv,BK-02599,gross_amount,NGN,15611000.0,client_billing_currency,1.0,,False,15611000.0
bookings_2024.csv,BK-02437,gross_amount,NGN,1917000.0,currency_column,1.0,,False,1917000.0
bookings_2024.csv,BK-02671,gross_amount,NGN,18871000.0,amount_text,1.0,,False,18871000.0
bookings_2024.csv,BK-02230,gross_amount,USD,1800.0,currency_column,2450.87,2024-06-01,True,4411566.0
bookings_2024.csv,BK-02465,gross_amount,NGN,15428000.0,currency_column,1.0,,False,15428000.0
bookings_2024.csv,BK-02264,gross_amount,USD,28340.0,amount_text,2393.8912,2024-06-17,False,67842876.61
bookings_2024.csv,BK-02541,gross_amount,NGN,1517000.0,currency_column,1.0,,False,1517000.0
bookings_2024.csv,BK-02042,gross_amount,USD,4810.0,currency_column,2031.8575,2024-03-10,True,9773234.58
bookings_2024.csv,BK-02860,gross_amount,NGN,1540000.0,currency_column,1.0,,False,1540000.0
bookings_2024.csv,BK-02667,gross_amount,NGN,13079000.0,amount_text,1.0,,False,13079000.0
bookings_2024.csv,BK-02059,gross_amount,NGN,9490000.0,currency_column,1.0,,False,9490000.0
bookings_2024.csv,BK-02887,gross_amount,NGN,8571000.0,amount_text,1.0,,False,8571000.0
bookings_2024.csv,BK-02161,gross_amount,NGN,33740000.0,amount_text,1.0,,False,33740000.0
bookings_2024.csv,BK-01968,gross_amount,NGN,15169000.0,currency_column,1.0,,False,15169000.0
bookings_2024.csv,BK-02838,gross_amount,NGN,12059000.0,amount_text,1.0,,False,12059000.0
bookings_2024.csv,BK-02055,gross_amount,USD,1400.0,currency_column,2062.97,2024-03-15,False,2888158.0
bookings_2024.csv,BK-02348,gross_amount,NGN,5797000.0,amount_text,1.0,,False,5797000.0
bookings_2024.csv,BK-02091,gross_amount,NGN,6566000.0,amount_text,1.0,,False,6566000.0
bookings_2024.csv,BK-02481,gross_amount,USD,12110.0,amount_text,2793.8039,2024-09-02,False,33832965.23
bookings_2024.csv,BK-02797,gross_amount,NGN,1247000.0,amount_text,1.0,,False,1247000.0
bookings_2024.csv,BK-02457,gross_amount,NGN,4743000.0,amount_text,1.0,,False,4743000.0
bookings_2024.csv,BK-02340,gross_amount,NGN,4662000.0,currency_column,1.0,,False,4662000.0
bookings_2024.csv,BK-02374,gross_amount,NGN,2359000.0,currency_column,1.0,,False,2359000.0
bookings_2024.csv,BK-02479,gross_amount,NGN,13991000.0,amount_text,1.0,,False,13991000.0
bookings_2024.csv,BK-02012,gross_amount,NGN,11195000.0,amount_text,1.0,,False,11195000.0
bookings_2024.csv,BK-02472,gross_amount,NGN,4872000.0,amount_text,1.0,,False,4872000.0
bookings_2024.csv,BK-02730,gross_amount,GBP,1070.0,amount_text,3301.27,2024-11-19,False,3532358.9
bookings_2024.csv,BK-02427,gross_amount,NGN,2049999.9999999998,currency_column,1.0,,False,2050000.0
bookings_2024.csv,BK-02636,gross_amount,NGN,4028000.0,amount_text,1.0,,False,4028000.0
bookings_2024.csv,BK-02723,gross_amount,USD,6110.0,amount_text,3002.8729,2024-11-17,True,18347553.42
bookings_2024.csv,BK-01998,gross_amount,NGN,6742000.0,amount_text,1.0,,False,6742000.0
bookings_2024.csv,BK-02260,gross_amount,GBP,4920.0,amount_text,2905.91,2024-06-15,True,14297077.2
bookings_2024.csv,BK-02407,gross_amount,NGN,7470000.0,amount_text,1.0,,False,7470000.0
bookings_2024.csv,BK-02856,gross_amount,NGN,5475000.0,client_billing_currency,1.0,,False,5475000.0
bookings_2024.csv,BK-02704,gross_amount,NGN,1656000.0,currency_column,1.0,,False,1656000.0
bookings_2024.csv,BK-02818,gross_amount,NGN,11956000.0,amount_text,1.0,,False,11956000.0
bookings_2024.csv,BK-02563,gross_amount,NGN,12977000.0,amount_text,1.0,,False,12977000.0
bookings_2024.csv,BK-02828,gross_amount,GBP,3150.0,amount_text,3520.3834,2024-12-15,True,11089207.71
bookings_2024.csv,BK-02221,gross_amount,NGN,1383000.0,client_other_bookings_currency,1.0,,False,1383000.0
bookings_2024.csv,BK-02355,gross_amount,NGN,2117000.0,currency_column,1.0,,False,2117000.0
bookings_2024.csv,BK-02215,gross_amount,NGN,23700000.0,currency_column,1.0,,False,23700000.0
bookings_2024.csv,BK-02890,gross_amount,NGN,5650000.0,currency_column,1.0,,False,5650000.0
bookings_2024.csv,BK-02822,gross_amount,USD,9960.0,amount_text,3245.36,2024-12-14,True,32323785.6
bookings_2024.csv,BK-02499,gross_amount,NGN,14904000.0,amount_text,1.0,,False,14904000.0
bookings_2024.csv,BK-02109,gross_amount,NGN,16537000.0,currency_column,1.0,,False,16537000.0
bookings_2024.csv,BK-02530,gross_amount,NGN,1450000.0,currency_column,1.0,,False,1450000.0
bookings_2024.csv,BK-02301,gross_amount,NGN,1670000.0,amount_text,1.0,,False,1670000.0
bookings_2024.csv,BK-02622,gross_amount,NGN,5528000.0,currency_column,1.0,,False,5528000.0
bookings_2024.csv,BK-02518,gross_amount,NGN,11097000.0,amount_text,1.0,,False,11097000.0
bookings_2024.csv,BK-02864,gross_amount,NGN,604000.0,amount_text,1.0,,False,604000.0
bookings_2024.csv,BK-02086,gross_amount,NGN,32710000.0,client_billing_currency,1.0,,False,32710000.0
bookings_2024.csv,BK-02786,gross_amount,NGN,3028000.0,currency_column,1.0,,False,3028000.0
bookings_2024.csv,BK-02405,gross_amount,NGN,4466000.0,amount_text,1.0,,False,4466000.0
bookings_2024.csv,BK-02883,gross_amount,NGN,2901000.0,amount_text,1.0,,False,2901000.0
bookings_2024.csv,BK-02753,gross_amount,GBP,320.0,currency_column,3353.69,2024-11-24,True,1073180.8
bookings_2024.csv,BK-02376,gross_amount,NGN,14481000.0,amount_text,1.0,,False,14481000.0
bookings_2024.csv,BK-02366,gross_amount,NGN,1871000.0,amount_text,1.0,,False,1871000.0
bookings_2024.csv,BK-02827,gross_amount,NGN,6103000.0,amount_text,1.0,,False,6103000.0
bookings_2024.csv,BK-02816,gross_amount,NGN,979000.0,currency_column,1.0,,False,979000.0
bookings_2024.csv,BK-02784,gross_amount,NGN,1804000.0,client_billing_currency,1.0,,False,1804000.0
bookings_2024.csv,BK-02531,gross_amount,NGN,1159000.0,amount_text,1.0,,False,1159000.0
bookings_2024.csv,BK-02243,gross_amount,NGN,24116000.0,amount_text,1.0,,False,24116000.0
bookings_2024.csv,BK-02834,gross_amount,NGN,3563000.0,currency_column,1.0,,False,3563000.0
bookings_2024.csv,BK-02815,gross_amount,NGN,18603000.0,amount_text,1.0,,False,18603000.0
bookings_2024.csv,BK-02739,gross_amount,NGN,29540000.0,amount_text,1.0,,False,29540000.0
bookings_2024.csv,BK-02220,gross_amount,NGN,36247000.0,currency_column,1.0,,False,36247000.0
bookings_2024.csv,BK-02346,gross_amount,NGN,5879000.0,amount_text,1.0,,False,5879000.0
bookings_2024.csv,BK-02467,gross_amount,NGN,16947000.0,currency_column,1.0,,False,16947000.0
bookings_2024.csv,BK-02810,gross_amount,NGN,2281000.0,amount_text,1.0,,False,2281000.0
bookings_2024.csv,BK-02337,gross_amount,NGN,5626000.0,amount_text,1.0,,False,5626000.0
bookings_2024.csv,BK-02278,gross_amount,NGN,1287000.0,currency_column,1.0,,False,1287000.0
bookings_2024.csv,BK-02584,gross_amount,NGN,1128000.0,currency_column,1.0,,False,1128000.0
bookings_2024.csv,BK-02568,gross_amount,NGN,3296000.0,amount_text,1.0,,False,3296000.0
bookings_2024.csv,BK-02529,gross_amount,NGN,39590000.0,currency_column,1.0,,False,39590000.0
bookings_2024.csv,BK-02141,gross_amount,NGN,1036000.0,currency_column,1.0,,False,1036000.0
bookings_2024.csv,BK-02814,gross_amount,NGN,1219000.0,amount_text,1.0,,False,1219000.0
bookings_2024.csv,BK-02088,gross_amount,GBP,5110.0,amount_text,2553.4275,2024-04-02,False,13048014.52
bookings_2024.csv,BK-02761,gross_amount,GBP,7100.0,amount_text,3406.9223,2024-11-29,False,24189148.33
bookings_2024.csv,BK-02736,gross_amount,NGN,18488000.0,amount_text,1.0,,False,18488000.0
bookings_2024.csv,BK-02052,gross_amount,NGN,7371000.0,amount_text,1.0,,False,7371000.0
bookings_2024.csv,BK-02345,gross_amount,NGN,1637000.0,currency_column,1.0,,False,1637000.0
bookings_2024.csv,BK-02269,gross_amount,NGN,7367000.0,currency_column,1.0,,False,7367000.0
bookings_2024.csv,BK-02597,gross_amount,NGN,20385000.0,currency_column,1.0,,False,20385000.0
bookings_2024.csv,BK-02120,gross_amount,USD,9680.0,client_billing_currency,2278.7023,2024-04-13,True,22057838.26
bookings_2024.csv,BK-02015,gross_amount,NGN,3130000.0,currency_column,1.0,,False,3130000.0
bookings_2024.csv,BK-02670,gross_amount,NGN,13876000.0,currency_column,1.0,,False,13876000.0
bookings_2024.csv,BK-02352,gross_amount,NGN,451000.0,amount_text,1.0,,False,451000.0
bookings_2024.csv,BK-02030,gross_amount,NGN,14423000.0,amount_text,1.0,,False,14423000.0
bookings_2024.csv,BK-02061,gross_amount,NGN,1128000.0,amount_text,1.0,,False,1128000.0
bookings_2024.csv,BK-02375,gross_amount,NGN,3637000.0,amount_text,1.0,,False,3637000.0
bookings_2024.csv,BK-01999,gross_amount,NGN,1616000.0,amount_text,1.0,,False,1616000.0
bookings_2024.csv,BK-02590,gross_amount,NGN,869000.0,amount_text,1.0,,False,869000.0
bookings_2024.csv,BK-02650,gross_amount,NGN,2299000.0,amount_text,1.0,,False,2299000.0
bookings_2024.csv,BK-02356,gross_amount,USD,2720.0,amount_text,2531.7764,2024-07-20,True,6886431.81
bookings_2024.csv,BK-02073,gross_amount,NGN,7731000.0,currency_column,1.0,,False,7731000.0
bookings_2024.csv,BK-02334,gross_amount,NGN,51254000.0,amount_text,1.0,,False,51254000.0
bookings_2024.csv,BK-01985,gross_amount,NGN,24930000.0,currency_column,1.0,,False,24930000.0
bookings_2024.csv,BK-02036,gross_amount,NGN,11809000.0,amount_text,1.0,,False,11809000.0
bookings_2024.csv,BK-02433,gross_amount,NGN,6412000.0,currency_column,1.0,,False,6412000.0
bookings_2024.csv,BK-02103,gross_amount,NGN,837000.0,amount_text,1.0,,False,837000.0
bookings_2024.csv,BK-02222,gross_amount,NGN,3075000.0,amount_text,1.0,,False,3075000.0
bookings_2024.csv,BK-02336,gross_amount,NGN,3255000.0,currency_column,1.0,,False,3255000.0
bookings_2024.csv,BK-02130,gross_amount,NGN,34152000.0,currency_column,1.0,,False,34152000.0
bookings_2024.csv,BK-02857,gross_amount,NGN,1652000.0,amount_text,1.0,,False,1652000.0
bookings_2024.csv,BK-02056,gross_amount,USD,5510.0,currency_column,2062.97,2024-03-15,False,11366964.7
bookings_2024.csv,BK-02038,gross_amount,USD,1720.0,amount_text,2031.8575,2024-03-08,False,3494794.9
bookings_2024.csv,BK-02811,gross_amount,NGN,4164000.0,amount_text,1.0,,False,4164000.0
bookings_2024.csv,BK-02868,gross_amount,NGN,4361000.0,amount_text,1.0,,False,4361000.0
bookings_2024.csv,BK-02462,gross_amount,NGN,8804000.0,currency_column,1.0,,False,8804000.0
bookings_2024.csv,BK-02648,gross_amount,NGN,3454000.0,client_billing_currency,1.0,,False,3454000.0
bookings_2024.csv,BK-02778,gross_amount,NGN,3459000.0,currency_column,1.0,,False,3459000.0
bookings_2024.csv,BK-02045,gross_amount,GBP,1570.0,amount_text,2406.0641,2024-03-11,False,3777520.64
bookings_2024.csv,BK-02258,gross_amount,NGN,15478000.0,currency_column,1.0,,False,15478000.0
bookings_2024.csv,BK-02677,gross_amount,GBP,4160.0,amount_text,3174.88,2024-11-05,False,13207500.8
bookings_2024.csv,BK-02718,gross_amount,USD,1310.0,currency_column,3002.8729,2024-11-17,True,3933763.5
bookings_2024.csv,BK-02589,gross_amount,USD,11580.0,currency_column,2806.06,2024-10-11,False,32494174.8
bookings_2024.csv,BK-02560,gross_amount,GBP,2640.0,amount_text,3040.6034,2024-09-30,False,8027192.98
bookings_2024.csv,BK-02060,gross_amount,NGN,1435000.0,amount_text,1.0,,False,1435000.0
bookings_2024.csv,BK-02218,gross_amount,NGN,10182000.0,amount_text,1.0,,False,10182000.0
bookings_2024.csv,BK-02019,gross_amount,GBP,1370.0,amount_text,2400.49,2024-02-27,False,3288671.3
bookings_2024.csv,BK-02492,gross_amount,NGN,10805000.0,amount_text,1.0,,False,10805000.0
bookings_2024.csv,BK-02659,gross_amount,NGN,8010000.0,amount_text,1.0,,False,8010000.0
bookings_2024.csv,BK-02148,gross_amount,NGN,4541000.0,currency_column,1.0,,False,4541000.0
bookings_2024.csv,BK-02571,gross_amount,NGN,7221000.0,currency_column,1.0,,False,7221000.0
bookings_2024.csv,BK-02440,gross_amount,NGN,6682000.0,amount_text,1.0,,False,6682000.0
bookings_2024.csv,BK-02426,gross_amount,NGN,2020000.0,currency_column,1.0,,False,2020000.0
bookings_2024.csv,BK-02188,gross_amount,NGN,7264000.0,amount_text,1.0,,False,7264000.0
bookings_2024.csv,BK-02395,gross_amount,NGN,12466000.0,amount_text,1.0,,False,12466000.0
bookings_2024.csv,BK-02626,gross_amount,NGN,5390000.0,amount_text,1.0,,False,5390000.0
bookings_2024.csv,BK-02451,gross_amount,NGN,29512000.0,amount_text,1.0,,False,29512000.0
bookings_2024.csv,BK-02527,gross_amount,NGN,1534000.0,amount_text,1.0,,False,1534000.0
bookings_2024.csv,BK-02482,gross_amount,USD,510.0,amount_text,2793.8039,2024-09-02,False,1424839.99
bookings_2024.csv,BK-02767,gross_amount,NGN,2906000.0,currency_column,1.0,,False,2906000.0
bookings_2024.csv,BK-02404,gross_amount,NGN,23263000.0,amount_text,1.0,,False,23263000.0
bookings_2024.csv,BK-02172,gross_amount,USD,3630.0,amount_text,2345.5899,2024-05-09,False,8514491.34
bookings_2024.csv,BK-02570,gross_amount,USD,1620.0,amount_text,2827.32,2024-10-06,True,4580258.4
bookings_2024.csv,BK-02235,gross_amount,NGN,2926000.0,amount_text,1.0,,False,2926000.0
bookings_2024.csv,BK-02286,gross_amount,NGN,5921000.0,amount_text,1.0,,False,5921000.0
bookings_2024.csv,BK-02315,gross_amount,NGN,2797000.0,currency_column,1.0,,False,2797000.0
bookings_2024.csv,BK-02353,gross_amount,NGN,3681000.0,amount_text,1.0,,False,3681000.0
bookings_2024.csv,BK-02302,gross_amount,NGN,28684000.0,currency_column,1.0,,False,28684000.0
bookings_2024.csv,BK-02516,gross_amount,NGN,4080000.0,amount_text,1.0,,False,4080000.0
bookings_2024.csv,BK-02396,gross_amount,NGN,941000.0,currency_column,1.0,,False,941000.0
bookings_2024.csv,BK-02096,gross_amount,NGN,2670000.0,amount_text,1.0,,False,2670000.0
bookings_2024.csv,BK-02275,gross_amount,NGN,939000.0,currency_column,1.0,,False,939000.0
bookings_2024.csv,BK-02227,gross_amount,NGN,30637000.0,client_billing_currency,1.0,,False,30637000.0
bookings_2024.csv,BK-02007,gross_amount,USD,4970.0,currency_column,2031.27,2024-02-18,True,10095411.9
bookings_2024.csv,BK-02542,gross_amount,USD,910.0,amount_text,2846.7053,2024-09-22,True,2590501.82
bookings_2024.csv,BK-02249,gross_amount,NGN,14587000.0,amount_text,1.0,,False,14587000.0
bookings_2024.csv,BK-02262,gross_amount,NGN,41596000.0,amount_text,1.0,,False,41596000.0
bookings_2024.csv,BK-02242,gross_amount,NGN,6556000.0,currency_column,1.0,,False,6556000.0
bookings_2024.csv,BK-02504,gross_amount,NGN,46527000.0,amount_text,1.0,,False,46527000.0
bookings_2024.csv,BK-02607,gross_amount,USD,1740.0,currency_column,2848.3343,2024-10-15,False,4956101.68
bookings_2024.csv,BK-02669,gross_amount,NGN,3037000.0,amount_text,1.0,,False,3037000.0
bookings_2024.csv,BK-02772,gross_amount,NGN,266000.0,amount_text,1.0,,False,266000.0
bookings_2024.csv,BK-02551,gross_amount,NGN,9258000.0,amount_text,1.0,,False,9258000.0
bookings_2024.csv,BK-02389,gross_amount,NGN,2420000.0,amount_text,1.0,,False,2420000.0
bookings_2024.csv,BK-02540,gross_amount,NGN,4995000.0,amount_text,1.0,,False,4995000.0
bookings_2024.csv,BK-02094,gross_amount,NGN,20411000.0,amount_text,1.0,,False,20411000.0
bookings_2024.csv,BK-02201,gross_amount,NGN,7789000.0,currency_column,1.0,,False,7789000.0
bookings_2024.csv,BK-02349,gross_amount,GBP,740.0,currency_column,2953.0624,2024-07-18,False,2185266.18
bookings_2024.csv,BK-02192,gross_amount,NGN,1022000.0,amount_text,1.0,,False,1022000.0
bookings_2024.csv,BK-02538,gross_amount,NGN,1328000.0,currency_column,1.0,,False,1328000.0
bookings_2024.csv,BK-02434,gross_amount,NGN,3738000.0,currency_column,1.0,,False,3738000.0
bookings_2024.csv,BK-02609,gross_amount,USD,39300.0,amount_text,2874.068,2024-10-16,False,112950872.4
bookings_2024.csv,BK-02098,gross_amount,NGN,14230000.0,currency_column,1.0,,False,14230000.0
bookings_2024.csv,BK-02895,gross_amount,NGN,2391000.0,currency_column,1.0,,False,2391000.0
bookings_2024.csv,BK-02364,gross_amount,NGN,21832000.0,amount_text,1.0,,False,21832000.0
bookings_2024.csv,BK-02768,gross_amount,NGN,3943000.0,amount_text,1.0,,False,3943000.0
bookings_2024.csv,BK-02655,gross_amount,NGN,4286000.0,currency_column,1.0,,False,4286000.0
bookings_2024.csv,BK-02717,gross_amount,NGN,19252000.0,amount_text,1.0,,False,19252000.0
bookings_2024.csv,BK-02428,gross_amount,NGN,19147000.0,amount_text,1.0,,False,19147000.0
bookings_2024.csv,BK-02256,gross_amount,NGN,2297000.0,amount_text,1.0,,False,2297000.0
bookings_2024.csv,BK-02211,gross_amount,NGN,5676000.0,amount_text,1.0,,False,5676000.0
bookings_2024.csv,BK-02293,gross_amount,NGN,19308000.0,amount_text,1.0,,False,19308000.0
bookings_2024.csv,BK-02773,gross_amount,NGN,4449000.0,amount_text,1.0,,False,4449000.0
bookings_2024.csv,BK-02054,gross_amount,NGN,3579000.0,currency_column,1.0,,False,3579000.0
bookings_2024.csv,BK-02468,gross_amount,NGN,32188000.0,currency_column,1.0,,False,32188000.0
bookings_2024.csv,BK-01971,gross_amount,NGN,3277000.0,amount_text,1.0,,False,3277000.0
bookings_2024.csv,BK-02741,gross_amount,NGN,5101000.0,amount_text,1.0,,False,5101000.0
bookings_2024.csv,BK-02855,gross_amount,NGN,4239000.0,amount_text,1.0,,False,4239000.0
bookings_2024.csv,BK-01963,gross_amount,NGN,2451000.0,amount_text,1.0,,False,2451000.0
bookings_2024.csv,BK-02497,gross_amount,NGN,5344000.0,amount_text,1.0,,False,5344000.0
bookings_2024.csv,BK-02250,gross_amount,NGN,1742000.0,currency_column,1.0,,False,1742000.0
bookings_2024.csv,BK-01967,gross_amount,NGN,1597000.0,currency_column,1.0,,False,1597000.0
bookings_2024.csv,BK-02664,gross_amount,NGN,4655000.0,currency_column,1.0,,False,4655000.0
bookings_2024.csv,BK-02823,gross_amount,NGN,7229000.0,amount_text,1.0,,False,7229000.0
bookings_2024.csv,BK-02673,gross_amount,NGN,19958000.0,amount_text,1.0,,False,19958000.0
bookings_2024.csv,BK-02733,gross_amount,NGN,20252000.0,currency_column,1.0,,False,20252000.0
bookings_2024.csv,BK-02118,gross_amount,NGN,2506000.0,amount_text,1.0,,False,2506000.0
bookings_2024.csv,BK-02749,gross_amount,USD,2080.0,currency_column,2955.43,2024-11-24,True,6147294.4
bookings_2024.csv,BK-02185,gross_amount,NGN,2481000.0,client_billing_currency,1.0,,False,2481000.0
bookings_2024.csv,BK-02871,gross_amount,NGN,2838000.0,currency_column,1.0,,False,2838000.0
bookings_2024.csv,BK-02159,gross_amount,NGN,2432000.0,amount_text,1.0,,False,2432000.0
bookings_2024.csv,BK-02206,gross_amount,NGN,4546000.0,currency_column,1.0,,False,4546000.0
bookings_2024.csv,BK-02543,gross_amount,NGN,26927000.0,amount_text,1.0,,False,26927000.0
bookings_2024.csv,BK-02016,gross_amount,USD,2450.0,amount_text,2019.98,2024-02-24,True,4948951.0
bookings_2024.csv,BK-02644,gross_amount,NGN,1264000.0,amount_text,1.0,,False,1264000.0
bookings_2024.csv,BK-02515,gross_amount,NGN,4727000.0,amount_text,1.0,,False,4727000.0
bookings_2024.csv,BK-02318,gross_amount,USD,7380.0,amount_text,2513.9457,2024-07-09,False,18552919.27
bookings_2024.csv,BK-02532,gross_amount,GBP,5150.0,currency_column,3040.9778,2024-09-19,False,15661035.67
bookings_2024.csv,BK-02065,gross_amount,NGN,12119000.0,client_billing_currency,1.0,,False,12119000.0
bookings_2024.csv,BK-02306,gross_amount,NGN,7261000.0,currency_column,1.0,,False,7261000.0
bookings_2024.csv,BK-02134,gross_amount,NGN,2229000.0,amount_text,1.0,,False,2229000.0
bookings_2024.csv,BK-02724,gross_amount,NGN,831000.0,client_billing_currency,1.0,,False,831000.0
bookings_2024.csv,BK-02732,gross_amount,NGN,28082000.0,currency_column,1.0,,False,28082000.0
bookings_2024.csv,BK-02341,gross_amount,NGN,49345000.0,currency_column,1.0,,False,49345000.0
bookings_2024.csv,BK-02004,gross_amount,NGN,6518000.0,currency_column,1.0,,False,6518000.0
bookings_2024.csv,BK-02510,gross_amount,NGN,546000.0,amount_text,1.0,,False,546000.0
bookings_2024.csv,BK-02512,gross_amount,NGN,16181000.0,amount_text,1.0,,False,16181000.0
bookings_2024.csv,BK-02225,gross_amount,USD,1400.0,currency_column,2430.2448,2024-05-29,False,3402342.72
bookings_2024.csv,BK-02001,gross_amount,GBP,1960.0,amount_text,2389.72,2024-02-14,False,4683851.2
bookings_2024.csv,BK-02273,gross_amount,GBP,3440.0,amount_text,2876.2731,2024-06-22,True,9894379.46
bookings_2024.csv,BK-02287,gross_amount,NGN,6824000.0,amount_text,1.0,,False,6824000.0
bookings_2024.csv,BK-02603,gross_amount,GBP,7170.0,amount_text,3124.1263,2024-10-14,False,22399985.57
bookings_2024.csv,BK-02332,gross_amount,NGN,4165000.0,currency_column,1.0,,False,4165000.0
bookings_2024.csv,BK-02026,gross_amount,NGN,2319000.0,currency_column,1.0,,False,2319000.0
bookings_2024.csv,BK-02460,gross_amount,NGN,9392000.0,client_billing_currency,1.0,,False,9392000.0
bookings_2024.csv,BK-02645,gross_amount,USD,2980.0,amount_text,2915.2897,2024-10-30,False,8687563.31
bookings_2024.csv,BK-02779,gross_amount,NGN,711000.0,currency_column,1.0,,False,711000.0
bookings_2024.csv,BK-02387,gross_amount,NGN,1146000.0,currency_column,1.0,,False,1146000.0
bookings_2024.csv,BK-02727,gross_amount,NGN,5148000.0,amount_text,1.0,,False,5148000.0
bookings_2024.csv,BK-02528,gross_amount,NGN,34806000.0,amount_text,1.0,,False,34806000.0
bookings_2024.csv,BK-02572,gross_amount,NGN,1961000.0,currency_column,1.0,,False,1961000.0
bookings_2024.csv,BK-01964,gross_amount,USD,14210.0,amount_text,1434.3767,2024-01-12,False,20382492.91
bookings_2024.csv,BK-02562,gross_amount,GBP,2090.0,currency_column,3056.97,2024-10-03,False,6389067.3
bookings_2024.csv,BK-02133,gross_amount,NGN,1670000.0,client_billing_currency,1.0,,False,1670000.0
bookings_2024.csv,BK-02066,gross_amount,USD,1100.0,amount_text,2092.33,2024-03-22,False,2301563.0
bookings_2024.csv,BK-01997,gross_amount,NGN,430000.0,amount_text,1.0,,False,430000.0
bookings_2024.csv,BK-02219,gross_amount,NGN,4762000.0,currency_column,1.0,,False,4762000.0
bookings_2024.csv,BK-02197,gross_amount,NGN,3023000.0,currency_column,1.0,,False,3023000.0
bookings_2024.csv,BK-02064,gross_amount,NGN,54591000.0,currency_column,1.0,,False,54591000.0
bookings_2024.csv,BK-02615,gross_amount,NGN,1621000.0,currency_column,1.0,,False,1621000.0
bookings_2024.csv,BK-02452,gross_amount,NGN,4999000.0,currency_column,1.0,,False,4999000.0
bookings_2024.csv,BK-02010,gross_amount,NGN,2029000.0,amount_text,1.0,,False,2029000.0
bookings_2024.csv,BK-02685,gross_amount,NGN,2659000.0,amount_text,1.0,,False,2659000.0
bookings_2024.csv,BK-02592,gross_amount,NGN,3485000.0,currency_column,1.0,,False,3485000.0
bookings_2024.csv,BK-02266,gross_amount,NGN,4014000.0,currency_column,1.0,,False,4014000.0
bookings_2024.csv,BK-02858,gross_amount,NGN,39376000.0,amount_text,1.0,,False,39376000.0
bookings_2024.csv,BK-02611,gross_amount,USD,3170.0,currency_column,2901.225,2024-10-18,False,9196883.25
bookings_2024.csv,BK-02586,gross_amount,NGN,3208000.0,amount_text,1.0,,False,3208000.0
bookings_2024.csv,BK-02338,gross_amount,NGN,2487000.0,client_billing_currency,1.0,,False,2487000.0
bookings_2024.csv,BK-02145,gross_amount,NGN,949000.0,currency_column,1.0,,False,949000.0
bookings_2024.csv,BK-02102,gross_amount,NGN,4334000.0,currency_column,1.0,,False,4334000.0
bookings_2024.csv,BK-02455,gross_amount,NGN,1125000.0,currency_column,1.0,,False,1125000.0
bookings_2024.csv,BK-02832,gross_amount,NGN,783000.0,amount_text,1.0,,False,783000.0
bookings_2024.csv,BK-02050,gross_amount,NGN,3646000.0,currency_column,1.0,,False,3646000.0
bookings_2024.csv,BK-02591,gross_amount,NGN,7881000.0,amount_text,1.0,,False,7881000.0
bookings_2024.csv,BK-02190,gross_amount,NGN,12523000.0,amount_text,1.0,,False,12523000.0
bookings_2024.csv,BK-02297,gross_amount,NGN,16266000.0,amount_text,1.0,,False,16266000.0
bookings_2024.csv,BK-02268,gross_amount,NGN,3040000.0,amount_text,1.0,,False,3040000.0
bookings_2024.csv,BK-02419,gross_amount,USD,7690.0,amount_text,2722.23,2024-08-11,True,20933948.7
bookings_2024.csv,BK-02037,gross_amount,GBP,2220.0,amount_text,2401.4917,2024-03-08,False,5331311.57
bookings_2024.csv,BK-02507,gross_amount,NGN,3927000.0,amount_text,1.0,,False,3927000.0
bookings_2024.csv,BK-02720,gross_amount,NGN,21829000.0,currency_column,1.0,,False,21829000.0
bookings_2024.csv,BK-02846,gross_amount,NGN,1150000.0,currency_column,1.0,,False,1150000.0
bookings_2024.csv,BK-02700,gross_amount,NGN,2465000.0,currency_column,1.0,,False,2465000.0
bookings_2024.csv,BK-01960,gross_amount,NGN,17877000.0,amount_text,1.0,,False,17877000.0
bookings_2024.csv,BK-02328,gross_amount,NGN,5214000.0,currency_column,1.0,,False,5214000.0
bookings_2024.csv,BK-02668,gross_amount,NGN,5459000.0,amount_text,1.0,,False,5459000.0
bookings_2024.csv,BK-02505,gross_amount,NGN,4072000.0,amount_text,1.0,,False,4072000.0
bookings_2024.csv,BK-02309,gross_amount,NGN,1365000.0,amount_text,1.0,,False,1365000.0
bookings_2024.csv,BK-02604,gross_amount,GBP,710.0,amount_text,3124.1263,2024-10-14,False,2218129.67
bookings_2024.csv,BK-02674,gross_amount,NGN,1445000.0,amount_text,1.0,,False,1445000.0
bookings_2024.csv,BK-01986,gross_amount,NGN,18398000.0,amount_text,1.0,,False,18398000.0
bookings_2024.csv,BK-01984,gross_amount,NGN,4326000.0,currency_column,1.0,,False,4326000.0
bookings_2024.csv,BK-02210,gross_amount,NGN,3296000.0,amount_text,1.0,,False,3296000.0
bookings_2024.csv,BK-02101,gross_amount,NGN,1183000.0,currency_column,1.0,,False,1183000.0
bookings_2024.csv,BK-02593,gross_amount,NGN,8391000.0,currency_column,1.0,,False,8391000.0
bookings_2024.csv,BK-02711,gross_amount,NGN,15480000.0,amount_text,1.0,,False,15480000.0
bookings_2024.csv,BK-02654,gross_amount,NGN,13562000.0,amount_text,1.0,,False,13562000.0
bookings_2024.csv,BK-02029,gross_amount,NGN,7391000.0,amount_text,1.0,,False,7391000.0
bookings_2024.csv,BK-02880,gross_amount,NGN,14350000.0,currency_column,1.0,,False,14350000.0
bookings_2024.csv,BK-02310,gross_amount,NGN,3204000.0,amount_text,1.0,,False,3204000.0
bookings_2024.csv,BK-02368,gross_amount,NGN,1574000.0,client_billing_currency,1.0,,False,1574000.0
bookings_2024.csv,BK-02641,gross_amount,USD,5270.0,client_billing_currency,2940.34,2024-10-29,False,15495591.8
bookings_2024.csv,BK-02506,gross_amount,NGN,299000.0,amount_text,1.0,,False,299000.0
bookings_2024.csv,BK-02537,gross_amount,NGN,3857000.0,client_billing_currency,1.0,,False,3857000.0
bookings_2024.csv,BK-02623,gross_amount,NGN,4594000.0,amount_text,1.0,,False,4594000.0
bookings_2024.csv,BK-02859,gross_amount,NGN,6992000.0,currency_column,1.0,,False,6992000.0
bookings_2024.csv,BK-02878,gross_amount,NGN,2100000.0,currency_column,1.0,,False,2100000.0
bookings_2024.csv,BK-02785,gross_amount,NGN,5676000.0,currency_column,1.0,,False,5676000.0
bookings_2024.csv,BK-02600,gross_amount,NGN,3890000.0,currency_column,1.0,,False,3890000.0
bookings_2024.csv,BK-02402,gross_amount,NGN,2621000.0,amount_text,1.0,,False,2621000.0
bookings_2024.csv,BK-01980,gross_amount,NGN,942000.0,currency_column,1.0,,False,942000.0
bookings_2024.csv,BK-02380,gross_amount,NGN,22043000.0,amount_text,1.0,,False,22043000.0
bookings_2024.csv,BK-02071,gross_amount,NGN,3448000.0,amount_text,1.0,,False,3448000.0
bookings_2024.csv,BK-02224,gross_amount,NGN,987000.0,amount_text,1.0,,False,987000.0
bookings_2024.csv,BK-02031,gross_amount,NGN,2508000.0,currency_column,1.0,,False,2508000.0
bookings_2024.csv,BK-02136,gross_amount,NGN,20953000.0,currency_column,1.0,,False,20953000.0
bookings_2024.csv,BK-02550,gross_amount,NGN,5940000.0,amount_text,1.0,,False,5940000.0
bookings_2024.csv,BK-02525,gross_amount,NGN,3927000.0,amount_text,1.0,,False,3927000.0
bookings_2024.csv,BK-02744,gross_amount,NGN,12163000.0,amount_text,1.0,,False,12163000.0
bookings_2024.csv,BK-02666,gross_amount,USD,6900.0,currency_column,2942.6678,2024-11-03,True,20304407.82
bookings_2024.csv,BK-02331,gross_amount,NGN,2411000.0,amount_text,1.0,,False,2411000.0
bookings_2024.csv,BK-02051,gross_amount,USD,640.0,amount_text,2049.7939,2024-03-13,False,1311868.1
bookings_2024.csv,BK-02679,gross_amount,NGN,9038000.0,amount_text,1.0,,False,9038000.0
bookings_2024.csv,BK-02835,gross_amount,NGN,3881000.0,amount_text,1.0,,False,3881000.0
bookings_2024.csv,BK-02892,gross_amount,NGN,5819000.0,amount_text,1.0,,False,5819000.0
bookings_2024.csv,BK-02295,gross_amount,NGN,3935000.0,amount_text,1.0,,False,3935000.0
bookings_2024.csv,BK-02594,gross_amount,NGN,1472000.0,currency_column,1.0,,False,1472000.0
bookings_2024.csv,BK-02575,gross_amount,NGN,979000.0,amount_text,1.0,,False,979000.0
bookings_2024.csv,BK-02075,gross_amount,NGN,1615000.0,currency_column,1.0,,False,1615000.0
bookings_2024.csv,BK-02241,gross_amount,USD,23530.0,client_billing_currency,2465.1475,2024-06-06,False,58004920.68
bookings_2024.csv,BK-02183,gross_amount,NGN,9574000.0,amount_text,1.0,,False,9574000.0
bookings_2024.csv,BK-02223,gross_amount,NGN,6946000.0,currency_column,1.0,,False,6946000.0
bookings_2024.csv,BK-02444,gross_amount,NGN,5033000.0,amount_text,1.0,,False,5033000.0
bookings_2024.csv,BK-02032,gross_amount,NGN,5153000.0,amount_text,1.0,,False,5153000.0
bookings_2024.csv,BK-02698,gross_amount,NGN,1518000.0,amount_text,1.0,,False,1518000.0
bookings_2024.csv,BK-02746,gross_amount,NGN,3024000.0,currency_column,1.0,,False,3024000.0
bookings_2025_H1.xlsx,BK-02896,gross_amount,NGN,20824000.0,client_billing_currency,1.0,,False,20824000.0
bookings_2025_H1.xlsx,BK-02897,gross_amount,NGN,2625000.0,currency_column,1.0,,False,2625000.0
bookings_2025_H1.xlsx,BK-02898,gross_amount,GBP,17100.0,currency_column,3716.5701,2025-01-04,True,63553348.71
bookings_2025_H1.xlsx,BK-02899,gross_amount,NGN,16306000.0,currency_column,1.0,,False,16306000.0
bookings_2025_H1.xlsx,BK-02900,gross_amount,NGN,2994000.0,currency_column,1.0,,False,2994000.0
bookings_2025_H1.xlsx,BK-02901,gross_amount,NGN,5430000.0,currency_column,1.0,,False,5430000.0
bookings_2025_H1.xlsx,BK-02902,gross_amount,NGN,18199000.0,amount_text,1.0,,False,18199000.0
bookings_2025_H1.xlsx,BK-02903,gross_amount,NGN,23327000.0,amount_text,1.0,,False,23327000.0
bookings_2025_H1.xlsx,BK-02904,gross_amount,NGN,1484000.0,currency_column,1.0,,False,1484000.0
bookings_2025_H1.xlsx,BK-02905,gross_amount,USD,5550.0,currency_column,3321.1935,2025-01-08,False,18432623.93
bookings_2025_H1.xlsx,BK-02906,gross_amount,NGN,5449000.0,currency_column,1.0,,False,5449000.0
bookings_2025_H1.xlsx,BK-02907,gross_amount,NGN,14441000.0,currency_column,1.0,,False,14441000.0
bookings_2025_H1.xlsx,BK-02908,gross_amount,NGN,5680000.0,currency_column,1.0,,False,5680000.0
bookings_2025_H1.xlsx,BK-02909,gross_amount,NGN,1026000.0,currency_column,1.0,,False,1026000.0
bookings_2025_H1.xlsx,BK-02910,gross_amount,NGN,283000.0,currency_column,1.0,,False,283000.0
bookings_2025_H1.xlsx,BK-02911,gross_amount,NGN,8733000.0,amount_text,1.0,,False,8733000.0
bookings_2025_H1.xlsx,BK-02912,gross_amount,NGN,494000.0,currency_column,1.0,,False,494000.0
bookings_2025_H1.xlsx,BK-02913,gross_amount,NGN,1793000.0,currency_column,1.0,,False,1793000.0
bookings_2025_H1.xlsx,BK-02914,gross_amount,NGN,29302000.0,currency_column,1.0,,False,29302000.0
bookings_2025_H1.xlsx,BK-02915,gross_amount,NGN,4479000.0,amount_text,1.0,,False,4479000.0
bookings_2025_H1.xlsx,BK-02916,gross_amount,NGN,21573000.0,client_other_bookings_currency,1.0,,False,21573000.0
bookings_2025_H1.xlsx,BK-02917,gross_amount,NGN,5732000.0,amount_text,1.0,,False,5732000.0
bookings_2025_H1.xlsx,BK-02918,gross_amount,NGN,2175000.0,amount_text,1.0,,False,2175000.0
bookings_2025_H1.xlsx,BK-02919,gross_amount,USD,14450.0,amount_text,3562.3219,2025-02-01,True,51475551.45
bookings_2025_H1.xlsx,BK-02920,gross_amount,NGN,794000.0,amount_text,1.0,,False,794000.0
bookings_2025_H1.xlsx,BK-02921,gross_amount,NGN,825000.0,amount_text,1.0,,False,825000.0
bookings_2025_H1.xlsx,BK-02922,gross_amount,NGN,19553000.0,currency_column,1.0,,False,19553000.0
bookings_2025_H1.xlsx,BK-02923,gross_amount,USD,4780.0,currency_column,3562.3219,2025-02-01,True,17027898.68
bookings_2025_H1.xlsx,BK-02924,gross_amount,NGN,750000.0,amount_text,1.0,,False,750000.0
bookings_2025_H1.xlsx,BK-02925,gross_amount,GBP,3530.0,currency_column,3898.7805,2025-02-04,False,13762695.16
bookings_2025_H1.xlsx,BK-02926,gross_amount,NGN,2524000.0,currency_column,1.0,,False,2524000.0
bookings_2025_H1.xlsx,BK-02927,gross_amount,NGN,7296000.0,amount_text,1.0,,False,7296000.0
bookings_2025_H1.xlsx,BK-02928,gross_amount,NGN,3595000.0,currency_column,1.0,,False,3595000.0
bookings_2025_H1.xlsx,BK-02929,gross_amount,NGN,14329000.0,currency_column,1.0,,False,14329000.0
bookings_2025_H1.xlsx,BK-02930,gross_amount,NGN,28485000.0,currency_column,1.0,,False,28485000.0
bookings_2025_H1.xlsx,BK-02931,gross_amount,NGN,56908000.0,amount_text,1.0,,False,56908000.0
bookings_2025_H1.xlsx,BK-02932,gross_amount,NGN,7146000.0,currency_column,1.0,,False,7146000.0
bookings_2025_H1.xlsx,BK-02933,gross_amount,NGN,3491000.0,currency_column,1.0,,False,3491000.0
bookings_2025_H1.xlsx,BK-02934,gross_amount,NGN,4294000.0,currency_column,1.0,,False,4294000.0
bookings_2025_H1.xlsx,BK-02935,gross_amount,NGN,3858000.0,amount_text,1.0,,False,3858000.0
bookings_2025_H1.xlsx,BK-02936,gross_amount,NGN,20898000.0,amount_text,1.0,,False,20898000.0
bookings_2025_H1.xlsx,BK-02937,gross_amount,NGN,8403000.0,currency_column,1.0,,False,8403000.0
bookings_2025_H1.xlsx,BK-02938,gross_amount,NGN,3983000.0,currency_column,1.0,,False,3983000.0
bookings_2025_H1.xlsx,BK-02939,gross_amount,NGN,1213000.0,currency_column,1.0,,False,1213000.0
bookings_2025_H1.xlsx,BK-02940,gross_amount,NGN,18487000.0,amount_text,1.0,,False,18487000.0
bookings_2025_H1.xlsx,BK-02941,gross_amount,NGN,4594000.0,amount_text,1.0,,False,4594000.0
bookings_2025_H1.xlsx,BK-02942,gross_amount,NGN,4224000.0,currency_column,1.0,,False,4224000.0
bookings_2025_H1.xlsx,BK-02943,gross_amount,NGN,4036000.0,currency_column,1.0,,False,4036000.0
bookings_2025_H1.xlsx,BK-02944,gross_amount,NGN,21572000.0,currency_column,1.0,,False,21572000.0
bookings_2025_H1.xlsx,BK-02945,gross_amount,NGN,1697000.0,currency_column,1.0,,False,1697000.0
bookings_2025_H1.xlsx,BK-02946,gross_amount,NGN,7198000.0,client_billing_currency,1.0,,False,7198000.0
bookings_2025_H1.xlsx,BK-02947,gross_amount,USD,19590.0,currency_column,3635.1362,2025-02-12,False,71212318.16
bookings_2025_H1.xlsx,BK-02948,gross_amount,USD,3880.0,currency_column,3698.2782,2025-02-13,False,14349319.42
bookings_2025_H1.xlsx,BK-02949,gross_amount,NGN,6432000.0,currency_column,1.0,,False,6432000.0
bookings_2025_H1.xlsx,BK-02950,gross_amount,GBP,2010.0,amount_text,3935.3885,2025-02-14,False,7910130.88
bookings_2025_H1.xlsx,BK-02951,gross_amount,NGN,1190000.0,amount_text,1.0,,False,1190000.0
bookings_2025_H1.xlsx,BK-02952,gross_amount,NGN,3424000.0,client_billing_currency,1.0,,False,3424000.0
bookings_2025_H1.xlsx,BK-02953,gross_amount,NGN,8216000.0,amount_text,1.0,,False,8216000.0
bookings_2025_H1.xlsx,BK-02954,gross_amount,NGN,20383000.0,currency_column,1.0,,False,20383000.0
bookings_2025_H1.xlsx,BK-02955,gross_amount,NGN,10665000.0,currency_column,1.0,,False,10665000.0
bookings_2025_H1.xlsx,BK-02956,gross_amount,NGN,894000.0,currency_column,1.0,,False,894000.0
bookings_2025_H1.xlsx,BK-02957,gross_amount,NGN,46815000.0,currency_column,1.0,,False,46815000.0
bookings_2025_H1.xlsx,BK-02958,gross_amount,NGN,6681000.0,amount_text,1.0,,False,6681000.0
bookings_2025_H1.xlsx,BK-02959,gross_amount,NGN,3928000.0,amount_text,1.0,,False,3928000.0
bookings_2025_H1.xlsx,BK-02960,gross_amount,NGN,24485000.0,currency_column,1.0,,False,24485000.0
bookings_2025_H1.xlsx,BK-02961,gross_amount,NGN,103919000.0,currency_column,1.0,,False,103919000.0
bookings_2025_H1.xlsx,BK-02962,gross_amount,NGN,4558000.0,amount_text,1.0,,False,4558000.0
bookings_2025_H1.xlsx,BK-02963,gross_amount,NGN,5741000.0,currency_column,1.0,,False,5741000.0
bookings_2025_H1.xlsx,BK-02964,gross_amount,NGN,4804000.0,currency_column,1.0,,False,4804000.0
bookings_2025_H1.xlsx,BK-02965,gross_amount,NGN,3601000.0,currency_column,1.0,,False,3601000.0
bookings_2025_H1.xlsx,BK-02966,gross_amount,NGN,1407000.0,amount_text,1.0,,False,1407000.0
bookings_2025_H1.xlsx,BK-02967,gross_amount,NGN,12174000.0,currency_column,1.0,,False,12174000.0
bookings_2025_H1.xlsx,BK-02968,gross_amount,USD,660.0,currency_column,3837.17,2025-02-27,False,2532532.2
bookings_2025_H1.xlsx,BK-02969,gross_amount,NGN,2283000.0,client_billing_currency,1.0,,False,2283000.0
bookings_2025_H1.xlsx,BK-02970,gross_amount,NGN,21591000.0,amount_text,1.0,,False,21591000.0
bookings_2025_H1.xlsx,BK-02971,gross_amount,NGN,5553000.0,amount_text,1.0,,False,5553000.0
bookings_2025_H1.xlsx,BK-02972,gross_amount,NGN,1406000.0,client_billing_currency,1.0,,False,1406000.0
bookings_2025_H1.xlsx,BK-02973,gross_amount,NGN,3848000.0,amount_text,1.0,,False,3848000.0
bookings_2025_H1.xlsx,BK-02974,gross_amount,GBP,400.0,currency_column,4016.6383,2025-03-02,True,1606655.32
bookings_2025_H1.xlsx,BK-02975,gross_amount,NGN,8160000.0,amount_text,1.0,,False,8160000.0
bookings_2025_H1.xlsx,BK-02976,gross_amount,NGN,1020000.0,currency_column,1.0,,False,1020000.0
bookings_2025_H1.xlsx,BK-02977,gross_amount,NGN,8571000.0,currency_column,1.0,,False,8571000.0
bookings_2025_H1.xlsx,BK-02978,gross_amount,NGN,43362000.0,client_billing_currency,1.0,,False,43362000.0
bookings_2025_H1.xlsx,BK-02979,gross_amount,NGN,1098000.0,currency_column,1.0,,False,1098000.0
bookings_2025_H1.xlsx,BK-02980,gross_amount,NGN,2570000.0,currency_column,1.0,,False,2570000.0
bookings_2025_H1.xlsx,BK-02981,gross_amount,NGN,4385000.0,currency_column,1.0,,False,4385000.0
bookings_2025_H1.xlsx,BK-02982,gross_amount,NGN,6516000.0,currency_column,1.0,,False,6516000.0
bookings_2025_H1.xlsx,BK-02983,gross_amount,NGN,20876000.0,amount_text,1.0,,False,20876000.0
bookings_2025_H1.xlsx,BK-02984,gross_amount,NGN,3782000.0,currency_column,1.0,,False,3782000.0
bookings_2025_H1.xlsx,BK-02985,gross_amount,NGN,1034000.0,amount_text,1.0,,False,1034000.0
bookings_2025_H1.xlsx,BK-02986,gross_amount,USD,5670.0,currency_column,3821.8786,2025-03-06,False,21670051.66
bookings_2025_H1.xlsx,BK-02987,gross_amount,NGN,5535000.0,amount_text,1.0,,False,5535000.0
bookings_2025_H1.xlsx,BK-02988,gross_amount,NGN,4420000.0,amount_text,1.0,,False,4420000.0
bookings_2025_H1.xlsx,BK-02989,gross_amount,NGN,3873000.0,amount_text,1.0,,False,3873000.0
bookings_2025_H1.xlsx,BK-02990,gross_amount,NGN,8615000.0,currency_column,1.0,,False,8615000.0
bookings_2025_H1.xlsx,BK-02991,gross_amount,NGN,8140000.000000001,client_billing_currency,1.0,,False,8140000.0
bookings_2025_H1.xlsx,BK-02992,gross_amount,NGN,2140000.0,client_billing_currency,1.0,,False,2140000.0
bookings_2025_H1.xlsx,BK-02993,gross_amount,NGN,1491000.0,amount_text,1.0,,False,1491000.0
bookings_2025_H1.xlsx,BK-02994,gross_amount,NGN,13314000.0,currency_column,1.0,,False,13314000.0
bookings_2025_H1.xlsx,BK-02995,gross_amount,NGN,6995000.0,amount_text,1.0,,False,6995000.0
bookings_2025_H1.xlsx,BK-02996,gross_amount,NGN,21261000.0,amount_text,1.0,,False,21261000.0
bookings_2025_H1.xlsx,BK-02997,gross_amount,NGN,8181000.0,currency_column,1.0,,False,8181000.0
bookings_2025_H1.xlsx,BK-02998,gross_amount,NGN,3613000.0,currency_column,1.0,,False,3613000.0
bookings_2025_H1.xlsx,BK-02999,gross_amount,NGN,1366000.0,currency_column,1.0,,False,1366000.0
bookings_2025_H1.xlsx,BK-03000,gross_amount,NGN,5221000.0,currency_column,1.0,,False,5221000.0
bookings_2025_H1.xlsx,BK-03001,gross_amount,USD,25530.0,amount_text,3938.38,2025-03-15,True,100546841.4
bookings_2025_H1.xlsx,BK-03002,gross_amount,NGN,1609000.0,amount_text,1.0,,False,1609000.0
bookings_2025_H1.xlsx,BK-03003,gross_amount,NGN,18537000.0,currency_column,1.0,,False,18537000.0
bookings_2025_H1.xlsx,BK-03004,gross_amount,NGN,29351000.0,amount_text,1.0,,False,29351000.0
bookings_2025_H1.xlsx,BK-03005,gross_amount,NGN,5126000.0,amount_text,1.0,,False,5126000.0
bookings_2025_H1.xlsx,BK-03006,gross_amount,NGN,5102000.0,currency_column,1.0,,False,5102000.0
bookings_2025_H1.xlsx,BK-03007,gross_amount,NGN,26507000.0,client_billing_currency,1.0,,False,26507000.0
bookings_2025_H1.xlsx,BK-03008,gross_amount,NGN,3465000.0,currency_column,1.0,,False,3465000.0
bookings_2025_H1.xlsx,BK-03009,gross_amount,NGN,3171000.0,currency_column,1.0,,False,3171000.0
bookings_2025_H1.xlsx,BK-03010,gross_amount,NGN,18060000.0,currency_column,1.0,,False,18060000.0
bookings_2025_H1.xlsx,BK-03011,gross_amount,NGN,4209000.0,amount_text,1.0,,False,4209000.0
bookings_2025_H1.xlsx,BK-03012,gross_amount,NGN,5157000.0,currency_column,1.0,,False,5157000.0
bookings_2025_H1.xlsx,BK-03013,gross_amount,GBP,27850.0,currency_column,4037.9707,2025-03-19,False,112457483.99
bookings_2025_H1.xlsx,BK-03014,gross_amount,GBP,980.0,amount_text,4063.3882,2025-03-20,False,3982120.44
bookings_2025_H1.xlsx,BK-03015,gross_amount,NGN,6383000.0,currency_column,1.0,,False,6383000.0
bookings_2025_H1.xlsx,BK-03016,gross_amount,NGN,8473000.0,currency_column,1.0,,False,8473000.0
bookings_2025_H1.xlsx,BK-03017,gross_amount,NGN,1444000.0,amount_text,1.0,,False,1444000.0
bookings_2025_H1.xlsx,BK-03018,gross_amount,NGN,22143000.0,client_billing_currency,1.0,,False,22143000.0
bookings_2025_H1.xlsx,BK-03019,gross_amount,NGN,22809000.0,currency_column,1.0,,False,22809000.0
bookings_2025_H1.xlsx,BK-03020,gross_amount,GBP,1320.0,currency_column,4157.39,2025-03-24,False,5487754.8
bookings_2025_H1.xlsx,BK-03021,gross_amount,NGN,4196000.0,amount_text,1.0,,False,4196000.0
bookings_2025_H1.xlsx,BK-03022,gross_amount,NGN,19621000.0,amount_text,1.0,,False,19621000.0
bookings_2025_H1.xlsx,BK-03023,gross_amount,NGN,3664000.0,amount_text,1.0,,False,3664000.0
bookings_2025_H1.xlsx,BK-03024,gross_amount,NGN,11627000.0,amount_text,1.0,,False,11627000.0
bookings_2025_H1.xlsx,BK-03025,gross_amount,NGN,21264000.0,client_billing_currency,1.0,,False,21264000.0
bookings_2025_H1.xlsx,BK-03026,gross_amount,NGN,9110000.0,currency_column,1.0,,False,9110000.0
bookings_2025_H1.xlsx,BK-03027,gross_amount,NGN,23421000.0,currency_column,1.0,,False,23421000.0
bookings_2025_H1.xlsx,BK-03028,gross_amount,GBP,2480.0,currency_column,4172.21,2025-03-29,True,10347080.8
bookings_2025_H1.xlsx,BK-03029,gross_amount,USD,14400.0,currency_column,3990.1518,2025-03-29,True,57458185.92
bookings_2025_H1.xlsx,BK-03030,gross_amount,NGN,3142000.0,amount_text,1.0,,False,3142000.0
bookings_2025_H1.xlsx,BK-03031,gross_amount,NGN,12787000.0,currency_column,1.0,,False,12787000.0
bookings_2025_H1.xlsx,BK-03032,gross_amount,NGN,2810000.0,currency_column,1.0,,False,2810000.0
bookings_2025_H1.xlsx,BK-03033,gross_amount,NGN,20000000.0,currency_column,1.0,,False,20000000.0
bookings_2025_H1.xlsx,BK-03034,gross_amount,NGN,997000.0,amount_text,1.0,,False,997000.0
bookings_2025_H1.xlsx,BK-03035,gross_amount,NGN,2507000.0,currency_column,1.0,,False,2507000.0
bookings_2025_H1.xlsx,BK-03036,gross_amount,NGN,27266000.0,currency_column,1.0,,False,27266000.0
bookings_2025_H1.xlsx,BK-03037,gross_amount,NGN,3953000.0,currency_column,1.0,,False,3953000.0
bookings_2025_H1.xlsx,BK-03038,gross_amount,NGN,6024000.0,amount_text,1.0,,False,6024000.0
bookings_2025_H1.xlsx,BK-03039,gross_amount,NGN,6480000.0,currency_column,1.0,,False,6480000.0
bookings_2025_H1.xlsx,BK-03040,gross_amount,GBP,5770.0,currency_column,4260.01,2025-04-03,False,24580257.7
bookings_2025_H1.xlsx,BK-03041,gross_amount,NGN,5223000.0,amount_text,1.0,,False,5223000.0
bookings_2025_H1.xlsx,BK-03042,gross_amount,NGN,3015000.0,currency_column,1.0,,False,3015000.0
bookings_2025_H1.xlsx,BK-03043,gross_amount,NGN,3890000.0,currency_column,1.0,,False,3890000.0
bookings_2025_H1.xlsx,BK-03044,gross_amount,NGN,2785000.0,currency_column,1.0,,False,2785000.0
bookings_2025_H1.xlsx,BK-03045,gross_amount,NGN,4131000.0,currency_column,1.0,,False,4131000.0
bookings_2025_H1.xlsx,BK-03046,gross_amount,NGN,12430000.0,currency_column,1.0,,False,12430000.0
bookings_2025_H1.xlsx,BK-03047,gross_amount,NGN,2471000.0,amount_text,1.0,,False,2471000.0
bookings_2025_H1.xlsx,BK-03048,gross_amount,NGN,1511000.0,currency_column,1.0,,False,1511000.0
bookings_2025_H1.xlsx,BK-03049,gross_amount,NGN,59477000.0,amount_text,1.0,,False,59477000.0
bookings_2025_H1.xlsx,BK-03050,gross_amount,GBP,30090.0,currency_column,4289.3377,2025-04-06,True,129066171.39
bookings_2025_H1.xlsx,BK-03051,gross_amount,NGN,1376000.0,currency_column,1.0,,False,1376000.0
bookings_2025_H1.xlsx,BK-03052,gross_amount,NGN,23108000.0,client_billing_currency,1.0,,False,23108000.0
bookings_2025_H1.xlsx,BK-03053,gross_amount,NGN,2777000.0,currency_column,1.0,,False,2777000.0
bookings_2025_H1.xlsx,BK-03054,gross_amount,NGN,3948000.0,currency_column,1.0,,False,3948000.0
bookings_2025_H1.xlsx,BK-03055,gross_amount,NGN,40192000.0,currency_column,1.0,,False,40192000.0
bookings_2025_H1.xlsx,BK-03056,gross_amount,NGN,6495000.0,currency_column,1.0,,False,6495000.0
bookings_2025_H1.xlsx,BK-03057,gross_amount,NGN,5467000.0,currency_column,1.0,,False,5467000.0
bookings_2025_H1.xlsx,BK-03058,gross_amount,NGN,1826000.0,currency_column,1.0,,False,1826000.0
bookings_2025_H1.xlsx,BK-03059,gross_amount,NGN,1754000.0,currency_column,1.0,,False,1754000.0
bookings_2025_H1.xlsx,BK-03060,gross_amount,NGN,17598000.0,client_billing_currency,1.0,,False,17598000.0
bookings_2025_H1.xlsx,BK-03061,gross_amount,NGN,17892000.0,currency_column,1.0,,False,17892000.0
bookings_2025_H1.xlsx,BK-03062,gross_amount,NGN,16919000.0,currency_column,1.0,,False,16919000.0
bookings_2025_H1.xlsx,BK-03063,gross_amount,NGN,9595000.0,currency_column,1.0,,False,9595000.0
bookings_2025_H1.xlsx,BK-03064,gross_amount,NGN,3824000.0,currency_column,1.0,,False,3824000.0
bookings_2025_H1.xlsx,BK-03065,gross_amount,GBP,3270.0,currency_column,4457.6388,2025-04-12,True,14576478.88
bookings_2025_H1.xlsx,BK-03066,gross_amount,NGN,6518000.0,currency_column,1.0,,False,6518000.0
bookings_2025_H1.xlsx,BK-03067,gross_amount,NGN,15190000.0,currency_column,1.0,,False,15190000.0
bookings_2025_H1.xlsx,BK-03068,gross_amount,NGN,4714000.0,amount_text,1.0,,False,4714000.0
bookings_2025_H1.xlsx,BK-03069,gross_amount,NGN,11390000.0,currency_column,1.0,,False,11390000.0
bookings_2025_H1.xlsx,BK-03070,gross_amount,NGN,35854000.0,amount_text,1.0,,False,35854000.0
bookings_2025_H1.xlsx,BK-03071,gross_amount,NGN,5015000.0,currency_column,1.0,,False,5015000.0
bookings_2025_H1.xlsx,BK-03072,gross_amount,NGN,4004000.0,currency_column,1.0,,False,4004000.0
bookings_2025_H1.xlsx,BK-03073,gross_amount,NGN,4834000.0,amount_text,1.0,,False,4834000.0
bookings_2025_H1.xlsx,BK-03074,gross_amount,NGN,57210000.0,currency_column,1.0,,False,57210000.0
bookings_2025_H1.xlsx,BK-03075,gross_amount,NGN,1226000.0,currency_column,1.0,,False,1226000.0
bookings_2025_H1.xlsx,BK-03076,gross_amount,NGN,8133000.0,amount_text,1.0,,False,8133000.0
bookings_2025_H1.xlsx,BK-03077,gross_amount,NGN,4422000.0,amount_text,1.0,,False,4422000.0
bookings_2025_H1.xlsx,BK-03078,gross_amount,NGN,27068000.0,currency_column,1.0,,False,27068000.0
bookings_2025_H1.xlsx,BK-03079,gross_amount,NGN,456000.0,amount_text,1.0,,False,456000.0
bookings_2025_H1.xlsx,BK-03080,gross_amount,NGN,9775000.0,currency_column,1.0,,False,9775000.0
bookings_2025_H1.xlsx,BK-03081,gross_amount,NGN,11188000.0,currency_column,1.0,,False,11188000.0
bookings_2025_H1.xlsx,BK-03082,gross_amount,NGN,7794000.0,client_billing_currency,1.0,,False,7794000.0
bookings_2025_H1.xlsx,BK-03083,gross_amount,NGN,5434000.0,currency_column,1.0,,False,5434000.0
bookings_2025_H1.xlsx,BK-03084,gross_amount,NGN,18044000.0,client_billing_currency,1.0,,False,18044000.0
bookings_2025_H1.xlsx,BK-03085,gross_amount,NGN,2309000.0,currency_column,1.0,,False,2309000.0
bookings_2025_H1.xlsx,BK-03086,gross_amount,NGN,7723000.0,currency_column,1.0,,False,7723000.0
bookings_2025_H1.xlsx,BK-03087,gross_amount,GBP,1720.0,amount_text,4496.7239,2025-04-20,True,7734365.11
bookings_2025_H1.xlsx,BK-03088,gross_amount,NGN,10255000.0,currency_column,1.0,,False,10255000.0
bookings_2025_H1.xlsx,BK-03089,gross_amount,USD,1970.0,amount_text,3998.88,2025-04-20,True,7877793.6
bookings_2025_H1.xlsx,BK-03090,gross_amount,USD,3790.0,currency_column,4082.2097,2025-04-21,False,15471574.76
bookings_2025_H1.xlsx,BK-03091,gross_amount,NGN,6276000.0,currency_column,1.0,,False,6276000.0
bookings_2025_H1.xlsx,BK-03092,gross_amount,NGN,1123000.0,currency_column,1.0,,False,1123000.0
bookings_2025_H1.xlsx,BK-03093,gross_amount,NGN,12294000.0,currency_column,1.0,,False,12294000.0
bookings_2025_H1.xlsx,BK-03094,gross_amount,USD,4100.0,currency_column,4115.715,2025-04-22,False,16874431.5
bookings_2025_H1.xlsx,BK-03095,gross_amount,NGN,37059000.0,client_billing_currency,1.0,,False,37059000.0
bookings_2025_H1.xlsx,BK-03096,gross_amount,NGN,8250000.0,currency_column,1.0,,False,8250000.0
bookings_2025_H1.xlsx,BK-03097,gross_amount,NGN,3713000.0,currency_column,1.0,,False,3713000.0
bookings_2025_H1.xlsx,BK-03098,gross_amount,NGN,14423000.0,client_billing_currency,1.0,,False,14423000.0
bookings_2025_H1.xlsx,BK-03099,gross_amount,NGN,3747000.0,currency_column,1.0,,False,3747000.0
bookings_2025_H1.xlsx,BK-03100,gross_amount,NGN,5800000.0,currency_column,1.0,,False,5800000.0
bookings_2025_H1.xlsx,BK-03101,gross_amount,NGN,3090000.0,amount_text,1.0,,False,3090000.0
bookings_2025_H1.xlsx,BK-03102,gross_amount,NGN,35260000.0,currency_column,1.0,,False,35260000.0
bookings_2025_H1.xlsx,BK-03103,gross_amount,NGN,1511000.0,amount_text,1.0,,False,1511000.0
bookings_2025_H1.xlsx,BK-03104,gross_amount,NGN,7363000.0,currency_column,1.0,,False,7363000.0
bookings_2025_H1.xlsx,BK-03105,gross_amount,NGN,17925000.0,currency_column,1.0,,False,17925000.0
bookings_2025_H1.xlsx,BK-03106,gross_amount,NGN,2941000.0,amount_text,1.0,,False,2941000.0
bookings_2025_H1.xlsx,BK-03107,gross_amount,NGN,3220000.0,amount_text,1.0,,False,3220000.0
bookings_2025_H1.xlsx,BK-03108,gross_amount,NGN,4010000.0,currency_column,1.0,,False,4010000.0
bookings_2025_H1.xlsx,BK-03109,gross_amount,NGN,858000.0,currency_column,1.0,,False,858000.0
bookings_2025_H1.xlsx,BK-03110,gross_amount,USD,9400.0,amount_text,4152.2626,2025-04-27,True,39031268.44
bookings_2025_H1.xlsx,BK-03111,gross_amount,GBP,1550.0,amount_text,4545.2585,2025-04-28,False,7045150.67
bookings_2025_H1.xlsx,BK-03112,gross_amount,NGN,856000.0,currency_column,1.0,,False,856000.0
bookings_2025_H1.xlsx,BK-03113,gross_amount,NGN,30197000.0,client_other_bookings_currency,1.0,,False,30197000.0
bookings_2025_H1.xlsx,BK-03114,gross_amount,NGN,1800000.0,currency_column,1.0,,False,1800000.0
bookings_2025_H1.xlsx,BK-03115,gross_amount,USD,1710.0,client_billing_currency,4165.17,2025-04-29,False,7122440.7
bookings_2025_H1.xlsx,BK-03116,gross_amount,NGN,14149000.0,currency_column,1.0,,False,14149000.0
bookings_2025_H1.xlsx,BK-03117,gross_amount,NGN,6700000.0,currency_column,1.0,,False,6700000.0
bookings_2025_H1.xlsx,BK-03118,gross_amount,NGN,965000.0,amount_text,1.0,,False,965000.0
bookings_2025_H1.xlsx,BK-03119,gross_amount,USD,7530.0,currency_column,4170.97,2025-04-30,False,31407404.1
bookings_2025_H1.xlsx,BK-03120,gross_amount,NGN,4585000.0,amount_text,1.0,,False,4585000.0
bookings_2025_H1.xlsx,BK-03121,gross_amount,USD,5910.0,currency_column,4170.97,2025-04-30,False,24650432.7
bookings_2025_H1.xlsx,BK-03122,gross_amount,NGN,4555000.0,currency_column,1.0,,False,4555000.0
bookings_2025_H1.xlsx,BK-03123,gross_amount,NGN,10386000.0,client_billing_currency,1.0,,False,10386000.0
bookings_2025_H1.xlsx,BK-03124,gross_amount,NGN,22362000.0,amount_text,1.0,,False,22362000.0
bookings_2025_H1.xlsx,BK-03125,gross_amount,NGN,7713000.0,currency_column,1.0,,False,7713000.0
bookings_2025_H1.xlsx,BK-03126,gross_amount,NGN,1644000.0,currency_column,1.0,,False,1644000.0
bookings_2025_H1.xlsx,BK-03127,gross_amount,NGN,11480000.0,amount_text,1.0,,False,11480000.0
bookings_2025_H1.xlsx,BK-03128,gross_amount,NGN,8282000.0,currency_column,1.0,,False,8282000.0
bookings_2025_H1.xlsx,BK-03129,gross_amount,NGN,1575000.0,amount_text,1.0,,False,1575000.0
bookings_2025_H1.xlsx,BK-03130,gross_amount,NGN,2961000.0,currency_column,1.0,,False,2961000.0
bookings_2025_H1.xlsx,BK-03131,gross_amount,USD,31880.0,amount_text,4233.7001,2025-05-03,True,134970359.19
bookings_2025_H1.xlsx,BK-03132,gross_amount,NGN,4679000.0,currency_column,1.0,,False,4679000.0
bookings_2025_H1.xlsx,BK-03133,gross_amount,NGN,5206000.0,currency_column,1.0,,False,5206000.0
bookings_2025_H1.xlsx,BK-03134,gross_amount,NGN,14798000.0,currency_column,1.0,,False,14798000.0
bookings_2025_H1.xlsx,BK-03135,gross_amount,NGN,2350000.0,amount_text,1.0,,False,2350000.0
bookings_2025_H1.xlsx,BK-03136,gross_amount,NGN,5441000.0,currency_column,1.0,,False,5441000.0
bookings_2025_H1.xlsx,BK-03137,gross_amount,NGN,4978000.0,currency_column,1.0,,False,4978000.0
bookings_2025_H1.xlsx,BK-03138,gross_amount,NGN,9835000.0,currency_column,1.0,,False,9835000.0
bookings_2025_H1.xlsx,BK-03139,gross_amount,GBP,8520.0,currency_column,4512.161,2025-05-07,False,38443611.72
bookings_2025_H1.xlsx,BK-03140,gross_amount,NGN,86406000.0,amount_text,1.0,,False,86406000.0
bookings_2025_H1.xlsx,BK-03141,gross_amount,NGN,2230000.0,currency_column,1.0,,False,2230000.0
bookings_2025_H1.xlsx,BK-03142,gross_amount,NGN,21708000.0,amount_text,1.0,,False,21708000.0
bookings_2025_H1.xlsx,BK-03143,gross_amount,NGN,11823000.0,client_billing_currency,1.0,,False,11823000.0
bookings_2025_H1.xlsx,BK-03144,gross_amount,USD,5760.0,amount_text,4291.73,2025-05-11,True,24720364.8
bookings_2025_H1.xlsx,BK-03145,gross_amount,USD,1560.0,amount_text,4291.73,2025-05-11,True,6695098.8
bookings_2025_H1.xlsx,BK-03146,gross_amount,NGN,43004000.0,currency_column,1.0,,False,43004000.0
bookings_2025_H1.xlsx,BK-03147,gross_amount,NGN,48070000.0,currency_column,1.0,,False,48070000.0
bookings_2025_H1.xlsx,BK-03148,gross_amount,NGN,28309000.0,currency_column,1.0,,False,28309000.0
bookings_2025_H1.xlsx,BK-03149,gross_amount,USD,19570.0,currency_column,4245.6071,2025-05-12,False,83086530.95
bookings_2025_H1.xlsx,BK-03150,gross_amount,USD,18120.0,currency_column,4245.6071,2025-05-12,False,76930400.65
bookings_2025_H1.xlsx,BK-03151,gross_amount,NGN,778000.0,currency_column,1.0,,False,778000.0
bookings_2025_H1.xlsx,BK-03152,gross_amount,NGN,14010000.0,amount_text,1.0,,False,14010000.0
bookings_2025_H1.xlsx,BK-03153,gross_amount,NGN,4460000.0,amount_text,1.0,,False,4460000.0
bookings_2025_H1.xlsx,BK-03154,gross_amount,NGN,3443000.0,currency_column,1.0,,False,3443000.0
bookings_2025_H1.xlsx,BK-03155,gross_amount,NGN,657000.0,currency_column,1.0,,False,657000.0
bookings_2025_H1.xlsx,BK-03156,gross_amount,USD,3580.0,currency_column,4267.9389,2025-05-14,False,15279221.26
bookings_2025_H1.xlsx,BK-03157,gross_amount,USD,5900.0,currency_column,4267.9389,2025-05-14,False,25180839.51
bookings_2025_H1.xlsx,BK-03158,gross_amount,USD,6130.0,currency_column,4299.2291,2025-05-15,False,26354274.38
bookings_2025_H1.xlsx,BK-03159,gross_amount,NGN,50822000.0,amount_text,1.0,,False,50822000.0
bookings_2025_H1.xlsx,BK-03160,gross_amount,USD,220.0,currency_column,4299.2291,2025-05-15,False,945830.4
bookings_2025_H1.xlsx,BK-03161,gross_amount,NGN,5800000.0,amount_text,1.0,,False,5800000.0
bookings_2025_H1.xlsx,BK-03162,gross_amount,NGN,2009000.0,amount_text,1.0,,False,2009000.0
bookings_2025_H1.xlsx,BK-03163,gross_amount,NGN,14972000.0,currency_column,1.0,,False,14972000.0
bookings_2025_H1.xlsx,BK-03164,gross_amount,NGN,15250000.0,amount_text,1.0,,False,15250000.0
bookings_2025_H1.xlsx,BK-03165,gross_amount,NGN,3866000.0,amount_text,1.0,,False,3866000.0
bookings_2025_H1.xlsx,BK-03166,gross_amount,NGN,13226000.0,amount_text,1.0,,False,13226000.0
bookings_2025_H1.xlsx,BK-03167,gross_amount,NGN,9561000.0,currency_column,1.0,,False,9561000.0
bookings_2025_H1.xlsx,BK-03168,gross_amount,NGN,5235000.0,amount_text,1.0,,False,5235000.0
bookings_2025_H1.xlsx,BK-03169,gross_amount,NGN,1088000.0,currency_column,1.0,,False,1088000.0
bookings_2025_H1.xlsx,BK-03170,gross_amount,NGN,15950000.0,currency_column,1.0,,False,15950000.0
bookings_2025_H1.xlsx,BK-03171,gross_amount,NGN,12883000.0,currency_column,1.0,,False,12883000.0
bookings_2025_H1.xlsx,BK-03172,gross_amount,NGN,18777000.0,amount_text,1.0,,False,18777000.0
bookings_2025_H1.xlsx,BK-03173,gross_amount,NGN,3900000.0,amount_text,1.0,,False,3900000.0
bookings_2025_H1.xlsx,BK-03174,gross_amount,NGN,21890000.0,currency_column,1.0,,False,21890000.0
bookings_2025_H1.xlsx,BK-03175,gross_amount,NGN,1305000.0,client_billing_currency,1.0,,False,1305000.0
bookings_2025_H1.xlsx,BK-03176,gross_amount,NGN,61555000.0,client_billing_currency,1.0,,False,61555000.0
bookings_2025_H1.xlsx,BK-03177,gross_amount,NGN,11106000.0,currency_column,1.0,,False,11106000.0
bookings_2025_H1.xlsx,BK-03178,gross_amount,USD,1310.0,amount_text,4360.31,2025-05-24,True,5712006.1
bookings_2025_H1.xlsx,BK-03179,gross_amount,NGN,1703000.0,currency_column,1.0,,False,1703000.0
bookings_2025_H1.xlsx,BK-03180,gross_amount,GBP,2550.0,currency_column,4512.82,2025-05-24,True,11507691.0
bookings_2025_H1.xlsx,BK-03181,gross_amount,GBP,11010.0,amount_text,4512.82,2025-05-25,True,49686148.2
bookings_2025_H1.xlsx,BK-03182,gross_amount,USD,2410.0,currency_column,4426.1388,2025-05-27,False,10666994.51
bookings_2025_H1.xlsx,BK-03183,gross_amount,NGN,3578000.0,currency_column,1.0,,False,3578000.0
bookings_2025_H1.xlsx,BK-03184,gross_amount,NGN,2914000.0,amount_text,1.0,,False,2914000.0
bookings_2025_H1.xlsx,BK-03185,gross_amount,NGN,7163000.0,client_billing_currency,1.0,,False,7163000.0
bookings_2025_H1.xlsx,BK-03186,gross_amount,NGN,870000.0,currency_column,1.0,,False,870000.0
bookings_2025_H1.xlsx,BK-03187,gross_amount,NGN,19942000.0,currency_column,1.0,,False,19942000.0
bookings_2025_H1.xlsx,BK-03188,gross_amount,NGN,597000.0,amount_text,1.0,,False,597000.0
bookings_2025_H1.xlsx,BK-03189,gross_amount,NGN,4598000.0,amount_text,1.0,,False,4598000.0
bookings_2025_H1.xlsx,BK-03190,gross_amount,NGN,8690000.0,amount_text,1.0,,False,8690000.0
bookings_2025_H1.xlsx,BK-03191,gross_amount,NGN,1299000.0,currency_column,1.0,,False,1299000.0
bookings_2025_H1.xlsx,BK-03192,gross_amount,USD,880.0,amount_text,4487.9589,2025-05-31,True,3949403.83
bookings_2025_H1.xlsx,BK-03193,gross_amount,NGN,23205000.0,currency_column,1.0,,False,23205000.0
bookings_2025_H1.xlsx,BK-03194,gross_amount,NGN,21729000.0,currency_column,1.0,,False,21729000.0
bookings_2025_H1.xlsx,BK-03195,gross_amount,NGN,11716000.0,currency_column,1.0,,False,11716000.0
bookings_2025_H1.xlsx,BK-03196,gross_amount,NGN,1303000.0,amount_text,1.0,,False,1303000.0
bookings_2025_H1.xlsx,BK-03197,gross_amount,NGN,3096000.0,currency_column,1.0,,False,3096000.0
bookings_2025_H1.xlsx,BK-03198,gross_amount,NGN,4290000.0,currency_column,1.0,,False,4290000.0
bookings_2025_H1.xlsx,BK-03199,gross_amount,NGN,2276000.0,amount_text,1.0,,False,2276000.0
bookings_2025_H1.xlsx,BK-03200,gross_amount,NGN,15735000.0,amount_text,1.0,,False,15735000.0
bookings_2025_H1.xlsx,BK-03201,gross_amount,NGN,1117000.0,amount_text,1.0,,False,1117000.0
bookings_2025_H1.xlsx,BK-03202,gross_amount,NGN,7828000.0,currency_column,1.0,,False,7828000.0
bookings_2025_H1.xlsx,BK-03203,gross_amount,GBP,3940.0,amount_text,4577.12,2025-06-03,False,18033852.8
bookings_2025_H1.xlsx,BK-03204,gross_amount,NGN,2114000.0,client_billing_currency,1.0,,False,2114000.0
bookings_2025_H1.xlsx,BK-03205,gross_amount,NGN,2749000.0,amount_text,1.0,,False,2749000.0
bookings_2025_H1.xlsx,BK-03206,gross_amount,NGN,3485000.0,currency_column,1.0,,False,3485000.0
bookings_2025_H1.xlsx,BK-03207,gross_amount,NGN,3738000.0,currency_column,1.0,,False,3738000.0
bookings_2025_H1.xlsx,BK-03208,gross_amount,NGN,4197000.0,currency_column,1.0,,False,4197000.0
bookings_2025_H1.xlsx,BK-03209,gross_amount,NGN,21664000.0,client_other_bookings_currency,1.0,,False,21664000.0
bookings_2025_H1.xlsx,BK-03210,gross_amount,NGN,4107000.0,amount_text,1.0,,False,4107000.0
bookings_2025_H1.xlsx,BK-03211,gross_amount,USD,3600.0,client_billing_currency,4558.1133,2025-06-08,True,16409207.88
bookings_2025_H1.xlsx,BK-03212,gross_amount,NGN,3015000.0,amount_text,1.0,,False,3015000.0
bookings_2025_H1.xlsx,BK-03213,gross_amount,NGN,26389000.0,currency_column,1.0,,False,26389000.0
bookings_2025_H1.xlsx,BK-03214,gross_amount,GBP,4160.0,currency_column,4575.9577,2025-06-08,True,19035984.03
bookings_2025_H1.xlsx,BK-03215,gross_amount,NGN,5645000.0,currency_column,1.0,,False,5645000.0
bookings_2025_H1.xlsx,BK-03216,gross_amount,NGN,6551000.0,currency_column,1.0,,False,6551000.0
bookings_2025_H1.xlsx,BK-03217,gross_amount,NGN,5120000.0,currency_column,1.0,,False,5120000.0
bookings_2025_H1.xlsx,BK-03218,gross_amount,NGN,5332000.0,amount_text,1.0,,False,5332000.0
bookings_2025_H1.xlsx,BK-03219,gross_amount,NGN,20943000.0,currency_column,1.0,,False,20943000.0
bookings_2025_H1.xlsx,BK-03220,gross_amount,NGN,8216000.0,amount_text,1.0,,False,8216000.0
bookings_2025_H1.xlsx,BK-03221,gross_amount,NGN,1548000.0,amount_text,1.0,,False,1548000.0
bookings_2025_H1.xlsx,BK-03222,gross_amount,NGN,24111000.0,client_billing_currency,1.0,,False,24111000.0
bookings_2025_H1.xlsx,BK-03223,gross_amount,USD,940.0,currency_column,4601.45,2025-06-13,True,4325363.0
bookings_2025_H1.xlsx,BK-03224,gross_amount,GBP,580.0,amount_text,4648.55,2025-06-16,False,2696159.0
bookings_2025_H1.xlsx,BK-03225,gross_amount,NGN,6394000.0,client_billing_currency,1.0,,False,6394000.0
bookings_2025_H1.xlsx,BK-03226,gross_amount,NGN,1343000.0,amount_text,1.0,,False,1343000.0
bookings_2025_H1.xlsx,BK-03227,gross_amount,NGN,7672000.0,currency_column,1.0,,False,7672000.0
bookings_2025_H1.xlsx,BK-03228,gross_amount,USD,12780.0,amount_text,4697.5427,2025-06-17,False,60034595.71
bookings_2025_H1.xlsx,BK-03229,gross_amount,USD,2190.0,amount_text,4697.5427,2025-06-17,False,10287618.51
bookings_2025_H1.xlsx,BK-03230,gross_amount,NGN,5065000.0,currency_column,1.0,,False,5065000.0
bookings_2025_H1.xlsx,BK-03231,gross_amount,NGN,824000.0,amount_text,1.0,,False,824000.0
bookings_2025_H1.xlsx,BK-03232,gross_amount,NGN,986000.0,amount_text,1.0,,False,986000.0
bookings_2025_H1.xlsx,BK-03233,gross_amount,NGN,1265000.0,currency_column,1.0,,False,1265000.0
bookings_2025_H1.xlsx,BK-03234,gross_amount,NGN,8754000.0,amount_text,1.0,,False,8754000.0
bookings_2025_H1.xlsx,BK-03235,gross_amount,USD,2560.0,currency_column,4690.0,2025-06-19,False,12006400.0
bookings_2025_H1.xlsx,BK-03236,gross_amount,NGN,9665000.0,amount_text,1.0,,False,9665000.0
bookings_2025_H1.xlsx,BK-03237,gross_amount,NGN,2514000.0,currency_column,1.0,,False,2514000.0
bookings_2025_H1.xlsx,BK-03238,gross_amount,NGN,10959000.0,currency_column,1.0,,False,10959000.0
bookings_2025_H1.xlsx,BK-03239,gross_amount,NGN,1560000.0,currency_column,1.0,,False,1560000.0
bookings_2025_H1.xlsx,BK-03240,gross_amount,NGN,33300000.0,client_billing_currency,1.0,,False,33300000.0
bookings_2025_H1.xlsx,BK-03241,gross_amount,NGN,1268000.0,currency_column,1.0,,False,1268000.0
bookings_2025_H1.xlsx,BK-03242,gross_amount,NGN,6551000.0,currency_column,1.0,,False,6551000.0
bookings_2025_H1.xlsx,BK-03243,gross_amount,NGN,18476000.0,amount_text,1.0,,False,18476000.0
bookings_2025_H1.xlsx,BK-03244,gross_amount,NGN,4857000.0,currency_column,1.0,,False,4857000.0
bookings_2025_H1.xlsx,BK-03245,gross_amount,NGN,7542000.0,amount_text,1.0,,False,7542000.0
bookings_2025_H1.xlsx,BK-03246,gross_amount,NGN,4385000.0,currency_column,1.0,,False,4385000.0
bookings_2025_H1.xlsx,BK-03247,gross_amount,USD,7400.0,currency_column,4748.0426,2025-06-23,False,35135515.24
bookings_2025_H1.xlsx,BK-03248,gross_amount,NGN,3001000.0,currency_column,1.0,,False,3001000.0
bookings_2025_H1.xlsx,BK-03249,gross_amount,NGN,2676000.0,currency_column,1.0,,False,2676000.0
bookings_2025_H1.xlsx,BK-03250,gross_amount,NGN,2000000.0,client_billing_currency,1.0,,False,2000000.0
bookings_2025_H1.xlsx,BK-03251,gross_amount,NGN,49482000.0,currency_column,1.0,,False,49482000.0
bookings_2025_H1.xlsx,BK-03252,gross_amount,NGN,7385000.0,currency_column,1.0,,False,7385000.0
bookings_2025_H1.xlsx,BK-03253,gross_amount,NGN,814000.0,amount_text,1.0,,False,814000.0
bookings_2025_H1.xlsx,BK-03254,gross_amount,NGN,20047000.0,amount_text,1.0,,False,20047000.0
bookings_2025_H1.xlsx,BK-03255,gross_amount,NGN,5012000.0,currency_column,1.0,,False,5012000.0
bookings_2025_H1.xlsx,BK-03256,gross_amount,NGN,1632000.0,currency_column,1.0,,False,1632000.0
bookings_2025_H1.xlsx,BK-03257,gross_amount,NGN,5106000.0,currency_column,1.0,,False,5106000.0
bookings_2025_H1.xlsx,BK-03258,gross_amount,NGN,14091000.0,client_billing_currency,1.0,,False,14091000.0
bookings_2025_H1.xlsx,BK-03259,gross_amount,NGN,4850000.0,currency_column,1.0,,False,4850000.0
bookings_2025_H1.xlsx,BK-03260,gross_amount,NGN,2847000.0,currency_column,1.0,,False,2847000.0
bookings_2025_H1.xlsx,BK-03261,gross_amount,NGN,8808000.0,currency_column,1.0,,False,8808000.0
