booking_code,service_name,status,is_cancelled,shoot_date,net_amount_ngn,labour_ngn,trusted_min_labour_ngn,crew_rows,work_days,margin_ngn,loss,genuine_loss,artefact_loss,no_timesheets
BK-01001,Event Coverage,Completed,False,2023-01-02,2542000.0,350000.0,350000.0,4,1.0,2192000.0,False,False,False,False
BK-01002,Photoshoot,Invoiced,False,2023-01-04,1152000.0,959500.0,923500.0,5,1.0,192500.0,False,False,False,False
BK-01003,Corporate Documentary,Completed,False,2023-01-04,7726000.0,1212000.0,1212000.0,8,1.0,6514000.0,False,False,False,False
BK-01004,Studio Rental,Postponed,False,2023-01-05,1386000.0,603500.0,603500.0,3,1.0,782500.0,False,False,False,False
BK-01005,Wedding Film,Completed,False,2023-01-05,4546868.3,4636000.0,4209500.0,39,5.0,-89131.70000000019,True,False,True,False
BK-01007,Commercial / TVC,Completed,False,2023-01-08,26978000.0,585500.0,284500.0,5,1.0,26392500.0,False,False,False,False
BK-01008,Commercial / TVC,Completed,False,2023-01-08,26238000.0,875500.0,821500.0,5,1.0,25362500.0,False,False,False,False
BK-01009,Event Coverage,Completed,False,2023-01-08,3764850.0,1250000.0,1176000.0,8,2.0,2514850.0,False,False,False,False
BK-01010,Commercial / TVC,In Production,False,2023-01-12,32598000.0,690500.0,620000.0,6,1.0,31907500.0,False,False,False,False
BK-01011,Studio Rental,Completed,False,2023-01-12,148200.0,721000.0,502000.0,6,1.0,-572800.0,True,True,False,False
BK-01012,Wedding Film,Postponed,False,2023-01-12,772350.95,1025500.0,697000.0,7,1.0,-253149.05000000005,True,False,True,False
BK-01013,Wedding Film,Completed,False,2023-01-17,5453000.0,1437000.0,1437000.0,8,1.0,4016000.0,False,False,False,False
BK-01015,Unknown,Postponed,False,2023-01-24,25056000.0,1014000.0,1014000.0,4,1.0,24042000.0,False,False,False,False
BK-01016,Wedding Film,Invoiced,False,2023-01-26,3550000.0,1470000.0,1429500.0,8,2.0,2080000.0,False,False,False,False
BK-01018,Studio Rental,Completed,False,2023-01-26,1165000.0,608500.0,454500.0,3,1.0,556500.0,False,False,False,False
BK-01019,Commercial / TVC,Completed,False,2023-01-26,5563813.77,531500.0,531500.0,4,1.0,5032313.77,False,False,False,False
BK-01020,Studio Rental,Completed,False,2023-01-29,1062500.0,1821000.0,1821000.0,8,1.0,-758500.0,True,True,False,False
BK-01021,Wedding Film,Completed,False,2023-01-30,8540000.0,2022500.0,1842000.0,16,2.0,6517500.0,False,False,False,False
BK-01022,Unknown,Completed,False,2023-01-30,4842000.0,820500.0,820500.0,6,2.0,4021500.0,False,False,False,False
BK-01023,Event Coverage,Completed,False,2023-01-31,2095000.0,1134000.0,573000.0,6,1.0,961000.0,False,False,False,False
BK-01024,Corporate Documentary,Invoiced,False,2023-02-02,3293475.3,1221500.0,1221500.0,7,1.0,2071975.2999999998,False,False,False,False
BK-01025,Wedding Film,Completed,False,2023-02-02,2882000.0,562500.0,562500.0,6,2.0,2319500.0,False,False,False,False
BK-01026,Corporate Documentary,Completed,False,2023-02-03,14251000.0,379500.0,379500.0,4,1.0,13871500.0,False,False,False,False
BK-01028,Unknown,Postponed,False,2023-02-04,407000.0,952500.0,952500.0,7,1.0,-545500.0,True,True,False,False
BK-01029,Studio Rental,Completed,False,2023-02-04,825000.0,1008500.0,1008500.0,6,1.0,-183500.0,True,True,False,False
BK-01030,Commercial / TVC,Completed,False,2023-02-04,6830000.0,677000.0,677000.0,3,1.0,6153000.0,False,False,False,False
BK-01031,Wedding Film,Completed,False,2023-02-05,3355000.0,400500.0,400500.0,3,1.0,2954500.0,False,False,False,False
BK-01032,Music Video,Postponed,False,2023-02-06,10037000.0,1491000.0,1491000.0,8,3.0,8546000.0,False,False,False,False
BK-01033,Corporate Documentary,Postponed,False,2023-02-07,13725000.0,1712500.0,1579000.0,12,2.0,12012500.0,False,False,False,False
BK-01034,Music Video,Completed,False,2023-02-07,11186000.0,610000.0,610000.0,5,1.0,10576000.0,False,False,False,False
BK-01035,Corporate Documentary,In Production,False,2023-02-07,7585000.0,1485000.0,1485000.0,10,2.0,6100000.0,False,False,False,False
BK-01037,Corporate Documentary,Invoiced,False,2023-02-09,10077000.0,1575500.0,1354500.0,12,1.0,8501500.0,False,False,False,False
BK-01038,Studio Rental,Completed,False,2023-02-09,169000.0,1798000.0,1439500.0,8,1.0,-1629000.0,True,True,False,False
BK-01039,Commercial / TVC,Completed,False,2023-02-10,45968000.0,636000.0,557000.0,4,1.0,45332000.0,False,False,False,False
BK-01041,Event Coverage,Completed,False,2023-02-11,1231488.63,833500.0,833500.0,5,1.0,397988.6299999999,False,False,False,False
BK-01044,Commercial / TVC,Completed,False,2023-02-14,4707592.18,1514000.0,1514000.0,10,2.0,3193592.1799999997,False,False,False,False
BK-01045,Photoshoot,Postponed,False,2023-02-15,2389000.0,2426000.0,2194000.0,15,3.0,-37000.0,True,False,True,False
BK-01046,Music Video,Invoiced,False,2023-02-16,3597000.0,659500.0,659500.0,5,1.0,2937500.0,False,False,False,False
BK-01047,Photoshoot,Completed,False,2023-02-17,3040000.0,494000.0,494000.0,4,1.0,2546000.0,False,False,False,False
BK-01048,Event Coverage,Completed,False,2023-02-19,1350000.0,474500.0,474500.0,3,1.0,875500.0,False,False,False,False
BK-01049,Music Video,Completed,False,2023-02-19,5189000.0,750000.0,750000.0,5,1.0,4439000.0,False,False,False,False
BK-01050,Studio Rental,Completed,False,2023-02-19,895000.0,430000.0,430000.0,5,1.0,465000.0,False,False,False,False
BK-01051,Wedding Film,Completed,False,2023-02-20,2177646.65,415000.0,415000.0,2,1.0,1762646.65,False,False,False,False
BK-01052,Photoshoot,Completed,False,2023-02-22,1486000.0,731000.0,731000.0,3,1.0,755000.0,False,False,False,False
BK-01053,Commercial / TVC,Completed,False,2023-02-22,46004000.0,2517500.0,2271500.0,16,3.0,43486500.0,False,False,False,False
BK-01055,Unknown,Completed,False,2023-02-25,1391000.0,1389500.0,1389500.0,8,1.0,1500.0,False,False,False,False
BK-01056,Photoshoot,Completed,False,2023-02-26,2986000.0,730500.0,531500.0,6,2.0,2255500.0,False,False,False,False
BK-01057,Music Video,Invoiced,False,2023-02-26,4502000.0,675500.0,675500.0,5,2.0,3826500.0,False,False,False,False
BK-01058,Wedding Film,Completed,False,2023-02-26,5177000.0,560000.0,497000.0,4,1.0,4617000.0,False,False,False,False
BK-01059,Music Video,Postponed,False,2023-02-26,17446000.0,1127500.0,992000.0,5,1.0,16318500.0,False,False,False,False
BK-01061,Event Coverage,Completed,False,2023-02-27,883000.0,1030500.0,831500.0,4,1.0,-147500.0,True,False,True,False
BK-01062,Wedding Film,Completed,False,2023-02-27,4630000.0,1191000.0,1191000.0,9,3.0,3439000.0,False,False,False,False
BK-01063,Event Coverage,Completed,False,2023-02-27,3131000.0,421500.0,421500.0,6,1.0,2709500.0,False,False,False,False
BK-01064,Studio Rental,Invoiced,False,2023-03-01,287000.0,1369000.0,1066500.0,6,2.0,-1082000.0,True,True,False,False
BK-01065,Studio Rental,Completed,False,2023-03-01,977000.0,710000.0,593000.0,6,1.0,267000.0,False,False,False,False
BK-01066,Photoshoot,Completed,False,2023-03-01,2800000.0,909000.0,909000.0,5,1.0,1891000.0,False,False,False,False
BK-01067,Short Film,Completed,False,2023-03-02,17827000.0,1571500.0,1571500.0,5,1.0,16255500.0,False,False,False,False
BK-01068,Photoshoot,Unknown,False,2023-03-02,958971.23,282500.0,282500.0,3,1.0,676471.23,False,False,False,False
BK-01069,Music Video,Completed,False,2023-03-02,3990000.0,808000.0,698000.0,6,1.0,3182000.0,False,False,False,False
BK-01070,Photoshoot,Completed,False,2023-03-02,5634000.0,783500.0,783500.0,12,4.0,4850500.0,False,False,False,False
BK-01071,Wedding Film,Postponed,False,2023-03-03,4077000.0,1162500.0,1162500.0,8,1.0,2914500.0,False,False,False,False
BK-01072,Event Coverage,Completed,False,2023-03-03,1179900.0,364500.0,364500.0,4,1.0,815400.0,False,False,False,False
BK-01073,Photoshoot,Completed,False,2023-03-03,1887000.0,1029000.0,1029000.0,5,1.0,858000.0,False,False,False,False
BK-01074,Corporate Documentary,Postponed,False,2023-03-04,19140000.0,4183500.0,3847500.0,23,3.0,14956500.0,False,False,False,False
BK-01075,Wedding Film,In Production,False,2023-03-06,2757000.0,525000.0,525000.0,3,1.0,2232000.0,False,False,False,False
BK-01076,Event Coverage,Completed,False,2023-03-07,3303000.0,385000.0,385000.0,3,1.0,2918000.0,False,False,False,False
BK-01077,Music Video,Postponed,False,2023-03-09,12390000.0,970500.0,970500.0,12,2.0,11419500.0,False,False,False,False
BK-01078,Commercial / TVC,Completed,False,2023-03-09,12130000.0,278000.0,278000.0,2,1.0,11852000.0,False,False,False,False
BK-01079,Wedding Film,Postponed,False,2023-03-10,5987000.0,614500.0,614500.0,3,1.0,5372500.0,False,False,False,False
BK-01080,Wedding Film,Invoiced,False,2023-03-10,2685000.0,1283000.0,1283000.0,5,1.0,1402000.0,False,False,False,False
BK-01081,Photoshoot,Unknown,False,2023-03-11,1363847.6,1716500.0,1511500.0,10,2.0,-352652.3999999999,True,True,False,False
BK-01082,Event Coverage,Invoiced,False,2023-03-12,3538000.0,768000.0,496000.0,3,1.0,2770000.0,False,False,False,False
BK-01084,Photoshoot,Completed,False,2023-03-12,3223000.0,1320500.0,1185000.0,5,1.0,1902500.0,False,False,False,False
BK-01085,Event Coverage,Completed,False,2023-03-13,560448.02,1733500.0,1599000.0,8,1.0,-1173051.98,True,True,False,False
BK-01086,Wedding Film,Invoiced,False,2023-03-14,2252000.0,806500.0,637000.0,4,1.0,1445500.0,False,False,False,False
BK-01087,Photoshoot,Completed,False,2023-03-15,824000.0,947000.0,947000.0,6,1.0,-123000.0,True,True,False,False
BK-01088,Commercial / TVC,Completed,False,2023-03-15,4009038.71,1639000.0,1639000.0,10,2.0,2370038.71,False,False,False,False
BK-01089,Commercial / TVC,Completed,False,2023-03-16,37866000.0,2383000.0,2383000.0,12,1.0,35483000.0,False,False,False,False
BK-01090,Event Coverage,Completed,False,2023-03-17,2056000.0,448500.0,448500.0,3,1.0,1607500.0,False,False,False,False
BK-01091,Unknown,Completed,False,2023-03-17,6405000.0,545000.0,467000.0,4,1.0,5860000.0,False,False,False,False
BK-01092,Wedding Film,Completed,False,2023-03-18,7584000.0,977000.0,977000.0,8,2.0,6607000.0,False,False,False,False
BK-01093,Event Coverage,Postponed,False,2023-03-18,3817000.0,422500.0,422500.0,3,1.0,3394500.0,False,False,False,False
BK-01094,Unknown,Invoiced,False,2023-03-18,4791000.0,834500.0,834500.0,4,1.0,3956500.0,False,False,False,False
BK-01095,Studio Rental,Completed,False,2023-03-20,592000.0,277000.0,277000.0,4,1.0,315000.0,False,False,False,False
BK-01096,Photoshoot,In Production,False,2023-03-21,782000.0,481500.0,481500.0,3,1.0,300500.0,False,False,False,False
BK-01097,Wedding Film,In Production,False,2023-03-21,6345000.0,603000.0,603000.0,5,1.0,5742000.0,False,False,False,False
BK-01098,Commercial / TVC,Postponed,False,2023-03-22,13237000.0,316000.0,316000.0,3,1.0,12921000.0,False,False,False,False
BK-01099,Wedding Film,In Production,False,2023-03-22,2242000.0,449500.0,449500.0,2,1.0,1792500.0,False,False,False,False
BK-01100,Commercial / TVC,Invoiced,False,2023-03-24,7075000.0,1536000.0,1536000.0,8,1.0,5539000.0,False,False,False,False
BK-01101,Wedding Film,Completed,False,2023-03-25,3944000.0,4335000.0,3028500.0,24,2.0,-391000.0,True,False,True,False
BK-01102,Wedding Film,Invoiced,False,2023-03-25,2790000.0,453000.0,453000.0,4,1.0,2337000.0,False,False,False,False
BK-01103,Wedding Film,Completed,False,2023-03-25,2754050.0,1008000.0,433500.0,3,1.0,1746050.0,False,False,False,False
BK-01104,Event Coverage,Completed,False,2023-03-25,3860000.0,433000.0,433000.0,4,1.0,3427000.0,False,False,False,False
BK-01105,Unknown,In Production,False,2023-03-25,3485000.0,994500.0,641500.0,8,2.0,2490500.0,False,False,False,False
BK-01106,Unknown,Completed,False,2023-03-25,2419000.0,273000.0,231000.0,4,1.0,2146000.0,False,False,False,False
BK-01107,Photoshoot,Completed,False,2023-03-25,2405000.0,747000.0,588000.0,6,2.0,1658000.0,False,False,False,False
BK-01108,Corporate Documentary,Invoiced,False,2023-03-25,1045116.82,418500.0,297500.0,4,1.0,626616.82,False,False,False,False
BK-01109,Wedding Film,Completed,False,2023-03-25,3080000.0,440000.0,334000.0,3,1.0,2640000.0,False,False,False,False
BK-01110,Studio Rental,Completed,False,2023-03-26,1195000.0,538500.0,241000.0,4,1.0,656500.0,False,False,False,False
BK-01111,Short Film,Completed,False,2023-03-26,9109000.0,377000.0,45000.0,4,1.0,8732000.0,False,False,False,False
BK-01112,Wedding Film,Unknown,False,2023-03-26,5580000.0,430500.0,309500.0,3,1.0,5149500.0,False,False,False,False
BK-01113,Music Video,Completed,False,2023-03-26,6190000.0,392000.0,273000.0,3,1.0,5798000.0,False,False,False,False
BK-01114,Commercial / TVC,Completed,False,2023-03-27,32372000.0,49000.0,49000.0,1,1.0,32323000.0,False,False,False,False
BK-01115,Wedding Film,Completed,False,2023-03-29,2341000.0,487000.0,487000.0,2,1.0,1854000.0,False,False,False,False
BK-01116,Unknown,Completed,False,2023-03-29,15838400.0,659000.0,659000.0,5,1.0,15179400.0,False,False,False,False
BK-01117,Studio Rental,Postponed,False,2023-03-30,1293000.0,538000.0,468000.0,3,1.0,755000.0,False,False,False,False
BK-01118,Event Coverage,In Production,False,2023-03-31,2856000.0,1470000.0,1470000.0,8,2.0,1386000.0,False,False,False,False
BK-01119,Studio Rental,Completed,False,2023-03-31,653000.0,407000.0,300000.0,3,1.0,246000.0,False,False,False,False
BK-01120,Photoshoot,Unknown,False,2023-03-31,1766000.0,473000.0,335500.0,4,1.0,1293000.0,False,False,False,False
BK-01121,Photoshoot,Completed,False,2023-04-01,3343000.0,301000.0,301000.0,3,1.0,3042000.0,False,False,False,False
BK-01123,Music Video,In Production,False,2023-04-01,8757000.0,991500.0,991500.0,5,1.0,7765500.0,False,False,False,False
BK-01125,Event Coverage,Completed,False,2023-04-02,3536000.0,552000.0,142000.0,5,1.0,2984000.0,False,False,False,False
BK-01127,Wedding Film,Invoiced,False,2023-04-02,10390000.0,3244000.0,2514000.0,12,4.0,7146000.0,False,False,False,False
BK-01128,Corporate Documentary,Completed,False,2023-04-02,12317000.0,2496500.0,1624000.0,12,1.0,9820500.0,False,False,False,False
BK-01129,Music Video,Completed,False,2023-04-02,24682000.0,3378000.0,1948500.0,23,2.0,21304000.0,False,False,False,False
BK-01130,Wedding Film,In Production,False,2023-04-02,7190000.0,2178500.0,1626000.0,14,3.0,5011500.0,False,False,False,False
BK-01131,Commercial / TVC,Unknown,False,2023-04-02,44872000.0,1165000.0,512000.0,7,1.0,43707000.0,False,False,False,False
BK-01132,Wedding Film,Completed,False,2023-04-02,3756000.0,442000.0,442000.0,4,1.0,3314000.0,False,False,False,False
BK-01133,Photoshoot,Postponed,False,2023-04-03,1083746.39,296000.0,23500.0,3,1.0,787746.3899999999,False,False,False,False
BK-01134,Studio Rental,Completed,False,2023-04-03,1221000.0,1057000.0,561000.0,8,1.0,164000.0,False,False,False,False
BK-01135,Unknown,Completed,False,2023-04-03,1355000.0,1927500.0,1850500.0,8,1.0,-572500.0,True,True,False,False
BK-01136,Unknown,Completed,False,2023-04-03,608180.4,2244000.0,2140000.0,10,2.0,-1635819.6,True,True,False,False
BK-01137,Photoshoot,Completed,False,2023-04-04,3659000.0,1120000.0,1027500.0,8,4.0,2539000.0,False,False,False,False
BK-01138,Commercial / TVC,Completed,False,2023-04-04,28063000.0,625000.0,441000.0,4,1.0,27438000.0,False,False,False,False
BK-01139,Music Video,Completed,False,2023-04-04,33884000.0,3279000.0,2674000.0,20,4.0,30605000.0,False,False,False,False
BK-01140,Event Coverage,Completed,False,2023-04-05,2177400.0,787500.0,787500.0,2,1.0,1389900.0,False,False,False,False
BK-01143,Wedding Film,In Production,False,2023-04-06,1741500.0,596000.0,596000.0,4,1.0,1145500.0,False,False,False,False
BK-01144,Wedding Film,Completed,False,2023-04-06,6280000.0,1106000.0,876500.0,12,3.0,5174000.0,False,False,False,False
BK-01146,Music Video,Completed,False,2023-04-07,3914866.4,2256000.0,2168000.0,16,2.0,1658866.4,False,False,False,False
BK-01147,Corporate Documentary,Completed,False,2023-04-07,17154000.0,2244500.0,1354000.0,7,2.0,14909500.0,False,False,False,False
BK-01148,Event Coverage,Invoiced,False,2023-04-07,6638000.0,2408000.0,2408000.0,12,3.0,4230000.0,False,False,False,False
BK-01149,Event Coverage,Completed,False,2023-04-08,2798100.0,1045000.0,601500.0,6,1.0,1753100.0,False,False,False,False
BK-01150,Unknown,In Production,False,2023-04-08,1104000.0,1160500.0,1160500.0,8,1.0,-56500.0,True,True,False,False
BK-01151,Unknown,Completed,False,2023-04-08,1298000.0,1379500.0,1379500.0,5,1.0,-81500.0,True,True,False,False
BK-01152,Music Video,Completed,False,2023-04-08,14227000.0,660500.0,647000.0,3,1.0,13566500.0,False,False,False,False
BK-01154,Music Video,Completed,False,2023-04-08,17289000.0,454500.0,216000.0,3,1.0,16834500.0,False,False,False,False
BK-01155,Music Video,Completed,False,2023-04-09,15685000.0,1834000.0,1834000.0,12,1.0,13851000.0,False,False,False,False
BK-01156,Photoshoot,In Production,False,2023-04-09,2618000.0,738000.0,738000.0,3,1.0,1880000.0,False,False,False,False
BK-01157,Wedding Film,Completed,False,2023-04-09,7815000.0,783000.0,730000.0,7,2.0,7032000.0,False,False,False,False
BK-01158,Unknown,Completed,False,2023-04-09,3344000.0,793000.0,736000.0,6,1.0,2551000.0,False,False,False,False
BK-01161,Commercial / TVC,Completed,False,2023-04-10,89520000.0,7958000.0,7706500.0,38,5.0,81562000.0,False,False,False,False
BK-01162,Event Coverage,Completed,False,2023-04-12,1031955.0,372500.0,372500.0,3,1.0,659455.0,False,False,False,False
BK-01163,Commercial / TVC,Invoiced,False,2023-04-12,34366000.0,715500.0,715500.0,3,1.0,33650500.0,False,False,False,False
BK-01164,Event Coverage,Completed,False,2023-04-12,2734000.0,961000.0,961000.0,5,1.0,1773000.0,False,False,False,False
BK-01165,Wedding Film,Invoiced,False,2023-04-13,10516000.0,1942500.0,1699000.0,12,3.0,8573500.0,False,False,False,False
BK-01166,Music Video,Completed,False,2023-04-13,2784000.0,649000.0,649000.0,4,1.0,2135000.0,False,False,False,False
BK-01167,Corporate Documentary,In Production,False,2023-04-13,15439000.0,1451500.0,1165500.0,10,2.0,13987500.0,False,False,False,False
BK-01168,Studio Rental,Completed,False,2023-04-14,193089.06,364000.0,287000.0,3,1.0,-170910.94,True,True,False,False
BK-01169,Photoshoot,Completed,False,2023-04-14,1400000.0,631500.0,477500.0,4,1.0,768500.0,False,False,False,False
BK-01170,Event Coverage,Completed,False,2023-04-14,3525000.0,2450500.0,2021500.0,12,2.0,1074500.0,False,False,False,False
BK-01171,Commercial / TVC,Invoiced,False,2023-04-15,77369000.0,1212000.0,884000.0,10,3.0,76157000.0,False,False,False,False
BK-01172,Studio Rental,Completed,False,2023-04-15,3031000.0,4681000.0,4514000.0,29,5.0,-1650000.0,True,True,False,False
BK-01173,Music Video,Completed,False,2023-04-15,10818000.0,483500.0,483500.0,3,1.0,10334500.0,False,False,False,False
BK-01174,Music Video,Completed,False,2023-04-17,3102300.0,854500.0,670500.0,5,1.0,2247800.0,False,False,False,False
BK-01175,Photoshoot,Completed,False,2023-04-17,913000.0,432000.0,432000.0,2,1.0,481000.0,False,False,False,False
BK-01176,Unknown,Completed,False,2023-04-17,11275000.0,2595000.0,2595000.0,16,2.0,8680000.0,False,False,False,False
BK-01177,Event Coverage,Completed,False,2023-04-17,2232000.0,484500.0,484500.0,3,1.0,1747500.0,False,False,False,False
BK-01178,Event Coverage,Completed,False,2023-04-19,806186.22,621500.0,621500.0,4,1.0,184686.21999999997,False,False,False,False
BK-01179,Wedding Film,Completed,False,2023-04-19,9802000.0,3507000.0,2949000.0,22,3.0,6295000.0,False,False,False,False
BK-01180,Event Coverage,Completed,False,2023-04-19,1800000.0,1334500.0,1321000.0,8,1.0,465500.0,False,False,False,False
BK-01181,Unknown,Completed,False,2023-04-20,2750000.0,612500.0,612500.0,3,1.0,2137500.0,False,False,False,False
BK-01183,Wedding Film,Completed,False,2023-04-21,4042000.0,567000.0,396000.0,6,2.0,3475000.0,False,False,False,False
BK-01185,Short Film,Completed,False,2023-04-21,21414000.0,1411000.0,1121500.0,12,1.0,20003000.0,False,False,False,False
BK-01186,Music Video,Completed,False,2023-04-21,4366000.0,694000.0,607000.0,6,1.0,3672000.0,False,False,False,False
BK-01187,Photoshoot,Postponed,False,2023-04-22,1466000.0,932000.0,532000.0,6,1.0,534000.0,False,False,False,False
BK-01188,Event Coverage,Completed,False,2023-04-22,4163000.0,5682500.0,5110000.0,36,3.0,-1519500.0,True,True,False,False
BK-01189,Photoshoot,Completed,False,2023-04-22,840000.0,1149000.0,867000.0,5,1.0,-309000.0,True,True,False,False
BK-01190,Short Film,In Production,False,2023-04-23,2351447.98,760500.0,760500.0,5,1.0,1590947.98,False,False,False,False
BK-01191,Wedding Film,Completed,False,2023-04-23,6674000.0,1644000.0,1378500.0,19,4.0,5030000.0,False,False,False,False
BK-01192,Wedding Film,Postponed,False,2023-04-23,6317000.0,1979500.0,1739000.0,10,2.0,4337500.0,False,False,False,False
BK-01193,Unknown,Completed,False,2023-04-23,11622000.0,252000.0,252000.0,2,1.0,11370000.0,False,False,False,False
BK-01194,Wedding Film,Postponed,False,2023-04-24,3040000.0,472000.0,257500.0,3,1.0,2568000.0,False,False,False,False
BK-01195,Studio Rental,Postponed,False,2023-04-24,284000.0,267000.0,198500.0,2,1.0,17000.0,False,False,False,False
BK-01196,Photoshoot,Postponed,False,2023-04-25,3142000.0,551000.0,471500.0,5,1.0,2591000.0,False,False,False,False
BK-01197,Music Video,Completed,False,2023-04-25,6923000.0,573500.0,573500.0,4,1.0,6349500.0,False,False,False,False
BK-01198,Wedding Film,Completed,False,2023-04-26,2255000.0,694000.0,694000.0,5,1.0,1561000.0,False,False,False,False
BK-01199,Event Coverage,Completed,False,2023-04-26,3154000.0,685500.0,479000.0,5,1.0,2468500.0,False,False,False,False
BK-01200,Corporate Documentary,Completed,False,2023-04-26,9311000.0,220000.0,220000.0,2,1.0,9091000.0,False,False,False,False
BK-01203,Music Video,Completed,False,2023-04-28,10591550.0,1412000.0,1320500.0,8,2.0,9179550.0,False,False,False,False
BK-01204,Photoshoot,Completed,False,2023-04-28,1170144.89,2641500.0,2261500.0,10,2.0,-1471355.11,True,True,False,False
BK-01205,Music Video,Completed,False,2023-04-28,3848000.0,754500.0,754500.0,4,1.0,3093500.0,False,False,False,False
BK-01206,Event Coverage,In Production,False,2023-04-28,2494800.0,889000.0,828000.0,5,1.0,1605800.0,False,False,False,False
BK-01207,Event Coverage,In Production,False,2023-04-29,1640000.0,1022000.0,667000.0,6,2.0,618000.0,False,False,False,False
BK-01208,Event Coverage,Completed,False,2023-04-29,4693000.0,576000.0,261000.0,4,1.0,4117000.0,False,False,False,False
BK-01209,Studio Rental,Postponed,False,2023-04-29,462000.0,259000.0,174500.0,3,1.0,203000.0,False,False,False,False
BK-01210,Music Video,Completed,False,2023-04-29,17070550.0,944000.0,944000.0,4,1.0,16126550.0,False,False,False,False
BK-01211,Wedding Film,In Production,False,2023-04-29,6223000.0,536500.0,359000.0,3,1.0,5686500.0,False,False,False,False
BK-01212,Music Video,Invoiced,False,2023-04-29,4200121.86,312000.0,312000.0,3,1.0,3888121.8600000003,False,False,False,False
BK-01213,Event Coverage,Completed,False,2023-04-30,4677000.0,316000.0,316000.0,2,1.0,4361000.0,False,False,False,False
BK-01214,Music Video,Completed,False,2023-04-30,8237000.0,492000.0,492000.0,3,1.0,7745000.0,False,False,False,False
BK-01215,Studio Rental,Completed,False,2023-04-30,416000.0,335500.0,335500.0,2,1.0,80500.0,False,False,False,False
BK-01216,Commercial / TVC,Completed,False,2023-04-30,32813000.0,404000.0,404000.0,2,1.0,32409000.0,False,False,False,False
BK-01217,Wedding Film,Completed,False,2023-05-01,2543400.0,399000.0,399000.0,3,1.0,2144400.0,False,False,False,False
BK-01218,Corporate Documentary,Completed,False,2023-05-01,3748619.22,1155000.0,1155000.0,8,1.0,2593619.22,False,False,False,False
BK-01219,Event Coverage,Completed,False,2023-05-02,3088000.0,941000.0,941000.0,6,1.0,2147000.0,False,False,False,False
BK-01220,Photoshoot,In Production,False,2023-05-02,644858.93,601000.0,601000.0,4,1.0,43858.93000000005,False,False,False,False
BK-01221,Music Video,Completed,False,2023-05-03,9785200.0,1744500.0,1744500.0,8,2.0,8040700.0,False,False,False,False
BK-01222,Studio Rental,Postponed,False,2023-05-04,1070000.0,625000.0,625000.0,3,1.0,445000.0,False,False,False,False
BK-01223,Music Video,Completed,False,2023-05-04,8346000.0,1333500.0,974000.0,8,1.0,7012500.0,False,False,False,False
BK-01224,Music Video,Invoiced,False,2023-05-04,14614000.0,1319500.0,1077000.0,10,2.0,13294500.0,False,False,False,False
BK-01225,Wedding Film,Completed,False,2023-05-05,1458684.38,1561000.0,1561000.0,8,1.0,-102315.62000000011,True,True,False,False
BK-01226,Event Coverage,In Production,False,2023-05-05,1229000.0,456000.0,456000.0,3,1.0,773000.0,False,False,False,False
BK-01227,Studio Rental,Completed,False,2023-05-05,1267000.0,1461000.0,1461000.0,7,1.0,-194000.0,True,True,False,False
BK-01228,Photoshoot,Postponed,False,2023-05-06,2725000.0,2292000.0,1943500.0,12,1.0,433000.0,False,False,False,False
BK-01229,Studio Rental,Completed,False,2023-05-06,771000.0,1069000.0,1048000.0,8,2.0,-298000.0,True,True,False,False
BK-01230,Corporate Documentary,Completed,False,2023-05-06,9660000.0,998500.0,873500.0,7,1.0,8661500.0,False,False,False,False
BK-01231,Commercial / TVC,Postponed,False,2023-05-07,15474738.64,896000.0,896000.0,8,1.0,14578738.64,False,False,False,False
BK-01232,Event Coverage,Completed,False,2023-05-08,889000.0,1106000.0,1106000.0,6,1.0,-217000.0,True,True,False,False
BK-01233,Music Video,Completed,False,2023-05-10,5568281.07,300000.0,300000.0,3,1.0,5268281.07,False,False,False,False
BK-01234,Music Video,Completed,False,2023-05-10,6669000.0,685000.0,189000.0,4,1.0,5984000.0,False,False,False,False
BK-01235,Music Video,Invoiced,False,2023-05-10,12092000.0,912000.0,247500.0,3,1.0,11180000.0,False,False,False,False
BK-01236,Corporate Documentary,Completed,False,2023-05-10,14177000.0,1364500.0,1364500.0,10,2.0,12812500.0,False,False,False,False
BK-01237,Wedding Film,In Production,False,2023-05-11,2303000.0,291000.0,291000.0,2,1.0,2012000.0,False,False,False,False
BK-01238,Photoshoot,Postponed,False,2023-05-13,1703860.73,1114000.0,1114000.0,8,2.0,589860.73,False,False,False,False
BK-01239,Wedding Film,Completed,False,2023-05-13,10206800.0,2224500.0,1943500.0,12,3.0,7982300.0,False,False,False,False
BK-01240,Photoshoot,Completed,False,2023-05-13,607670.61,1080500.0,1080500.0,8,2.0,-472829.39,True,True,False,False
BK-01241,Studio Rental,Completed,False,2023-05-14,1149000.0,925000.0,925000.0,4,1.0,224000.0,False,False,False,False
BK-01242,Music Video,In Production,False,2023-05-15,16864000.0,1192000.0,777000.0,8,2.0,15672000.0,False,False,False,False
BK-01243,Photoshoot,Completed,False,2023-05-16,1026648.0,1148500.0,1057000.0,8,1.0,-121852.0,True,True,False,False
BK-01244,Music Video,Completed,False,2023-05-16,14407000.0,725500.0,725500.0,5,1.0,13681500.0,False,False,False,False
BK-01245,Commercial / TVC,Completed,False,2023-05-17,10586800.0,707500.0,707500.0,3,1.0,9879300.0,False,False,False,False
BK-01246,Photoshoot,Completed,False,2023-05-18,952000.0,546000.0,514000.0,6,2.0,406000.0,False,False,False,False
BK-01247,Music Video,In Production,False,2023-05-18,9339450.0,1651500.0,1651500.0,12,1.0,7687950.0,False,False,False,False
BK-01248,Music Video,Completed,False,2023-05-18,13950000.0,81000.0,49000.0,2,1.0,13869000.0,False,False,False,False
BK-01249,Event Coverage,Postponed,False,2023-05-18,3206000.0,857500.0,857500.0,6,1.0,2348500.0,False,False,False,False
BK-01250,Commercial / TVC,In Production,False,2023-05-19,33300000.0,749000.0,749000.0,4,1.0,32551000.0,False,False,False,False
BK-01252,Studio Rental,Completed,False,2023-05-20,1300000.0,363500.0,363500.0,3,1.0,936500.0,False,False,False,False
BK-01253,Photoshoot,Unknown,False,2023-05-20,526288.0,1446000.0,1446000.0,8,1.0,-919712.0,True,True,False,False
BK-01254,Music Video,Completed,False,2023-05-20,5065522.0,1079500.0,1012500.0,4,1.0,3986022.0,False,False,False,False
BK-01255,Wedding Film,Completed,False,2023-05-20,4017000.0,690000.0,632500.0,6,2.0,3327000.0,False,False,False,False
BK-01257,Wedding Film,Completed,False,2023-05-21,4503000.0,903500.0,903500.0,6,1.0,3599500.0,False,False,False,False
BK-01258,Photoshoot,Completed,False,2023-05-21,2127600.0,806500.0,806500.0,5,2.0,1321100.0,False,False,False,False
BK-01259,Photoshoot,Completed,False,2023-05-21,1341000.0,578500.0,427500.0,5,1.0,762500.0,False,False,False,False
BK-01260,Studio Rental,In Production,False,2023-05-23,810000.0,1366500.0,1126000.0,8,1.0,-556500.0,True,True,False,False
BK-01261,Corporate Documentary,Invoiced,False,2023-05-23,2448613.06,828000.0,604500.0,3,1.0,1620613.06,False,False,False,False
BK-01262,Photoshoot,Completed,False,2023-05-23,1815450.0,377500.0,167500.0,4,1.0,1437950.0,False,False,False,False
BK-01263,Commercial / TVC,Completed,False,2023-05-24,14718711.12,738000.0,738000.0,5,1.0,13980711.12,False,False,False,False
BK-01264,Short Film,Completed,False,2023-05-24,8878000.0,328000.0,328000.0,3,1.0,8550000.0,False,False,False,False
BK-01265,Wedding Film,Completed,False,2023-05-24,4844000.0,874000.0,755500.0,5,1.0,3970000.0,False,False,False,False
BK-01266,Photoshoot,Completed,False,2023-05-25,4469000.0,4281000.0,3789000.0,25,5.0,188000.0,False,False,False,False
BK-01267,Music Video,Completed,False,2023-05-25,9621000.0,799000.0,701000.0,6,1.0,8822000.0,False,False,False,False
BK-01268,Wedding Film,Postponed,False,2023-05-25,3192367.2,1343000.0,1284500.0,9,2.0,1849367.2000000002,False,False,False,False
BK-01269,Wedding Film,Completed,False,2023-05-27,4579000.0,862000.0,532000.0,4,1.0,3717000.0,False,False,False,False
BK-01270,Photoshoot,Completed,False,2023-05-28,938000.0,1216500.0,1159500.0,6,1.0,-278500.0,True,True,False,False
BK-01271,Studio Rental,Completed,False,2023-05-28,1477000.0,210500.0,147000.0,3,1.0,1266500.0,False,False,False,False
BK-01272,Studio Rental,Completed,False,2023-05-28,242000.0,1247000.0,1093500.0,15,2.0,-1005000.0,True,True,False,False
BK-01273,Unknown,Completed,False,2023-05-28,8841000.0,517000.0,353000.0,5,1.0,8324000.0,False,False,False,False
BK-01274,Unknown,In Production,False,2023-05-28,5099000.0,1086500.0,819000.0,5,1.0,4012500.0,False,False,False,False
BK-01275,Commercial / TVC,Invoiced,False,2023-05-28,26543000.0,699000.0,651000.0,4,1.0,25844000.0,False,False,False,False
BK-01276,Music Video,Completed,False,2023-05-30,12712000.0,432000.0,432000.0,3,1.0,12280000.0,False,False,False,False
BK-01277,Music Video,Completed,False,2023-05-30,17288000.0,2437500.0,2437500.0,15,2.0,14850500.0,False,False,False,False
BK-01278,Studio Rental,Invoiced,False,2023-05-30,344000.0,331500.0,331500.0,2,1.0,12500.0,False,False,False,False
BK-01279,Studio Rental,Completed,False,2023-05-31,209254.4,922000.0,524000.0,6,2.0,-712745.6,True,True,False,False
BK-01280,Event Coverage,In Production,False,2023-05-31,4098000.0,436500.0,303000.0,2,1.0,3661500.0,False,False,False,False
BK-01281,Music Video,Completed,False,2023-05-31,21502000.0,1077500.0,580000.0,8,2.0,20424500.0,False,False,False,False
BK-01282,Commercial / TVC,Completed,False,2023-06-02,24866000.0,1599500.0,1599500.0,8,2.0,23266500.0,False,False,False,False
BK-01284,Photoshoot,Completed,False,2023-06-04,3197000.0,626500.0,457000.0,5,1.0,2570500.0,False,False,False,False
BK-01285,Wedding Film,Completed,False,2023-06-04,2633044.32,611500.0,435500.0,4,1.0,2021544.3199999998,False,False,False,False
BK-01286,Photoshoot,Unknown,False,2023-06-04,978500.0,978000.0,626000.0,8,2.0,500.0,False,False,False,False
BK-01287,Music Video,Unknown,False,2023-06-04,9694000.0,938000.0,811000.0,5,1.0,8756000.0,False,False,False,False
BK-01288,Event Coverage,Completed,False,2023-06-04,977000.0,1044000.0,1044000.0,5,1.0,-67000.0,True,True,False,False
BK-01289,Wedding Film,In Production,False,2023-06-04,13873000.0,3305000.0,2990000.0,20,4.0,10568000.0,False,False,False,False
BK-01290,Music Video,Completed,False,2023-06-05,38842000.0,3920500.0,3095000.0,40,5.0,34921500.0,False,False,False,False
BK-01291,Studio Rental,Postponed,False,2023-06-06,959500.0,3029000.0,2373500.0,20,4.0,-2069500.0,True,True,False,False
BK-01292,Photoshoot,Completed,False,2023-06-06,2739000.0,3142000.0,2368000.0,11,4.0,-403000.0,True,False,True,False
BK-01293,Commercial / TVC,Completed,False,2023-06-06,21507000.0,4275500.0,3168000.0,23,2.0,17231500.0,False,False,False,False
BK-01295,Photoshoot,In Production,False,2023-06-07,2898000.0,1907000.0,1473500.0,11,2.0,991000.0,False,False,False,False
BK-01296,Corporate Documentary,Completed,False,2023-06-07,10187000.0,607500.0,217500.0,4,1.0,9579500.0,False,False,False,False
BK-01297,Corporate Documentary,Completed,False,2023-06-09,9323000.0,1431500.0,1297000.0,9,3.0,7891500.0,False,False,False,False
BK-01298,Wedding Film,In Production,False,2023-06-09,3189628.2,4224500.0,3691000.0,24,4.0,-1034871.7999999998,True,True,False,False
BK-01301,Wedding Film,Completed,False,2023-06-10,5283000.0,1994000.0,694500.0,12,2.0,3289000.0,False,False,False,False
BK-01302,Wedding Film,In Production,False,2023-06-10,6946400.0,757500.0,433500.0,7,2.0,6188900.0,False,False,False,False
BK-01303,Commercial / TVC,Completed,False,2023-06-10,11151000.0,1991000.0,1519000.0,12,2.0,9160000.0,False,False,False,False
BK-01304,Studio Rental,Completed,False,2023-06-10,2340000.0,4994500.0,4270000.0,16,4.0,-2654500.0,True,True,False,False
BK-01305,Photoshoot,Completed,False,2023-06-10,413710.2,585000.0,504000.0,3,1.0,-171289.8,True,True,False,False
BK-01306,Wedding Film,Completed,False,2023-06-11,4045000.0,1992500.0,1692500.0,16,2.0,2052500.0,False,False,False,False
BK-01307,Photoshoot,Completed,False,2023-06-11,1014489.36,1160000.0,1144000.0,6,1.0,-145510.64,True,True,False,False
BK-01308,Wedding Film,Completed,False,2023-06-11,9241000.0,933500.0,683000.0,9,3.0,8307500.0,False,False,False,False
BK-01309,Commercial / TVC,Completed,False,2023-06-11,45184000.0,515500.0,176500.0,6,1.0,44668500.0,False,False,False,False
BK-01310,Music Video,In Production,False,2023-06-12,32789000.0,680000.0,560000.0,8,4.0,32109000.0,False,False,False,False
BK-01311,Unknown,Completed,False,2023-06-12,1774000.0,587000.0,587000.0,3,1.0,1187000.0,False,False,False,False
BK-01313,Event Coverage,Completed,False,2023-06-13,3676000.0,1088500.0,1088500.0,7,1.0,2587500.0,False,False,False,False
BK-01314,Event Coverage,Completed,False,2023-06-13,4160000.0,735000.0,559500.0,6,1.0,3425000.0,False,False,False,False
BK-01315,Event Coverage,Completed,False,2023-06-15,1353600.0,516000.0,265000.0,5,1.0,837600.0,False,False,False,False
BK-01316,Commercial / TVC,Completed,False,2023-06-15,20756592.0,1152500.0,983500.0,4,1.0,19604092.0,False,False,False,False
BK-01317,Unknown,In Production,False,2023-06-15,5028000.0,858500.0,735500.0,6,1.0,4169500.0,False,False,False,False
BK-01318,Unknown,Completed,False,2023-06-16,890000.0,2245000.0,1604500.0,15,3.0,-1355000.0,True,True,False,False
BK-01319,Wedding Film,Completed,False,2023-06-16,1712838.6,547500.0,477000.0,3,1.0,1165338.6,False,False,False,False
BK-01320,Wedding Film,Invoiced,False,2023-06-17,4693000.0,447000.0,447000.0,1,1.0,4246000.0,False,False,False,False
BK-01321,Event Coverage,Completed,False,2023-06-17,4751100.0,1340500.0,1169000.0,10,2.0,3410600.0,False,False,False,False
BK-01322,Commercial / TVC,Completed,False,2023-06-17,24960300.0,1061000.0,616000.0,6,2.0,23899300.0,False,False,False,False
BK-01324,Wedding Film,Completed,False,2023-06-17,5152000.0,723500.0,723500.0,4,1.0,4428500.0,False,False,False,False
BK-01325,Wedding Film,Completed,False,2023-06-17,1505842.08,558500.0,558500.0,4,1.0,947342.0800000001,False,False,False,False
BK-01326,Photoshoot,Completed,False,2023-06-18,1451000.0,1535500.0,1453500.0,8,1.0,-84500.0,True,True,False,False
BK-01327,Wedding Film,Invoiced,False,2023-06-18,3453000.0,585000.0,585000.0,3,1.0,2868000.0,False,False,False,False
BK-01328,Wedding Film,Completed,False,2023-06-18,1967000.0,362000.0,140000.0,2,1.0,1605000.0,False,False,False,False
BK-01329,Music Video,Unknown,False,2023-06-18,11631000.0,637000.0,376000.0,5,1.0,10994000.0,False,False,False,False
BK-01330,Wedding Film,Completed,False,2023-06-19,6235000.0,1163000.0,1163000.0,11,2.0,5072000.0,False,False,False,False
BK-01331,Photoshoot,Completed,False,2023-06-19,842000.0,1107500.0,1107500.0,5,1.0,-265500.0,True,True,False,False
BK-01332,Wedding Film,Completed,False,2023-06-19,4800000.0,699000.0,589500.0,3,1.0,4101000.0,False,False,False,False
BK-01333,Unknown,Completed,False,2023-06-20,4312000.0,1341000.0,1071000.0,8,1.0,2971000.0,False,False,False,False
BK-01334,Corporate Documentary,Completed,False,2023-06-20,10553000.0,252000.0,108000.0,3,1.0,10301000.0,False,False,False,False
BK-01335,Wedding Film,Completed,False,2023-06-21,2569424.54,757000.0,757000.0,5,1.0,1812424.54,False,False,False,False
BK-01336,Wedding Film,Completed,False,2023-06-21,4773000.0,352500.0,352500.0,2,1.0,4420500.0,False,False,False,False
BK-01337,Wedding Film,Completed,False,2023-06-21,3969000.0,427000.0,348000.0,3,1.0,3542000.0,False,False,False,False
BK-01338,Short Film,Completed,False,2023-06-22,14274000.0,198500.0,78500.0,3,1.0,14075500.0,False,False,False,False
BK-01339,Corporate Documentary,Unknown,False,2023-06-22,9026000.0,2229000.0,2027500.0,11,3.0,6797000.0,False,False,False,False
BK-01340,Studio Rental,Postponed,False,2023-06-22,1061000.0,166000.0,106000.0,3,1.0,895000.0,False,False,False,False
BK-01341,Wedding Film,Completed,False,2023-06-22,7499550.0,2044500.0,1990500.0,9,2.0,5455050.0,False,False,False,False
BK-01342,Studio Rental,Completed,False,2023-06-23,950000.0,901500.0,764500.0,4,1.0,48500.0,False,False,False,False
BK-01343,Commercial / TVC,In Production,False,2023-06-23,19464000.0,192500.0,192500.0,2,1.0,19271500.0,False,False,False,False
BK-01344,Studio Rental,Completed,False,2023-06-23,2466000.0,3987500.0,3085000.0,19,5.0,-1521500.0,True,True,False,False
BK-01345,Corporate Documentary,Completed,False,2023-06-23,16740000.0,1930000.0,1776000.0,15,3.0,14810000.0,False,False,False,False
BK-01346,Short Film,Completed,False,2023-06-24,20715000.0,108000.0,108000.0,2,1.0,20607000.0,False,False,False,False
BK-01347,Corporate Documentary,Invoiced,False,2023-06-24,10860000.0,528000.0,470500.0,5,1.0,10332000.0,False,False,False,False
BK-01348,Event Coverage,Completed,False,2023-06-24,1571000.0,424000.0,424000.0,3,1.0,1147000.0,False,False,False,False
BK-01349,Corporate Documentary,Postponed,False,2023-06-24,8932561.36,652000.0,652000.0,3,1.0,8280561.359999999,False,False,False,False
BK-01350,Short Film,In Production,False,2023-06-24,10032427.95,1048000.0,1048000.0,5,1.0,8984427.95,False,False,False,False
BK-01351,Short Film,Completed,False,2023-06-24,13691797.16,452000.0,452000.0,3,1.0,13239797.16,False,False,False,False
BK-01352,Wedding Film,Completed,False,2023-06-25,5652000.0,288500.0,288500.0,3,1.0,5363500.0,False,False,False,False
BK-01353,Music Video,Invoiced,False,2023-06-25,17964000.0,763000.0,448000.0,4,1.0,17201000.0,False,False,False,False
BK-01354,Wedding Film,Completed,False,2023-06-25,6475000.0,3120000.0,2419500.0,16,2.0,3355000.0,False,False,False,False
BK-01355,Wedding Film,Completed,False,2023-06-25,2404000.0,472500.0,260500.0,5,1.0,1931500.0,False,False,False,False
BK-01356,Wedding Film,Completed,False,2023-06-25,5406000.0,1703500.0,1279000.0,11,2.0,3702500.0,False,False,False,False
BK-01357,Event Coverage,In Production,False,2023-06-25,4250000.0,315500.0,315500.0,3,1.0,3934500.0,False,False,False,False
BK-01358,Photoshoot,Completed,False,2023-06-25,1413900.0,873500.0,806000.0,6,1.0,540400.0,False,False,False,False
BK-01359,Corporate Documentary,Completed,False,2023-06-25,5901000.0,698500.0,251500.0,3,1.0,5202500.0,False,False,False,False
BK-01360,Photoshoot,Completed,False,2023-06-26,1189902.75,672000.0,672000.0,2,1.0,517902.75,False,False,False,False
BK-01362,Music Video,Invoiced,False,2023-06-26,3514000.0,528000.0,234000.0,3,1.0,2986000.0,False,False,False,False
BK-01363,Wedding Film,Completed,False,2023-06-26,3427326.73,838000.0,650000.0,5,1.0,2589326.73,False,False,False,False
BK-01364,Event Coverage,Completed,False,2023-06-27,1485800.0,1273000.0,1201000.0,8,2.0,212800.0,False,False,False,False
BK-01365,Event Coverage,Completed,False,2023-06-28,3571000.0,579000.0,579000.0,5,2.0,2992000.0,False,False,False,False
BK-01368,Music Video,Completed,False,2023-07-01,6847237.6,673000.0,379000.0,6,3.0,6174237.6,False,False,False,False
BK-01369,Wedding Film,Completed,False,2023-07-01,8014000.0,979000.0,686500.0,6,2.0,7035000.0,False,False,False,False
BK-01370,Commercial / TVC,Completed,False,2023-07-01,16577000.0,219000.0,160500.0,2,1.0,16358000.0,False,False,False,False
BK-01374,Event Coverage,Completed,False,2023-07-02,5975000.0,1619000.0,1161500.0,12,2.0,4356000.0,False,False,False,False
BK-01375,Studio Rental,Invoiced,False,2023-07-02,2027000.0,1846000.0,1261000.0,16,2.0,181000.0,False,False,False,False
BK-01376,Wedding Film,Invoiced,False,2023-07-02,3384000.0,826500.0,826500.0,6,2.0,2557500.0,False,False,False,False
BK-01377,Studio Rental,Postponed,False,2023-07-03,1557000.0,1528000.0,1373000.0,11,2.0,29000.0,False,False,False,False
BK-01378,Wedding Film,Postponed,False,2023-07-04,9397000.0,782000.0,718500.0,6,2.0,8615000.0,False,False,False,False
BK-01379,Studio Rental,Completed,False,2023-07-04,546000.0,1346500.0,1346500.0,6,2.0,-800500.0,True,True,False,False
BK-01380,Unknown,Completed,False,2023-07-04,4745700.0,662000.0,662000.0,4,1.0,4083700.0,False,False,False,False
BK-01381,Corporate Documentary,Completed,False,2023-07-05,5586950.0,1496500.0,1458500.0,8,2.0,4090450.0,False,False,False,False
BK-01382,Photoshoot,Postponed,False,2023-07-06,2685000.0,486000.0,486000.0,4,1.0,2199000.0,False,False,False,False
BK-01383,Photoshoot,Invoiced,False,2023-07-06,6487000.0,2158000.0,1771000.0,15,5.0,4329000.0,False,False,False,False
BK-01384,Music Video,Completed,False,2023-07-06,6786000.0,954000.0,822500.0,5,1.0,5832000.0,False,False,False,False
BK-01385,Event Coverage,Invoiced,False,2023-07-07,3953000.0,820500.0,820500.0,4,1.0,3132500.0,False,False,False,False
BK-01386,Event Coverage,Completed,False,2023-07-08,4135350.0,1524000.0,1185000.0,8,1.0,2611350.0,False,False,False,False
BK-01387,Photoshoot,Completed,False,2023-07-08,2306000.0,1053500.0,585000.0,5,1.0,1252500.0,False,False,False,False
BK-01388,Commercial / TVC,Completed,False,2023-07-08,34170000.0,705000.0,705000.0,4,1.0,33465000.0,False,False,False,False
BK-01389,Wedding Film,Completed,False,2023-07-09,9208000.0,872000.0,418500.0,9,2.0,8336000.0,False,False,False,False
BK-01390,Event Coverage,Completed,False,2023-07-09,6128000.0,1264000.0,910000.0,10,2.0,4864000.0,False,False,False,False
BK-01391,Studio Rental,Completed,False,2023-07-09,1321000.0,2199500.0,2199500.0,12,1.0,-878500.0,True,True,False,False
BK-01392,Unknown,Completed,False,2023-07-09,4455000.0,302000.0,208000.0,4,1.0,4153000.0,False,False,False,False
BK-01393,Photoshoot,Invoiced,False,2023-07-10,1201000.0,793000.0,574000.0,4,1.0,408000.0,False,False,False,False
BK-01394,Commercial / TVC,Completed,False,2023-07-10,20348000.0,1263000.0,1143000.0,8,1.0,19085000.0,False,False,False,False
BK-01395,Event Coverage,Postponed,False,2023-07-10,1026000.0,509500.0,61000.0,3,1.0,516500.0,False,False,False,False
BK-01397,Event Coverage,In Production,False,2023-07-11,1145236.88,420500.0,420500.0,3,1.0,724736.8799999999,False,False,False,False
BK-01398,Event Coverage,Completed,False,2023-07-11,1727000.0,973500.0,973500.0,8,1.0,753500.0,False,False,False,False
BK-01399,Photoshoot,Unknown,False,2023-07-12,2075000.0,1155500.0,1082000.0,8,1.0,919500.0,False,False,False,False
BK-01400,Photoshoot,Completed,False,2023-07-12,2284000.0,272500.0,223500.0,2,1.0,2011500.0,False,False,False,False
BK-01401,Music Video,Completed,False,2023-07-13,2138242.66,983000.0,983000.0,5,1.0,1155242.6600000001,False,False,False,False
BK-01402,Commercial / TVC,Completed,False,2023-07-13,26280300.0,292000.0,49000.0,2,1.0,25988300.0,False,False,False,False
BK-01403,Corporate Documentary,Completed,False,2023-07-13,13982000.0,37000.0,37000.0,1,1.0,13945000.0,False,False,False,False
BK-01404,Studio Rental,Postponed,False,2023-07-13,769000.0,1197000.0,1075500.0,5,1.0,-428000.0,True,True,False,False
BK-01405,Photoshoot,Completed,False,2023-07-13,558000.0,1112000.0,869000.0,6,1.0,-554000.0,True,True,False,False
BK-01406,Photoshoot,Completed,False,2023-07-14,2895000.0,524000.0,524000.0,3,1.0,2371000.0,False,False,False,False
BK-01407,Photoshoot,Completed,False,2023-07-14,3248000.0,857000.0,857000.0,5,1.0,2391000.0,False,False,False,False
BK-01408,Photoshoot,Completed,False,2023-07-14,1246000.0,234000.0,234000.0,2,1.0,1012000.0,False,False,False,False
BK-01409,Photoshoot,Completed,False,2023-07-15,1226000.0,474000.0,474000.0,3,1.0,752000.0,False,False,False,False
BK-01410,Photoshoot,Completed,False,2023-07-15,1364000.0,348000.0,348000.0,3,1.0,1016000.0,False,False,False,False
BK-01411,Short Film,Completed,False,2023-07-15,15668000.0,309000.0,272000.0,4,1.0,15359000.0,False,False,False,False
BK-01412,Event Coverage,Completed,False,2023-07-15,2843000.0,408500.0,390000.0,4,1.0,2434500.0,False,False,False,False
BK-01413,Wedding Film,Completed,False,2023-07-16,4294000.0,1063500.0,813000.0,8,1.0,3230500.0,False,False,False,False
BK-01414,Unknown,Completed,False,2023-07-16,13332600.0,1816500.0,1691500.0,10,2.0,11516100.0,False,False,False,False
BK-01415,Event Coverage,Postponed,False,2023-07-16,829000.0,751500.0,751500.0,4,1.0,77500.0,False,False,False,False
BK-01416,Corporate Documentary,Completed,False,2023-07-16,13967000.0,1277500.0,1110500.0,5,1.0,12689500.0,False,False,False,False
BK-01418,Photoshoot,Unknown,False,2023-07-16,5723000.0,1729000.0,1355500.0,12,3.0,3994000.0,False,False,False,False
BK-01419,Photoshoot,Completed,False,2023-07-17,2057000.0,632500.0,514500.0,4,1.0,1424500.0,False,False,False,False
BK-01421,Unknown,Invoiced,False,2023-07-18,1485000.0,1417500.0,1202500.0,8,1.0,67500.0,False,False,False,False
BK-01422,Event Coverage,Completed,False,2023-07-19,7022400.0,1564000.0,965500.0,8,3.0,5458400.0,False,False,False,False
BK-01423,Event Coverage,Completed,False,2023-07-19,7775000.0,4070500.0,3583000.0,24,3.0,3704500.0,False,False,False,False
BK-01424,Event Coverage,Completed,False,2023-07-19,1591000.0,1397500.0,1206500.0,12,2.0,193500.0,False,False,False,False
BK-01425,Wedding Film,Completed,False,2023-07-19,4870000.0,1094000.0,913000.0,11,1.0,3776000.0,False,False,False,False
BK-01426,Wedding Film,Postponed,False,2023-07-19,4461596.26,771000.0,559500.0,5,1.0,3690596.26,False,False,False,False
BK-01427,Wedding Film,Completed,False,2023-07-20,12230000.0,3295000.0,2501500.0,24,4.0,8935000.0,False,False,False,False
BK-01428,Wedding Film,Completed,False,2023-07-20,5639000.0,1256500.0,626000.0,8,1.0,4382500.0,False,False,False,False
BK-01429,Corporate Documentary,Completed,False,2023-07-21,15345000.0,3461500.0,2982500.0,20,5.0,11883500.0,False,False,False,False
BK-01431,Short Film,Completed,False,2023-07-22,19895000.0,754000.0,754000.0,5,1.0,19141000.0,False,False,False,False
BK-01432,Wedding Film,Completed,False,2023-07-23,12503000.0,3128500.0,2873500.0,23,4.0,9374500.0,False,False,False,False
BK-01433,Event Coverage,Completed,False,2023-07-23,2188000.0,507000.0,331000.0,4,1.0,1681000.0,False,False,False,False
BK-01434,Wedding Film,Completed,False,2023-07-23,11133000.0,2019500.0,1648500.0,15,3.0,9113500.0,False,False,False,False
BK-01435,Short Film,Completed,False,2023-07-24,14818114.0,546000.0,211000.0,3,1.0,14272114.0,False,False,False,False
BK-01436,Event Coverage,Completed,False,2023-07-24,4016000.0,219000.0,219000.0,2,1.0,3797000.0,False,False,False,False
BK-01437,Short Film,In Production,False,2023-07-24,17612000.0,480000.0,480000.0,2,1.0,17132000.0,False,False,False,False
BK-01438,Event Coverage,In Production,False,2023-07-24,2140000.0,454000.0,176500.0,4,1.0,1686000.0,False,False,False,False
BK-01439,Unknown,Completed,False,2023-07-25,3151000.0,457500.0,105000.0,3,1.0,2693500.0,False,False,False,False
BK-01440,Short Film,Invoiced,False,2023-07-25,17304000.0,1210000.0,586500.0,8,1.0,16094000.0,False,False,False,False
BK-01441,Corporate Documentary,Completed,False,2023-07-25,4113021.6,1018000.0,1018000.0,7,1.0,3095021.6,False,False,False,False
BK-01442,Photoshoot,Completed,False,2023-07-25,3827000.0,4009500.0,3875000.0,17,3.0,-182500.0,True,True,False,False
BK-01443,Photoshoot,Postponed,False,2023-07-25,3382000.0,599000.0,599000.0,4,1.0,2783000.0,False,False,False,False
BK-01444,Music Video,Completed,False,2023-07-25,16312450.0,1119000.0,1119000.0,5,1.0,15193450.0,False,False,False,False
BK-01446,Event Coverage,In Production,False,2023-07-27,970404.87,598000.0,598000.0,4,1.0,372404.87,False,False,False,False
BK-01447,Photoshoot,In Production,False,2023-07-27,5573693.27,1941000.0,1496000.0,14,5.0,3632693.2699999996,False,False,False,False
BK-01448,Music Video,Completed,False,2023-07-28,18988000.0,2290500.0,1680000.0,12,2.0,16697500.0,False,False,False,False
BK-01449,Event Coverage,Completed,False,2023-07-28,2077342.2,990500.0,805500.0,6,1.0,1086842.2,False,False,False,False
BK-01450,Music Video,Completed,False,2023-07-29,18898000.0,647000.0,584500.0,4,1.0,18251000.0,False,False,False,False
BK-01451,Wedding Film,Invoiced,False,2023-07-29,6015000.0,507500.0,451000.0,6,1.0,5507500.0,False,False,False,False
BK-01452,Photoshoot,In Production,False,2023-07-29,2244000.0,1030500.0,998500.0,8,1.0,1213500.0,False,False,False,False
BK-01453,Corporate Documentary,Completed,False,2023-07-29,12702600.0,601500.0,601500.0,3,1.0,12101100.0,False,False,False,False
BK-01455,Photoshoot,Completed,False,2023-07-29,1903031.22,654000.0,556000.0,5,1.0,1249031.22,False,False,False,False
BK-01456,Event Coverage,Completed,False,2023-07-30,1906000.0,2950000.0,2658000.0,16,2.0,-1044000.0,True,True,False,False
BK-01457,Music Video,Completed,False,2023-07-30,18402000.0,586500.0,586500.0,3,1.0,17815500.0,False,False,False,False
BK-01458,Photoshoot,Completed,False,2023-07-30,1282310.0,759000.0,525000.0,6,1.0,523310.0,False,False,False,False
BK-01459,Corporate Documentary,Completed,False,2023-07-31,25073000.0,4783500.0,4239000.0,23,4.0,20289500.0,False,False,False,False
BK-01460,Commercial / TVC,Completed,False,2023-07-31,12784850.0,261000.0,186500.0,3,1.0,12523850.0,False,False,False,False
BK-01461,Studio Rental,Completed,False,2023-08-01,1567000.0,1200000.0,1200000.0,8,2.0,367000.0,False,False,False,False
BK-01462,Music Video,Completed,False,2023-08-01,5994000.0,815000.0,596000.0,6,1.0,5179000.0,False,False,False,False
BK-01463,Corporate Documentary,Completed,False,2023-08-02,10170000.0,1316000.0,908000.0,8,2.0,8854000.0,False,False,False,False
BK-01464,Photoshoot,In Production,False,2023-08-02,2145000.0,477000.0,477000.0,2,1.0,1668000.0,False,False,False,False
BK-01466,Event Coverage,Completed,False,2023-08-02,2209000.0,478000.0,478000.0,3,1.0,1731000.0,False,False,False,False
BK-01468,Photoshoot,Completed,False,2023-08-03,1785000.0,296000.0,260000.0,3,1.0,1489000.0,False,False,False,False
BK-01469,Music Video,Completed,False,2023-08-03,4085000.0,764500.0,667500.0,5,1.0,3320500.0,False,False,False,False
BK-01470,Wedding Film,Completed,False,2023-08-04,6601000.0,379500.0,379500.0,2,1.0,6221500.0,False,False,False,False
BK-01471,Photoshoot,Completed,False,2023-08-04,2259000.0,2083000.0,2029500.0,12,1.0,176000.0,False,False,False,False
BK-01472,Wedding Film,Invoiced,False,2023-08-04,3793000.0,1912000.0,1527500.0,12,3.0,1881000.0,False,False,False,False
BK-01473,Photoshoot,In Production,False,2023-08-05,2757000.0,2028500.0,1249000.0,12,1.0,728500.0,False,False,False,False
BK-01474,Corporate Documentary,Completed,False,2023-08-05,12494000.0,482500.0,482500.0,4,1.0,12011500.0,False,False,False,False
BK-01475,Music Video,Completed,False,2023-08-05,19939177.33,1084500.0,474500.0,4,2.0,18854677.33,False,False,False,False
BK-01476,Corporate Documentary,Completed,False,2023-08-05,10343000.0,2283500.0,1912500.0,12,1.0,8059500.0,False,False,False,False
BK-01477,Photoshoot,Completed,False,2023-08-06,1754685.74,561500.0,361000.0,4,1.0,1193185.74,False,False,False,False
BK-01478,Wedding Film,In Production,False,2023-08-06,3019000.0,746000.0,506000.0,6,2.0,2273000.0,False,False,False,False
BK-01479,Commercial / TVC,In Production,False,2023-08-06,19316000.0,3866500.0,3520000.0,25,5.0,15449500.0,False,False,False,False
BK-01480,Music Video,Completed,False,2023-08-06,9562442.11,813500.0,741500.0,5,1.0,8748942.11,False,False,False,False
BK-01481,Wedding Film,Completed,False,2023-08-06,6206000.0,1783500.0,1384500.0,12,1.0,4422500.0,False,False,False,False
BK-01482,Music Video,Completed,False,2023-08-06,14750000.0,224000.0,224000.0,2,1.0,14526000.0,False,False,False,False
BK-01483,Unknown,Completed,False,2023-08-06,4312000.0,2356500.0,1956500.0,23,3.0,1955500.0,False,False,False,False
BK-01484,Commercial / TVC,Completed,False,2023-08-06,31396000.0,2135000.0,1761000.0,16,2.0,29261000.0,False,False,False,False
BK-01485,Wedding Film,Completed,False,2023-08-06,5498000.0,1102500.0,642000.0,10,2.0,4395500.0,False,False,False,False
BK-01486,Short Film,Unknown,False,2023-08-07,16270000.0,1067000.0,826000.0,8,1.0,15203000.0,False,False,False,False
BK-01487,Commercial / TVC,Completed,False,2023-08-07,12526088.96,1374000.0,1032500.0,6,1.0,11152088.96,False,False,False,False
BK-01488,Event Coverage,Completed,False,2023-08-07,2910049.45,2187000.0,1410500.0,11,1.0,723049.4500000002,False,False,False,False
BK-01490,Photoshoot,Completed,False,2023-08-08,1110900.01,861500.0,861500.0,5,1.0,249400.01,False,False,False,False
BK-01491,Photoshoot,Completed,False,2023-08-08,779000.0,426000.0,366500.0,3,1.0,353000.0,False,False,False,False
BK-01492,Commercial / TVC,Completed,False,2023-08-08,42747000.0,331500.0,299500.0,3,1.0,42415500.0,False,False,False,False
BK-01493,Wedding Film,Completed,False,2023-08-08,6363711.9,2002500.0,1332000.0,9,3.0,4361211.9,False,False,False,False
BK-01494,Photoshoot,Completed,False,2023-08-09,2065000.0,1513500.0,897000.0,5,1.0,551500.0,False,False,False,False
BK-01495,Unknown,In Production,False,2023-08-09,1356000.0,1033500.0,593500.0,8,1.0,322500.0,False,False,False,False
BK-01496,Wedding Film,Completed,False,2023-08-09,6326000.0,584000.0,486500.0,4,1.0,5742000.0,False,False,False,False
BK-01498,Event Coverage,Completed,False,2023-08-09,2271000.0,373000.0,196500.0,4,1.0,1898000.0,False,False,False,False
BK-01500,Wedding Film,In Production,False,2023-08-09,4255100.0,1050500.0,838500.0,8,2.0,3204600.0,False,False,False,False
BK-01501,Event Coverage,Unknown,False,2023-08-10,4883000.0,160000.0,37000.0,2,1.0,4723000.0,False,False,False,False
BK-01503,Wedding Film,Completed,False,2023-08-11,2661000.0,403000.0,403000.0,3,1.0,2258000.0,False,False,False,False
BK-01504,Wedding Film,In Production,False,2023-08-11,4910000.0,529000.0,529000.0,2,1.0,4381000.0,False,False,False,False
BK-01506,Studio Rental,Completed,False,2023-08-13,1696000.0,3059500.0,2645000.0,30,4.0,-1363500.0,True,True,False,False
BK-01507,Short Film,Completed,False,2023-08-13,20796000.0,1254000.0,1254000.0,4,1.0,19542000.0,False,False,False,False
BK-01508,Wedding Film,Unknown,False,2023-08-13,11744000.0,3503000.0,2990000.0,20,4.0,8241000.0,False,False,False,False
BK-01509,Corporate Documentary,Completed,False,2023-08-13,4554000.0,665000.0,665000.0,4,1.0,3889000.0,False,False,False,False
BK-01510,Photoshoot,Invoiced,False,2023-08-13,2977000.0,379500.0,321000.0,4,1.0,2597500.0,False,False,False,False
BK-01511,Photoshoot,Completed,False,2023-08-13,2054000.0,1707000.0,1564000.0,12,3.0,347000.0,False,False,False,False
BK-01512,Studio Rental,Postponed,False,2023-08-14,1052000.0,442000.0,324500.0,4,1.0,610000.0,False,False,False,False
BK-01513,Event Coverage,In Production,False,2023-08-14,3225000.0,1456500.0,1164000.0,6,2.0,1768500.0,False,False,False,False
BK-01514,Music Video,Completed,False,2023-08-14,22572950.0,1112500.0,858500.0,8,2.0,21460450.0,False,False,False,False
BK-01515,Music Video,Postponed,False,2023-08-14,10564000.0,658000.0,485500.0,4,1.0,9906000.0,False,False,False,False
BK-01516,Photoshoot,Completed,False,2023-08-14,2774000.0,891500.0,891500.0,4,1.0,1882500.0,False,False,False,False
BK-01517,Studio Rental,Postponed,False,2023-08-15,974357.41,406500.0,209000.0,4,1.0,567857.41,False,False,False,False
BK-01518,Wedding Film,Completed,False,2023-08-15,8083000.0,2335000.0,2335000.0,12,3.0,5748000.0,False,False,False,False
BK-01520,Wedding Film,Invoiced,False,2023-08-15,6326000.0,584500.0,441500.0,4,1.0,5741500.0,False,False,False,False
BK-01521,Music Video,Completed,False,2023-08-16,29362000.0,4514000.0,4160500.0,17,3.0,24848000.0,False,False,False,False
BK-01522,Unknown,Completed,False,2023-08-17,732000.0,925500.0,925500.0,6,1.0,-193500.0,True,True,False,False
BK-01523,Studio Rental,Completed,False,2023-08-18,342517.27,151000.0,151000.0,2,1.0,191517.27000000002,False,False,False,False
BK-01525,Music Video,Completed,False,2023-08-19,15570000.0,500000.0,357000.0,3,1.0,15070000.0,False,False,False,False
BK-01526,Music Video,Completed,False,2023-08-19,13003000.0,568500.0,541500.0,4,1.0,12434500.0,False,False,False,False
BK-01527,Unknown,Completed,False,2023-08-19,22690000.0,3038000.0,2985000.0,12,4.0,19652000.0,False,False,False,False
BK-01528,Wedding Film,Completed,False,2023-08-19,4011000.0,567500.0,360000.0,5,1.0,3443500.0,False,False,False,False
BK-01529,Event Coverage,Completed,False,2023-08-19,3422950.0,455000.0,455000.0,2,1.0,2967950.0,False,False,False,False
BK-01530,Event Coverage,Completed,False,2023-08-19,3151000.0,595000.0,323000.0,3,1.0,2556000.0,False,False,False,False
BK-01531,Music Video,In Production,False,2023-08-20,3592900.0,1668000.0,1372000.0,11,1.0,1924900.0,False,False,False,False
BK-01532,Studio Rental,Completed,False,2023-08-20,2161000.0,1600000.0,1160000.0,12,3.0,561000.0,False,False,False,False
BK-01533,Music Video,Completed,False,2023-08-20,8650000.0,2027000.0,2027000.0,8,1.0,6623000.0,False,False,False,False
BK-01534,Photoshoot,In Production,False,2023-08-20,2562000.0,852500.0,643000.0,5,1.0,1709500.0,False,False,False,False
BK-01535,Wedding Film,Invoiced,False,2023-08-21,3024800.0,964500.0,585000.0,5,1.0,2060300.0,False,False,False,False
BK-01536,Photoshoot,In Production,False,2023-08-21,2488337.14,1203000.0,864000.0,6,1.0,1285337.1400000001,False,False,False,False
BK-01537,Commercial / TVC,Invoiced,False,2023-08-21,25678000.0,603000.0,288000.0,4,1.0,25075000.0,False,False,False,False
BK-01538,Wedding Film,Completed,False,2023-08-22,6433000.0,713500.0,443000.0,6,1.0,5719500.0,False,False,False,False
BK-01539,Event Coverage,Completed,False,2023-08-22,2918000.0,559500.0,519000.0,6,1.0,2358500.0,False,False,False,False
BK-01540,Unknown,Completed,False,2023-08-22,1137000.0,302000.0,302000.0,2,1.0,835000.0,False,False,False,False
BK-01541,Commercial / TVC,Completed,False,2023-08-23,15277900.0,1507000.0,1507000.0,8,1.0,13770900.0,False,False,False,False
BK-01542,Event Coverage,Completed,False,2023-08-24,2833000.0,1021500.0,916500.0,6,1.0,1811500.0,False,False,False,False
BK-01543,Studio Rental,Completed,False,2023-08-24,760000.0,2377000.0,2275000.0,10,2.0,-1617000.0,True,True,False,False
BK-01544,Wedding Film,Completed,False,2023-08-25,7021000.0,439000.0,439000.0,2,1.0,6582000.0,False,False,False,False
BK-01545,Music Video,Completed,False,2023-08-26,7628000.0,426500.0,426500.0,3,1.0,7201500.0,False,False,False,False
BK-01547,Photoshoot,Completed,False,2023-08-26,1380000.0,608000.0,608000.0,5,1.0,772000.0,False,False,False,False
BK-01549,Photoshoot,Postponed,False,2023-08-27,1596000.0,1602000.0,1602000.0,10,2.0,-6000.0,True,True,False,False
BK-01550,Photoshoot,Invoiced,False,2023-08-27,3133000.0,525000.0,525000.0,3,1.0,2608000.0,False,False,False,False
BK-01551,Event Coverage,In Production,False,2023-08-27,4699000.0,468500.0,468500.0,3,1.0,4230500.0,False,False,False,False
BK-01552,Commercial / TVC,Completed,False,2023-08-28,11666000.0,2646500.0,2379000.0,16,2.0,9019500.0,False,False,False,False
BK-01554,Music Video,Completed,False,2023-08-28,12793000.0,767500.0,767500.0,4,1.0,12025500.0,False,False,False,False
BK-01555,Wedding Film,Completed,False,2023-08-28,1998000.0,344000.0,344000.0,2,1.0,1654000.0,False,False,False,False
BK-01556,Unknown,Completed,False,2023-08-28,17185000.0,666500.0,536000.0,6,2.0,16518500.0,False,False,False,False
BK-01557,Event Coverage,Completed,False,2023-08-29,7732000.0,461500.0,223000.0,5,3.0,7270500.0,False,False,False,False
BK-01558,Photoshoot,Completed,False,2023-08-29,4060000.0,1333000.0,1209500.0,10,2.0,2727000.0,False,False,False,False
BK-01559,Wedding Film,Completed,False,2023-08-29,14345000.0,908000.0,814500.0,9,5.0,13437000.0,False,False,False,False
BK-01560,Studio Rental,Completed,False,2023-08-29,317000.0,401000.0,57000.0,3,1.0,-84000.0,True,False,True,False
BK-01561,Short Film,Postponed,False,2023-08-29,4511700.0,383000.0,383000.0,2,1.0,4128700.0,False,False,False,False
BK-01562,Photoshoot,Completed,False,2023-08-30,3972000.0,1293000.0,1293000.0,6,3.0,2679000.0,False,False,False,False
BK-01563,Corporate Documentary,Completed,False,2023-08-31,25675000.0,2631000.0,2631000.0,11,3.0,23044000.0,False,False,False,False
BK-01564,Unknown,In Production,False,2023-08-31,1625000.0,710500.0,432500.0,6,2.0,914500.0,False,False,False,False
BK-01565,Corporate Documentary,Completed,False,2023-08-31,9009000.0,607000.0,464000.0,4,1.0,8402000.0,False,False,False,False
BK-01566,Corporate Documentary,Completed,False,2023-09-02,5090000.0,1707000.0,1225000.0,6,1.0,3383000.0,False,False,False,False
BK-01567,Wedding Film,Completed,False,2023-09-02,4879000.0,1016500.0,847500.0,8,1.0,3862500.0,False,False,False,False
BK-01568,Wedding Film,Completed,False,2023-09-02,9118000.0,1271000.0,611000.0,8,2.0,7847000.0,False,False,False,False
BK-01569,Music Video,Completed,False,2023-09-02,5466302.07,1136500.0,789500.0,8,1.0,4329802.07,False,False,False,False
BK-01570,Music Video,Completed,False,2023-09-03,9491000.0,905000.0,905000.0,3,1.0,8586000.0,False,False,False,False
BK-01571,Commercial / TVC,Invoiced,False,2023-09-04,41602963.43,4453500.0,4453500.0,25,5.0,37149463.43,False,False,False,False
BK-01572,Photoshoot,Completed,False,2023-09-04,2620000.0,482000.0,409000.0,3,1.0,2138000.0,False,False,False,False
BK-01573,Event Coverage,Completed,False,2023-09-04,1418000.0,232000.0,232000.0,2,1.0,1186000.0,False,False,False,False
BK-01574,Photoshoot,Completed,False,2023-09-05,2048200.0,1902000.0,1902000.0,12,1.0,146200.0,False,False,False,False
BK-01575,Unknown,Postponed,False,2023-09-08,2836000.0,1158000.0,927000.0,5,1.0,1678000.0,False,False,False,False
BK-01576,Wedding Film,Completed,False,2023-09-08,5569000.0,914000.0,914000.0,6,1.0,4655000.0,False,False,False,False
BK-01577,Wedding Film,In Production,False,2023-09-08,2727599.42,584000.0,430000.0,6,1.0,2143599.42,False,False,False,False
BK-01578,Music Video,Completed,False,2023-09-08,10330000.0,2058000.0,2058000.0,8,2.0,8272000.0,False,False,False,False
BK-01579,Studio Rental,In Production,False,2023-09-09,1657800.0,831000.0,651000.0,8,2.0,826800.0,False,False,False,False
BK-01580,Event Coverage,Invoiced,False,2023-09-09,4181000.0,623000.0,623000.0,3,1.0,3558000.0,False,False,False,False
BK-01581,Music Video,Completed,False,2023-09-09,24347000.0,2127000.0,1967000.0,11,2.0,22220000.0,False,False,False,False
BK-01582,Photoshoot,Completed,False,2023-09-10,822000.0,1615000.0,1532500.0,10,2.0,-793000.0,True,True,False,False
BK-01583,Photoshoot,Completed,False,2023-09-11,2937000.0,952500.0,952500.0,6,2.0,1984500.0,False,False,False,False
BK-01585,Wedding Film,Completed,False,2023-09-12,3617000.0,388500.0,388500.0,2,1.0,3228500.0,False,False,False,False
BK-01586,Wedding Film,Completed,False,2023-09-12,3297000.0,355000.0,355000.0,2,1.0,2942000.0,False,False,False,False
BK-01587,Event Coverage,Postponed,False,2023-09-13,4847000.0,527000.0,527000.0,3,1.0,4320000.0,False,False,False,False
BK-01588,Music Video,Completed,False,2023-09-13,14281000.0,471000.0,471000.0,4,2.0,13810000.0,False,False,False,False
BK-01589,Photoshoot,Completed,False,2023-09-13,1566000.0,969000.0,869500.0,8,1.0,597000.0,False,False,False,False
BK-01590,Wedding Film,Completed,False,2023-09-13,5305000.0,913000.0,913000.0,5,1.0,4392000.0,False,False,False,False
BK-01591,Studio Rental,Completed,False,2023-09-14,1252000.0,207000.0,207000.0,2,1.0,1045000.0,False,False,False,False
BK-01592,Commercial / TVC,Completed,False,2023-09-14,48119000.0,199500.0,199500.0,2,1.0,47919500.0,False,False,False,False
BK-01593,Commercial / TVC,Completed,False,2023-09-15,80524000.0,771500.0,771500.0,9,3.0,79752500.0,False,False,False,False
BK-01594,Photoshoot,Completed,False,2023-09-15,826000.0,999500.0,999500.0,6,1.0,-173500.0,True,True,False,False
BK-01595,Commercial / TVC,Completed,False,2023-09-16,14945000.0,1140000.0,509000.0,6,1.0,13805000.0,False,False,False,False
BK-01596,Wedding Film,Completed,False,2023-09-16,3475000.0,1249000.0,1101500.0,6,1.0,2226000.0,False,False,False,False
BK-01597,Short Film,Completed,False,2023-09-16,9247524.0,1460000.0,832500.0,10,2.0,7787524.0,False,False,False,False
BK-01598,Music Video,Completed,False,2023-09-16,14440000.0,1368000.0,1120000.0,8,1.0,13072000.0,False,False,False,False
BK-01599,Commercial / TVC,Postponed,False,2023-09-17,16326000.0,2014500.0,1771500.0,12,2.0,14311500.0,False,False,False,False
BK-01600,Wedding Film,Completed,False,2023-09-18,4492000.0,2718000.0,2405000.0,12,2.0,1774000.0,False,False,False,False
BK-01601,Music Video,Completed,False,2023-09-18,13425000.0,699500.0,620500.0,6,1.0,12725500.0,False,False,False,False
BK-01603,Short Film,Invoiced,False,2023-09-19,14453614.1,796500.0,796500.0,6,1.0,13657114.1,False,False,False,False
BK-01604,Wedding Film,Completed,False,2023-09-19,6740000.0,1186500.0,1186500.0,6,1.0,5553500.0,False,False,False,False
BK-01605,Wedding Film,Completed,False,2023-09-20,5548000.0,584500.0,584500.0,5,1.0,4963500.0,False,False,False,False
BK-01606,Wedding Film,Completed,False,2023-09-21,3492000.0,1866000.0,1866000.0,8,1.0,1626000.0,False,False,False,False
BK-01607,Studio Rental,Completed,False,2023-09-22,1121000.0,292500.0,292500.0,3,1.0,828500.0,False,False,False,False
BK-01608,Event Coverage,Completed,False,2023-09-22,5066850.0,3652000.0,3497500.0,23,2.0,1414850.0,False,False,False,False
BK-01609,Wedding Film,Completed,False,2023-09-23,3762017.91,134000.0,0.0,1,1.0,3628017.91,False,False,False,False
BK-01610,Photoshoot,Completed,False,2023-09-23,2813900.0,436000.0,234000.0,3,1.0,2377900.0,False,False,False,False
BK-01611,Corporate Documentary,Completed,False,2023-09-23,4699000.0,1253000.0,1253000.0,8,2.0,3446000.0,False,False,False,False
BK-01612,Event Coverage,Unknown,False,2023-09-25,3699000.0,1409000.0,1314000.0,11,1.0,2290000.0,False,False,False,False
BK-01613,Wedding Film,Completed,False,2023-09-25,5824000.0,864500.0,864500.0,6,1.0,4959500.0,False,False,False,False
BK-01614,Wedding Film,Completed,False,2023-09-26,3492000.0,1602000.0,1602000.0,8,1.0,1890000.0,False,False,False,False
BK-01616,Photoshoot,Completed,False,2023-09-27,2822450.0,6161000.0,5527500.0,36,3.0,-3338550.0,True,True,False,False
BK-01617,Unknown,Completed,False,2023-09-28,784482.6,882000.0,767000.0,5,1.0,-97517.40000000002,True,False,True,False
BK-01618,Wedding Film,Completed,False,2023-09-28,5953000.0,1846000.0,1624500.0,6,1.0,4107000.0,False,False,False,False
BK-01620,Wedding Film,Completed,False,2023-09-29,3950800.0,563000.0,563000.0,4,1.0,3387800.0,False,False,False,False
BK-01621,Event Coverage,Postponed,False,2023-09-29,3072600.0,3148000.0,2853000.0,23,3.0,-75400.0,True,False,True,False
BK-01622,Photoshoot,Completed,False,2023-10-01,1261000.0,631000.0,631000.0,4,1.0,630000.0,False,False,False,False
BK-01623,Photoshoot,Completed,False,2023-10-01,2569000.0,963500.0,963500.0,6,2.0,1605500.0,False,False,False,False
BK-01624,Photoshoot,Completed,False,2023-10-01,3141000.0,465500.0,260500.0,3,1.0,2675500.0,False,False,False,False
BK-01625,Music Video,Completed,False,2023-10-02,2975000.0,1546000.0,1546000.0,8,1.0,1429000.0,False,False,False,False
BK-01626,Event Coverage,Invoiced,False,2023-10-02,4976000.0,169000.0,169000.0,2,1.0,4807000.0,False,False,False,False
BK-01627,Studio Rental,Completed,False,2023-10-02,987610.03,481500.0,417500.0,4,1.0,506110.03,False,False,False,False
BK-01628,Corporate Documentary,Completed,False,2023-10-02,5127000.0,756000.0,620500.0,7,1.0,4371000.0,False,False,False,False
BK-01629,Photoshoot,Completed,False,2023-10-03,2958300.0,129000.0,129000.0,2,1.0,2829300.0,False,False,False,False
BK-01630,Short Film,Completed,False,2023-10-03,8988900.0,1748000.0,1665500.0,8,1.0,7240900.0,False,False,False,False
BK-01631,Photoshoot,Unknown,False,2023-10-04,1100000.0,525000.0,493000.0,6,2.0,575000.0,False,False,False,False
BK-01632,Event Coverage,Completed,False,2023-10-04,6310000.0,651000.0,651000.0,6,3.0,5659000.0,False,False,False,False
BK-01634,Music Video,In Production,False,2023-10-05,33365000.0,2955500.0,2589500.0,17,3.0,30409500.0,False,False,False,False
BK-01635,Photoshoot,Completed,False,2023-10-05,2681000.0,617000.0,617000.0,3,1.0,2064000.0,False,False,False,False
BK-01636,Photoshoot,Invoiced,False,2023-10-05,2790000.0,1951500.0,1881000.0,14,2.0,838500.0,False,False,False,False
BK-01637,Commercial / TVC,Completed,False,2023-10-06,29396241.04,2071000.0,1776000.0,8,1.0,27325241.04,False,False,False,False
BK-01638,Wedding Film,Completed,False,2023-10-07,3388000.0,1682500.0,1089500.0,8,2.0,1705500.0,False,False,False,False
BK-01639,Photoshoot,Invoiced,False,2023-10-07,1683171.87,521500.0,521500.0,2,1.0,1161671.87,False,False,False,False
BK-01640,Photoshoot,Postponed,False,2023-10-07,4190000.0,2683500.0,2289000.0,16,2.0,1506500.0,False,False,False,False
BK-01641,Wedding Film,Completed,False,2023-10-08,3312000.0,775500.0,563500.0,5,1.0,2536500.0,False,False,False,False
BK-01642,Photoshoot,Completed,False,2023-10-08,1923000.0,1094000.0,895000.0,4,1.0,829000.0,False,False,False,False
BK-01643,Photoshoot,Unknown,False,2023-10-08,1689000.0,2148000.0,1673000.0,16,2.0,-459000.0,True,False,True,False
BK-01644,Corporate Documentary,Completed,False,2023-10-08,14583450.0,1249500.0,980500.0,5,2.0,13333950.0,False,False,False,False
BK-01645,Wedding Film,Invoiced,False,2023-10-08,2348000.0,714000.0,332000.0,5,1.0,1634000.0,False,False,False,False
BK-01646,Corporate Documentary,In Production,False,2023-10-08,16645000.0,1955000.0,1756000.0,6,2.0,14690000.0,False,False,False,False
BK-01647,Photoshoot,Completed,False,2023-10-08,1707000.0,273000.0,252000.0,3,1.0,1434000.0,False,False,False,False
BK-01648,Wedding Film,In Production,False,2023-10-08,4321000.0,606000.0,536000.0,3,1.0,3715000.0,False,False,False,False
BK-01649,Commercial / TVC,Postponed,False,2023-10-08,13572054.84,890000.0,420000.0,5,1.0,12682054.84,False,False,False,False
BK-01650,Wedding Film,Completed,False,2023-10-09,6746000.0,349000.0,277000.0,4,1.0,6397000.0,False,False,False,False
BK-01651,Corporate Documentary,Invoiced,False,2023-10-09,9054000.0,981500.0,661000.0,8,2.0,8072500.0,False,False,False,False
BK-01652,Photoshoot,Completed,False,2023-10-09,1573479.91,1228500.0,1156500.0,8,1.0,344979.9099999999,False,False,False,False
BK-01653,Music Video,Invoiced,False,2023-10-10,9270757.96,805000.0,761500.0,4,1.0,8465757.96,False,False,False,False
BK-01654,Music Video,Completed,False,2023-10-10,6579040.69,1050500.0,873500.0,8,1.0,5528540.69,False,False,False,False
BK-01655,Wedding Film,Completed,False,2023-10-10,3375000.0,925500.0,684000.0,8,1.0,2449500.0,False,False,False,False
BK-01656,Wedding Film,Completed,False,2023-10-10,6857000.0,719500.0,360500.0,5,1.0,6137500.0,False,False,False,False
BK-01657,Corporate Documentary,Completed,False,2023-10-10,10746000.0,988000.0,150000.0,7,1.0,9758000.0,False,False,False,False
BK-01658,Wedding Film,Invoiced,False,2023-10-10,3605294.76,802500.0,380000.0,4,1.0,2802794.76,False,False,False,False
BK-01659,Wedding Film,Completed,False,2023-10-11,3090000.0,1700000.0,1700000.0,8,1.0,1390000.0,False,False,False,False
BK-01660,Wedding Film,Completed,False,2023-10-12,12815000.0,5418000.0,4669500.0,37,5.0,7397000.0,False,False,False,False
BK-01661,Wedding Film,Completed,False,2023-10-12,6304000.0,716500.0,560500.0,4,1.0,5587500.0,False,False,False,False
BK-01662,Event Coverage,Completed,False,2023-10-12,1684000.0,762000.0,550500.0,5,1.0,922000.0,False,False,False,False
BK-01663,Commercial / TVC,Completed,False,2023-10-13,64297000.0,2800500.0,2739500.0,18,3.0,61496500.0,False,False,False,False
BK-01664,Studio Rental,In Production,False,2023-10-14,1236708.0,1848000.0,1720000.0,8,2.0,-611292.0,True,True,False,False
BK-01665,Event Coverage,Completed,False,2023-10-14,4073400.0,714500.0,627000.0,5,1.0,3358900.0,False,False,False,False
BK-01666,Wedding Film,Completed,False,2023-10-14,9522000.0,1417500.0,1238000.0,10,2.0,8104500.0,False,False,False,False
BK-01668,Music Video,Invoiced,False,2023-10-15,21510000.0,3410000.0,2816000.0,18,3.0,18100000.0,False,False,False,False
BK-01669,Studio Rental,Invoiced,False,2023-10-15,1555000.0,407500.0,407500.0,3,1.0,1147500.0,False,False,False,False
BK-01670,Event Coverage,In Production,False,2023-10-15,4714000.0,317500.0,317500.0,3,1.0,4396500.0,False,False,False,False
BK-01671,Event Coverage,Completed,False,2023-10-16,1324000.0,1201000.0,894000.0,8,1.0,123000.0,False,False,False,False
BK-01672,Event Coverage,Completed,False,2023-10-16,1848853.51,1599000.0,1477000.0,11,1.0,249853.51,False,False,False,False
BK-01673,Corporate Documentary,Completed,False,2023-10-16,13340000.0,948500.0,602500.0,6,2.0,12391500.0,False,False,False,False
BK-01674,Wedding Film,Postponed,False,2023-10-17,5300000.0,1573000.0,1116000.0,8,1.0,3727000.0,False,False,False,False
BK-01675,Studio Rental,Completed,False,2023-10-17,1764000.0,744000.0,656000.0,6,3.0,1020000.0,False,False,False,False
BK-01676,Studio Rental,Completed,False,2023-10-17,1557000.0,769000.0,769000.0,4,1.0,788000.0,False,False,False,False
BK-01677,Commercial / TVC,Postponed,False,2023-10-17,13381000.0,351000.0,211000.0,3,1.0,13030000.0,False,False,False,False
BK-01679,Wedding Film,Completed,False,2023-10-18,4008050.0,973000.0,858000.0,8,2.0,3035050.0,False,False,False,False
BK-01680,Event Coverage,Postponed,False,2023-10-19,2398205.46,292000.0,243000.0,3,1.0,2106205.46,False,False,False,False
BK-01683,Photoshoot,Completed,False,2023-10-20,3111000.0,554500.0,554500.0,3,1.0,2556500.0,False,False,False,False
BK-01684,Unknown,Completed,False,2023-10-21,12431000.0,867000.0,867000.0,5,1.0,11564000.0,False,False,False,False
BK-01685,Corporate Documentary,Completed,False,2023-10-21,11152672.7,785000.0,671000.0,4,1.0,10367672.7,False,False,False,False
BK-01686,Corporate Documentary,Unknown,False,2023-10-21,16174700.0,810000.0,648000.0,8,2.0,15364700.0,False,False,False,False
BK-01688,Studio Rental,In Production,False,2023-10-22,605000.0,1734000.0,1546500.0,12,1.0,-1129000.0,True,True,False,False
BK-01689,Studio Rental,Postponed,False,2023-10-22,559000.0,1903500.0,1800000.0,10,2.0,-1344500.0,True,True,False,False
BK-01690,Music Video,Completed,False,2023-10-23,5381100.0,319500.0,319500.0,2,1.0,5061600.0,False,False,False,False
BK-01691,Event Coverage,Completed,False,2023-10-24,1406000.0,366500.0,366500.0,4,1.0,1039500.0,False,False,False,False
BK-01692,Event Coverage,Completed,False,2023-10-24,4506000.0,896000.0,896000.0,8,1.0,3610000.0,False,False,False,False
BK-01693,Corporate Documentary,Unknown,False,2023-10-25,14725000.0,1317000.0,1181500.0,5,1.0,13408000.0,False,False,False,False
BK-01694,Wedding Film,Postponed,False,2023-10-25,3010500.0,859500.0,859500.0,6,1.0,2151000.0,False,False,False,False
BK-01695,Studio Rental,Completed,False,2023-10-25,566200.0,196000.0,138500.0,2,1.0,370200.0,False,False,False,False
BK-01696,Music Video,Completed,False,2023-10-26,9148000.0,774000.0,774000.0,5,1.0,8374000.0,False,False,False,False
BK-01697,Photoshoot,Completed,False,2023-10-26,2358000.0,2305000.0,1207500.0,11,1.0,53000.0,False,False,False,False
BK-01698,Event Coverage,Completed,False,2023-10-26,1737000.0,792000.0,488000.0,4,2.0,945000.0,False,False,False,False
BK-01699,Photoshoot,Completed,False,2023-10-26,1609153.9,1632000.0,890000.0,8,1.0,-22846.100000000093,True,False,True,False
BK-01700,Commercial / TVC,Completed,False,2023-10-27,31385000.0,303000.0,115000.0,2,1.0,31082000.0,False,False,False,False
BK-01701,Music Video,Postponed,False,2023-10-27,13188887.71,638000.0,638000.0,4,1.0,12550887.71,False,False,False,False
BK-01702,Studio Rental,Completed,False,2023-10-27,886000.0,1442500.0,1343000.0,8,2.0,-556500.0,True,True,False,False
BK-01703,Event Coverage,Invoiced,False,2023-10-27,7698000.0,2903000.0,1655000.0,16,4.0,4795000.0,False,False,False,False
BK-01704,Photoshoot,In Production,False,2023-10-28,4947000.0,1347000.0,1171000.0,12,3.0,3600000.0,False,False,False,False
BK-01706,Music Video,Invoiced,False,2023-10-28,7462000.0,359000.0,237000.0,3,1.0,7103000.0,False,False,False,False
BK-01707,Photoshoot,Completed,False,2023-10-29,1921000.0,1489500.0,969500.0,16,2.0,431500.0,False,False,False,False
BK-01708,Short Film,Completed,False,2023-10-29,12897000.0,1533000.0,1123000.0,6,1.0,11364000.0,False,False,False,False
BK-01709,Corporate Documentary,Completed,False,2023-10-29,8517823.31,1308000.0,1308000.0,6,1.0,7209823.3100000005,False,False,False,False
BK-01710,Studio Rental,Completed,False,2023-10-29,583300.0,589000.0,589000.0,4,1.0,-5700.0,True,True,False,False
BK-01711,Unknown,Completed,False,2023-10-30,1835000.0,1246500.0,1150500.0,8,1.0,588500.0,False,False,False,False
BK-01712,Studio Rental,Completed,False,2023-10-30,750000.0,580000.0,548000.0,3,1.0,170000.0,False,False,False,False
BK-01714,Short Film,Invoiced,False,2023-10-31,23635000.0,1334500.0,908500.0,7,2.0,22300500.0,False,False,False,False
BK-01715,Event Coverage,Completed,False,2023-10-31,1638000.0,1573500.0,1573500.0,8,1.0,64500.0,False,False,False,False
BK-01716,Short Film,In Production,False,2023-10-31,10913000.0,1433500.0,1433500.0,12,1.0,9479500.0,False,False,False,False
BK-01717,Wedding Film,In Production,False,2023-11-01,6534000.0,762000.0,336000.0,4,1.0,5772000.0,False,False,False,False
BK-01718,Commercial / TVC,Completed,False,2023-11-01,20051472.74,1019500.0,1019500.0,6,2.0,19031972.74,False,False,False,False
BK-01719,Photoshoot,Completed,False,2023-11-02,1227000.0,692000.0,429500.0,6,1.0,535000.0,False,False,False,False
BK-01720,Commercial / TVC,Completed,False,2023-11-02,21650000.0,4192000.0,3742000.0,24,2.0,17458000.0,False,False,False,False
BK-01721,Wedding Film,Completed,False,2023-11-02,6617000.0,523000.0,380000.0,2,1.0,6094000.0,False,False,False,False
BK-01722,Music Video,Completed,False,2023-11-02,13802000.0,310000.0,310000.0,2,1.0,13492000.0,False,False,False,False
BK-01723,Photoshoot,Postponed,False,2023-11-03,1042000.0,2552000.0,1885500.0,16,2.0,-1510000.0,True,True,False,False
BK-01724,Wedding Film,Completed,False,2023-11-03,2387000.0,702500.0,559500.0,5,1.0,1684500.0,False,False,False,False
BK-01725,Event Coverage,Completed,False,2023-11-03,4950000.0,765000.0,765000.0,5,1.0,4185000.0,False,False,False,False
BK-01726,Photoshoot,Completed,False,2023-11-04,4367000.0,647000.0,593000.0,8,2.0,3720000.0,False,False,False,False
BK-01727,Event Coverage,Completed,False,2023-11-04,6714900.0,2144000.0,2049500.0,19,5.0,4570900.0,False,False,False,False
BK-01728,Photoshoot,Completed,False,2023-11-04,793000.0,265500.0,0.0,1,1.0,527500.0,False,False,False,False
BK-01729,Commercial / TVC,Completed,False,2023-11-04,14839000.0,729000.0,587000.0,5,1.0,14110000.0,False,False,False,False
BK-01730,Short Film,Completed,False,2023-11-04,23415000.0,622000.0,510500.0,4,1.0,22793000.0,False,False,False,False
BK-01731,Commercial / TVC,Completed,False,2023-11-04,31021000.0,949000.0,949000.0,6,1.0,30072000.0,False,False,False,False
BK-01732,Commercial / TVC,Completed,False,2023-11-05,24355000.0,813500.0,641000.0,5,1.0,23541500.0,False,False,False,False
BK-01733,Wedding Film,Completed,False,2023-11-05,5461110.6,829500.0,584500.0,5,1.0,4631610.6,False,False,False,False
BK-01734,Unknown,Completed,False,2023-11-05,936000.0,369500.0,369500.0,3,1.0,566500.0,False,False,False,False
BK-01735,Wedding Film,Invoiced,False,2023-11-05,4770900.0,554000.0,404000.0,4,1.0,4216900.0,False,False,False,False
BK-01736,Music Video,Completed,False,2023-11-05,18288000.0,335500.0,335500.0,3,1.0,17952500.0,False,False,False,False
BK-01737,Photoshoot,Completed,False,2023-11-05,4509000.0,985000.0,851000.0,7,2.0,3524000.0,False,False,False,False
BK-01738,Corporate Documentary,Completed,False,2023-11-05,12510000.0,840000.0,840000.0,3,1.0,11670000.0,False,False,False,False
BK-01739,Wedding Film,Completed,False,2023-11-05,7143000.0,386500.0,386500.0,4,1.0,6756500.0,False,False,False,False
BK-01740,Unknown,Completed,False,2023-11-06,17375000.0,685500.0,615500.0,4,1.0,16689500.0,False,False,False,False
BK-01741,Corporate Documentary,Completed,False,2023-11-06,7843000.0,586500.0,433000.0,5,1.0,7256500.0,False,False,False,False
BK-01742,Commercial / TVC,Completed,False,2023-11-06,60910000.0,1369000.0,880000.0,10,2.0,59541000.0,False,False,False,False
BK-01743,Music Video,Invoiced,False,2023-11-06,10002000.0,854500.0,748000.0,5,1.0,9147500.0,False,False,False,False
BK-01744,Photoshoot,Completed,False,2023-11-07,967500.0,758000.0,257000.0,5,1.0,209500.0,False,False,False,False
BK-01745,Corporate Documentary,Completed,False,2023-11-07,14805000.0,1666500.0,775500.0,8,1.0,13138500.0,False,False,False,False
BK-01746,Photoshoot,Completed,False,2023-11-07,3604000.0,286500.0,102500.0,2,1.0,3317500.0,False,False,False,False
BK-01748,Music Video,Postponed,False,2023-11-08,7415100.0,675500.0,622000.0,5,1.0,6739600.0,False,False,False,False
BK-01749,Music Video,Invoiced,False,2023-11-09,10527419.41,551000.0,350000.0,5,1.0,9976419.41,False,False,False,False
BK-01750,Photoshoot,Completed,False,2023-11-09,2995000.0,2304000.0,2142000.0,12,1.0,691000.0,False,False,False,False
BK-01751,Wedding Film,Completed,False,2023-11-09,4860000.0,918500.0,410000.0,2,1.0,3941500.0,False,False,False,False
BK-01752,Short Film,Completed,False,2023-11-09,12499250.0,654000.0,146000.0,3,1.0,11845250.0,False,False,False,False
BK-01753,Photoshoot,Completed,False,2023-11-09,915000.0,527500.0,514000.0,4,1.0,387500.0,False,False,False,False
BK-01754,Studio Rental,Completed,False,2023-11-10,884000.0,583500.0,583500.0,4,1.0,300500.0,False,False,False,False
BK-01755,Commercial / TVC,Completed,False,2023-11-10,29815000.0,3541000.0,2988000.0,23,2.0,26274000.0,False,False,False,False
BK-01756,Music Video,Completed,False,2023-11-11,13086000.0,1052000.0,602000.0,7,1.0,12034000.0,False,False,False,False
BK-01757,Corporate Documentary,Completed,False,2023-11-11,15592000.0,1022000.0,834000.0,6,1.0,14570000.0,False,False,False,False
BK-01758,Music Video,In Production,False,2023-11-11,10811000.0,432500.0,360500.0,4,1.0,10378500.0,False,False,False,False
BK-01759,Music Video,Completed,False,2023-11-11,17012000.0,827000.0,827000.0,5,1.0,16185000.0,False,False,False,False
BK-01760,Music Video,Postponed,False,2023-11-11,4302000.0,469500.0,469500.0,4,1.0,3832500.0,False,False,False,False
BK-01762,Photoshoot,In Production,False,2023-11-12,1625000.0,761000.0,518000.0,5,1.0,864000.0,False,False,False,False
BK-01763,Music Video,Completed,False,2023-11-12,12777000.0,375500.0,375500.0,3,1.0,12401500.0,False,False,False,False
BK-01764,Corporate Documentary,Completed,False,2023-11-12,15487000.0,1038000.0,808500.0,10,2.0,14449000.0,False,False,False,False
BK-01766,Event Coverage,Completed,False,2023-11-12,1977902.14,406000.0,406000.0,4,1.0,1571902.14,False,False,False,False
BK-01767,Music Video,Completed,False,2023-11-12,13406000.0,1033500.0,562500.0,4,1.0,12372500.0,False,False,False,False
BK-01768,Wedding Film,Completed,False,2023-11-12,2390000.0,625500.0,561500.0,4,1.0,1764500.0,False,False,False,False
BK-01769,Studio Rental,Completed,False,2023-11-12,792000.0,1179000.0,1011500.0,6,1.0,-387000.0,True,True,False,False
BK-01770,Photoshoot,Invoiced,False,2023-11-12,4253000.0,2395000.0,2144000.0,16,2.0,1858000.0,False,False,False,False
BK-01771,Photoshoot,Completed,False,2023-11-13,696000.0,926000.0,828500.0,4,1.0,-230000.0,True,True,False,False
BK-01772,Corporate Documentary,Completed,False,2023-11-13,15611000.0,1073000.0,672500.0,4,1.0,14538000.0,False,False,False,False
BK-01773,Studio Rental,Completed,False,2023-11-13,1210000.0,1479500.0,1310000.0,6,2.0,-269500.0,True,True,False,False
BK-01774,Studio Rental,Completed,False,2023-11-13,930000.0,689500.0,289000.0,3,1.0,240500.0,False,False,False,False
BK-01775,Wedding Film,Postponed,False,2023-11-14,8256000.0,1391000.0,1213000.0,9,3.0,6865000.0,False,False,False,False
BK-01776,Event Coverage,Completed,False,2023-11-14,12174000.0,2265000.0,2004000.0,20,5.0,9909000.0,False,False,False,False
BK-01777,Event Coverage,Postponed,False,2023-11-14,1741000.0,909000.0,909000.0,4,1.0,832000.0,False,False,False,False
BK-01778,Photoshoot,Completed,False,2023-11-14,2276300.0,2608500.0,2537000.0,19,5.0,-332200.0,True,True,False,False
BK-01780,Corporate Documentary,Completed,False,2023-11-15,15794000.0,226000.0,53000.0,2,1.0,15568000.0,False,False,False,False
BK-01781,Event Coverage,Completed,False,2023-11-15,2123000.0,760000.0,445000.0,3,1.0,1363000.0,False,False,False,False
BK-01782,Music Video,Invoiced,False,2023-11-16,3132000.0,384000.0,290000.0,3,1.0,2748000.0,False,False,False,False
BK-01784,Photoshoot,Completed,False,2023-11-16,1254950.0,673000.0,673000.0,5,1.0,581950.0,False,False,False,False
BK-01786,Photoshoot,In Production,False,2023-11-17,1785000.0,926000.0,791500.0,8,1.0,859000.0,False,False,False,False
BK-01787,Commercial / TVC,Completed,False,2023-11-17,14719000.0,1283500.0,1283500.0,4,1.0,13435500.0,False,False,False,False
BK-01788,Photoshoot,In Production,False,2023-11-17,3104000.0,261000.0,209500.0,4,1.0,2843000.0,False,False,False,False
BK-01789,Photoshoot,Completed,False,2023-11-18,1123000.0,980000.0,768500.0,6,1.0,143000.0,False,False,False,False
BK-01790,Wedding Film,Completed,False,2023-11-18,3541000.0,330500.0,130000.0,2,1.0,3210500.0,False,False,False,False
BK-01792,Studio Rental,Completed,False,2023-11-18,510000.0,591000.0,421500.0,3,1.0,-81000.0,True,False,True,False
BK-01793,Photoshoot,Completed,False,2023-11-19,838850.0,887500.0,887500.0,5,1.0,-48650.0,True,True,False,False
BK-01794,Corporate Documentary,Completed,False,2023-11-19,21493000.0,2153000.0,1967500.0,15,3.0,19340000.0,False,False,False,False
BK-01795,Event Coverage,Invoiced,False,2023-11-19,2598300.0,438000.0,438000.0,4,1.0,2160300.0,False,False,False,False
BK-01796,Corporate Documentary,Completed,False,2023-11-20,10537518.97,187000.0,27000.0,2,1.0,10350518.97,False,False,False,False
BK-01797,Unknown,Postponed,False,2023-11-20,178854.64,854500.0,842000.0,6,1.0,-675645.36,True,True,False,False
BK-01798,Wedding Film,Completed,False,2023-11-20,14065000.0,3522000.0,2757000.0,24,4.0,10543000.0,False,False,False,False
BK-01799,Photoshoot,Completed,False,2023-11-21,3550000.0,1156500.0,1156500.0,4,1.0,2393500.0,False,False,False,False
BK-01800,Music Video,Invoiced,False,2023-11-21,18969000.0,706000.0,486500.0,5,1.0,18263000.0,False,False,False,False
BK-01801,Event Coverage,Completed,False,2023-11-21,4589000.0,1822000.0,1682000.0,11,1.0,2767000.0,False,False,False,False
BK-01803,Commercial / TVC,Completed,False,2023-11-21,33012546.93,949000.0,688000.0,8,1.0,32063546.93,False,False,False,False
BK-01804,Event Coverage,In Production,False,2023-11-22,1574000.0,1122000.0,928000.0,5,1.0,452000.0,False,False,False,False
BK-01805,Commercial / TVC,Completed,False,2023-11-22,18349000.0,3259000.0,2447000.0,16,2.0,15090000.0,False,False,False,False
BK-01806,Music Video,Completed,False,2023-11-22,23578000.0,1753500.0,1613000.0,8,2.0,21824500.0,False,False,False,False
BK-01807,Wedding Film,Completed,False,2023-11-22,2819700.0,1182500.0,753000.0,10,2.0,1637200.0,False,False,False,False
BK-01808,Photoshoot,Completed,False,2023-11-22,3591000.0,246000.0,182500.0,2,1.0,3345000.0,False,False,False,False
BK-01809,Wedding Film,Postponed,False,2023-11-23,6537000.0,515000.0,461000.0,4,1.0,6022000.0,False,False,False,False
BK-01810,Wedding Film,Completed,False,2023-11-23,4874000.0,1536000.0,678000.0,5,1.0,3338000.0,False,False,False,False
BK-01811,Music Video,Completed,False,2023-11-23,14517557.1,223000.0,164000.0,3,1.0,14294557.1,False,False,False,False
BK-01812,Corporate Documentary,Completed,False,2023-11-24,17588000.0,872500.0,799000.0,6,2.0,16715500.0,False,False,False,False
BK-01813,Wedding Film,Completed,False,2023-11-24,4943731.5,314500.0,314500.0,2,1.0,4629231.5,False,False,False,False
BK-01814,Wedding Film,Completed,False,2023-11-25,4220000.0,2138500.0,1565500.0,10,2.0,2081500.0,False,False,False,False
BK-01815,Wedding Film,Completed,False,2023-11-25,7665000.0,3970000.0,3840000.0,23,2.0,3695000.0,False,False,False,False
BK-01816,Commercial / TVC,Completed,False,2023-11-25,16848000.0,324000.0,194000.0,3,1.0,16524000.0,False,False,False,False
BK-01817,Event Coverage,In Production,False,2023-11-25,4417200.0,1095500.0,840500.0,4,2.0,3321700.0,False,False,False,False
BK-01818,Short Film,Completed,False,2023-11-25,11030000.0,562000.0,350000.0,5,1.0,10468000.0,False,False,False,False
BK-01819,Music Video,Completed,False,2023-11-25,14004000.0,1840000.0,1282500.0,12,1.0,12164000.0,False,False,False,False
BK-01820,Unknown,Completed,False,2023-11-26,3779000.0,1160000.0,695000.0,8,1.0,2619000.0,False,False,False,False
BK-01821,Photoshoot,In Production,False,2023-11-26,629000.0,313500.0,187500.0,3,1.0,315500.0,False,False,False,False
BK-01822,Unknown,Completed,False,2023-11-26,3039000.0,403000.0,403000.0,4,1.0,2636000.0,False,False,False,False
BK-01823,Wedding Film,Completed,False,2023-11-26,10532650.0,2784500.0,1936500.0,15,3.0,7748150.0,False,False,False,False
BK-01824,Photoshoot,Invoiced,False,2023-11-27,3360000.0,368500.0,368500.0,2,1.0,2991500.0,False,False,False,False
BK-01825,Wedding Film,Unknown,False,2023-11-27,7157000.0,933000.0,660500.0,5,1.0,6224000.0,False,False,False,False
BK-01826,Event Coverage,Invoiced,False,2023-11-27,2983000.0,1097000.0,523500.0,6,1.0,1886000.0,False,False,False,False
BK-01827,Event Coverage,Invoiced,False,2023-11-27,4563000.0,1595000.0,1338000.0,12,1.0,2968000.0,False,False,False,False
BK-01828,Photoshoot,Completed,False,2023-11-27,1012000.0,501500.0,281500.0,6,1.0,510500.0,False,False,False,False
BK-01829,Photoshoot,Completed,False,2023-11-28,2860000.0,969000.0,882000.0,6,1.0,1891000.0,False,False,False,False
BK-01830,Commercial / TVC,Completed,False,2023-11-28,9390000.0,1261000.0,1117000.0,12,1.0,8129000.0,False,False,False,False
BK-01832,Wedding Film,Completed,False,2023-11-29,3129000.0,543500.0,522500.0,5,1.0,2585500.0,False,False,False,False
BK-01835,Photoshoot,Completed,False,2023-11-29,4207000.0,3312500.0,2998000.0,24,2.0,894500.0,False,False,False,False
BK-01836,Wedding Film,Completed,False,2023-11-29,4010000.0,768000.0,641000.0,5,1.0,3242000.0,False,False,False,False
BK-01837,Wedding Film,Completed,False,2023-11-30,6345000.0,721500.0,498000.0,13,5.0,5623500.0,False,False,False,False
BK-01838,Event Coverage,Completed,False,2023-11-30,3544000.0,742000.0,723500.0,5,1.0,2802000.0,False,False,False,False
BK-01839,Corporate Documentary,Invoiced,False,2023-12-01,11506000.0,1554000.0,1209500.0,9,3.0,9952000.0,False,False,False,False
BK-01840,Music Video,Completed,False,2023-12-01,4651228.66,768500.0,684000.0,4,1.0,3882728.66,False,False,False,False
BK-01841,Wedding Film,Completed,False,2023-12-02,10117000.0,1031500.0,1031500.0,9,3.0,9085500.0,False,False,False,False
BK-01842,Wedding Film,Completed,False,2023-12-02,6531000.0,415000.0,415000.0,2,1.0,6116000.0,False,False,False,False
BK-01843,Wedding Film,Completed,False,2023-12-02,13388706.22,3012500.0,1955000.0,19,5.0,10376206.22,False,False,False,False
BK-01844,Music Video,Completed,False,2023-12-03,10910000.0,2036500.0,1811500.0,12,1.0,8873500.0,False,False,False,False
BK-01845,Event Coverage,Completed,False,2023-12-03,2036554.92,825000.0,419000.0,5,1.0,1211554.92,False,False,False,False
BK-01846,Photoshoot,Completed,False,2023-12-03,784000.0,807500.0,584000.0,4,1.0,-23500.0,True,False,True,False
BK-01847,Short Film,Invoiced,False,2023-12-03,22187000.0,437500.0,437500.0,2,1.0,21749500.0,False,False,False,False
BK-01848,Wedding Film,Postponed,False,2023-12-04,3165000.0,225000.0,225000.0,2,1.0,2940000.0,False,False,False,False
BK-01849,Photoshoot,Completed,False,2023-12-04,2603371.06,145000.0,145000.0,2,1.0,2458371.06,False,False,False,False
BK-01850,Corporate Documentary,Completed,False,2023-12-04,4879800.0,1183000.0,900000.0,8,1.0,3696800.0,False,False,False,False
BK-01851,Studio Rental,In Production,False,2023-12-04,300000.0,697500.0,654000.0,5,1.0,-397500.0,True,True,False,False
BK-01852,Wedding Film,Completed,False,2023-12-04,3143000.0,1326000.0,1326000.0,6,1.0,1817000.0,False,False,False,False
BK-01853,Event Coverage,In Production,False,2023-12-04,2062450.0,1008000.0,937500.0,6,2.0,1054450.0,False,False,False,False
BK-01854,Event Coverage,Completed,False,2023-12-05,3799000.0,1366000.0,988000.0,8,1.0,2433000.0,False,False,False,False
BK-01855,Wedding Film,Postponed,False,2023-12-05,6050000.0,878000.0,878000.0,3,1.0,5172000.0,False,False,False,False
BK-01856,Photoshoot,Completed,False,2023-12-05,6124000.0,2486000.0,2364500.0,12,3.0,3638000.0,False,False,False,False
BK-01857,Wedding Film,Postponed,False,2023-12-05,4775891.93,785000.0,392000.0,8,1.0,3990891.9299999997,False,False,False,False
BK-01858,Event Coverage,Completed,False,2023-12-05,8383305.6,3596500.0,2595500.0,25,5.0,4786805.6,False,False,False,False
BK-01860,Studio Rental,Completed,False,2023-12-06,286360.8,726500.0,395500.0,6,1.0,-440139.2,True,True,False,False
BK-01861,Photoshoot,In Production,False,2023-12-06,1189000.0,1573500.0,1573500.0,10,2.0,-384500.0,True,True,False,False
BK-01862,Corporate Documentary,Postponed,False,2023-12-06,7841000.0,1209000.0,950500.0,8,1.0,6632000.0,False,False,False,False
BK-01863,Studio Rental,Postponed,False,2023-12-07,662000.0,164500.0,77500.0,3,1.0,497500.0,False,False,False,False
BK-01864,Studio Rental,Completed,False,2023-12-07,679281.2,569500.0,346500.0,5,1.0,109781.19999999995,False,False,False,False
BK-01865,Unknown,In Production,False,2023-12-07,3170000.0,1138000.0,921000.0,8,1.0,2032000.0,False,False,False,False
BK-01866,Music Video,Completed,False,2023-12-07,7954000.0,331000.0,280000.0,3,1.0,7623000.0,False,False,False,False
BK-01867,Studio Rental,Completed,False,2023-12-08,1241000.0,1118000.0,1118000.0,6,1.0,123000.0,False,False,False,False
BK-01868,Wedding Film,Completed,False,2023-12-08,2080000.0,1145000.0,960000.0,4,1.0,935000.0,False,False,False,False
BK-01869,Event Coverage,Completed,False,2023-12-08,4434000.0,1441000.0,1441000.0,10,2.0,2993000.0,False,False,False,False
BK-01870,Studio Rental,Completed,False,2023-12-08,1641000.0,2127000.0,1849500.0,12,3.0,-486000.0,True,True,False,False
BK-01871,Event Coverage,Completed,False,2023-12-10,1408000.0,399000.0,263000.0,4,1.0,1009000.0,False,False,False,False
BK-01872,Music Video,Completed,False,2023-12-10,3360150.0,1311500.0,1248000.0,5,1.0,2048650.0,False,False,False,False
BK-01873,Commercial / TVC,Completed,False,2023-12-10,33201000.0,1691000.0,1341500.0,8,1.0,31510000.0,False,False,False,False
BK-01874,Wedding Film,In Production,False,2023-12-10,11241000.0,2954000.0,2817500.0,20,4.0,8287000.0,False,False,False,False
BK-01875,Photoshoot,Completed,False,2023-12-11,699304.07,412000.0,412000.0,3,1.0,287304.06999999995,False,False,False,False
BK-01876,Studio Rental,Completed,False,2023-12-11,523800.0,2378500.0,2114500.0,16,2.0,-1854700.0,True,True,False,False
BK-01877,Commercial / TVC,Completed,False,2023-12-12,53189550.0,612000.0,612000.0,4,2.0,52577550.0,False,False,False,False
BK-01878,Studio Rental,Completed,False,2023-12-12,667845.0,884500.0,728000.0,6,1.0,-216655.0,True,True,False,False
BK-01879,Event Coverage,Completed,False,2023-12-12,6856000.0,3109000.0,2673500.0,16,4.0,3747000.0,False,False,False,False
BK-01881,Event Coverage,In Production,False,2023-12-13,3112000.0,572000.0,572000.0,5,1.0,2540000.0,False,False,False,False
BK-01882,Music Video,Postponed,False,2023-12-13,19346000.0,1151500.0,1049000.0,5,1.0,18194500.0,False,False,False,False
BK-01883,Studio Rental,Completed,False,2023-12-13,1397000.0,1282500.0,1142500.0,8,1.0,114500.0,False,False,False,False
BK-01884,Event Coverage,Postponed,False,2023-12-13,3047000.0,815000.0,557000.0,5,1.0,2232000.0,False,False,False,False
BK-01885,Photoshoot,In Production,False,2023-12-14,2560000.0,869000.0,869000.0,5,1.0,1691000.0,False,False,False,False
BK-01886,Corporate Documentary,Completed,False,2023-12-14,12586000.0,565000.0,322000.0,3,1.0,12021000.0,False,False,False,False
BK-01887,Photoshoot,Completed,False,2023-12-14,3312000.0,2155000.0,1547500.0,12,2.0,1157000.0,False,False,False,False
BK-01888,Event Coverage,Completed,False,2023-12-14,4085912.93,1765000.0,1607000.0,8,2.0,2320912.93,False,False,False,False
BK-01889,Photoshoot,Invoiced,False,2023-12-14,2445000.0,877500.0,818000.0,4,1.0,1567500.0,False,False,False,False
BK-01890,Corporate Documentary,Completed,False,2023-12-15,29038000.0,2395500.0,1561500.0,20,5.0,26642500.0,False,False,False,False
BK-01891,Short Film,Completed,False,2023-12-15,21168000.0,4704500.0,3324500.0,24,2.0,16463500.0,False,False,False,False
BK-01892,Wedding Film,Completed,False,2023-12-16,4160000.0,836500.0,294000.0,5,1.0,3323500.0,False,False,False,False
BK-01893,Unknown,In Production,False,2023-12-16,1399000.0,1716000.0,839500.0,12,3.0,-317000.0,True,False,True,False
BK-01894,Studio Rental,Unknown,False,2023-12-16,789000.0,1726000.0,1280000.0,8,2.0,-937000.0,True,True,False,False
BK-01895,Wedding Film,Completed,False,2023-12-16,6560000.0,2045500.0,986500.0,12,1.0,4514500.0,False,False,False,False
BK-01896,Event Coverage,Completed,False,2023-12-16,1781000.0,699000.0,489000.0,5,1.0,1082000.0,False,False,False,False
BK-01897,Short Film,Completed,False,2023-12-16,4727000.0,721000.0,486500.0,3,1.0,4006000.0,False,False,False,False
BK-01898,Photoshoot,Completed,False,2023-12-17,2222000.0,1714500.0,1435000.0,10,2.0,507500.0,False,False,False,False
BK-01899,Event Coverage,In Production,False,2023-12-17,4352097.6,1127000.0,859000.0,6,1.0,3225097.5999999996,False,False,False,False
BK-01901,Event Coverage,Completed,False,2023-12-17,2450050.0,1781000.0,1781000.0,7,2.0,669050.0,False,False,False,False
BK-01902,Wedding Film,Completed,False,2023-12-18,7574376.8,878000.0,812000.0,8,2.0,6696376.8,False,False,False,False
BK-01903,Wedding Film,Completed,False,2023-12-18,3189000.0,710000.0,598000.0,5,1.0,2479000.0,False,False,False,False
BK-01904,Photoshoot,In Production,False,2023-12-19,2741771.21,663000.0,663000.0,5,1.0,2078771.21,False,False,False,False
BK-01905,Music Video,Completed,False,2023-12-19,11480000.0,569500.0,369500.0,5,1.0,10910500.0,False,False,False,False
BK-01906,Commercial / TVC,Invoiced,False,2023-12-20,25376000.0,615000.0,615000.0,4,1.0,24761000.0,False,False,False,False
BK-01907,Photoshoot,In Production,False,2023-12-20,1750820.63,2310500.0,2274500.0,12,1.0,-559679.3700000001,True,True,False,False
BK-01908,Photoshoot,Invoiced,False,2023-12-21,2905000.0,1114500.0,1114500.0,8,1.0,1790500.0,False,False,False,False
BK-01909,Short Film,Completed,False,2023-12-21,17298000.0,1386000.0,1353000.0,8,1.0,15912000.0,False,False,False,False
BK-01910,Short Film,Completed,False,2023-12-21,18292000.0,1532000.0,1532000.0,7,2.0,16760000.0,False,False,False,False
BK-01911,Event Coverage,Postponed,False,2023-12-22,5359000.0,786500.0,460000.0,9,3.0,4572500.0,False,False,False,False
BK-01913,Wedding Film,Completed,False,2023-12-23,5827000.0,620500.0,247000.0,4,1.0,5206500.0,False,False,False,False
BK-01914,Wedding Film,In Production,False,2023-12-23,6986000.0,1843000.0,1760500.0,12,2.0,5143000.0,False,False,False,False
BK-01915,Photoshoot,Unknown,False,2023-12-23,1652388.1,323500.0,0.0,3,1.0,1328888.1,False,False,False,False
BK-01916,Studio Rental,Postponed,False,2023-12-23,1257300.0,3050000.0,2870500.0,16,2.0,-1792700.0,True,True,False,False
BK-01917,Event Coverage,Invoiced,False,2023-12-23,2196000.0,253000.0,253000.0,2,1.0,1943000.0,False,False,False,False
BK-01918,Wedding Film,Unknown,False,2023-12-23,9829000.0,1054500.0,538000.0,5,2.0,8774500.0,False,False,False,False
BK-01919,Unknown,In Production,False,2023-12-23,3176000.0,793500.0,315000.0,4,1.0,2382500.0,False,False,False,False
BK-01920,Unknown,Completed,False,2023-12-23,14930000.0,734000.0,734000.0,5,1.0,14196000.0,False,False,False,False
BK-01921,Music Video,Completed,False,2023-12-23,14524000.0,1563500.0,1563500.0,10,2.0,12960500.0,False,False,False,False
BK-01922,Music Video,Completed,False,2023-12-24,9961000.0,936500.0,876500.0,8,2.0,9024500.0,False,False,False,False
BK-01924,Event Coverage,Invoiced,False,2023-12-24,1905700.0,476000.0,285500.0,3,1.0,1429700.0,False,False,False,False
BK-01925,Unknown,Completed,False,2023-12-24,1450000.0,248000.0,248000.0,2,1.0,1202000.0,False,False,False,False
BK-01926,Studio Rental,In Production,False,2023-12-24,268000.0,1276000.0,1148000.0,8,2.0,-1008000.0,True,True,False,False
BK-01927,Photoshoot,Completed,False,2023-12-24,1660000.0,794500.0,489500.0,6,1.0,865500.0,False,False,False,False
BK-01928,Event Coverage,In Production,False,2023-12-25,2674000.0,813500.0,783000.0,8,1.0,1860500.0,False,False,False,False
BK-01929,Event Coverage,Completed,False,2023-12-25,1127000.0,223000.0,162000.0,3,1.0,904000.0,False,False,False,False
BK-01930,Event Coverage,Completed,False,2023-12-25,3829000.0,636000.0,242000.0,6,2.0,3193000.0,False,False,False,False
BK-01931,Photoshoot,Completed,False,2023-12-25,1949000.0,1590000.0,1504500.0,12,1.0,359000.0,False,False,False,False
BK-01933,Music Video,Completed,False,2023-12-26,21987189.7,4321500.0,4321500.0,15,3.0,17665689.7,False,False,False,False
BK-01935,Studio Rental,Completed,False,2023-12-26,1240000.0,3358000.0,2352500.0,23,4.0,-2118000.0,True,True,False,False
BK-01936,Studio Rental,Invoiced,False,2023-12-26,1834236.38,700000.0,608000.0,8,2.0,1134236.38,False,False,False,False
BK-01937,Wedding Film,Completed,False,2023-12-26,5893200.0,217000.0,217000.0,2,1.0,5676200.0,False,False,False,False
BK-01939,Photoshoot,Completed,False,2023-12-27,922450.0,202000.0,189500.0,2,1.0,720450.0,False,False,False,False
BK-01940,Photoshoot,In Production,False,2023-12-27,3707000.0,306000.0,306000.0,3,2.0,3401000.0,False,False,False,False
BK-01941,Music Video,Completed,False,2023-12-27,7449000.0,3006500.0,2036500.0,18,3.0,4442500.0,False,False,False,False
BK-01942,Music Video,Completed,False,2023-12-28,12052000.0,615000.0,615000.0,2,1.0,11437000.0,False,False,False,False
BK-01943,Wedding Film,Unknown,False,2023-12-29,5535000.0,396000.0,339000.0,2,1.0,5139000.0,False,False,False,False
BK-01944,Wedding Film,Invoiced,False,2023-12-29,2087000.0,773000.0,549500.0,4,1.0,1314000.0,False,False,False,False
BK-01945,Wedding Film,Completed,False,2023-12-29,4994880.8,941500.0,625000.0,8,1.0,4053380.8,False,False,False,False
BK-01946,Music Video,Completed,False,2023-12-29,7239946.56,874500.0,351000.0,4,1.0,6365446.56,False,False,False,False
BK-01947,Music Video,Completed,False,2023-12-29,13834000.0,766000.0,303500.0,3,1.0,13068000.0,False,False,False,False
BK-01948,Photoshoot,Completed,False,2023-12-29,938598.48,522000.0,522000.0,3,1.0,416598.48,False,False,False,False
BK-01949,Unknown,Completed,False,2023-12-30,61914000.0,707500.0,445000.0,4,2.0,61206500.0,False,False,False,False
BK-01950,Event Coverage,Completed,False,2023-12-30,3470000.0,1665500.0,1665500.0,6,1.0,1804500.0,False,False,False,False
BK-01951,Corporate Documentary,Completed,False,2023-12-30,6991364.7,720000.0,720000.0,4,1.0,6271364.7,False,False,False,False
BK-01953,Music Video,Completed,False,2023-12-31,18724000.0,304000.0,304000.0,2,1.0,18420000.0,False,False,False,False
BK-01954,Corporate Documentary,Completed,False,2023-12-31,14869000.0,1365500.0,1365500.0,8,2.0,13503500.0,False,False,False,False
BK-01955,Photoshoot,Completed,False,2023-12-31,3646000.0,1405500.0,1337000.0,8,2.0,2240500.0,False,False,False,False
BK-01956,Photoshoot,Completed,False,2023-12-31,1588000.0,844500.0,844500.0,4,2.0,743500.0,False,False,False,False
BK-01957,Studio Rental,Completed,False,2023-12-31,1392000.0,2440500.0,2360500.0,12,1.0,-1048500.0,True,True,False,False
BK-01958,Wedding Film,Completed,False,2023-12-31,7373000.0,337500.0,337500.0,2,1.0,7035500.0,False,False,False,False
BK-01959,Photoshoot,Completed,False,2024-01-01,2639000.0,548500.0,548500.0,3,1.0,2090500.0,False,False,False,False
BK-01960,Music Video,In Production,False,2024-01-01,15195450.0,634000.0,554000.0,3,1.0,14561450.0,False,False,False,False
BK-01961,Wedding Film,Completed,False,2024-01-01,5190000.0,1710500.0,1633000.0,10,2.0,3479500.0,False,False,False,False
BK-01962,Commercial / TVC,Completed,False,2024-01-06,9112000.0,355500.0,355500.0,2,1.0,8756500.0,False,False,False,False
BK-01963,Photoshoot,Invoiced,False,2024-01-10,2451000.0,590500.0,503500.0,4,1.0,1860500.0,False,False,False,False
BK-01965,Corporate Documentary,Completed,False,2024-01-12,7818720.0,435000.0,411000.0,4,1.0,7383720.0,False,False,False,False
BK-01966,Studio Rental,Invoiced,False,2024-01-12,1466010.0,4792000.0,4545000.0,36,3.0,-3325990.0,True,True,False,False
BK-01967,Studio Rental,Completed,False,2024-01-13,1597000.0,1256000.0,1256000.0,4,2.0,341000.0,False,False,False,False
BK-01968,Corporate Documentary,Completed,False,2024-01-15,15169000.0,1882000.0,1882000.0,12,1.0,13287000.0,False,False,False,False
BK-01969,Event Coverage,Completed,False,2024-01-16,3323022.01,332500.0,332500.0,2,1.0,2990522.01,False,False,False,False
BK-01970,Commercial / TVC,Completed,False,2024-01-16,25004918.08,328500.0,328500.0,3,1.0,24676418.08,False,False,False,False
BK-01971,Photoshoot,Completed,False,2024-01-18,3277000.0,390000.0,365500.0,3,1.0,2887000.0,False,False,False,False
BK-01972,Corporate Documentary,Postponed,False,2024-01-19,11707000.0,953000.0,953000.0,4,1.0,10754000.0,False,False,False,False
BK-01973,Photoshoot,In Production,False,2024-01-19,637000.0,1209000.0,1209000.0,5,1.0,-572000.0,True,True,False,False
BK-01974,Studio Rental,Invoiced,False,2024-01-21,799200.0,303500.0,303500.0,3,1.0,495700.0,False,False,False,False
BK-01975,Corporate Documentary,Completed,False,2024-01-27,12369000.0,545000.0,531500.0,5,1.0,11824000.0,False,False,False,False
BK-01976,Event Coverage,Completed,False,2024-01-28,1156000.0,461000.0,461000.0,4,2.0,695000.0,False,False,False,False
BK-01977,Commercial / TVC,In Production,False,2024-01-28,8900676.3,503000.0,503000.0,2,1.0,8397676.3,False,False,False,False
BK-01978,Wedding Film,Completed,False,2024-01-28,2360000.0,550000.0,520500.0,5,1.0,1810000.0,False,False,False,False
BK-01979,Music Video,Completed,False,2024-01-28,9538209.75,426000.0,426000.0,3,1.0,9112209.75,False,False,False,False
BK-01980,Event Coverage,Postponed,False,2024-01-31,942000.0,934500.0,934500.0,4,1.0,7500.0,False,False,False,False
BK-01981,Wedding Film,Completed,False,2024-01-31,5669600.0,1088500.0,1088500.0,6,2.0,4581100.0,False,False,False,False
BK-01982,Short Film,In Production,False,2024-01-31,16391000.0,993500.0,993500.0,3,1.0,15397500.0,False,False,False,False
BK-01984,Event Coverage,Completed,False,2024-02-02,4326000.0,389000.0,389000.0,3,1.0,3937000.0,False,False,False,False
BK-01985,Commercial / TVC,In Production,False,2024-02-02,24930000.0,2079500.0,1865000.0,16,2.0,22850500.0,False,False,False,False
BK-01986,Music Video,Completed,False,2024-02-02,18398000.0,612500.0,372000.0,4,1.0,17785500.0,False,False,False,False
BK-01987,Unknown,Completed,False,2024-02-04,2662200.0,557000.0,417000.0,3,1.0,2105200.0,False,False,False,False
BK-01988,Commercial / TVC,Completed,False,2024-02-06,17698000.0,429000.0,135000.0,4,1.0,17269000.0,False,False,False,False
BK-01989,Commercial / TVC,Completed,False,2024-02-06,47457000.0,1421500.0,1127500.0,6,1.0,46035500.0,False,False,False,False
BK-01990,Corporate Documentary,Completed,False,2024-02-06,10490000.0,1347000.0,1177500.0,9,3.0,9143000.0,False,False,False,False
BK-01991,Photoshoot,Completed,False,2024-02-08,1605500.0,1684500.0,1599500.0,11,1.0,-79000.0,True,False,True,False
BK-01992,Commercial / TVC,Completed,False,2024-02-09,27737000.0,1949000.0,1949000.0,11,1.0,25788000.0,False,False,False,False
BK-01993,Studio Rental,Completed,False,2024-02-09,961000.0,628000.0,628000.0,5,1.0,333000.0,False,False,False,False
BK-01994,Short Film,Completed,False,2024-02-10,19839800.0,808000.0,808000.0,4,2.0,19031800.0,False,False,False,False
BK-01995,Event Coverage,Completed,False,2024-02-10,3745000.0,441500.0,441500.0,3,1.0,3303500.0,False,False,False,False
BK-01996,Wedding Film,Postponed,False,2024-02-10,3284000.0,1199500.0,1199500.0,4,1.0,2084500.0,False,False,False,False
BK-01997,Studio Rental,Postponed,False,2024-02-12,430000.0,1691500.0,1538500.0,8,1.0,-1261500.0,True,True,False,False
BK-01998,Event Coverage,Completed,False,2024-02-12,6742000.0,2361000.0,2208000.0,15,3.0,4381000.0,False,False,False,False
BK-01999,Studio Rental,Completed,False,2024-02-13,1616000.0,803000.0,714500.0,4,1.0,813000.0,False,False,False,False
BK-02000,Photoshoot,Completed,False,2024-02-14,1030000.0,1717000.0,1630000.0,8,2.0,-687000.0,True,True,False,False
BK-02001,Event Coverage,Postponed,False,2024-02-14,4683851.2,715000.0,578500.0,5,1.0,3968851.2,False,False,False,False
BK-02002,Music Video,Completed,False,2024-02-14,8355000.0,985500.0,985500.0,2,1.0,7369500.0,False,False,False,False
BK-02003,Photoshoot,Completed,False,2024-02-15,3386000.0,1461000.0,1461000.0,8,1.0,1925000.0,False,False,False,False
BK-02004,Photoshoot,Completed,False,2024-02-15,6518000.0,1324000.0,1120000.0,12,4.0,5194000.0,False,False,False,False
BK-02005,Unknown,Postponed,False,2024-02-15,7502582.55,434000.0,374000.0,3,1.0,7068582.55,False,False,False,False
BK-02006,Commercial / TVC,Completed,False,2024-02-18,34030000.0,1404500.0,1404500.0,7,2.0,32625500.0,False,False,False,False
BK-02007,Corporate Documentary,In Production,False,2024-02-18,10095411.9,350000.0,350000.0,4,1.0,9745411.9,False,False,False,False
BK-02008,Commercial / TVC,Completed,False,2024-02-18,33319000.0,205500.0,205500.0,2,1.0,33113500.0,False,False,False,False
BK-02009,Wedding Film,Completed,False,2024-02-18,3895000.0,540000.0,540000.0,4,1.0,3355000.0,False,False,False,False
BK-02010,Photoshoot,Completed,False,2024-02-20,2029000.0,758500.0,758500.0,5,1.0,1270500.0,False,False,False,False
BK-02011,Wedding Film,Completed,False,2024-02-22,2510000.0,883000.0,883000.0,5,1.0,1627000.0,False,False,False,False
BK-02012,Music Video,Completed,False,2024-02-23,11195000.0,1145500.0,1145500.0,6,1.0,10049500.0,False,False,False,False
BK-02013,Photoshoot,Completed,False,2024-02-23,1353000.0,2071500.0,2071500.0,14,2.0,-718500.0,True,True,False,False
BK-02014,Studio Rental,Completed,False,2024-02-24,997000.0,697500.0,697500.0,4,1.0,299500.0,False,False,False,False
BK-02015,Music Video,In Production,False,2024-02-24,3130000.0,1668500.0,1385000.0,11,1.0,1461500.0,False,False,False,False
BK-02016,Photoshoot,Completed,False,2024-02-24,4454055.9,959000.0,835000.0,8,1.0,3495055.9000000004,False,False,False,False
BK-02017,Wedding Film,Completed,False,2024-02-25,4830000.0,1356000.0,1356000.0,12,2.0,3474000.0,False,False,False,False
BK-02018,Event Coverage,Completed,False,2024-02-27,2825000.0,619000.0,619000.0,6,1.0,2206000.0,False,False,False,False
BK-02019,Event Coverage,Completed,False,2024-02-27,3288671.3,636000.0,636000.0,5,1.0,2652671.3,False,False,False,False
BK-02021,Photoshoot,Completed,False,2024-02-28,1751000.0,1759000.0,1349000.0,9,2.0,-8000.0,True,False,True,False
BK-02022,Event Coverage,Invoiced,False,2024-02-28,2577000.0,463000.0,463000.0,4,1.0,2114000.0,False,False,False,False
BK-02023,Unknown,Completed,False,2024-02-29,267687.2,1443000.0,1033000.0,6,1.0,-1175312.8,True,True,False,False
BK-02024,Short Film,Completed,False,2024-02-29,20621000.0,286500.0,165000.0,2,1.0,20334500.0,False,False,False,False
BK-02025,Wedding Film,Completed,False,2024-03-01,5332000.0,1088500.0,1021500.0,6,1.0,4243500.0,False,False,False,False
BK-02026,Photoshoot,Completed,False,2024-03-01,2319000.0,775500.0,775500.0,6,1.0,1543500.0,False,False,False,False
BK-02027,Photoshoot,Postponed,False,2024-03-02,4476230.62,747000.0,603500.0,4,1.0,3729230.62,False,False,False,False
BK-02029,Unknown,Completed,False,2024-03-04,7391000.0,1727000.0,1663000.0,10,2.0,5664000.0,False,False,False,False
BK-02030,Music Video,Completed,False,2024-03-04,14423000.0,666000.0,666000.0,4,1.0,13757000.0,False,False,False,False
BK-02031,Event Coverage,Postponed,False,2024-03-05,2508000.0,2585000.0,2585000.0,8,2.0,-77000.0,True,True,False,False
BK-02032,Event Coverage,Completed,False,2024-03-05,5153000.0,830000.0,830000.0,5,1.0,4323000.0,False,False,False,False
BK-02034,Wedding Film,Invoiced,False,2024-03-06,6954000.0,1407500.0,1149500.0,10,2.0,5546500.0,False,False,False,False
BK-02035,Photoshoot,Completed,False,2024-03-07,549000.0,551000.0,472000.0,5,1.0,-2000.0,True,False,True,False
BK-02036,Music Video,Unknown,False,2024-03-07,11809000.0,1227500.0,897000.0,8,2.0,10581500.0,False,False,False,False
BK-02037,Wedding Film,Completed,False,2024-03-08,4798180.41,630000.0,614000.0,5,1.0,4168180.41,False,False,False,False
BK-02038,Photoshoot,In Production,False,2024-03-08,3494794.9,1833000.0,1706000.0,12,2.0,1661794.9,False,False,False,False
BK-02039,Studio Rental,In Production,False,2024-03-09,249000.0,2291500.0,1595000.0,12,1.0,-2042500.0,True,True,False,False
BK-02040,Commercial / TVC,Completed,False,2024-03-09,40930000.0,1212500.0,618000.0,6,2.0,39717500.0,False,False,False,False
BK-02041,Unknown,Postponed,False,2024-03-09,37996000.0,1171000.0,741000.0,12,3.0,36825000.0,False,False,False,False
BK-02042,Music Video,Completed,False,2024-03-10,9773234.58,653500.0,600000.0,6,1.0,9119734.58,False,False,False,False
BK-02043,Commercial / TVC,Completed,False,2024-03-10,24730000.0,1039000.0,667000.0,8,1.0,23691000.0,False,False,False,False
BK-02044,Studio Rental,Completed,False,2024-03-10,1465000.0,775500.0,475500.0,6,1.0,689500.0,False,False,False,False
BK-02045,Photoshoot,Completed,False,2024-03-11,3777520.64,674500.0,387500.0,5,1.0,3103020.64,False,False,False,False
BK-02046,Photoshoot,Completed,False,2024-03-11,6646000.0,1881000.0,1759000.0,14,5.0,4765000.0,False,False,False,False
BK-02047,Music Video,Completed,False,2024-03-12,8491000.0,540000.0,540000.0,5,1.0,7951000.0,False,False,False,False
BK-02049,Unknown,Unknown,False,2024-03-12,24607000.0,192500.0,192500.0,2,1.0,24414500.0,False,False,False,False
BK-02051,Event Coverage,Invoiced,False,2024-03-13,1311868.1,455000.0,455000.0,3,1.0,856868.1000000001,False,False,False,False
BK-02052,Music Video,Completed,False,2024-03-14,6633900.0,656500.0,656500.0,4,1.0,5977400.0,False,False,False,False
BK-02053,Music Video,Completed,False,2024-03-14,9046000.0,1076000.0,997000.0,6,1.0,7970000.0,False,False,False,False
BK-02054,Wedding Film,Invoiced,False,2024-03-15,3400050.0,1026500.0,959000.0,10,2.0,2373550.0,False,False,False,False
BK-02055,Event Coverage,Completed,False,2024-03-15,2599342.2,958000.0,804000.0,4,1.0,1641342.2000000002,False,False,False,False
BK-02056,Music Video,Invoiced,False,2024-03-15,11366964.7,1156000.0,1043000.0,8,1.0,10210964.7,False,False,False,False
BK-02057,Photoshoot,Invoiced,False,2024-03-15,1810000.0,584000.0,584000.0,3,1.0,1226000.0,False,False,False,False
BK-02058,Unknown,Completed,False,2024-03-17,20571000.0,571500.0,571500.0,5,1.0,19999500.0,False,False,False,False
BK-02059,Music Video,Completed,False,2024-03-18,9490000.0,646000.0,646000.0,3,1.0,8844000.0,False,False,False,False
BK-02060,Studio Rental,Completed,False,2024-03-18,1435000.0,1293000.0,1293000.0,5,1.0,142000.0,False,False,False,False
BK-02062,Event Coverage,Completed,False,2024-03-20,5359268.4,1703000.0,1645500.0,8,1.0,3656268.4000000004,False,False,False,False
BK-02063,Short Film,Completed,False,2024-03-21,26824300.0,3012500.0,2810500.0,15,2.0,23811800.0,False,False,False,False
BK-02065,Wedding Film,Postponed,False,2024-03-22,11513050.0,1494500.0,1134500.0,12,4.0,10018550.0,False,False,False,False
BK-02066,Photoshoot,Completed,False,2024-03-22,2301563.0,691000.0,691000.0,5,1.0,1610563.0,False,False,False,False
BK-02067,Photoshoot,Completed,False,2024-03-23,2272000.0,871500.0,503500.0,4,1.0,1400500.0,False,False,False,False
BK-02068,Event Coverage,Completed,False,2024-03-23,3908000.0,700500.0,700500.0,4,1.0,3207500.0,False,False,False,False
BK-02069,Wedding Film,Completed,False,2024-03-23,6383281.2,4060000.0,3576000.0,18,3.0,2323281.2,False,False,False,False
BK-02071,Unknown,Completed,False,2024-03-23,3448000.0,183500.0,183500.0,3,1.0,3264500.0,False,False,False,False
BK-02072,Event Coverage,Completed,False,2024-03-23,858000.0,333500.0,213500.0,3,1.0,524500.0,False,False,False,False
BK-02073,Photoshoot,Completed,False,2024-03-24,7731000.0,3568500.0,3154500.0,25,5.0,4162500.0,False,False,False,False
BK-02074,Photoshoot,Completed,False,2024-03-24,2749000.0,1380500.0,1380500.0,8,1.0,1368500.0,False,False,False,False
BK-02075,Event Coverage,Postponed,False,2024-03-24,1453500.0,1022000.0,969000.0,5,1.0,431500.0,False,False,False,False
BK-02076,Photoshoot,Postponed,False,2024-03-25,691000.0,873500.0,702500.0,8,1.0,-182500.0,True,True,False,False
BK-02077,Music Video,Completed,False,2024-03-25,17633278.08,416000.0,118000.0,3,1.0,17217278.08,False,False,False,False
BK-02078,Photoshoot,In Production,False,2024-03-25,705000.0,1223000.0,1223000.0,6,1.0,-518000.0,True,True,False,False
BK-02079,Music Video,Invoiced,False,2024-03-26,11561000.0,651000.0,651000.0,4,1.0,10910000.0,False,False,False,False
BK-02080,Music Video,In Production,False,2024-03-26,21110000.0,382000.0,212000.0,4,1.0,20728000.0,False,False,False,False
BK-02082,Photoshoot,Completed,False,2024-03-28,724947.66,1263500.0,1050500.0,8,1.0,-538552.34,True,True,False,False
BK-02083,Event Coverage,Invoiced,False,2024-03-30,5026000.0,360000.0,360000.0,3,1.0,4666000.0,False,False,False,False
BK-02084,Wedding Film,Completed,False,2024-03-30,4356000.0,2112000.0,1742000.0,12,1.0,2244000.0,False,False,False,False
BK-02085,Photoshoot,Unknown,False,2024-03-30,9616355.6,3611500.0,3344500.0,23,4.0,6004855.6,False,False,False,False
BK-02086,Commercial / TVC,Completed,False,2024-04-01,32710000.0,334500.0,310000.0,3,1.0,32375500.0,False,False,False,False
BK-02087,Photoshoot,Invoiced,False,2024-04-01,2957000.0,1056500.0,1056500.0,5,1.0,1900500.0,False,False,False,False
BK-02088,Wedding Film,Completed,False,2024-04-02,13048014.52,3325500.0,3325500.0,16,2.0,9722514.52,False,False,False,False
BK-02089,Wedding Film,Completed,False,2024-04-03,3864600.0,1375500.0,1295500.0,8,2.0,2489100.0,False,False,False,False
BK-02090,Photoshoot,Completed,False,2024-04-03,2328450.0,1606000.0,1433500.0,10,2.0,722450.0,False,False,False,False
BK-02091,Event Coverage,Completed,False,2024-04-04,6566000.0,1637000.0,1376000.0,16,2.0,4929000.0,False,False,False,False
BK-02092,Unknown,In Production,False,2024-04-05,3959507.52,454500.0,454500.0,2,1.0,3505007.52,False,False,False,False
BK-02093,Event Coverage,Completed,False,2024-04-05,4397000.0,1154500.0,848500.0,8,2.0,3242500.0,False,False,False,False
BK-02094,Short Film,Completed,False,2024-04-05,20411000.0,860500.0,860500.0,5,1.0,19550500.0,False,False,False,False
BK-02095,Wedding Film,Completed,False,2024-04-06,6396000.0,820500.0,820500.0,4,1.0,5575500.0,False,False,False,False
BK-02096,Photoshoot,Postponed,False,2024-04-06,2670000.0,974500.0,937500.0,5,1.0,1695500.0,False,False,False,False
BK-02097,Photoshoot,Unknown,False,2024-04-06,3731000.0,1292500.0,845000.0,8,1.0,2438500.0,False,False,False,False
BK-02098,Music Video,Completed,False,2024-04-06,14230000.0,881500.0,881500.0,8,2.0,13348500.0,False,False,False,False
BK-02099,Event Coverage,Postponed,False,2024-04-06,5059370.72,1092500.0,1055500.0,7,1.0,3966870.7199999997,False,False,False,False
BK-02100,Event Coverage,Completed,False,2024-04-06,5338000.0,802500.0,676500.0,5,1.0,4535500.0,False,False,False,False
BK-02101,Photoshoot,Invoiced,False,2024-04-06,1183000.0,1268000.0,1144000.0,8,2.0,-85000.0,True,False,True,False
BK-02102,Wedding Film,Invoiced,False,2024-04-06,4334000.0,1024000.0,888000.0,6,3.0,3310000.0,False,False,False,False
BK-02103,Studio Rental,Completed,False,2024-04-07,837000.0,5378000.0,4550000.0,19,4.0,-4541000.0,True,True,False,False
BK-02104,Corporate Documentary,Completed,False,2024-04-08,13414000.0,433000.0,433000.0,3,1.0,12981000.0,False,False,False,False
BK-02105,Unknown,Postponed,False,2024-04-08,197000.0,823500.0,823500.0,5,1.0,-626500.0,True,True,False,False
BK-02106,Corporate Documentary,Completed,False,2024-04-09,6965092.17,195500.0,195500.0,2,1.0,6769592.17,False,False,False,False
BK-02108,Short Film,Completed,False,2024-04-09,11763000.0,596500.0,205000.0,3,1.0,11166500.0,False,False,False,False
BK-02110,Commercial / TVC,Invoiced,False,2024-04-10,107039000.0,2471000.0,2233000.0,19,4.0,104568000.0,False,False,False,False
BK-02111,Commercial / TVC,Completed,False,2024-04-11,36258000.0,589000.0,589000.0,4,1.0,35669000.0,False,False,False,False
BK-02112,Photoshoot,Invoiced,False,2024-04-11,2110000.0,1027000.0,950000.0,4,1.0,1083000.0,False,False,False,False
BK-02113,Studio Rental,Completed,False,2024-04-11,182000.0,464000.0,424000.0,5,1.0,-282000.0,True,True,False,False
BK-02114,Music Video,Completed,False,2024-04-12,20841000.0,739000.0,739000.0,4,1.0,20102000.0,False,False,False,False
BK-02115,Studio Rental,Completed,False,2024-04-13,504000.0,1227500.0,417000.0,5,1.0,-723500.0,True,False,True,False
BK-02116,Studio Rental,Completed,False,2024-04-13,857000.0,1442000.0,1121500.0,8,1.0,-585000.0,True,True,False,False
BK-02117,Commercial / TVC,Invoiced,False,2024-04-13,50350000.0,1707000.0,1100000.0,8,1.0,48643000.0,False,False,False,False
BK-02118,Photoshoot,In Production,False,2024-04-13,2506000.0,574000.0,365000.0,4,1.0,1932000.0,False,False,False,False
BK-02119,Studio Rental,Completed,False,2024-04-13,649000.0,680000.0,27000.0,4,1.0,-31000.0,True,False,True,False
BK-02120,Corporate Documentary,Postponed,False,2024-04-13,22057838.26,313500.0,313500.0,5,1.0,21744338.26,False,False,False,False
BK-02121,Music Video,Invoiced,False,2024-04-13,8361000.0,648500.0,427000.0,2,1.0,7712500.0,False,False,False,False
BK-02122,Studio Rental,In Production,False,2024-04-13,764000.0,634500.0,468500.0,4,1.0,129500.0,False,False,False,False
BK-02123,Corporate Documentary,Completed,False,2024-04-14,14265000.0,960000.0,826500.0,6,1.0,13305000.0,False,False,False,False
BK-02124,Event Coverage,Completed,False,2024-04-14,6799000.0,3342000.0,3128000.0,24,3.0,3457000.0,False,False,False,False
BK-02125,Wedding Film,Invoiced,False,2024-04-14,4660000.0,1330500.0,1330500.0,6,1.0,3329500.0,False,False,False,False
BK-02127,Studio Rental,Completed,False,2024-04-15,223200.0,423000.0,423000.0,5,1.0,-199800.0,True,True,False,False
BK-02128,Event Coverage,Unknown,False,2024-04-16,3798000.0,1171000.0,1171000.0,8,2.0,2627000.0,False,False,False,False
BK-02129,Wedding Film,Completed,False,2024-04-16,5328000.0,706500.0,627500.0,4,1.0,4621500.0,False,False,False,False
BK-02130,Commercial / TVC,Invoiced,False,2024-04-16,34152000.0,1346000.0,1248500.0,10,2.0,32806000.0,False,False,False,False
BK-02131,Photoshoot,Completed,False,2024-04-17,3360292.2,325000.0,325000.0,2,1.0,3035292.2,False,False,False,False
BK-02132,Short Film,In Production,False,2024-04-18,9532000.0,1223500.0,1034500.0,8,1.0,8308500.0,False,False,False,False
BK-02133,Studio Rental,Completed,False,2024-04-18,1670000.0,1492500.0,1288500.0,10,2.0,177500.0,False,False,False,False
BK-02134,Photoshoot,Completed,False,2024-04-18,2229000.0,1137500.0,990000.0,6,1.0,1091500.0,False,False,False,False
BK-02135,Studio Rental,Completed,False,2024-04-19,642200.0,1790500.0,1722000.0,10,2.0,-1148300.0,True,True,False,False
BK-02136,Music Video,In Production,False,2024-04-20,18857700.0,894000.0,779000.0,8,2.0,17963700.0,False,False,False,False
BK-02137,Unknown,Completed,False,2024-04-21,23630850.0,1677500.0,1493000.0,8,2.0,21953350.0,False,False,False,False
BK-02138,Wedding Film,Completed,False,2024-04-22,3195000.0,1138000.0,1138000.0,6,2.0,2057000.0,False,False,False,False
BK-02139,Corporate Documentary,Completed,False,2024-04-22,15583000.0,1448000.0,1448000.0,8,2.0,14135000.0,False,False,False,False
BK-02140,Music Video,Completed,False,2024-04-22,8688944.12,456000.0,456000.0,2,1.0,8232944.119999999,False,False,False,False
BK-02141,Studio Rental,Completed,False,2024-04-22,1036000.0,930000.0,820500.0,6,1.0,106000.0,False,False,False,False
BK-02142,Music Video,Completed,False,2024-04-23,21105000.0,403000.0,403000.0,2,1.0,20702000.0,False,False,False,False
BK-02143,Unknown,Invoiced,False,2024-04-23,2288000.0,548000.0,477500.0,5,1.0,1740000.0,False,False,False,False
BK-02144,Music Video,Postponed,False,2024-04-23,10265000.0,1015500.0,941500.0,6,3.0,9249500.0,False,False,False,False
BK-02145,Studio Rental,Completed,False,2024-04-24,949000.0,4140500.0,3092000.0,24,2.0,-3191500.0,True,True,False,False
BK-02146,Corporate Documentary,Invoiced,False,2024-04-24,4061000.0,821500.0,794500.0,5,1.0,3239500.0,False,False,False,False
BK-02147,Commercial / TVC,Completed,False,2024-04-25,10041000.0,1978500.0,1634500.0,12,1.0,8062500.0,False,False,False,False
BK-02148,Wedding Film,Completed,False,2024-04-25,4541000.0,1005000.0,790500.0,4,1.0,3536000.0,False,False,False,False
BK-02149,Event Coverage,Completed,False,2024-04-25,891000.0,1262500.0,535500.0,8,1.0,-371500.0,True,False,True,False
BK-02151,Short Film,Completed,False,2024-04-29,4747000.0,460500.0,460500.0,4,1.0,4286500.0,False,False,False,False
BK-02153,Short Film,Completed,False,2024-04-30,13999000.0,1543500.0,1472500.0,12,1.0,12455500.0,False,False,False,False
BK-02154,Event Coverage,Completed,False,2024-04-30,3540000.0,392000.0,392000.0,2,1.0,3148000.0,False,False,False,False
BK-02155,Music Video,Completed,False,2024-04-30,15737000.0,508500.0,508500.0,4,1.0,15228500.0,False,False,False,False
BK-02156,Corporate Documentary,Completed,False,2024-05-01,13996000.0,1364000.0,1206000.0,8,1.0,12632000.0,False,False,False,False
BK-02157,Studio Rental,In Production,False,2024-05-01,341000.0,789500.0,631500.0,5,1.0,-448500.0,True,True,False,False
BK-02158,Unknown,Completed,False,2024-05-02,6749000.0,909000.0,763000.0,6,1.0,5840000.0,False,False,False,False
BK-02159,Wedding Film,In Production,False,2024-05-02,2432000.0,1002000.0,986000.0,8,1.0,1430000.0,False,False,False,False
BK-02160,Wedding Film,Completed,False,2024-05-02,4852000.0,1060500.0,826500.0,4,1.0,3791500.0,False,False,False,False
BK-02161,Commercial / TVC,Completed,False,2024-05-02,33740000.0,746500.0,746500.0,6,1.0,32993500.0,False,False,False,False
BK-02163,Photoshoot,Completed,False,2024-05-03,7413077.46,4176500.0,3776000.0,20,4.0,3236577.46,False,False,False,False
BK-02164,Music Video,Postponed,False,2024-05-04,11704000.0,506000.0,506000.0,4,1.0,11198000.0,False,False,False,False
BK-02165,Commercial / TVC,Completed,False,2024-05-04,14092705.56,1812000.0,1545000.0,8,1.0,12280705.56,False,False,False,False
BK-02167,Photoshoot,Completed,False,2024-05-05,2278000.0,1620500.0,1620500.0,10,2.0,657500.0,False,False,False,False
BK-02168,Wedding Film,Completed,False,2024-05-06,2536000.0,295000.0,263000.0,4,1.0,2241000.0,False,False,False,False
BK-02169,Unknown,Completed,False,2024-05-07,5906000.0,1206500.0,1206500.0,6,1.0,4699500.0,False,False,False,False
BK-02170,Wedding Film,Postponed,False,2024-05-08,4026000.0,777000.0,677500.0,5,1.0,3249000.0,False,False,False,False
BK-02171,Wedding Film,Completed,False,2024-05-08,10450000.0,1470000.0,734000.0,4,2.0,8980000.0,False,False,False,False
BK-02172,Wedding Film,Completed,False,2024-05-09,8088766.77,546500.0,362500.0,5,1.0,7542266.77,False,False,False,False
BK-02173,Photoshoot,Completed,False,2024-05-09,708300.0,497000.0,497000.0,4,1.0,211300.0,False,False,False,False
BK-02174,Corporate Documentary,Completed,False,2024-05-10,10751000.0,2343000.0,2102000.0,20,5.0,8408000.0,False,False,False,False
BK-02175,Photoshoot,Completed,False,2024-05-11,855000.0,992000.0,887000.0,6,2.0,-137000.0,True,True,False,False
BK-02176,Event Coverage,Postponed,False,2024-05-12,4629000.0,534000.0,534000.0,4,1.0,4095000.0,False,False,False,False
BK-02177,Photoshoot,Invoiced,False,2024-05-12,2772030.25,901000.0,901000.0,6,1.0,1871030.25,False,False,False,False
BK-02178,Wedding Film,Completed,False,2024-05-12,4453000.0,635000.0,556000.0,5,1.0,3818000.0,False,False,False,False
BK-02179,Event Coverage,Completed,False,2024-05-12,1690000.0,331000.0,331000.0,3,1.0,1359000.0,False,False,False,False
BK-02180,Studio Rental,Completed,False,2024-05-13,264100.0,1403000.0,1223000.0,8,1.0,-1138900.0,True,True,False,False
BK-02181,Event Coverage,Completed,False,2024-05-13,5387000.0,832000.0,660000.0,8,2.0,4555000.0,False,False,False,False
BK-02186,Photoshoot,Completed,False,2024-05-15,1121000.0,879500.0,780000.0,5,1.0,241500.0,False,False,False,False
BK-02187,Music Video,Completed,False,2024-05-16,13675000.0,1177500.0,1112500.0,8,2.0,12497500.0,False,False,False,False
BK-02188,Wedding Film,In Production,False,2024-05-17,7264000.0,862500.0,785500.0,5,1.0,6401500.0,False,False,False,False
BK-02189,Corporate Documentary,Completed,False,2024-05-17,17398588.8,918500.0,853500.0,10,2.0,16480088.8,False,False,False,False
BK-02190,Unknown,In Production,False,2024-05-17,12523000.0,388500.0,234500.0,4,1.0,12134500.0,False,False,False,False
BK-02191,Music Video,Completed,False,2024-05-17,17207000.0,548000.0,548000.0,4,1.0,16659000.0,False,False,False,False
BK-02192,Unknown,Completed,False,2024-05-18,1022000.0,1181500.0,1181500.0,9,3.0,-159500.0,True,True,False,False
BK-02193,Short Film,Completed,False,2024-05-18,35281968.0,4161000.0,3213500.0,31,4.0,31120968.0,False,False,False,False
BK-02195,Wedding Film,In Production,False,2024-05-19,5456000.0,1462500.0,1462500.0,8,2.0,3993500.0,False,False,False,False
BK-02196,Photoshoot,Completed,False,2024-05-19,2041000.0,587000.0,587000.0,8,2.0,1454000.0,False,False,False,False
BK-02197,Music Video,Completed,False,2024-05-19,3023000.0,526000.0,314000.0,3,1.0,2497000.0,False,False,False,False
BK-02198,Studio Rental,Unknown,False,2024-05-20,2108000.0,4359000.0,2733500.0,24,3.0,-2251000.0,True,True,False,False
BK-02201,Wedding Film,Completed,False,2024-05-20,7789000.0,2537000.0,2256000.0,12,3.0,5252000.0,False,False,False,False
BK-02202,Event Coverage,Completed,False,2024-05-21,4060000.0,634000.0,634000.0,4,1.0,3426000.0,False,False,False,False
BK-02203,Corporate Documentary,Completed,False,2024-05-22,21682504.85,2758500.0,1812000.0,12,1.0,18924004.85,False,False,False,False
BK-02204,Photoshoot,Completed,False,2024-05-22,2122000.0,789500.0,669500.0,5,1.0,1332500.0,False,False,False,False
BK-02205,Music Video,Completed,False,2024-05-22,12487000.0,851500.0,578500.0,5,1.0,11635500.0,False,False,False,False
BK-02206,Unknown,Invoiced,False,2024-05-22,4546000.0,915000.0,344500.0,5,1.0,3631000.0,False,False,False,False
BK-02207,Event Coverage,Completed,False,2024-05-22,3026700.0,1216500.0,819500.0,8,1.0,1810200.0,False,False,False,False
BK-02208,Event Coverage,Invoiced,False,2024-05-23,1719550.0,468500.0,468500.0,5,1.0,1251050.0,False,False,False,False
BK-02210,Photoshoot,Completed,False,2024-05-24,3296000.0,795500.0,576500.0,4,1.0,2500500.0,False,False,False,False
BK-02211,Wedding Film,Invoiced,False,2024-05-24,5676000.0,465000.0,319000.0,3,1.0,5211000.0,False,False,False,False
BK-02212,Photoshoot,Completed,False,2024-05-24,1702000.0,2315500.0,2278500.0,23,3.0,-613500.0,True,True,False,False
BK-02213,Wedding Film,Completed,False,2024-05-24,3377050.0,492000.0,492000.0,2,1.0,2885050.0,False,False,False,False
BK-02214,Wedding Film,In Production,False,2024-05-24,6188000.0,307000.0,307000.0,2,1.0,5881000.0,False,False,False,False
BK-02215,Music Video,Invoiced,False,2024-05-25,23700000.0,3519500.0,2879500.0,20,4.0,20180500.0,False,False,False,False
BK-02216,Commercial / TVC,Invoiced,False,2024-05-25,24662000.0,255500.0,178500.0,3,1.0,24406500.0,False,False,False,False
BK-02217,Unknown,Completed,False,2024-05-25,1898000.0,3492000.0,3118000.0,10,2.0,-1594000.0,True,True,False,False
BK-02218,Event Coverage,Completed,False,2024-05-25,10182000.0,5101500.0,4293000.0,30,4.0,5080500.0,False,False,False,False
BK-02219,Wedding Film,Postponed,False,2024-05-26,4762000.0,873500.0,607000.0,6,1.0,3888500.0,False,False,False,False
BK-02220,Music Video,In Production,False,2024-05-26,34434650.0,758000.0,562500.0,12,4.0,33676650.0,False,False,False,False
BK-02221,Photoshoot,Completed,False,2024-05-26,1313850.0,2024500.0,1476500.0,12,2.0,-710650.0,True,True,False,False
BK-02222,Photoshoot,In Production,False,2024-05-27,3075000.0,2048000.0,1972000.0,12,1.0,1027000.0,False,False,False,False
BK-02223,Wedding Film,Completed,False,2024-05-27,6946000.0,951500.0,599500.0,4,1.0,5994500.0,False,False,False,False
BK-02224,Studio Rental,Completed,False,2024-05-29,937650.0,601500.0,372500.0,8,2.0,336150.0,False,False,False,False
BK-02225,Photoshoot,Completed,False,2024-05-29,3402342.72,1760500.0,1718500.0,10,2.0,1641842.7200000002,False,False,False,False
BK-02226,Studio Rental,Completed,False,2024-05-29,680000.0,904500.0,904500.0,6,1.0,-224500.0,True,True,False,False
BK-02227,Short Film,Invoiced,False,2024-05-30,30637000.0,1704500.0,1490500.0,16,2.0,28932500.0,False,False,False,False
BK-02228,Wedding Film,Invoiced,False,2024-05-31,5553000.0,256000.0,256000.0,2,1.0,5297000.0,False,False,False,False
BK-02229,Corporate Documentary,Completed,False,2024-05-31,11982000.0,300500.0,300500.0,2,1.0,11681500.0,False,False,False,False
BK-02230,Wedding Film,Completed,False,2024-06-01,4411566.0,648000.0,648000.0,4,1.0,3763566.0,False,False,False,False
BK-02231,Music Video,Completed,False,2024-06-01,18901000.0,643000.0,643000.0,6,2.0,18258000.0,False,False,False,False
BK-02232,Studio Rental,Invoiced,False,2024-06-01,732000.0,691000.0,614000.0,4,1.0,41000.0,False,False,False,False
BK-02234,Wedding Film,Completed,False,2024-06-02,12510339.84,1846500.0,1846500.0,8,2.0,10663839.84,False,False,False,False
BK-02235,Event Coverage,Unknown,False,2024-06-03,2926000.0,571500.0,571500.0,4,1.0,2354500.0,False,False,False,False
BK-02236,Studio Rental,Invoiced,False,2024-06-05,828000.0,513000.0,513000.0,5,1.0,315000.0,False,False,False,False
BK-02237,Event Coverage,Completed,False,2024-06-05,2478000.0,774500.0,774500.0,5,1.0,1703500.0,False,False,False,False
BK-02238,Unknown,Completed,False,2024-06-05,6097000.0,399500.0,399500.0,2,1.0,5697500.0,False,False,False,False
BK-02239,Wedding Film,Completed,False,2024-06-06,5688200.0,525500.0,513000.0,4,1.0,5162700.0,False,False,False,False
BK-02240,Corporate Documentary,Completed,False,2024-06-06,27235693.37,2500500.0,2316500.0,10,2.0,24735193.37,False,False,False,False
BK-02241,Short Film,Completed,False,2024-06-06,58004920.68,868000.0,843500.0,8,2.0,57136920.68,False,False,False,False
BK-02242,Wedding Film,In Production,False,2024-06-07,6556000.0,233000.0,233000.0,2,1.0,6323000.0,False,False,False,False
BK-02243,Commercial / TVC,Postponed,False,2024-06-08,24116000.0,953000.0,868500.0,4,1.0,23163000.0,False,False,False,False
BK-02245,Commercial / TVC,Completed,False,2024-06-08,48910000.0,1333000.0,1333000.0,8,1.0,47577000.0,False,False,False,False
BK-02246,Photoshoot,Completed,False,2024-06-09,1008000.0,265000.0,50500.0,4,1.0,743000.0,False,False,False,False
BK-02247,Commercial / TVC,Completed,False,2024-06-09,10479000.0,703000.0,458000.0,6,1.0,9776000.0,False,False,False,False
BK-02248,Music Video,Completed,False,2024-06-09,17020000.0,185000.0,185000.0,2,1.0,16835000.0,False,False,False,False
BK-02249,Commercial / TVC,Invoiced,False,2024-06-10,14587000.0,4452500.0,4145000.0,24,3.0,10134500.0,False,False,False,False
BK-02250,Event Coverage,Completed,False,2024-06-11,1742000.0,1282000.0,1282000.0,9,3.0,460000.0,False,False,False,False
BK-02251,Wedding Film,Completed,False,2024-06-11,3627000.0,490000.0,270000.0,3,1.0,3137000.0,False,False,False,False
BK-02252,Event Coverage,Completed,False,2024-06-13,4498000.0,492000.0,492000.0,4,1.0,4006000.0,False,False,False,False
BK-02253,Photoshoot,Completed,False,2024-06-13,2404650.0,893500.0,784000.0,7,1.0,1511150.0,False,False,False,False
BK-02254,Music Video,Completed,False,2024-06-13,13208000.0,645500.0,645500.0,3,1.0,12562500.0,False,False,False,False
BK-02255,Studio Rental,Completed,False,2024-06-14,1167000.0,595500.0,595500.0,3,1.0,571500.0,False,False,False,False
BK-02256,Photoshoot,Completed,False,2024-06-14,2297000.0,1031000.0,977500.0,6,2.0,1266000.0,False,False,False,False
BK-02257,Photoshoot,Completed,False,2024-06-14,2497000.0,391000.0,391000.0,2,1.0,2106000.0,False,False,False,False
BK-02258,Corporate Documentary,Postponed,False,2024-06-15,15478000.0,3857500.0,3125000.0,23,5.0,11620500.0,False,False,False,False
BK-02259,Wedding Film,Completed,False,2024-06-15,5330000.0,1027500.0,678500.0,8,1.0,4302500.0,False,False,False,False
BK-02260,Corporate Documentary,Completed,False,2024-06-15,14297077.2,894000.0,680000.0,6,1.0,13403077.2,False,False,False,False
BK-02261,Music Video,Completed,False,2024-06-16,10570000.0,436000.0,436000.0,3,1.0,10134000.0,False,False,False,False
BK-02263,Photoshoot,Completed,False,2024-06-16,913000.0,328000.0,328000.0,3,1.0,585000.0,False,False,False,False
BK-02264,Commercial / TVC,Completed,False,2024-06-17,67842876.61,797000.0,797000.0,4,1.0,67045876.61,False,False,False,False
BK-02265,Photoshoot,Completed,False,2024-06-17,3279000.0,552500.0,552500.0,5,1.0,2726500.0,False,False,False,False
BK-02266,Wedding Film,Completed,False,2024-06-17,4014000.0,906000.0,906000.0,4,1.0,3108000.0,False,False,False,False
BK-02267,Corporate Documentary,Completed,False,2024-06-18,9750000.0,617000.0,481500.0,3,1.0,9133000.0,False,False,False,False
BK-02268,Event Coverage,Completed,False,2024-06-20,3040000.0,1366000.0,1142500.0,6,1.0,1674000.0,False,False,False,False
BK-02269,Wedding Film,Completed,False,2024-06-20,7367000.0,459000.0,459000.0,3,1.0,6908000.0,False,False,False,False
BK-02270,Music Video,Completed,False,2024-06-21,13072000.0,390000.0,390000.0,3,1.0,12682000.0,False,False,False,False
BK-02271,Unknown,Completed,False,2024-06-21,1648250.0,537500.0,537500.0,3,1.0,1110750.0,False,False,False,False
BK-02272,Photoshoot,Completed,False,2024-06-21,1037000.0,2645000.0,2434500.0,16,2.0,-1608000.0,True,True,False,False
BK-02273,Wedding Film,Postponed,False,2024-06-22,9894379.46,549500.0,211500.0,4,1.0,9344879.46,False,False,False,False
BK-02274,Short Film,Postponed,False,2024-06-22,18221000.0,2566000.0,2242000.0,16,2.0,15655000.0,False,False,False,False
BK-02276,Corporate Documentary,Completed,False,2024-06-22,15234000.0,877000.0,735000.0,5,1.0,14357000.0,False,False,False,False
BK-02277,Event Coverage,Completed,False,2024-06-22,5319000.0,562000.0,393000.0,5,1.0,4757000.0,False,False,False,False
BK-02278,Event Coverage,Completed,False,2024-06-22,1287000.0,1136500.0,1095500.0,6,1.0,150500.0,False,False,False,False
BK-02279,Studio Rental,Completed,False,2024-06-23,294000.0,862000.0,862000.0,5,1.0,-568000.0,True,True,False,False
BK-02280,Studio Rental,Completed,False,2024-06-23,440000.0,365000.0,239000.0,3,1.0,75000.0,False,False,False,False
BK-02281,Event Coverage,Completed,False,2024-06-23,3000000.0,1455000.0,1277000.0,7,2.0,1545000.0,False,False,False,False
BK-02282,Studio Rental,Postponed,False,2024-06-23,3135137.68,2680000.0,2224000.0,19,4.0,455137.68000000017,False,False,False,False
BK-02283,Music Video,Completed,False,2024-06-24,40210000.0,2237500.0,1877500.0,12,4.0,37972500.0,False,False,False,False
BK-02285,Photoshoot,Completed,False,2024-06-24,1883000.0,1028500.0,1028500.0,8,2.0,854500.0,False,False,False,False
BK-02286,Wedding Film,Completed,False,2024-06-24,5921000.0,3249000.0,2916000.0,20,5.0,2672000.0,False,False,False,False
BK-02287,Wedding Film,Completed,False,2024-06-25,6824000.0,1815000.0,1236500.0,8,2.0,5009000.0,False,False,False,False
BK-02288,Event Coverage,Completed,False,2024-06-26,1182000.0,353000.0,353000.0,3,1.0,829000.0,False,False,False,False
BK-02289,Unknown,Completed,False,2024-06-26,19668000.0,632500.0,632500.0,4,1.0,19035500.0,False,False,False,False
BK-02290,Wedding Film,Postponed,False,2024-06-26,7279000.0,794500.0,794500.0,3,1.0,6484500.0,False,False,False,False
BK-02291,Music Video,Completed,False,2024-06-27,8594000.0,350500.0,350500.0,3,1.0,8243500.0,False,False,False,False
BK-02292,Studio Rental,Completed,False,2024-06-28,1296000.0,278500.0,219000.0,3,1.0,1017500.0,False,False,False,False
BK-02293,Short Film,Completed,False,2024-06-28,17377200.0,1156500.0,1156500.0,6,1.0,16220700.0,False,False,False,False
BK-02294,Short Film,Postponed,False,2024-06-29,31378000.0,2698000.0,2441000.0,8,2.0,28680000.0,False,False,False,False
BK-02295,Wedding Film,Completed,False,2024-06-29,3935000.0,174000.0,115000.0,2,1.0,3761000.0,False,False,False,False
BK-02297,Corporate Documentary,Completed,False,2024-06-29,16266000.0,622000.0,563000.0,4,1.0,15644000.0,False,False,False,False
BK-02298,Photoshoot,Completed,False,2024-06-30,1360000.0,725000.0,422500.0,3,1.0,635000.0,False,False,False,False
BK-02299,Wedding Film,Completed,False,2024-06-30,9565000.0,2432000.0,1304000.0,16,2.0,7133000.0,False,False,False,False
BK-02300,Unknown,Completed,False,2024-06-30,56988000.0,1571000.0,582000.0,8,2.0,55417000.0,False,False,False,False
BK-02301,Studio Rental,Completed,False,2024-06-30,1670000.0,600000.0,508000.0,4,1.0,1070000.0,False,False,False,False
BK-02302,Commercial / TVC,Completed,False,2024-07-01,28684000.0,1050500.0,1050500.0,5,1.0,27633500.0,False,False,False,False
BK-02304,Photoshoot,In Production,False,2024-07-02,3471000.0,1043000.0,816500.0,8,1.0,2428000.0,False,False,False,False
BK-02305,Wedding Film,Completed,False,2024-07-02,2956000.0,1219000.0,1159000.0,8,1.0,1737000.0,False,False,False,False
BK-02306,Music Video,Completed,False,2024-07-02,7261000.0,4174500.0,3864000.0,31,4.0,3086500.0,False,False,False,False
BK-02307,Event Coverage,Completed,False,2024-07-04,3523000.0,1083000.0,468000.0,6,2.0,2440000.0,False,False,False,False
BK-02308,Photoshoot,Invoiced,False,2024-07-04,2740000.0,460500.0,423000.0,4,1.0,2279500.0,False,False,False,False
BK-02309,Photoshoot,Completed,False,2024-07-04,1365000.0,5517500.0,4793000.0,23,4.0,-4152500.0,True,True,False,False
BK-02311,Music Video,Completed,False,2024-07-05,6376000.0,313000.0,313000.0,2,1.0,6063000.0,False,False,False,False
BK-02312,Music Video,Completed,False,2024-07-06,11091000.0,1248500.0,1248500.0,8,1.0,9842500.0,False,False,False,False
BK-02313,Event Coverage,Completed,False,2024-07-07,4325000.0,776500.0,776500.0,5,1.0,3548500.0,False,False,False,False
BK-02314,Commercial / TVC,Completed,False,2024-07-08,24945000.0,200000.0,138000.0,2,1.0,24745000.0,False,False,False,False
BK-02315,Wedding Film,Postponed,False,2024-07-08,2797000.0,2286500.0,2215500.0,12,1.0,510500.0,False,False,False,False
BK-02316,Commercial / TVC,Completed,False,2024-07-08,28912000.0,337000.0,243000.0,2,1.0,28575000.0,False,False,False,False
BK-02317,Event Coverage,In Production,False,2024-07-08,2778650.0,580000.0,580000.0,2,1.0,2198650.0,False,False,False,False
BK-02318,Unknown,Completed,False,2024-07-09,18552919.27,1345500.0,889500.0,8,3.0,17207419.27,False,False,False,False
BK-02319,Music Video,In Production,False,2024-07-09,26980000.0,4355000.0,3590500.0,24,2.0,22625000.0,False,False,False,False
BK-02320,Unknown,Completed,False,2024-07-09,4678200.0,1909500.0,1866000.0,15,2.0,2768700.0,False,False,False,False
BK-02321,Photoshoot,Completed,False,2024-07-09,2165000.0,2111000.0,1642000.0,10,2.0,54000.0,False,False,False,False
BK-02322,Unknown,Invoiced,False,2024-07-10,18028000.0,1016500.0,895000.0,6,1.0,17011500.0,False,False,False,False
BK-02323,Studio Rental,Completed,False,2024-07-10,2938489.15,663000.0,526000.0,5,1.0,2275489.15,False,False,False,False
BK-02324,Corporate Documentary,Completed,False,2024-07-10,25154480.38,970500.0,665500.0,6,1.0,24183980.38,False,False,False,False
BK-02325,Wedding Film,Postponed,False,2024-07-11,5402606.4,594500.0,594500.0,6,2.0,4808106.4,False,False,False,False
BK-02326,Photoshoot,Completed,False,2024-07-11,3421000.0,502500.0,363000.0,3,1.0,2918500.0,False,False,False,False
BK-02328,Event Coverage,Completed,False,2024-07-11,4953300.0,1518000.0,1518000.0,6,1.0,3435300.0,False,False,False,False
BK-02329,Music Video,Completed,False,2024-07-11,6417000.0,870000.0,694000.0,5,1.0,5547000.0,False,False,False,False
BK-02330,Corporate Documentary,In Production,False,2024-07-12,22845600.0,3269500.0,2896500.0,23,3.0,19576100.0,False,False,False,False
BK-02332,Wedding Film,In Production,False,2024-07-13,4165000.0,456000.0,331000.0,5,1.0,3709000.0,False,False,False,False
BK-02333,Studio Rental,Invoiced,False,2024-07-13,2178142.33,838500.0,635000.0,6,1.0,1339642.33,False,False,False,False
BK-02334,Short Film,Completed,False,2024-07-13,51254000.0,2857500.0,2437500.0,20,4.0,48396500.0,False,False,False,False
BK-02336,Photoshoot,Completed,False,2024-07-14,3255000.0,1946500.0,1340500.0,11,2.0,1308500.0,False,False,False,False
BK-02337,Wedding Film,In Production,False,2024-07-14,5626000.0,560000.0,560000.0,3,1.0,5066000.0,False,False,False,False
BK-02338,Photoshoot,Postponed,False,2024-07-14,2487000.0,336000.0,336000.0,2,1.0,2151000.0,False,False,False,False
BK-02339,Corporate Documentary,In Production,False,2024-07-14,12210000.0,513000.0,513000.0,2,1.0,11697000.0,False,False,False,False
BK-02340,Wedding Film,Invoiced,False,2024-07-14,4662000.0,1131500.0,1059500.0,10,1.0,3530500.0,False,False,False,False
BK-02341,Commercial / TVC,Completed,False,2024-07-15,49345000.0,465500.0,465500.0,6,1.0,48879500.0,False,False,False,False
BK-02342,Commercial / TVC,Completed,False,2024-07-15,21769000.0,792000.0,686000.0,6,2.0,20977000.0,False,False,False,False
BK-02343,Event Coverage,Completed,False,2024-07-15,2170000.0,529000.0,370000.0,3,1.0,1641000.0,False,False,False,False
BK-02344,Wedding Film,Completed,False,2024-07-16,3218000.0,646500.0,646500.0,3,1.0,2571500.0,False,False,False,False
BK-02345,Event Coverage,Invoiced,False,2024-07-16,1637000.0,1265000.0,1265000.0,6,1.0,372000.0,False,False,False,False
BK-02346,Wedding Film,Completed,False,2024-07-17,5585050.0,449000.0,449000.0,4,1.0,5136050.0,False,False,False,False
BK-02348,Wedding Film,Completed,False,2024-07-18,4927450.0,613000.0,613000.0,4,1.0,4314450.0,False,False,False,False
BK-02349,Unknown,Completed,False,2024-07-18,2185266.18,48000.0,24000.0,1,1.0,2137266.18,False,False,False,False
BK-02350,Music Video,Completed,False,2024-07-19,6168000.0,1409500.0,1202000.0,6,1.0,4758500.0,False,False,False,False
BK-02351,Unknown,Completed,False,2024-07-19,7298000.0,544500.0,544500.0,3,1.0,6753500.0,False,False,False,False
BK-02352,Unknown,Completed,False,2024-07-19,451000.0,239000.0,239000.0,2,1.0,212000.0,False,False,False,False
BK-02353,Photoshoot,In Production,False,2024-07-19,3681000.0,467000.0,467000.0,4,1.0,3214000.0,False,False,False,False
BK-02354,Wedding Film,Completed,False,2024-07-20,6103000.0,1093500.0,1093500.0,6,1.0,5009500.0,False,False,False,False
BK-02355,Photoshoot,Completed,False,2024-07-20,2117000.0,1078500.0,1001500.0,8,2.0,1038500.0,False,False,False,False
BK-02356,Wedding Film,Completed,False,2024-07-20,6886431.81,1578500.0,1578500.0,6,1.0,5307931.81,False,False,False,False
BK-02357,Wedding Film,Completed,False,2024-07-22,6425000.0,1012500.0,1012500.0,5,1.0,5412500.0,False,False,False,False
BK-02358,Photoshoot,Completed,False,2024-07-22,3760000.0,366500.0,366500.0,3,1.0,3393500.0,False,False,False,False
BK-02359,Commercial / TVC,Postponed,False,2024-07-22,106248000.0,1831500.0,1512500.0,15,5.0,104416500.0,False,False,False,False
BK-02360,Short Film,Completed,False,2024-07-22,12733000.0,293000.0,236000.0,3,1.0,12440000.0,False,False,False,False
BK-02361,Wedding Film,In Production,False,2024-07-23,6498000.0,414500.0,414500.0,3,1.0,6083500.0,False,False,False,False
BK-02362,Wedding Film,Completed,False,2024-07-23,8054000.0,3953500.0,3250000.0,20,4.0,4100500.0,False,False,False,False
BK-02363,Event Coverage,Completed,False,2024-07-24,4255000.0,426500.0,137000.0,5,1.0,3828500.0,False,False,False,False
BK-02364,Music Video,Completed,False,2024-07-24,21832000.0,402000.0,341000.0,3,1.0,21430000.0,False,False,False,False
BK-02365,Short Film,Postponed,False,2024-07-24,10447000.0,510000.0,510000.0,3,1.0,9937000.0,False,False,False,False
BK-02366,Photoshoot,Completed,False,2024-07-25,1871000.0,1500000.0,1413000.0,9,3.0,371000.0,False,False,False,False
BK-02367,Wedding Film,Completed,False,2024-07-25,6432000.0,1058000.0,1058000.0,6,1.0,5374000.0,False,False,False,False
BK-02368,Photoshoot,Invoiced,False,2024-07-25,1574000.0,578500.0,535000.0,3,1.0,995500.0,False,False,False,False
BK-02369,Studio Rental,Completed,False,2024-07-26,1242000.0,2915500.0,2126500.0,12,2.0,-1673500.0,True,True,False,False
BK-02370,Event Coverage,Completed,False,2024-07-26,8854849.5,645000.0,388000.0,7,1.0,8209849.5,False,False,False,False
BK-02371,Studio Rental,Completed,False,2024-07-26,575000.0,1001500.0,550000.0,5,1.0,-426500.0,True,False,True,False
BK-02372,Music Video,Postponed,False,2024-07-26,3713000.0,518500.0,264000.0,5,1.0,3194500.0,False,False,False,False
BK-02374,Wedding Film,Completed,False,2024-07-26,2359000.0,1180000.0,914500.0,6,1.0,1179000.0,False,False,False,False
BK-02375,Photoshoot,Completed,False,2024-07-27,3637000.0,1264500.0,960500.0,6,2.0,2372500.0,False,False,False,False
BK-02376,Music Video,Completed,False,2024-07-27,14481000.0,283500.0,125500.0,4,1.0,14197500.0,False,False,False,False
BK-02377,Corporate Documentary,Completed,False,2024-07-27,11390400.0,482500.0,445500.0,4,1.0,10907900.0,False,False,False,False
BK-02378,Commercial / TVC,Completed,False,2024-07-27,27957000.0,2298000.0,1348500.0,12,1.0,25659000.0,False,False,False,False
BK-02379,Corporate Documentary,In Production,False,2024-07-27,12769000.0,146500.0,18500.0,2,1.0,12622500.0,False,False,False,False
BK-02380,Corporate Documentary,Completed,False,2024-07-27,22043000.0,2106000.0,1252500.0,10,2.0,19937000.0,False,False,False,False
BK-02381,Music Video,Completed,False,2024-07-27,7132000.0,1440000.0,759000.0,9,2.0,5692000.0,False,False,False,False
BK-02382,Wedding Film,In Production,False,2024-07-27,5574600.0,151000.0,151000.0,2,1.0,5423600.0,False,False,False,False
BK-02383,Unknown,Completed,False,2024-07-28,9755000.0,929500.0,929500.0,4,1.0,8825500.0,False,False,False,False
BK-02384,Event Coverage,Completed,False,2024-07-29,5639000.0,2639000.0,2063500.0,16,4.0,3000000.0,False,False,False,False
BK-02385,Corporate Documentary,Completed,False,2024-07-29,7116000.0,894000.0,894000.0,6,1.0,6222000.0,False,False,False,False
BK-02386,Music Video,Completed,False,2024-07-30,17293000.0,1024000.0,947000.0,5,1.0,16269000.0,False,False,False,False
BK-02387,Studio Rental,Completed,False,2024-07-30,1146000.0,1085000.0,866000.0,5,1.0,61000.0,False,False,False,False
BK-02388,Corporate Documentary,In Production,False,2024-07-31,26006000.0,8642000.0,5301000.0,46,4.0,17364000.0,False,False,False,False
BK-02389,Studio Rental,Completed,False,2024-07-31,2420000.0,2198500.0,1174500.0,11,3.0,221500.0,False,False,False,False
BK-02390,Event Coverage,Invoiced,False,2024-07-31,8381180.8,3179000.0,2677000.0,24,2.0,5202180.8,False,False,False,False
BK-02391,Wedding Film,Completed,False,2024-07-31,8424000.0,1803500.0,829000.0,10,2.0,6620500.0,False,False,False,False
BK-02392,Photoshoot,Completed,False,2024-08-01,2858550.0,799500.0,799500.0,5,1.0,2059050.0,False,False,False,False
BK-02393,Commercial / TVC,Completed,False,2024-08-01,29473000.0,605000.0,393000.0,3,1.0,28868000.0,False,False,False,False
BK-02394,Music Video,Postponed,False,2024-08-01,13227212.5,528000.0,59500.0,4,1.0,12699212.5,False,False,False,False
BK-02395,Corporate Documentary,Completed,False,2024-08-01,12466000.0,432500.0,0.0,2,1.0,12033500.0,False,False,False,False
BK-02396,Photoshoot,Completed,False,2024-08-01,941000.0,651500.0,447000.0,3,1.0,289500.0,False,False,False,False
BK-02397,Wedding Film,Invoiced,False,2024-08-02,3146000.0,572500.0,572500.0,4,1.0,2573500.0,False,False,False,False
BK-02398,Studio Rental,Completed,False,2024-08-02,1076000.0,766500.0,660500.0,4,1.0,309500.0,False,False,False,False
BK-02399,Event Coverage,In Production,False,2024-08-03,4118000.0,578500.0,496500.0,5,1.0,3539500.0,False,False,False,False
BK-02402,Event Coverage,Invoiced,False,2024-08-04,2621000.0,1155500.0,1005500.0,4,1.0,1465500.0,False,False,False,False
BK-02403,Event Coverage,Postponed,False,2024-08-05,5364000.0,804500.0,623000.0,6,1.0,4559500.0,False,False,False,False
BK-02404,Corporate Documentary,Completed,False,2024-08-05,23263000.0,3943000.0,3142000.0,24,3.0,19320000.0,False,False,False,False
BK-02405,Wedding Film,Completed,False,2024-08-06,4466000.0,366500.0,366500.0,4,1.0,4099500.0,False,False,False,False
BK-02406,Corporate Documentary,Invoiced,False,2024-08-06,19165000.0,2539000.0,2539000.0,20,4.0,16626000.0,False,False,False,False
BK-02407,Wedding Film,Completed,False,2024-08-06,7470000.0,604000.0,604000.0,3,1.0,6866000.0,False,False,False,False
BK-02408,Wedding Film,Completed,False,2024-08-07,3319000.0,558000.0,558000.0,3,1.0,2761000.0,False,False,False,False
BK-02409,Photoshoot,Completed,False,2024-08-07,1972000.0,3401500.0,2760000.0,24,2.0,-1429500.0,True,True,False,False
BK-02410,Photoshoot,Completed,False,2024-08-07,3691000.0,563000.0,563000.0,5,1.0,3128000.0,False,False,False,False
BK-02411,Music Video,Completed,False,2024-08-07,22005000.0,801500.0,352000.0,4,1.0,21203500.0,False,False,False,False
BK-02412,Corporate Documentary,In Production,False,2024-08-08,24095000.0,2920000.0,2680000.0,17,3.0,21175000.0,False,False,False,False
BK-02413,Short Film,In Production,False,2024-08-08,11759000.0,2186500.0,2186500.0,10,2.0,9572500.0,False,False,False,False
BK-02414,Unknown,Completed,False,2024-08-08,2163600.0,2120000.0,1869500.0,12,1.0,43600.0,False,False,False,False
BK-02415,Wedding Film,Completed,False,2024-08-10,8267000.0,596000.0,596000.0,6,2.0,7671000.0,False,False,False,False
BK-02416,Music Video,Completed,False,2024-08-10,12455000.0,290500.0,290500.0,3,1.0,12164500.0,False,False,False,False
BK-02417,Commercial / TVC,Completed,False,2024-08-10,16787000.0,481000.0,481000.0,4,2.0,16306000.0,False,False,False,False
BK-02418,Photoshoot,In Production,False,2024-08-10,3433000.0,5386500.0,4207000.0,31,4.0,-1953500.0,True,True,False,False
BK-02419,Short Film,Completed,False,2024-08-11,20933948.7,938500.0,938500.0,5,1.0,19995448.7,False,False,False,False
BK-02421,Photoshoot,Invoiced,False,2024-08-11,2418000.0,390000.0,390000.0,2,1.0,2028000.0,False,False,False,False
BK-02422,Short Film,Completed,False,2024-08-11,24377000.0,755500.0,755500.0,2,1.0,23621500.0,False,False,False,False
BK-02423,Photoshoot,Completed,False,2024-08-11,2680900.0,525500.0,454500.0,4,1.0,2155400.0,False,False,False,False
BK-02424,Short Film,Completed,False,2024-08-11,11887000.0,737000.0,451000.0,3,1.0,11150000.0,False,False,False,False
BK-02425,Studio Rental,Completed,False,2024-08-12,706800.0,1188000.0,1188000.0,7,1.0,-481200.0,True,True,False,False
BK-02426,Event Coverage,Completed,False,2024-08-12,2020000.0,661000.0,661000.0,3,1.0,1359000.0,False,False,False,False
BK-02427,Photoshoot,Completed,False,2024-08-12,2050000.0,4146500.0,3481500.0,24,2.0,-2096500.0,True,True,False,False
BK-02428,Commercial / TVC,Invoiced,False,2024-08-13,19147000.0,614000.0,424000.0,3,1.0,18533000.0,False,False,False,False
BK-02429,Wedding Film,Completed,False,2024-08-13,7357000.0,500000.0,398000.0,4,1.0,6857000.0,False,False,False,False
BK-02430,Wedding Film,Invoiced,False,2024-08-14,5880000.0,2329500.0,2131500.0,12,1.0,3550500.0,False,False,False,False
BK-02432,Corporate Documentary,Postponed,False,2024-08-14,14781736.67,251000.0,226500.0,3,1.0,14530736.67,False,False,False,False
BK-02433,Wedding Film,Completed,False,2024-08-15,6412000.0,969000.0,969000.0,5,1.0,5443000.0,False,False,False,False
BK-02434,Photoshoot,In Production,False,2024-08-15,3738000.0,561500.0,561500.0,5,1.0,3176500.0,False,False,False,False
BK-02435,Photoshoot,Invoiced,False,2024-08-15,7428000.0,7860000.0,7154500.0,48,4.0,-432000.0,True,False,True,False
BK-02436,Wedding Film,Completed,False,2024-08-17,10438000.0,734000.0,619000.0,6,3.0,9704000.0,False,False,False,False
BK-02437,Photoshoot,Completed,False,2024-08-17,1917000.0,6933500.0,6484000.0,46,4.0,-5016500.0,True,True,False,False
BK-02439,Wedding Film,Completed,False,2024-08-17,12878000.0,1990000.0,1802500.0,15,4.0,10888000.0,False,False,False,False
BK-02440,Photoshoot,Completed,False,2024-08-18,6682000.0,2449500.0,2176500.0,15,3.0,4232500.0,False,False,False,False
BK-02441,Photoshoot,In Production,False,2024-08-18,1832000.0,872000.0,744000.0,8,2.0,960000.0,False,False,False,False
BK-02442,Photoshoot,Completed,False,2024-08-18,2542000.0,1643000.0,1254000.0,8,1.0,899000.0,False,False,False,False
BK-02444,Music Video,Completed,False,2024-08-19,5033000.0,704000.0,409000.0,5,1.0,4329000.0,False,False,False,False
BK-02445,Photoshoot,Completed,False,2024-08-19,2499450.0,694000.0,627000.0,3,1.0,1805450.0,False,False,False,False
BK-02446,Music Video,Completed,False,2024-08-19,41524537.82,293000.0,293000.0,4,2.0,41231537.82,False,False,False,False
BK-02447,Photoshoot,Completed,False,2024-08-20,4668011.6,518000.0,518000.0,2,1.0,4150011.5999999996,False,False,False,False
BK-02448,Corporate Documentary,Completed,False,2024-08-20,9018581.4,1447000.0,969000.0,6,1.0,7571581.4,False,False,False,False
BK-02449,Event Coverage,Completed,False,2024-08-20,3627000.0,904000.0,904000.0,4,2.0,2723000.0,False,False,False,False
BK-02450,Photoshoot,Completed,False,2024-08-21,3724000.0,187000.0,33000.0,2,1.0,3537000.0,False,False,False,False
BK-02452,Wedding Film,Completed,False,2024-08-21,4999000.0,828500.0,674500.0,5,1.0,4170500.0,False,False,False,False
BK-02453,Wedding Film,Postponed,False,2024-08-22,3475000.0,592000.0,592000.0,5,1.0,2883000.0,False,False,False,False
BK-02454,Photoshoot,Postponed,False,2024-08-22,2170000.0,703500.0,703500.0,4,1.0,1466500.0,False,False,False,False
BK-02455,Photoshoot,In Production,False,2024-08-23,1012500.0,841500.0,724500.0,5,1.0,171000.0,False,False,False,False
BK-02456,Commercial / TVC,Completed,False,2024-08-23,114792044.9,822500.0,822500.0,7,2.0,113969544.9,False,False,False,False
BK-02457,Wedding Film,Completed,False,2024-08-24,4268700.0,486000.0,486000.0,3,1.0,3782700.0,False,False,False,False
BK-02458,Corporate Documentary,Invoiced,False,2024-08-24,19064060.6,505500.0,505500.0,2,1.0,18558560.6,False,False,False,False
BK-02460,Wedding Film,Completed,False,2024-08-25,9392000.0,968000.0,968000.0,9,2.0,8424000.0,False,False,False,False
BK-02461,Music Video,Completed,False,2024-08-25,17183000.0,701500.0,356500.0,5,1.0,16481500.0,False,False,False,False
BK-02462,Music Video,Completed,False,2024-08-25,8804000.0,505500.0,275500.0,3,1.0,8298500.0,False,False,False,False
BK-02463,Wedding Film,Completed,False,2024-08-25,7205000.0,295500.0,295500.0,3,1.0,6909500.0,False,False,False,False
BK-02465,Wedding Film,Unknown,False,2024-08-26,15428000.0,2835000.0,2445500.0,20,4.0,12593000.0,False,False,False,False
BK-02466,Event Coverage,Completed,False,2024-08-27,4560000.0,1860000.0,1308000.0,6,2.0,2700000.0,False,False,False,False
BK-02467,Corporate Documentary,Unknown,False,2024-08-28,16947000.0,849500.0,481500.0,6,2.0,16097500.0,False,False,False,False
BK-02468,Music Video,Completed,False,2024-08-28,32188000.0,1924000.0,1924000.0,9,3.0,30264000.0,False,False,False,False
BK-02469,Music Video,Completed,False,2024-08-28,14907521.6,299500.0,299500.0,4,1.0,14608021.6,False,False,False,False
BK-02470,Corporate Documentary,Postponed,False,2024-08-29,4797000.0,577000.0,500500.0,3,1.0,4220000.0,False,False,False,False
BK-02471,Photoshoot,Completed,False,2024-08-29,736000.0,1058000.0,638500.0,8,1.0,-322000.0,True,False,True,False
BK-02472,Wedding Film,Completed,False,2024-08-29,4872000.0,4356000.0,3596000.0,24,2.0,516000.0,False,False,False,False
BK-02473,Music Video,Completed,False,2024-08-30,7322000.0,1491500.0,935500.0,6,1.0,5830500.0,False,False,False,False
BK-02474,Studio Rental,Completed,False,2024-08-30,1012000.0,356500.0,257000.0,3,1.0,655500.0,False,False,False,False
BK-02475,Photoshoot,Completed,False,2024-08-30,947700.0,1101000.0,891000.0,5,1.0,-153300.0,True,False,True,False
BK-02477,Event Coverage,Completed,False,2024-08-31,8413000.0,874000.0,874000.0,8,3.0,7539000.0,False,False,False,False
BK-02478,Photoshoot,Completed,False,2024-08-31,12672243.99,3568000.0,3048500.0,24,4.0,9104243.99,False,False,False,False
BK-02479,Music Video,Completed,False,2024-09-01,13991000.0,737000.0,660000.0,6,2.0,13254000.0,False,False,False,False
BK-02480,Event Coverage,Invoiced,False,2024-09-02,1168000.0,579500.0,579500.0,4,1.0,588500.0,False,False,False,False
BK-02481,Music Video,Unknown,False,2024-09-02,33832965.23,881000.0,295000.0,4,1.0,32951965.229999997,False,False,False,False
BK-02482,Studio Rental,Completed,False,2024-09-02,1424839.99,1382500.0,1042000.0,6,1.0,42339.98999999999,False,False,False,False
BK-02483,Commercial / TVC,Completed,False,2024-09-03,43292000.0,234500.0,234500.0,2,1.0,43057500.0,False,False,False,False
BK-02484,Wedding Film,Completed,False,2024-09-04,2843000.0,396000.0,396000.0,3,1.0,2447000.0,False,False,False,False
BK-02485,Corporate Documentary,In Production,False,2024-09-04,14633100.0,585000.0,585000.0,4,1.0,14048100.0,False,False,False,False
BK-02486,Commercial / TVC,Postponed,False,2024-09-04,88008131.9,689500.0,689500.0,5,1.0,87318631.9,False,False,False,False
BK-02487,Corporate Documentary,Unknown,False,2024-09-05,9016000.0,766500.0,750500.0,4,2.0,8249500.0,False,False,False,False
BK-02488,Commercial / TVC,Completed,False,2024-09-05,43768400.0,1415500.0,1415500.0,10,2.0,42352900.0,False,False,False,False
BK-02489,Photoshoot,Completed,False,2024-09-06,5105970.22,762500.0,762500.0,5,1.0,4343470.22,False,False,False,False
BK-02490,Commercial / TVC,Completed,False,2024-09-06,11545000.0,916500.0,916500.0,4,1.0,10628500.0,False,False,False,False
BK-02491,Event Coverage,Completed,False,2024-09-07,3717880.12,2721500.0,1910000.0,16,2.0,996380.1200000001,False,False,False,False
BK-02492,Corporate Documentary,Completed,False,2024-09-07,10805000.0,854500.0,854500.0,4,1.0,9950500.0,False,False,False,False
BK-02493,Event Coverage,Completed,False,2024-09-07,1439000.0,860000.0,860000.0,5,1.0,579000.0,False,False,False,False
BK-02494,Wedding Film,Completed,False,2024-09-08,4500000.0,179000.0,102000.0,3,1.0,4321000.0,False,False,False,False
BK-02495,Event Coverage,Invoiced,False,2024-09-08,8010564.06,418000.0,274000.0,3,1.0,7592564.06,False,False,False,False
BK-02496,Music Video,Completed,False,2024-09-08,34335356.66,569000.0,454000.0,4,1.0,33766356.66,False,False,False,False
BK-02497,Wedding Film,Postponed,False,2024-09-08,5344000.0,305500.0,305500.0,2,1.0,5038500.0,False,False,False,False
BK-02499,Music Video,Completed,False,2024-09-09,14904000.0,1040500.0,955000.0,8,2.0,13863500.0,False,False,False,False
BK-02501,Studio Rental,Completed,False,2024-09-10,518390.81,883000.0,883000.0,3,1.0,-364609.19,True,True,False,False
BK-02502,Music Video,Completed,False,2024-09-11,46198000.0,1957000.0,1829500.0,20,5.0,44241000.0,False,False,False,False
BK-02503,Commercial / TVC,In Production,False,2024-09-11,16465803.2,1588000.0,1325500.0,6,1.0,14877803.2,False,False,False,False
BK-02504,Commercial / TVC,Completed,False,2024-09-11,46527000.0,476500.0,301500.0,4,1.0,46050500.0,False,False,False,False
BK-02505,Wedding Film,Invoiced,False,2024-09-11,4072000.0,235000.0,205500.0,2,1.0,3837000.0,False,False,False,False
BK-02506,Studio Rental,Completed,False,2024-09-12,284050.0,279000.0,279000.0,3,1.0,5050.0,False,False,False,False
BK-02507,Photoshoot,Completed,False,2024-09-12,3927000.0,509000.0,256500.0,3,1.0,3418000.0,False,False,False,False
BK-02508,Studio Rental,Completed,False,2024-09-12,624600.0,1518000.0,956000.0,8,1.0,-893400.0,True,True,False,False
BK-02509,Photoshoot,Unknown,False,2024-09-12,3782000.0,1414500.0,1137500.0,6,1.0,2367500.0,False,False,False,False
BK-02510,Studio Rental,In Production,False,2024-09-13,546000.0,758500.0,671500.0,5,1.0,-212500.0,True,True,False,False
BK-02511,Event Coverage,Completed,False,2024-09-13,2511873.7,594500.0,594500.0,6,2.0,1917373.7000000002,False,False,False,False
BK-02512,Short Film,Completed,False,2024-09-14,16181000.0,243000.0,243000.0,3,1.0,15938000.0,False,False,False,False
BK-02514,Studio Rental,Completed,False,2024-09-14,620912.6,714000.0,616000.0,8,2.0,-93087.40000000002,True,False,True,False
BK-02515,Event Coverage,Completed,False,2024-09-14,4727000.0,320000.0,320000.0,4,1.0,4407000.0,False,False,False,False
BK-02516,Wedding Film,Completed,False,2024-09-15,4080000.0,521500.0,317500.0,3,1.0,3558500.0,False,False,False,False
BK-02517,Music Video,Completed,False,2024-09-15,17950018.8,664000.0,664000.0,4,1.0,17286018.8,False,False,False,False
BK-02518,Corporate Documentary,Completed,False,2024-09-15,11097000.0,479000.0,173000.0,3,1.0,10618000.0,False,False,False,False
BK-02519,Event Coverage,Completed,False,2024-09-15,1955000.0,432000.0,432000.0,3,1.0,1523000.0,False,False,False,False
BK-02520,Music Video,Completed,False,2024-09-16,38169947.25,1077500.0,1077500.0,4,1.0,37092447.25,False,False,False,False
BK-02522,Wedding Film,Completed,False,2024-09-17,4894000.0,472500.0,239000.0,5,1.0,4421500.0,False,False,False,False
BK-02523,Commercial / TVC,Completed,False,2024-09-17,24742000.0,594000.0,537000.0,4,1.0,24148000.0,False,False,False,False
BK-02524,Event Coverage,Postponed,False,2024-09-17,1939000.0,1095000.0,840000.0,9,3.0,844000.0,False,False,False,False
BK-02525,Photoshoot,Completed,False,2024-09-17,3927000.0,932500.0,932500.0,3,1.0,2994500.0,False,False,False,False
BK-02526,Commercial / TVC,In Production,False,2024-09-18,59078000.0,4807000.0,4648000.0,14,4.0,54271000.0,False,False,False,False
BK-02527,Studio Rental,Invoiced,False,2024-09-18,1534000.0,911000.0,911000.0,5,1.0,623000.0,False,False,False,False
BK-02528,Corporate Documentary,Postponed,False,2024-09-19,34806000.0,4361000.0,3792000.0,23,4.0,30445000.0,False,False,False,False
BK-02529,Commercial / TVC,Postponed,False,2024-09-19,39590000.0,472000.0,448000.0,4,1.0,39118000.0,False,False,False,False
BK-02530,Unknown,Completed,False,2024-09-19,1450000.0,859000.0,501500.0,6,1.0,591000.0,False,False,False,False
BK-02531,Studio Rental,Completed,False,2024-09-19,1159000.0,1047500.0,664500.0,5,1.0,111500.0,False,False,False,False
BK-02532,Wedding Film,Completed,False,2024-09-19,15661035.67,1156500.0,1156500.0,8,2.0,14504535.67,False,False,False,False
BK-02533,Music Video,Invoiced,False,2024-09-20,31191994.74,682000.0,605500.0,5,1.0,30509994.74,False,False,False,False
BK-02534,Wedding Film,Completed,False,2024-09-20,5713337.54,1085000.0,901000.0,6,1.0,4628337.54,False,False,False,False
BK-02535,Photoshoot,Completed,False,2024-09-20,3002000.0,1129500.0,1129500.0,4,1.0,1872500.0,False,False,False,False
BK-02536,Photoshoot,In Production,False,2024-09-21,2631000.0,3195500.0,2941000.0,22,3.0,-564500.0,True,True,False,False
BK-02537,Wedding Film,Completed,False,2024-09-21,3857000.0,248000.0,248000.0,2,1.0,3609000.0,False,False,False,False
BK-02538,Photoshoot,Completed,False,2024-09-21,1328000.0,721000.0,694000.0,4,1.0,607000.0,False,False,False,False
BK-02539,Photoshoot,Completed,False,2024-09-22,2383000.0,786500.0,754500.0,5,1.0,1596500.0,False,False,False,False
BK-02540,Unknown,Invoiced,False,2024-09-22,4995000.0,690000.0,690000.0,3,1.0,4305000.0,False,False,False,False
BK-02541,Event Coverage,Postponed,False,2024-09-22,1517000.0,1485000.0,1425000.0,8,1.0,32000.0,False,False,False,False
BK-02542,Photoshoot,Completed,False,2024-09-22,2590501.82,820000.0,696000.0,8,2.0,1770501.8199999998,False,False,False,False
BK-02543,Commercial / TVC,Completed,False,2024-09-23,26927000.0,663000.0,663000.0,4,1.0,26264000.0,False,False,False,False
BK-02544,Photoshoot,Invoiced,False,2024-09-23,1234000.0,588000.0,588000.0,4,1.0,646000.0,False,False,False,False
BK-02548,Music Video,Completed,False,2024-09-25,32673000.0,3962000.0,3501500.0,24,5.0,28711000.0,False,False,False,False
BK-02549,Photoshoot,Completed,False,2024-09-25,3136000.0,763000.0,763000.0,3,1.0,2373000.0,False,False,False,False
BK-02550,Wedding Film,In Production,False,2024-09-27,5940000.0,1276500.0,961500.0,5,1.0,4663500.0,False,False,False,False
BK-02551,Music Video,Completed,False,2024-09-27,9258000.0,248000.0,248000.0,3,1.0,9010000.0,False,False,False,False
BK-02552,Unknown,Postponed,False,2024-09-28,5446000.0,484500.0,484500.0,4,1.0,4961500.0,False,False,False,False
BK-02553,Studio Rental,In Production,False,2024-09-28,716000.0,761000.0,761000.0,5,1.0,-45000.0,True,True,False,False
BK-02554,Music Video,Completed,False,2024-09-28,9164129.28,312000.0,312000.0,3,1.0,8852129.28,False,False,False,False
BK-02555,Event Coverage,Completed,False,2024-09-29,4797000.0,439500.0,439500.0,2,1.0,4357500.0,False,False,False,False
BK-02556,Photoshoot,Postponed,False,2024-09-29,2895415.08,775000.0,391000.0,4,1.0,2120415.08,False,False,False,False
BK-02557,Event Coverage,Completed,False,2024-09-29,5160600.0,2298500.0,2022000.0,10,2.0,2862100.0,False,False,False,False
BK-02558,Event Coverage,Completed,False,2024-09-30,1203000.0,628000.0,628000.0,5,1.0,575000.0,False,False,False,False
BK-02559,Wedding Film,In Production,False,2024-09-30,6551000.0,2098000.0,2034000.0,14,3.0,4453000.0,False,False,False,False
BK-02560,Event Coverage,Completed,False,2024-09-30,8027192.98,1134500.0,1134500.0,5,1.0,6892692.98,False,False,False,False
BK-02561,Unknown,Completed,False,2024-10-01,1214000.0,252000.0,252000.0,4,1.0,962000.0,False,False,False,False
BK-02562,Event Coverage,Completed,False,2024-10-03,6389067.3,442000.0,246000.0,4,1.0,5947067.3,False,False,False,False
BK-02563,Music Video,In Production,False,2024-10-03,12977000.0,1816500.0,1472000.0,16,3.0,11160500.0,False,False,False,False
BK-02564,Wedding Film,In Production,False,2024-10-03,5624000.0,564000.0,496500.0,2,1.0,5060000.0,False,False,False,False
BK-02565,Short Film,Invoiced,False,2024-10-03,13453000.0,1014500.0,915000.0,8,1.0,12438500.0,False,False,False,False
BK-02566,Music Video,Completed,False,2024-10-04,18269000.0,891000.0,891000.0,5,1.0,17378000.0,False,False,False,False
BK-02567,Studio Rental,Unknown,False,2024-10-04,847450.0,932000.0,782500.0,6,1.0,-84550.0,True,False,True,False
BK-02568,Wedding Film,Completed,False,2024-10-05,3296000.0,657000.0,572000.0,6,1.0,2639000.0,False,False,False,False
BK-02569,Wedding Film,Invoiced,False,2024-10-06,5399000.0,236500.0,211500.0,2,1.0,5162500.0,False,False,False,False
BK-02570,Photoshoot,In Production,False,2024-10-06,4580258.4,1139500.0,1087500.0,8,1.0,3440758.4000000004,False,False,False,False
BK-02571,Wedding Film,Postponed,False,2024-10-06,7221000.0,946500.0,946500.0,3,1.0,6274500.0,False,False,False,False
BK-02572,Event Coverage,In Production,False,2024-10-06,1961000.0,651500.0,510000.0,6,1.0,1309500.0,False,False,False,False
BK-02573,Photoshoot,Completed,False,2024-10-07,6405000.0,2042000.0,1852500.0,14,5.0,4363000.0,False,False,False,False
BK-02574,Commercial / TVC,Completed,False,2024-10-07,21590000.0,186000.0,186000.0,2,1.0,21404000.0,False,False,False,False
BK-02575,Studio Rental,Completed,False,2024-10-07,979000.0,2156000.0,2096000.0,12,4.0,-1177000.0,True,True,False,False
BK-02576,Wedding Film,Completed,False,2024-10-07,7837000.0,1692500.0,1550000.0,16,2.0,6144500.0,False,False,False,False
BK-02577,Unknown,Completed,False,2024-10-08,13117994.46,1809500.0,1779000.0,8,1.0,11308494.46,False,False,False,False
BK-02578,Music Video,Invoiced,False,2024-10-08,7806000.0,751500.0,751500.0,3,1.0,7054500.0,False,False,False,False
BK-02580,Photoshoot,Invoiced,False,2024-10-08,4003000.0,1472000.0,1350500.0,5,1.0,2531000.0,False,False,False,False
BK-02581,Wedding Film,Completed,False,2024-10-09,7024000.0,2158500.0,1822500.0,12,1.0,4865500.0,False,False,False,False
BK-02582,Short Film,Postponed,False,2024-10-09,10945000.0,2708500.0,1907000.0,12,1.0,8236500.0,False,False,False,False
BK-02583,Short Film,Completed,False,2024-10-09,22592000.0,175000.0,175000.0,2,1.0,22417000.0,False,False,False,False
BK-02584,Photoshoot,Completed,False,2024-10-09,1128000.0,1243500.0,840000.0,10,2.0,-115500.0,True,False,True,False
BK-02585,Photoshoot,Invoiced,False,2024-10-10,5970908.56,1116000.0,1116000.0,4,1.0,4854908.56,False,False,False,False
BK-02586,Unknown,Completed,False,2024-10-10,3208000.0,1217000.0,736000.0,6,2.0,1991000.0,False,False,False,False
BK-02587,Wedding Film,Completed,False,2024-10-10,10549000.0,5711000.0,4985500.0,25,5.0,4838000.0,False,False,False,False
BK-02588,Music Video,Postponed,False,2024-10-11,11621000.0,813500.0,739500.0,4,1.0,10807500.0,False,False,False,False
BK-02590,Studio Rental,Postponed,False,2024-10-11,869000.0,107000.0,107000.0,2,1.0,762000.0,False,False,False,False
BK-02591,Wedding Film,Invoiced,False,2024-10-11,7881000.0,1028500.0,506500.0,5,1.0,6852500.0,False,False,False,False
BK-02592,Wedding Film,Postponed,False,2024-10-11,3485000.0,338500.0,173500.0,4,1.0,3146500.0,False,False,False,False
BK-02593,Wedding Film,Completed,False,2024-10-12,8391000.0,473500.0,473500.0,4,2.0,7917500.0,False,False,False,False
BK-02594,Studio Rental,Completed,False,2024-10-12,1251200.0,1761500.0,867500.0,8,1.0,-510300.0,True,False,True,False
BK-02595,Corporate Documentary,Completed,False,2024-10-12,6623400.0,554000.0,554000.0,4,1.0,6069400.0,False,False,False,False
BK-02596,Wedding Film,Completed,False,2024-10-12,10818000.0,1453500.0,1006500.0,6,2.0,9364500.0,False,False,False,False
BK-02598,Corporate Documentary,Completed,False,2024-10-12,38976173.4,762500.0,593000.0,4,2.0,38213673.4,False,False,False,False
BK-02599,Music Video,Completed,False,2024-10-13,15611000.0,321000.0,238500.0,2,1.0,15290000.0,False,False,False,False
BK-02600,Photoshoot,Postponed,False,2024-10-13,3890000.0,467500.0,467500.0,3,1.0,3422500.0,False,False,False,False
BK-02601,Event Coverage,Completed,False,2024-10-13,4915000.0,491000.0,491000.0,3,1.0,4424000.0,False,False,False,False
BK-02602,Music Video,Completed,False,2024-10-14,19762000.0,1120000.0,1014000.0,6,3.0,18642000.0,False,False,False,False
BK-02604,Studio Rental,Completed,False,2024-10-14,2218129.67,626500.0,223000.0,3,1.0,1591629.67,False,False,False,False
BK-02605,Studio Rental,Completed,False,2024-10-15,781000.0,276000.0,158000.0,3,1.0,505000.0,False,False,False,False
BK-02606,Wedding Film,Completed,False,2024-10-15,9628250.0,2881000.0,2538500.0,24,3.0,6747250.0,False,False,False,False
BK-02607,Wedding Film,Completed,False,2024-10-15,4956101.68,1282000.0,1050000.0,8,1.0,3674101.6799999997,False,False,False,False
BK-02608,Wedding Film,Completed,False,2024-10-16,10662000.0,2752000.0,2614500.0,16,2.0,7910000.0,False,False,False,False
BK-02609,Commercial / TVC,Completed,False,2024-10-16,112950872.4,1049000.0,565500.0,6,2.0,111901872.4,False,False,False,False
BK-02610,Commercial / TVC,Completed,False,2024-10-17,22300200.0,485000.0,400000.0,4,2.0,21815200.0,False,False,False,False
BK-02611,Wedding Film,Completed,False,2024-10-18,9196883.25,405000.0,298000.0,4,1.0,8791883.25,False,False,False,False
BK-02612,Wedding Film,In Production,False,2024-10-18,7390000.0,958000.0,895000.0,4,1.0,6432000.0,False,False,False,False
BK-02613,Photoshoot,In Production,False,2024-10-18,4470592.52,415500.0,362000.0,3,1.0,4055092.5199999996,False,False,False,False
BK-02614,Photoshoot,Completed,False,2024-10-19,4175000.0,1527500.0,1362500.0,10,2.0,2647500.0,False,False,False,False
BK-02615,Studio Rental,Completed,False,2024-10-19,1621000.0,1355500.0,680500.0,6,1.0,265500.0,False,False,False,False
BK-02616,Wedding Film,Invoiced,False,2024-10-19,7908000.0,829000.0,829000.0,7,2.0,7079000.0,False,False,False,False
BK-02617,Photoshoot,Completed,False,2024-10-19,7949356.5,2234000.0,1885000.0,12,1.0,5715356.5,False,False,False,False
BK-02618,Wedding Film,Invoiced,False,2024-10-20,9237600.0,462000.0,462000.0,3,2.0,8775600.0,False,False,False,False
BK-02619,Commercial / TVC,In Production,False,2024-10-21,36256000.0,1483000.0,1469500.0,12,2.0,34773000.0,False,False,False,False
BK-02620,Music Video,Postponed,False,2024-10-21,16480000.0,1560500.0,1503000.0,15,3.0,14919500.0,False,False,False,False
BK-02621,Short Film,Completed,False,2024-10-22,24306700.0,506500.0,391500.0,3,1.0,23800200.0,False,False,False,False
BK-02622,Wedding Film,Completed,False,2024-10-23,5528000.0,949000.0,949000.0,4,1.0,4579000.0,False,False,False,False
BK-02623,Unknown,Completed,False,2024-10-24,4594000.0,677500.0,677500.0,4,2.0,3916500.0,False,False,False,False
BK-02624,Studio Rental,Completed,False,2024-10-24,656450.0,329500.0,329500.0,3,1.0,326950.0,False,False,False,False
BK-02625,Music Video,Postponed,False,2024-10-24,3856050.0,507000.0,507000.0,4,1.0,3349050.0,False,False,False,False
BK-02626,Event Coverage,Completed,False,2024-10-25,5390000.0,316000.0,316000.0,3,1.0,5074000.0,False,False,False,False
BK-02627,Event Coverage,Completed,False,2024-10-25,5275000.0,358000.0,358000.0,2,1.0,4917000.0,False,False,False,False
BK-02628,Wedding Film,Completed,False,2024-10-26,12058200.0,423500.0,227000.0,4,1.0,11634700.0,False,False,False,False
BK-02629,Event Coverage,In Production,False,2024-10-26,2439000.0,899000.0,899000.0,4,1.0,1540000.0,False,False,False,False
BK-02631,Photoshoot,Completed,False,2024-10-27,2217000.0,222000.0,222000.0,4,2.0,1995000.0,False,False,False,False
BK-02632,Studio Rental,Completed,False,2024-10-27,698000.0,4477500.0,4248000.0,32,4.0,-3779500.0,True,True,False,False
BK-02634,Event Coverage,Completed,False,2024-10-27,5080000.0,699500.0,699500.0,4,1.0,4380500.0,False,False,False,False
BK-02635,Wedding Film,Completed,False,2024-10-27,5908000.0,234000.0,234000.0,3,1.0,5674000.0,False,False,False,False
BK-02636,Wedding Film,Completed,False,2024-10-27,4028000.0,1615000.0,1588000.0,7,1.0,2413000.0,False,False,False,False
BK-02637,Short Film,In Production,False,2024-10-28,19980000.0,537500.0,537500.0,4,1.0,19442500.0,False,False,False,False
BK-02638,Corporate Documentary,Unknown,False,2024-10-28,13295000.0,685500.0,600000.0,5,1.0,12609500.0,False,False,False,False
BK-02639,Corporate Documentary,Postponed,False,2024-10-28,27456568.0,429000.0,429000.0,4,1.0,27027568.0,False,False,False,False
BK-02640,Corporate Documentary,Completed,False,2024-10-28,13503000.0,497000.0,470000.0,3,1.0,13006000.0,False,False,False,False
BK-02641,Wedding Film,Completed,False,2024-10-29,15495591.8,633000.0,562000.0,4,1.0,14862591.8,False,False,False,False
BK-02642,Event Coverage,Completed,False,2024-10-29,3299350.0,632000.0,496500.0,4,1.0,2667350.0,False,False,False,False
BK-02643,Event Coverage,Postponed,False,2024-10-29,7194000.0,1369500.0,1248500.0,7,2.0,5824500.0,False,False,False,False
BK-02644,Photoshoot,Completed,False,2024-10-29,1264000.0,1626000.0,1626000.0,11,1.0,-362000.0,True,True,False,False
BK-02645,Event Coverage,Completed,False,2024-10-30,8687563.31,437000.0,313000.0,3,1.0,8250563.3100000005,False,False,False,False
BK-02646,Studio Rental,Completed,False,2024-10-30,1068000.0,1369500.0,1245500.0,6,1.0,-301500.0,True,True,False,False
BK-02648,Wedding Film,Postponed,False,2024-10-31,3281300.0,391000.0,391000.0,3,1.0,2890300.0,False,False,False,False
BK-02649,Event Coverage,Completed,False,2024-10-31,2929000.0,411500.0,411500.0,4,1.0,2517500.0,False,False,False,False
BK-02650,Unknown,Postponed,False,2024-10-31,2299000.0,1132500.0,1132500.0,8,3.0,1166500.0,False,False,False,False
BK-02651,Wedding Film,Completed,False,2024-11-01,3402000.0,653500.0,519500.0,3,1.0,2748500.0,False,False,False,False
BK-02652,Photoshoot,Completed,False,2024-11-01,8884720.2,3254500.0,2166000.0,24,2.0,5630220.199999999,False,False,False,False
BK-02653,Short Film,In Production,False,2024-11-01,25469000.0,1812500.0,936500.0,11,1.0,23656500.0,False,False,False,False
BK-02654,Corporate Documentary,Completed,False,2024-11-01,13562000.0,277500.0,155500.0,3,1.0,13284500.0,False,False,False,False
BK-02655,Wedding Film,Completed,False,2024-11-01,4286000.0,408000.0,408000.0,3,1.0,3878000.0,False,False,False,False
BK-02656,Studio Rental,Completed,False,2024-11-01,3560189.3,1307500.0,1237500.0,7,2.0,2252689.3,False,False,False,False
BK-02657,Commercial / TVC,In Production,False,2024-11-01,22208000.0,1122000.0,924000.0,6,1.0,21086000.0,False,False,False,False
BK-02658,Photoshoot,Completed,False,2024-11-01,5400000.0,792500.0,478000.0,6,2.0,4607500.0,False,False,False,False
BK-02659,Wedding Film,Completed,False,2024-11-02,8010000.0,599000.0,511000.0,5,1.0,7411000.0,False,False,False,False
BK-02660,Photoshoot,Completed,False,2024-11-02,3367000.0,741500.0,228000.0,6,1.0,2625500.0,False,False,False,False
BK-02661,Wedding Film,In Production,False,2024-11-02,6384000.0,952000.0,952000.0,4,1.0,5432000.0,False,False,False,False
BK-02662,Wedding Film,Completed,False,2024-11-02,10584000.0,515000.0,180000.0,4,2.0,10069000.0,False,False,False,False
BK-02663,Event Coverage,Invoiced,False,2024-11-03,4725915.0,967500.0,825500.0,6,1.0,3758415.0,False,False,False,False
BK-02664,Corporate Documentary,Postponed,False,2024-11-03,4655000.0,860000.0,685500.0,6,1.0,3795000.0,False,False,False,False
BK-02665,Corporate Documentary,In Production,False,2024-11-03,14739000.0,669000.0,534000.0,4,1.0,14070000.0,False,False,False,False
BK-02666,Wedding Film,Invoiced,False,2024-11-03,20304407.82,830500.0,624000.0,8,2.0,19473907.82,False,False,False,False
BK-02667,Commercial / TVC,Completed,False,2024-11-03,13079000.0,1597000.0,1377000.0,12,1.0,11482000.0,False,False,False,False
BK-02668,Event Coverage,Completed,False,2024-11-03,5459000.0,422000.0,315000.0,3,1.0,5037000.0,False,False,False,False
BK-02670,Music Video,Completed,False,2024-11-03,13876000.0,468000.0,468000.0,4,1.0,13408000.0,False,False,False,False
BK-02671,Commercial / TVC,Postponed,False,2024-11-04,18871000.0,2871000.0,2535000.0,16,2.0,16000000.0,False,False,False,False
BK-02673,Commercial / TVC,Completed,False,2024-11-04,19958000.0,1815000.0,1747500.0,8,1.0,18143000.0,False,False,False,False
BK-02674,Photoshoot,Completed,False,2024-11-04,1372750.0,425500.0,425500.0,5,1.0,947250.0,False,False,False,False
BK-02675,Wedding Film,Invoiced,False,2024-11-05,15848000.0,2225500.0,2151500.0,11,4.0,13622500.0,False,False,False,False
BK-02676,Event Coverage,Completed,False,2024-11-05,2862900.0,367000.0,367000.0,3,1.0,2495900.0,False,False,False,False
BK-02677,Music Video,Completed,False,2024-11-05,13207500.8,901500.0,781500.0,3,1.0,12306000.8,False,False,False,False
BK-02678,Photoshoot,Completed,False,2024-11-05,2654000.0,537500.0,537500.0,5,1.0,2116500.0,False,False,False,False
BK-02679,Short Film,Invoiced,False,2024-11-05,9038000.0,306500.0,306500.0,3,1.0,8731500.0,False,False,False,False
BK-02680,Wedding Film,Completed,False,2024-11-06,3851000.0,725000.0,519500.0,4,1.0,3126000.0,False,False,False,False
BK-02681,Event Coverage,Completed,False,2024-11-06,2239000.0,1454000.0,1182500.0,8,1.0,785000.0,False,False,False,False
BK-02682,Studio Rental,Invoiced,False,2024-11-07,1235000.0,4006000.0,3437000.0,23,4.0,-2771000.0,True,True,False,False
BK-02683,Photoshoot,Completed,False,2024-11-08,1713000.0,2386000.0,2218000.0,12,3.0,-673000.0,True,True,False,False
BK-02684,Wedding Film,Completed,False,2024-11-08,2751000.0,465000.0,175000.0,4,1.0,2286000.0,False,False,False,False
BK-02686,Wedding Film,Completed,False,2024-11-08,7178000.0,958500.0,958500.0,6,1.0,6219500.0,False,False,False,False
BK-02687,Unknown,Completed,False,2024-11-09,4470300.0,335500.0,335500.0,4,1.0,4134800.0,False,False,False,False
BK-02688,Music Video,Invoiced,False,2024-11-09,8528150.0,1175000.0,1175000.0,9,2.0,7353150.0,False,False,False,False
BK-02689,Wedding Film,Completed,False,2024-11-09,3424000.0,544000.0,293000.0,5,1.0,2880000.0,False,False,False,False
BK-02690,Commercial / TVC,Completed,False,2024-11-09,20097000.0,1863000.0,1679000.0,8,1.0,18234000.0,False,False,False,False
BK-02691,Wedding Film,Completed,False,2024-11-10,10086000.0,1940500.0,1917000.0,9,2.0,8145500.0,False,False,False,False
BK-02692,Wedding Film,In Production,False,2024-11-10,3044000.0,520500.0,520500.0,3,1.0,2523500.0,False,False,False,False
BK-02693,Unknown,Completed,False,2024-11-10,3540788.7,503000.0,503000.0,4,1.0,3037788.7,False,False,False,False
BK-02694,Event Coverage,Postponed,False,2024-11-10,3963000.0,1589500.0,1478000.0,15,3.0,2373500.0,False,False,False,False
BK-02695,Photoshoot,Postponed,False,2024-11-11,3922000.0,848000.0,700500.0,5,1.0,3074000.0,False,False,False,False
BK-02696,Unknown,Completed,False,2024-11-11,6758000.0,253000.0,253000.0,4,1.0,6505000.0,False,False,False,False
BK-02697,Commercial / TVC,Completed,False,2024-11-11,42909000.0,726000.0,306000.0,4,1.0,42183000.0,False,False,False,False
BK-02698,Photoshoot,Completed,False,2024-11-11,1518000.0,760500.0,703500.0,4,1.0,757500.0,False,False,False,False
BK-02699,Commercial / TVC,Completed,False,2024-11-12,26814950.0,2305500.0,2037500.0,12,1.0,24509450.0,False,False,False,False
BK-02700,Photoshoot,Completed,False,2024-11-12,2465000.0,662500.0,662500.0,5,1.0,1802500.0,False,False,False,False
BK-02701,Wedding Film,Completed,False,2024-11-12,3880000.0,1799500.0,1728500.0,12,1.0,2080500.0,False,False,False,False
BK-02702,Photoshoot,Completed,False,2024-11-12,7648625.0,859500.0,773500.0,5,1.0,6789125.0,False,False,False,False
BK-02703,Wedding Film,Completed,False,2024-11-13,7074000.0,267000.0,236500.0,4,1.0,6807000.0,False,False,False,False
BK-02704,Photoshoot,Completed,False,2024-11-14,1573200.0,789000.0,682000.0,6,2.0,784200.0,False,False,False,False
BK-02705,Wedding Film,Postponed,False,2024-11-14,8122000.0,757000.0,738500.0,4,1.0,7365000.0,False,False,False,False
BK-02706,Photoshoot,In Production,False,2024-11-14,1401000.0,1024500.0,878500.0,6,1.0,376500.0,False,False,False,False
BK-02707,Event Coverage,Completed,False,2024-11-14,1685700.0,446500.0,419500.0,3,1.0,1239200.0,False,False,False,False
BK-02708,Music Video,In Production,False,2024-11-15,5005800.0,775500.0,564000.0,4,1.0,4230300.0,False,False,False,False
BK-02710,Event Coverage,Completed,False,2024-11-15,4489111.33,790000.0,649000.0,4,1.0,3699111.33,False,False,False,False
BK-02711,Music Video,Completed,False,2024-11-15,15480000.0,1312500.0,1312500.0,8,2.0,14167500.0,False,False,False,False
BK-02713,Studio Rental,Completed,False,2024-11-16,2044000.0,2267500.0,768500.0,10,2.0,-223500.0,True,False,True,False
BK-02714,Event Coverage,Completed,False,2024-11-16,4658000.0,1016500.0,253000.0,6,2.0,3641500.0,False,False,False,False
BK-02716,Event Coverage,Completed,False,2024-11-17,1224000.0,126500.0,18500.0,3,1.0,1097500.0,False,False,False,False
BK-02717,Commercial / TVC,Completed,False,2024-11-17,19252000.0,456500.0,456500.0,3,1.0,18795500.0,False,False,False,False
BK-02718,Event Coverage,Completed,False,2024-11-17,3933763.5,187000.0,60000.0,4,2.0,3746763.5,False,False,False,False
BK-02719,Photoshoot,Postponed,False,2024-11-17,1079000.0,1006000.0,835000.0,6,1.0,73000.0,False,False,False,False
BK-02720,Music Video,Completed,False,2024-11-17,21829000.0,943000.0,399000.0,6,1.0,20886000.0,False,False,False,False
BK-02721,Wedding Film,Postponed,False,2024-11-17,8543000.0,2456000.0,1489000.0,12,4.0,6087000.0,False,False,False,False
BK-02723,Wedding Film,Completed,False,2024-11-17,18347553.42,1716000.0,1287000.0,8,2.0,16631553.420000002,False,False,False,False
BK-02724,Photoshoot,Completed,False,2024-11-17,831000.0,456500.0,234500.0,4,1.0,374500.0,False,False,False,False
BK-02725,Music Video,Completed,False,2024-11-18,42640795.18,226000.0,226000.0,2,1.0,42414795.18,False,False,False,False
BK-02726,Music Video,Completed,False,2024-11-18,22598000.0,883500.0,883500.0,4,1.0,21714500.0,False,False,False,False
BK-02727,Event Coverage,Invoiced,False,2024-11-18,5148000.0,618500.0,511500.0,5,1.0,4529500.0,False,False,False,False
BK-02728,Photoshoot,Invoiced,False,2024-11-18,3243102.73,495000.0,495000.0,3,1.0,2748102.73,False,False,False,False
BK-02729,Corporate Documentary,Completed,False,2024-11-19,4867000.0,1930000.0,1823000.0,8,1.0,2937000.0,False,False,False,False
BK-02730,Photoshoot,Invoiced,False,2024-11-19,3532358.9,567000.0,567000.0,5,1.0,2965358.9,False,False,False,False
BK-02731,Corporate Documentary,Postponed,False,2024-11-19,4601000.0,480000.0,380500.0,4,1.0,4121000.0,False,False,False,False
BK-02732,Music Video,In Production,False,2024-11-20,28082000.0,1049500.0,1049500.0,6,2.0,27032500.0,False,False,False,False
BK-02733,Commercial / TVC,Completed,False,2024-11-20,20252000.0,1198000.0,293000.0,8,2.0,19054000.0,False,False,False,False
BK-02734,Music Video,Completed,False,2024-11-20,12972000.0,368000.0,368000.0,2,1.0,12604000.0,False,False,False,False
BK-02735,Music Video,In Production,False,2024-11-20,26500000.0,4361000.0,2972500.0,23,2.0,22139000.0,False,False,False,False
BK-02736,Music Video,In Production,False,2024-11-20,18488000.0,1585000.0,1205500.0,8,1.0,16903000.0,False,False,False,False
BK-02737,Event Coverage,Completed,False,2024-11-21,5204100.0,1130000.0,67500.0,4,1.0,4074100.0,False,False,False,False
BK-02738,Commercial / TVC,Postponed,False,2024-11-21,22208000.0,711500.0,261000.0,4,1.0,21496500.0,False,False,False,False
BK-02739,Unknown,Completed,False,2024-11-21,26586000.0,4518500.0,3510500.0,36,3.0,22067500.0,False,False,False,False
BK-02740,Wedding Film,Unknown,False,2024-11-21,19876982.93,1340000.0,972000.0,4,2.0,18536982.93,False,False,False,False
BK-02741,Event Coverage,Completed,False,2024-11-22,5101000.0,3070500.0,2886500.0,10,2.0,2030500.0,False,False,False,False
BK-02742,Event Coverage,Completed,False,2024-11-23,3905450.0,651500.0,484500.0,5,1.0,3253950.0,False,False,False,False
BK-02743,Photoshoot,Completed,False,2024-11-23,3105000.0,348000.0,348000.0,2,1.0,2757000.0,False,False,False,False
BK-02744,Corporate Documentary,Completed,False,2024-11-23,12163000.0,1544000.0,1202000.0,10,2.0,10619000.0,False,False,False,False
BK-02745,Wedding Film,Completed,False,2024-11-23,6095000.0,1140000.0,642000.0,7,1.0,4955000.0,False,False,False,False
BK-02746,Event Coverage,Completed,False,2024-11-23,3024000.0,549000.0,486000.0,3,1.0,2475000.0,False,False,False,False
BK-02747,Event Coverage,Completed,False,2024-11-23,1858000.0,888000.0,0.0,2,1.0,970000.0,False,False,False,False
BK-02748,Event Coverage,Postponed,False,2024-11-24,4186800.0,1082500.0,1022000.0,6,1.0,3104300.0,False,False,False,False
BK-02749,Photoshoot,Postponed,False,2024-11-24,6147294.4,848000.0,848000.0,4,1.0,5299294.4,False,False,False,False
BK-02750,Commercial / TVC,Completed,False,2024-11-24,96317463.7,1234000.0,1145500.0,4,1.0,95083463.7,False,False,False,False
BK-02751,Studio Rental,Unknown,False,2024-11-24,329000.0,1070000.0,930000.0,5,1.0,-741000.0,True,True,False,False
BK-02752,Wedding Film,Invoiced,False,2024-11-24,3534000.0,953000.0,953000.0,6,2.0,2581000.0,False,False,False,False
BK-02753,Studio Rental,Completed,False,2024-11-24,1073180.8,592500.0,533500.0,8,2.0,480680.80000000005,False,False,False,False
BK-02754,Photoshoot,Completed,False,2024-11-25,4319000.0,1158500.0,1033500.0,10,2.0,3160500.0,False,False,False,False
BK-02755,Corporate Documentary,Completed,False,2024-11-25,15931000.0,1708500.0,1392500.0,9,2.0,14222500.0,False,False,False,False
BK-02756,Studio Rental,In Production,False,2024-11-26,542732.87,1124000.0,863000.0,6,1.0,-581267.13,True,True,False,False
BK-02757,Corporate Documentary,Completed,False,2024-11-27,10835000.0,1945000.0,1767500.0,8,2.0,8890000.0,False,False,False,False
BK-02758,Photoshoot,Completed,False,2024-11-27,2337000.0,980000.0,980000.0,5,2.0,1357000.0,False,False,False,False
BK-02759,Studio Rental,Completed,False,2024-11-28,883000.0,619500.0,619500.0,3,1.0,263500.0,False,False,False,False
BK-02760,Event Coverage,Invoiced,False,2024-11-28,903000.0,557500.0,557500.0,5,1.0,345500.0,False,False,False,False
BK-02761,Commercial / TVC,Completed,False,2024-11-29,24189148.33,642500.0,642500.0,4,1.0,23546648.33,False,False,False,False
BK-02762,Corporate Documentary,Completed,False,2024-11-29,4236000.0,493500.0,493500.0,2,1.0,3742500.0,False,False,False,False
BK-02763,Wedding Film,Postponed,False,2024-11-30,6106000.0,1837500.0,1837500.0,8,2.0,4268500.0,False,False,False,False
BK-02764,Photoshoot,Completed,False,2024-11-30,3605250.0,548000.0,548000.0,6,2.0,3057250.0,False,False,False,False
BK-02765,Commercial / TVC,Completed,False,2024-11-30,46935000.0,1555000.0,1461000.0,8,1.0,45380000.0,False,False,False,False
BK-02766,Music Video,Completed,False,2024-11-30,19990000.0,665000.0,665000.0,4,1.0,19325000.0,False,False,False,False
BK-02767,Event Coverage,Completed,False,2024-12-01,2906000.0,3188500.0,2976000.0,16,4.0,-282500.0,True,True,False,False
BK-02768,Photoshoot,Postponed,False,2024-12-01,3943000.0,614000.0,552000.0,3,1.0,3329000.0,False,False,False,False
BK-02769,Wedding Film,Completed,False,2024-12-01,6881983.05,666000.0,499000.0,5,1.0,6215983.05,False,False,False,False
BK-02771,Commercial / TVC,Completed,False,2024-12-01,51695000.0,794000.0,486000.0,5,1.0,50901000.0,False,False,False,False
BK-02772,Studio Rental,Completed,False,2024-12-01,252700.0,965000.0,965000.0,4,1.0,-712300.0,True,True,False,False
BK-02773,Photoshoot,Completed,False,2024-12-02,4449000.0,1309000.0,1153000.0,11,3.0,3140000.0,False,False,False,False
BK-02774,Event Coverage,Completed,False,2024-12-02,1998000.0,285500.0,285500.0,3,1.0,1712500.0,False,False,False,False
BK-02775,Photoshoot,Completed,False,2024-12-02,1534000.0,875500.0,875500.0,7,1.0,658500.0,False,False,False,False
BK-02776,Photoshoot,Completed,False,2024-12-03,1921482.07,453500.0,453500.0,4,1.0,1467982.07,False,False,False,False
BK-02777,Wedding Film,Completed,False,2024-12-03,3146000.0,668500.0,668500.0,4,1.0,2477500.0,False,False,False,False
BK-02778,Event Coverage,Completed,False,2024-12-03,3459000.0,252000.0,87000.0,2,1.0,3207000.0,False,False,False,False
BK-02779,Studio Rental,Completed,False,2024-12-03,711000.0,632500.0,632500.0,4,1.0,78500.0,False,False,False,False
BK-02780,Event Coverage,Invoiced,False,2024-12-04,3534703.02,479000.0,192000.0,4,1.0,3055703.02,False,False,False,False
BK-02781,Event Coverage,Invoiced,False,2024-12-04,5052000.0,274500.0,247500.0,3,1.0,4777500.0,False,False,False,False
BK-02782,Wedding Film,In Production,False,2024-12-04,3196000.0,395500.0,241500.0,5,1.0,2800500.0,False,False,False,False
BK-02783,Unknown,Postponed,False,2024-12-05,1664000.0,3767000.0,2838500.0,16,4.0,-2103000.0,True,True,False,False
BK-02784,Photoshoot,Postponed,False,2024-12-05,1804000.0,878000.0,750000.0,5,1.0,926000.0,False,False,False,False
BK-02785,Event Coverage,Invoiced,False,2024-12-05,5392200.0,1251000.0,952000.0,8,2.0,4141200.0,False,False,False,False
BK-02786,Photoshoot,Completed,False,2024-12-05,3028000.0,576000.0,401000.0,4,1.0,2452000.0,False,False,False,False
BK-02787,Wedding Film,Invoiced,False,2024-12-05,9628000.0,2765000.0,2548500.0,18,3.0,6863000.0,False,False,False,False
BK-02789,Studio Rental,Postponed,False,2024-12-06,1544401.08,337000.0,337000.0,3,1.0,1207401.08,False,False,False,False
BK-02790,Photoshoot,Invoiced,False,2024-12-06,1962000.0,732000.0,645000.0,6,2.0,1230000.0,False,False,False,False
BK-02791,Wedding Film,Completed,False,2024-12-06,2552000.0,814000.0,665500.0,6,1.0,1738000.0,False,False,False,False
BK-02792,Short Film,Completed,False,2024-12-06,9370000.0,529000.0,160000.0,3,1.0,8841000.0,False,False,False,False
BK-02793,Corporate Documentary,Invoiced,False,2024-12-07,16277000.0,676000.0,579500.0,4,1.0,15601000.0,False,False,False,False
BK-02794,Event Coverage,Invoiced,False,2024-12-07,2220396.8,783500.0,415500.0,5,1.0,1436896.7999999998,False,False,False,False
BK-02796,Event Coverage,Completed,False,2024-12-07,2858000.0,664500.0,664500.0,5,1.0,2193500.0,False,False,False,False
BK-02797,Photoshoot,Completed,False,2024-12-07,1122300.0,1858000.0,1584000.0,12,1.0,-735700.0,True,True,False,False
BK-02798,Studio Rental,Completed,False,2024-12-07,1622000.0,682500.0,498500.0,4,2.0,939500.0,False,False,False,False
BK-02799,Studio Rental,Postponed,False,2024-12-08,1175778.6,1174000.0,894000.0,6,2.0,1778.6000000000931,False,False,False,False
BK-02800,Commercial / TVC,Completed,False,2024-12-08,81700723.8,655000.0,655000.0,3,1.0,81045723.8,False,False,False,False
BK-02801,Studio Rental,Postponed,False,2024-12-08,322000.0,1139500.0,1094500.0,10,2.0,-817500.0,True,True,False,False
BK-02802,Unknown,Invoiced,False,2024-12-09,5709000.0,867000.0,777000.0,6,1.0,4842000.0,False,False,False,False
BK-02803,Wedding Film,Completed,False,2024-12-09,11024000.0,2753500.0,2089000.0,12,3.0,8270500.0,False,False,False,False
BK-02804,Wedding Film,Postponed,False,2024-12-10,16678623.47,1425500.0,932000.0,12,3.0,15253123.47,False,False,False,False
BK-02805,Unknown,Invoiced,False,2024-12-10,5813000.0,1270000.0,488500.0,5,1.0,4543000.0,False,False,False,False
BK-02806,Commercial / TVC,Completed,False,2024-12-10,40567500.0,1267000.0,1267000.0,6,1.0,39300500.0,False,False,False,False
BK-02807,Studio Rental,In Production,False,2024-12-10,468900.0,173000.0,173000.0,2,1.0,295900.0,False,False,False,False
BK-02808,Wedding Film,Completed,False,2024-12-10,4339000.0,908500.0,859500.0,6,1.0,3430500.0,False,False,False,False
BK-02809,Wedding Film,Completed,False,2024-12-11,3540000.0,470000.0,408000.0,4,1.0,3070000.0,False,False,False,False
BK-02810,Photoshoot,Invoiced,False,2024-12-11,2281000.0,233000.0,139000.0,2,1.0,2048000.0,False,False,False,False
BK-02811,Wedding Film,Completed,False,2024-12-11,4164000.0,267500.0,267500.0,2,1.0,3896500.0,False,False,False,False
BK-02812,Wedding Film,Completed,False,2024-12-11,9692000.0,2999000.0,2286500.0,18,3.0,6693000.0,False,False,False,False
BK-02813,Event Coverage,Completed,False,2024-12-11,1364000.0,1355500.0,1032000.0,10,1.0,8500.0,False,False,False,False
BK-02814,Studio Rental,Invoiced,False,2024-12-11,1219000.0,2023000.0,1443000.0,16,2.0,-804000.0,True,True,False,False
BK-02815,Music Video,Completed,False,2024-12-11,18603000.0,604500.0,435500.0,4,1.0,17998500.0,False,False,False,False
BK-02816,Studio Rental,Completed,False,2024-12-12,979000.0,384000.0,384000.0,3,1.0,595000.0,False,False,False,False
BK-02817,Commercial / TVC,Completed,False,2024-12-12,60023000.0,1853000.0,1595500.0,10,4.0,58170000.0,False,False,False,False
BK-02818,Commercial / TVC,Completed,False,2024-12-12,11956000.0,1336000.0,1236500.0,8,1.0,10620000.0,False,False,False,False
BK-02819,Event Coverage,In Production,False,2024-12-13,4097000.0,1059000.0,864000.0,4,1.0,3038000.0,False,False,False,False
BK-02820,Wedding Film,Invoiced,False,2024-12-13,3454000.0,549500.0,549500.0,4,1.0,2904500.0,False,False,False,False
BK-02821,Studio Rental,Completed,False,2024-12-13,1974000.0,2245000.0,2062000.0,17,3.0,-271000.0,True,True,False,False
BK-02822,Music Video,Postponed,False,2024-12-14,32323785.6,327500.0,327500.0,2,1.0,31996285.6,False,False,False,False
BK-02824,Event Coverage,Invoiced,False,2024-12-14,5219000.0,223000.0,223000.0,2,1.0,4996000.0,False,False,False,False
BK-02825,Corporate Documentary,Completed,False,2024-12-14,16845000.0,856000.0,716000.0,4,1.0,15989000.0,False,False,False,False
BK-02826,Event Coverage,Completed,False,2024-12-15,5657000.0,2646000.0,2020000.0,10,2.0,3011000.0,False,False,False,False
BK-02827,Event Coverage,In Production,False,2024-12-15,6103000.0,2866000.0,2295000.0,16,2.0,3237000.0,False,False,False,False
BK-02828,Wedding Film,Completed,False,2024-12-15,10534747.32,2790000.0,2729000.0,16,2.0,7744747.32,False,False,False,False
BK-02829,Music Video,Completed,False,2024-12-15,38782052.0,147500.0,64000.0,3,1.0,38634552.0,False,False,False,False
BK-02830,Photoshoot,Completed,False,2024-12-15,1639000.0,2082000.0,1962000.0,10,2.0,-443000.0,True,True,False,False
BK-02831,Photoshoot,Postponed,False,2024-12-15,4266000.0,936000.0,894000.0,8,2.0,3330000.0,False,False,False,False
BK-02832,Photoshoot,Postponed,False,2024-12-16,783000.0,672000.0,220000.0,3,1.0,111000.0,False,False,False,False
BK-02834,Photoshoot,Postponed,False,2024-12-17,3563000.0,345000.0,331500.0,3,1.0,3218000.0,False,False,False,False
BK-02835,Wedding Film,Invoiced,False,2024-12-17,3881000.0,375000.0,375000.0,4,1.0,3506000.0,False,False,False,False
BK-02836,Wedding Film,Completed,False,2024-12-17,8107000.0,2774000.0,2702500.0,12,3.0,5333000.0,False,False,False,False
BK-02837,Event Coverage,Invoiced,False,2024-12-17,4845000.0,597500.0,597500.0,5,1.0,4247500.0,False,False,False,False
BK-02839,Commercial / TVC,Invoiced,False,2024-12-19,79069562.38,3595500.0,3461000.0,16,4.0,75474062.38,False,False,False,False
BK-02840,Music Video,Invoiced,False,2024-12-19,16751000.0,1362000.0,1362000.0,6,2.0,15389000.0,False,False,False,False
BK-02841,Event Coverage,Completed,False,2024-12-20,974000.0,256000.0,256000.0,3,1.0,718000.0,False,False,False,False
BK-02842,Unknown,Completed,False,2024-12-20,4364000.0,1076000.0,1023000.0,5,1.0,3288000.0,False,False,False,False
BK-02843,Wedding Film,Completed,False,2024-12-20,13303143.39,574000.0,574000.0,7,1.0,12729143.39,False,False,False,False
BK-02844,Music Video,Postponed,False,2024-12-21,35104609.34,1209000.0,1209000.0,8,1.0,33895609.34,False,False,False,False
BK-02845,Music Video,Completed,False,2024-12-21,22465000.0,682500.0,682500.0,5,1.0,21782500.0,False,False,False,False
BK-02847,Music Video,Completed,False,2024-12-21,42720413.79,992500.0,992500.0,4,2.0,41727913.79,False,False,False,False
BK-02848,Event Coverage,In Production,False,2024-12-22,2737000.0,247000.0,247000.0,3,1.0,2490000.0,False,False,False,False
BK-02849,Photoshoot,Postponed,False,2024-12-22,2520350.0,981000.0,878500.0,4,1.0,1539350.0,False,False,False,False
BK-02851,Photoshoot,Completed,False,2024-12-22,1065000.0,969500.0,969500.0,5,1.0,95500.0,False,False,False,False
BK-02852,Unknown,Invoiced,False,2024-12-23,4024000.0,289500.0,289500.0,2,1.0,3734500.0,False,False,False,False
BK-02853,Unknown,Completed,False,2024-12-23,1705000.0,1862500.0,1788000.0,12,2.0,-157500.0,True,True,False,False
BK-02854,Wedding Film,Completed,False,2024-12-23,2485000.0,294500.0,177500.0,3,1.0,2190500.0,False,False,False,False
BK-02855,Music Video,Unknown,False,2024-12-24,4239000.0,524500.0,276500.0,4,1.0,3714500.0,False,False,False,False
BK-02857,Event Coverage,Completed,False,2024-12-24,1652000.0,649000.0,519000.0,3,1.0,1003000.0,False,False,False,False
BK-02858,Corporate Documentary,Completed,False,2024-12-24,33469600.0,2503500.0,1886500.0,20,5.0,30966100.0,False,False,False,False
BK-02859,Wedding Film,Unknown,False,2024-12-24,6992000.0,954000.0,954000.0,5,1.0,6038000.0,False,False,False,False
BK-02860,Photoshoot,In Production,False,2024-12-25,1540000.0,1958500.0,1255500.0,12,2.0,-418500.0,True,False,True,False
BK-02861,Photoshoot,In Production,False,2024-12-25,2234000.0,774500.0,551000.0,5,1.0,1459500.0,False,False,False,False
BK-02862,Wedding Film,Invoiced,False,2024-12-25,6542000.0,423000.0,423000.0,3,1.0,6119000.0,False,False,False,False
BK-02864,Photoshoot,Completed,False,2024-12-25,604000.0,934500.0,801000.0,4,1.0,-330500.0,True,True,False,False
BK-02865,Music Video,Invoiced,False,2024-12-25,42223700.0,12461000.0,8403500.0,59,5.0,29762700.0,False,False,False,False
BK-02866,Wedding Film,Completed,False,2024-12-26,7359000.0,976500.0,656000.0,8,1.0,6382500.0,False,False,False,False
BK-02867,Corporate Documentary,Completed,False,2024-12-26,12103897.79,810500.0,368000.0,3,1.0,11293397.79,False,False,False,False
BK-02868,Wedding Film,Completed,False,2024-12-26,4142950.0,993000.0,952500.0,3,1.0,3149950.0,False,False,False,False
BK-02869,Photoshoot,Postponed,False,2024-12-26,7124365.52,1797500.0,1097500.0,12,1.0,5326865.52,False,False,False,False
BK-02870,Corporate Documentary,Completed,False,2024-12-27,34340838.29,366500.0,366500.0,3,1.0,33974338.29,False,False,False,False
BK-02871,Wedding Film,Completed,False,2024-12-27,2838000.0,394500.0,307500.0,4,1.0,2443500.0,False,False,False,False
BK-02872,Studio Rental,Completed,False,2024-12-27,3111791.17,830500.0,830500.0,4,1.0,2281291.17,False,False,False,False
BK-02873,Wedding Film,Completed,False,2024-12-28,7247000.0,550000.0,550000.0,4,1.0,6697000.0,False,False,False,False
BK-02875,Studio Rental,Unknown,False,2024-12-28,4035347.1,1989500.0,872000.0,8,2.0,2045847.1,False,False,False,False
BK-02876,Short Film,Postponed,False,2024-12-28,28025000.0,569000.0,346000.0,5,1.0,27456000.0,False,False,False,False
BK-02878,Photoshoot,Postponed,False,2024-12-28,2100000.0,201500.0,142000.0,2,1.0,1898500.0,False,False,False,False
BK-02879,Photoshoot,Completed,False,2024-12-28,2300000.0,1254000.0,646500.0,8,1.0,1046000.0,False,False,False,False
BK-02880,Commercial / TVC,Postponed,False,2024-12-28,14350000.0,493500.0,376000.0,5,1.0,13856500.0,False,False,False,False
BK-02881,Event Coverage,Invoiced,False,2024-12-28,3304000.0,599500.0,570000.0,5,1.0,2704500.0,False,False,False,False
BK-02882,Commercial / TVC,Completed,False,2024-12-29,36514970.1,500500.0,500500.0,5,1.0,36014470.1,False,False,False,False
BK-02884,Music Video,In Production,False,2024-12-29,13234000.0,622500.0,622500.0,4,1.0,12611500.0,False,False,False,False
BK-02885,Commercial / TVC,Postponed,False,2024-12-29,37475000.0,1274000.0,1274000.0,5,1.0,36201000.0,False,False,False,False
BK-02886,Wedding Film,Unknown,False,2024-12-30,12162605.22,1245500.0,897500.0,8,1.0,10917105.22,False,False,False,False
BK-02887,Photoshoot,Completed,False,2024-12-30,8571000.0,3672500.0,3440000.0,20,5.0,4898500.0,False,False,False,False
BK-02888,Event Coverage,In Production,False,2024-12-30,3416200.0,311000.0,168000.0,4,1.0,3105200.0,False,False,False,False
BK-02889,Event Coverage,Completed,False,2024-12-30,1644000.0,595000.0,595000.0,3,1.0,1049000.0,False,False,False,False
BK-02890,Event Coverage,Invoiced,False,2024-12-30,5650000.0,859000.0,859000.0,5,1.0,4791000.0,False,False,False,False
BK-02891,Event Coverage,Completed,False,2024-12-31,4765000.0,1097000.0,980000.0,5,1.0,3668000.0,False,False,False,False
BK-02892,Corporate Documentary,Completed,False,2024-12-31,5819000.0,296500.0,214000.0,4,1.0,5522500.0,False,False,False,False
BK-02893,Wedding Film,Invoiced,False,2024-12-31,6331000.0,2816500.0,2816500.0,15,3.0,3514500.0,False,False,False,False
BK-02894,Music Video,Completed,False,2024-12-31,8121000.0,374000.0,374000.0,3,1.0,7747000.0,False,False,False,False
BK-02895,Photoshoot,Completed,False,2024-12-31,2271450.0,644000.0,644000.0,2,1.0,1627450.0,False,False,False,False
BK-02896,Short Film,Postponed,False,2025-01-02,20824000.0,327500.0,327500.0,3,1.0,20496500.0,False,False,False,False
BK-02897,Photoshoot,Completed,False,2025-01-03,2625000.0,185000.0,185000.0,2,1.0,2440000.0,False,False,False,False
BK-02898,Short Film,Completed,False,2025-01-04,63553348.71,3012500.0,2875000.0,16,2.0,60540848.71,False,False,False,False
BK-02899,Music Video,Completed,False,2025-01-04,16306000.0,996500.0,966000.0,8,1.0,15309500.0,False,False,False,False
BK-02900,Event Coverage,Completed,False,2025-01-04,2844300.0,700000.0,669500.0,6,2.0,2144300.0,False,False,False,False
BK-02901,Music Video,In Production,False,2025-01-05,5430000.0,1033500.0,935500.0,4,1.0,4396500.0,False,False,False,False
BK-02902,Music Video,Completed,False,2025-01-05,18199000.0,505500.0,505500.0,4,2.0,17693500.0,False,False,False,False
BK-02903,Music Video,Completed,False,2025-01-05,23327000.0,1398500.0,1398500.0,9,3.0,21928500.0,False,False,False,False
BK-02904,Photoshoot,Completed,False,2025-01-06,1484000.0,384500.0,384500.0,3,1.0,1099500.0,False,False,False,False
BK-02905,Event Coverage,Completed,False,2025-01-08,18432623.93,913000.0,793000.0,6,3.0,17519623.93,False,False,False,False
BK-02906,Wedding Film,Completed,False,2025-01-08,5176550.0,685500.0,568500.0,3,1.0,4491050.0,False,False,False,False
BK-02907,Corporate Documentary,Invoiced,False,2025-01-15,14441000.0,1416500.0,1306500.0,8,1.0,13024500.0,False,False,False,False
BK-02908,Wedding Film,Invoiced,False,2025-01-16,5680000.0,903500.0,903500.0,8,1.0,4776500.0,False,False,False,False
BK-02909,Studio Rental,Completed,False,2025-01-17,1026000.0,986000.0,986000.0,11,1.0,40000.0,False,False,False,False
BK-02910,Studio Rental,Completed,False,2025-01-19,283000.0,324000.0,324000.0,3,1.0,-41000.0,True,True,False,False
BK-02911,Music Video,Completed,False,2025-01-19,8733000.0,423000.0,361000.0,3,1.0,8310000.0,False,False,False,False
BK-02912,Studio Rental,Completed,False,2025-01-19,494000.0,972000.0,972000.0,4,2.0,-478000.0,True,True,False,False
BK-02913,Photoshoot,Completed,False,2025-01-23,1793000.0,439000.0,439000.0,2,1.0,1354000.0,False,False,False,False
BK-02914,Commercial / TVC,Completed,False,2025-01-24,29302000.0,456000.0,456000.0,5,1.0,28846000.0,False,False,False,False
BK-02915,Photoshoot,Completed,False,2025-01-28,4479000.0,2560500.0,2425500.0,18,3.0,1918500.0,False,False,False,False
BK-02916,Music Video,In Production,False,2025-01-28,21573000.0,2337000.0,2253000.0,24,4.0,19236000.0,False,False,False,False
BK-02917,Wedding Film,Completed,False,2025-01-30,5732000.0,345000.0,210000.0,2,1.0,5387000.0,False,False,False,False
BK-02918,Photoshoot,Postponed,False,2025-02-01,2175000.0,761000.0,709000.0,5,1.0,1414000.0,False,False,False,False
BK-02920,Photoshoot,Completed,False,2025-02-01,794000.0,317000.0,191000.0,4,1.0,477000.0,False,False,False,False
BK-02921,Photoshoot,In Production,False,2025-02-01,825000.0,1130500.0,931500.0,6,1.0,-305500.0,True,True,False,False
BK-02922,Music Video,Completed,False,2025-02-01,19553000.0,2049000.0,2049000.0,15,3.0,17504000.0,False,False,False,False
BK-02923,Unknown,Postponed,False,2025-02-01,17027898.68,1063500.0,1063500.0,6,2.0,15964398.68,False,False,False,False
BK-02924,Photoshoot,Completed,False,2025-02-04,750000.0,1274500.0,1231000.0,6,1.0,-524500.0,True,True,False,False
BK-02925,Wedding Film,Completed,False,2025-02-04,13762695.16,688500.0,688500.0,4,1.0,13074195.16,False,False,False,False
BK-02926,Event Coverage,Completed,False,2025-02-04,2524000.0,163500.0,130500.0,2,1.0,2360500.0,False,False,False,False
BK-02927,Wedding Film,Completed,False,2025-02-05,7296000.0,1269000.0,1269000.0,12,1.0,6027000.0,False,False,False,False
BK-02928,Photoshoot,Completed,False,2025-02-06,3595000.0,1854000.0,1806000.0,12,2.0,1741000.0,False,False,False,False
BK-02930,Short Film,Completed,False,2025-02-07,28485000.0,647500.0,211500.0,4,1.0,27837500.0,False,False,False,False
BK-02931,Commercial / TVC,Completed,False,2025-02-07,56908000.0,1217000.0,663500.0,8,1.0,55691000.0,False,False,False,False
BK-02932,Corporate Documentary,Completed,False,2025-02-07,7146000.0,1338000.0,866000.0,8,1.0,5808000.0,False,False,False,False
BK-02933,Photoshoot,Invoiced,False,2025-02-08,3491000.0,379500.0,355000.0,3,1.0,3111500.0,False,False,False,False
BK-02934,Wedding Film,Completed,False,2025-02-08,4079300.0,2125500.0,2065500.0,12,1.0,1953800.0,False,False,False,False
BK-02935,Music Video,Postponed,False,2025-02-08,3665100.0,273000.0,273000.0,2,1.0,3392100.0,False,False,False,False
BK-02936,Music Video,Completed,False,2025-02-09,20898000.0,780000.0,780000.0,8,1.0,20118000.0,False,False,False,False
BK-02937,Event Coverage,In Production,False,2025-02-09,8403000.0,1171500.0,974500.0,11,4.0,7231500.0,False,False,False,False
BK-02938,Photoshoot,In Production,False,2025-02-09,3983000.0,1118500.0,891000.0,12,4.0,2864500.0,False,False,False,False
BK-02940,Music Video,Completed,False,2025-02-10,17562650.0,2551500.0,1804500.0,16,2.0,15011150.0,False,False,False,False
BK-02941,Wedding Film,Completed,False,2025-02-10,4594000.0,862500.0,700500.0,6,1.0,3731500.0,False,False,False,False
BK-02942,Wedding Film,Completed,False,2025-02-10,4224000.0,869500.0,840000.0,4,1.0,3354500.0,False,False,False,False
BK-02943,Photoshoot,Invoiced,False,2025-02-11,4036000.0,1044000.0,747000.0,4,1.0,2992000.0,False,False,False,False
BK-02944,Music Video,In Production,False,2025-02-11,21572000.0,1736000.0,1342000.0,12,1.0,19836000.0,False,False,False,False
BK-02945,Photoshoot,Completed,False,2025-02-12,1697000.0,143500.0,143500.0,2,1.0,1553500.0,False,False,False,False
BK-02946,Wedding Film,Postponed,False,2025-02-12,6838100.0,469500.0,320500.0,3,1.0,6368600.0,False,False,False,False
BK-02947,Commercial / TVC,Postponed,False,2025-02-12,71212318.16,650000.0,650000.0,4,1.0,70562318.16,False,False,False,False
BK-02948,Music Video,Completed,False,2025-02-13,12196921.51,2480500.0,2480500.0,12,1.0,9716421.51,False,False,False,False
BK-02949,Wedding Film,Completed,False,2025-02-14,6110400.0,1767500.0,1652500.0,8,1.0,4342900.0,False,False,False,False
BK-02950,Event Coverage,Completed,False,2025-02-14,7910130.88,1672000.0,1491000.0,16,2.0,6238130.88,False,False,False,False
BK-02951,Studio Rental,Completed,False,2025-02-16,1190000.0,541000.0,541000.0,5,1.0,649000.0,False,False,False,False
BK-02952,Music Video,Completed,False,2025-02-16,3424000.0,594000.0,594000.0,2,1.0,2830000.0,False,False,False,False
BK-02953,Wedding Film,Completed,False,2025-02-16,8216000.0,375000.0,163000.0,3,1.0,7841000.0,False,False,False,False
BK-02954,Corporate Documentary,Postponed,False,2025-02-16,20383000.0,1108000.0,790000.0,8,2.0,19275000.0,False,False,False,False
BK-02955,Short Film,Completed,False,2025-02-18,10131750.0,2442000.0,2203500.0,11,1.0,7689750.0,False,False,False,False
BK-02956,Studio Rental,In Production,False,2025-02-19,894000.0,249000.0,249000.0,3,1.0,645000.0,False,False,False,False
BK-02958,Wedding Film,Postponed,False,2025-02-20,6681000.0,1162500.0,1162500.0,8,1.0,5518500.0,False,False,False,False
BK-02960,Short Film,In Production,False,2025-02-21,23260750.0,615500.0,615500.0,5,1.0,22645250.0,False,False,False,False
BK-02961,Commercial / TVC,Completed,False,2025-02-21,103919000.0,6950000.0,6850500.0,30,5.0,96969000.0,False,False,False,False
BK-02962,Wedding Film,Completed,False,2025-02-22,4558000.0,328500.0,198000.0,2,1.0,4229500.0,False,False,False,False
BK-02963,Event Coverage,Completed,False,2025-02-23,5741000.0,440500.0,440500.0,4,1.0,5300500.0,False,False,False,False
BK-02964,Music Video,Completed,False,2025-02-24,4804000.0,278000.0,278000.0,2,1.0,4526000.0,False,False,False,False
BK-02965,Wedding Film,Completed,False,2025-02-24,3601000.0,1530500.0,1445000.0,8,1.0,2070500.0,False,False,False,False
BK-02966,Event Coverage,Completed,False,2025-02-24,1407000.0,1274500.0,1195500.0,6,2.0,132500.0,False,False,False,False
BK-02967,Music Video,Invoiced,False,2025-02-27,12174000.0,973000.0,913000.0,6,1.0,11201000.0,False,False,False,False
BK-02968,Photoshoot,Completed,False,2025-02-27,2532532.2,1032000.0,970000.0,6,2.0,1500532.2000000002,False,False,False,False
BK-02969,Event Coverage,Invoiced,False,2025-02-28,2168850.0,386500.0,386500.0,3,1.0,1782350.0,False,False,False,False
BK-02970,Music Video,Invoiced,False,2025-02-28,21591000.0,609500.0,609500.0,5,1.0,20981500.0,False,False,False,False
BK-02971,Unknown,In Production,False,2025-03-01,5553000.0,870000.0,870000.0,6,2.0,4683000.0,False,False,False,False
BK-02973,Photoshoot,Completed,False,2025-03-01,3848000.0,295000.0,295000.0,3,1.0,3553000.0,False,False,False,False
BK-02974,Studio Rental,Invoiced,False,2025-03-02,1606655.32,969000.0,969000.0,5,1.0,637655.3200000001,False,False,False,False
BK-02975,Wedding Film,Completed,False,2025-03-02,7752000.0,913500.0,913500.0,6,1.0,6838500.0,False,False,False,False
BK-02977,Wedding Film,Completed,False,2025-03-03,8571000.0,2351000.0,2298000.0,17,3.0,6220000.0,False,False,False,False
BK-02979,Studio Rental,In Production,False,2025-03-03,1098000.0,1958000.0,1958000.0,8,1.0,-860000.0,True,True,False,False
BK-02980,Photoshoot,Completed,False,2025-03-04,2570000.0,199000.0,199000.0,2,1.0,2371000.0,False,False,False,False
BK-02981,Event Coverage,Completed,False,2025-03-04,4385000.0,608000.0,608000.0,3,1.0,3777000.0,False,False,False,False
BK-02982,Wedding Film,Completed,False,2025-03-05,6516000.0,970500.0,930000.0,5,1.0,5545500.0,False,False,False,False
BK-02983,Corporate Documentary,Completed,False,2025-03-05,20876000.0,990000.0,717000.0,6,2.0,19886000.0,False,False,False,False
BK-02984,Wedding Film,Completed,False,2025-03-05,3782000.0,602500.0,466000.0,3,1.0,3179500.0,False,False,False,False
BK-02985,Photoshoot,Completed,False,2025-03-06,982300.0,1801000.0,1617000.0,12,1.0,-818700.0,True,True,False,False
BK-02986,Short Film,Completed,False,2025-03-06,21670051.66,173500.0,173500.0,2,1.0,21496551.66,False,False,False,False
BK-02987,Wedding Film,Completed,False,2025-03-08,5535000.0,600000.0,600000.0,6,2.0,4935000.0,False,False,False,False
BK-02988,Photoshoot,Completed,False,2025-03-08,3757000.0,6608000.0,6065500.0,31,4.0,-2851000.0,True,True,False,False
BK-02989,Event Coverage,Completed,False,2025-03-08,3873000.0,1083000.0,376000.0,7,2.0,2790000.0,False,False,False,False
BK-02990,Wedding Film,Postponed,False,2025-03-11,8615000.0,2685000.0,2455000.0,12,4.0,5930000.0,False,False,False,False
BK-02991,Corporate Documentary,Completed,False,2025-03-12,8140000.0,1231000.0,1231000.0,8,1.0,6909000.0,False,False,False,False
BK-02992,Unknown,Invoiced,False,2025-03-12,2033000.0,430000.0,430000.0,3,1.0,1603000.0,False,False,False,False
BK-02993,Studio Rental,Completed,False,2025-03-12,1491000.0,247500.0,247500.0,3,1.0,1243500.0,False,False,False,False
BK-02994,Corporate Documentary,In Production,False,2025-03-12,13314000.0,445000.0,445000.0,3,1.0,12869000.0,False,False,False,False
BK-02995,Short Film,In Production,False,2025-03-14,6995000.0,478500.0,478500.0,5,1.0,6516500.0,False,False,False,False
BK-02996,Music Video,Completed,False,2025-03-14,21261000.0,1544000.0,881500.0,8,1.0,19717000.0,False,False,False,False
BK-02997,Wedding Film,Completed,False,2025-03-14,8181000.0,1525500.0,1285500.0,8,4.0,6655500.0,False,False,False,False
BK-02998,Wedding Film,Completed,False,2025-03-14,3613000.0,372000.0,157000.0,3,1.0,3241000.0,False,False,False,False
BK-02999,Photoshoot,Completed,False,2025-03-14,1366000.0,980500.0,883000.0,6,1.0,385500.0,False,False,False,False
BK-03000,Event Coverage,Completed,False,2025-03-15,5221000.0,372500.0,162500.0,3,1.0,4848500.0,False,False,False,False
BK-03001,Commercial / TVC,Completed,False,2025-03-15,100546841.4,379000.0,303000.0,4,1.0,100167841.4,False,False,False,False
BK-03002,Event Coverage,Completed,False,2025-03-15,1609000.0,2287000.0,1247000.0,15,3.0,-678000.0,True,False,True,False
BK-03003,Music Video,Postponed,False,2025-03-16,18537000.0,1779500.0,969500.0,11,2.0,16757500.0,False,False,False,False
BK-03004,Commercial / TVC,Completed,False,2025-03-16,29351000.0,505000.0,467000.0,3,1.0,28846000.0,False,False,False,False
BK-03005,Wedding Film,Completed,False,2025-03-16,4869700.0,713000.0,713000.0,5,1.0,4156700.0,False,False,False,False
BK-03006,Photoshoot,Completed,False,2025-03-16,5102000.0,362500.0,122500.0,4,2.0,4739500.0,False,False,False,False
BK-03007,Commercial / TVC,Completed,False,2025-03-17,26507000.0,3514500.0,3228500.0,20,5.0,22992500.0,False,False,False,False
BK-03008,Wedding Film,Postponed,False,2025-03-17,3118500.0,167000.0,12500.0,2,1.0,2951500.0,False,False,False,False
BK-03009,Event Coverage,Completed,False,2025-03-17,3171000.0,1235500.0,1028500.0,6,1.0,1935500.0,False,False,False,False
BK-03010,Commercial / TVC,Completed,False,2025-03-18,18060000.0,294000.0,294000.0,2,1.0,17766000.0,False,False,False,False
BK-03012,Event Coverage,Postponed,False,2025-03-19,5157000.0,2671000.0,2593500.0,12,1.0,2486000.0,False,False,False,False
BK-03013,Commercial / TVC,Postponed,False,2025-03-19,101211735.59,463000.0,361000.0,4,1.0,100748735.59,False,False,False,False
BK-03014,Studio Rental,Completed,False,2025-03-20,3982120.44,806000.0,806000.0,8,2.0,3176120.44,False,False,False,False
BK-03016,Unknown,Completed,False,2025-03-21,8473000.0,597500.0,539000.0,4,1.0,7875500.0,False,False,False,False
BK-03018,Unknown,Completed,False,2025-03-21,22143000.0,781500.0,738500.0,8,1.0,21361500.0,False,False,False,False
BK-03019,Music Video,Completed,False,2025-03-24,22809000.0,1884000.0,1654500.0,12,1.0,20925000.0,False,False,False,False
BK-03020,Photoshoot,Invoiced,False,2025-03-24,5487754.8,1176500.0,1176500.0,4,1.0,4311254.8,False,False,False,False
BK-03021,Corporate Documentary,Completed,False,2025-03-25,4196000.0,478000.0,478000.0,4,1.0,3718000.0,False,False,False,False
BK-03022,Short Film,Completed,False,2025-03-25,19621000.0,1959000.0,1903500.0,10,2.0,17662000.0,False,False,False,False
BK-03023,Photoshoot,Completed,False,2025-03-26,3664000.0,359500.0,341000.0,4,1.0,3304500.0,False,False,False,False
BK-03024,Music Video,Completed,False,2025-03-26,11627000.0,723000.0,723000.0,3,1.0,10904000.0,False,False,False,False
BK-03025,Music Video,In Production,False,2025-03-27,21264000.0,202500.0,202500.0,1,1.0,21061500.0,False,False,False,False
BK-03027,Music Video,Completed,False,2025-03-28,23421000.0,2633500.0,2464000.0,15,2.0,20787500.0,False,False,False,False
BK-03028,Photoshoot,Invoiced,False,2025-03-29,10347080.8,5340500.0,5168500.0,32,4.0,5006580.800000001,False,False,False,False
BK-03029,Music Video,Postponed,False,2025-03-29,54585276.62,943500.0,872500.0,6,1.0,53641776.62,False,False,False,False
BK-03030,Photoshoot,Postponed,False,2025-03-29,3142000.0,1450000.0,1393000.0,10,2.0,1692000.0,False,False,False,False
BK-03031,Wedding Film,Completed,False,2025-03-29,12787000.0,1200000.0,1090000.0,15,3.0,11587000.0,False,False,False,False
BK-03032,Photoshoot,Completed,False,2025-03-30,2810000.0,485000.0,205000.0,2,1.0,2325000.0,False,False,False,False
BK-03033,Corporate Documentary,Completed,False,2025-03-31,20000000.0,1120500.0,1068500.0,8,2.0,18879500.0,False,False,False,False
BK-03035,Event Coverage,Invoiced,False,2025-04-01,2507000.0,655500.0,655500.0,4,2.0,1851500.0,False,False,False,False
BK-03036,Short Film,Postponed,False,2025-04-01,27266000.0,1612000.0,1612000.0,10,2.0,25654000.0,False,False,False,False
BK-03037,Wedding Film,Completed,False,2025-04-02,3953000.0,764000.0,764000.0,5,1.0,3189000.0,False,False,False,False
BK-03039,Wedding Film,Completed,False,2025-04-03,6480000.0,1609000.0,1609000.0,8,1.0,4871000.0,False,False,False,False
BK-03040,Corporate Documentary,Completed,False,2025-04-03,23351244.81,429000.0,429000.0,3,1.0,22922244.81,False,False,False,False
BK-03041,Photoshoot,Completed,False,2025-04-03,5223000.0,769000.0,750500.0,8,2.0,4454000.0,False,False,False,False
BK-03042,Event Coverage,Completed,False,2025-04-04,3015000.0,1516500.0,1516500.0,10,2.0,1498500.0,False,False,False,False
BK-03043,Event Coverage,Invoiced,False,2025-04-04,3890000.0,368000.0,368000.0,4,1.0,3522000.0,False,False,False,False
BK-03045,Photoshoot,Completed,False,2025-04-05,4131000.0,1490500.0,1490500.0,8,1.0,2640500.0,False,False,False,False
BK-03046,Short Film,Invoiced,False,2025-04-05,12430000.0,588000.0,588000.0,5,1.0,11842000.0,False,False,False,False
BK-03047,Wedding Film,Completed,False,2025-04-06,2471000.0,595000.0,391000.0,5,1.0,1876000.0,False,False,False,False
BK-03048,Photoshoot,Completed,False,2025-04-06,1511000.0,615000.0,507500.0,4,1.0,896000.0,False,False,False,False
BK-03049,Commercial / TVC,Invoiced,False,2025-04-06,59477000.0,481500.0,277500.0,3,1.0,58995500.0,False,False,False,False
BK-03050,Commercial / TVC,Completed,False,2025-04-06,129066171.39,1871500.0,1652500.0,8,2.0,127194671.39,False,False,False,False
BK-03051,Event Coverage,Completed,False,2025-04-07,1376000.0,1024000.0,847000.0,6,1.0,352000.0,False,False,False,False
BK-03052,Music Video,Completed,False,2025-04-07,23108000.0,525500.0,525500.0,2,1.0,22582500.0,False,False,False,False
BK-03053,Event Coverage,In Production,False,2025-04-07,2777000.0,614500.0,407000.0,6,1.0,2162500.0,False,False,False,False
BK-03054,Photoshoot,Completed,False,2025-04-07,3948000.0,2059000.0,1676000.0,12,1.0,1889000.0,False,False,False,False
BK-03055,Commercial / TVC,Postponed,False,2025-04-08,40192000.0,1354000.0,1278000.0,10,2.0,38838000.0,False,False,False,False
BK-03056,Wedding Film,In Production,False,2025-04-09,6495000.0,977000.0,977000.0,7,2.0,5518000.0,False,False,False,False
BK-03058,Studio Rental,Completed,False,2025-04-09,1826000.0,913000.0,708000.0,4,1.0,913000.0,False,False,False,False
BK-03059,Photoshoot,Completed,False,2025-04-09,1754000.0,614500.0,489500.0,5,1.0,1139500.0,False,False,False,False
BK-03060,Corporate Documentary,Completed,False,2025-04-10,17598000.0,853500.0,853500.0,6,1.0,16744500.0,False,False,False,False
BK-03061,Commercial / TVC,In Production,False,2025-04-10,17892000.0,835500.0,835500.0,3,1.0,17056500.0,False,False,False,False
BK-03062,Corporate Documentary,Completed,False,2025-04-11,16919000.0,299500.0,299500.0,3,1.0,16619500.0,False,False,False,False
BK-03063,Commercial / TVC,In Production,False,2025-04-12,9595000.0,1289500.0,1289500.0,5,1.0,8305500.0,False,False,False,False
BK-03065,Wedding Film,Completed,False,2025-04-12,14576478.88,1708000.0,1623500.0,10,2.0,12868478.88,False,False,False,False
BK-03066,Corporate Documentary,Completed,False,2025-04-12,6518000.0,1280500.0,1257000.0,8,1.0,5237500.0,False,False,False,False
BK-03067,Music Video,Completed,False,2025-04-13,14430500.0,728000.0,660000.0,4,1.0,13702500.0,False,False,False,False
BK-03068,Wedding Film,Postponed,False,2025-04-13,4714000.0,703000.0,687000.0,5,1.0,4011000.0,False,False,False,False
BK-03069,Wedding Film,Completed,False,2025-04-13,11390000.0,613000.0,613000.0,5,2.0,10777000.0,False,False,False,False
BK-03070,Commercial / TVC,Completed,False,2025-04-13,30475900.0,1096500.0,850000.0,6,1.0,29379400.0,False,False,False,False
BK-03071,Wedding Film,Completed,False,2025-04-14,5015000.0,1071500.0,791500.0,8,1.0,3943500.0,False,False,False,False
BK-03072,Wedding Film,Completed,False,2025-04-14,4004000.0,175000.0,175000.0,1,1.0,3829000.0,False,False,False,False
BK-03073,Wedding Film,Completed,False,2025-04-14,4592300.0,502000.0,314000.0,3,1.0,4090300.0,False,False,False,False
BK-03074,Commercial / TVC,Completed,False,2025-04-14,57210000.0,606500.0,376500.0,4,1.0,56603500.0,False,False,False,False
BK-03075,Event Coverage,Completed,False,2025-04-14,1226000.0,1369500.0,888500.0,8,1.0,-143500.0,True,False,True,False
BK-03076,Wedding Film,Invoiced,False,2025-04-15,6913050.0,1198500.0,1198500.0,8,1.0,5714550.0,False,False,False,False
BK-03077,Wedding Film,Completed,False,2025-04-15,4422000.0,810500.0,810500.0,5,1.0,3611500.0,False,False,False,False
BK-03078,Commercial / TVC,Postponed,False,2025-04-15,27068000.0,338000.0,338000.0,2,1.0,26730000.0,False,False,False,False
BK-03079,Studio Rental,Completed,False,2025-04-16,456000.0,918000.0,579000.0,4,1.0,-462000.0,True,True,False,False
BK-03080,Music Video,Completed,False,2025-04-16,9775000.0,1053500.0,491000.0,4,1.0,8721500.0,False,False,False,False
BK-03081,Wedding Film,Completed,False,2025-04-17,11188000.0,2627500.0,2627500.0,15,2.0,8560500.0,False,False,False,False
BK-03082,Short Film,Postponed,False,2025-04-17,7794000.0,745000.0,745000.0,5,1.0,7049000.0,False,False,False,False
BK-03084,Corporate Documentary,Completed,False,2025-04-19,18044000.0,201500.0,201500.0,4,1.0,17842500.0,False,False,False,False
BK-03085,Event Coverage,Completed,False,2025-04-19,2309000.0,850000.0,516000.0,5,1.0,1459000.0,False,False,False,False
BK-03086,Wedding Film,Postponed,False,2025-04-19,6564550.0,2510500.0,2205000.0,17,3.0,4054050.0,False,False,False,False
BK-03087,Wedding Film,Completed,False,2025-04-20,7734365.11,698500.0,698500.0,4,1.0,7035865.11,False,False,False,False
BK-03088,Commercial / TVC,In Production,False,2025-04-20,10255000.0,241000.0,241000.0,2,1.0,10014000.0,False,False,False,False
BK-03089,Wedding Film,Invoiced,False,2025-04-20,7877793.6,141500.0,141500.0,3,1.0,7736293.6,False,False,False,False
BK-03090,Wedding Film,Completed,False,2025-04-21,14697996.02,1000500.0,795500.0,5,1.0,13697496.02,False,False,False,False
BK-03091,Wedding Film,Completed,False,2025-04-21,5962200.0,1493500.0,1275000.0,10,2.0,4468700.0,False,False,False,False
BK-03092,Photoshoot,Postponed,False,2025-04-22,1123000.0,370000.0,370000.0,3,1.0,753000.0,False,False,False,False
BK-03093,Music Video,Completed,False,2025-04-22,12294000.0,403000.0,403000.0,2,1.0,11891000.0,False,False,False,False
BK-03094,Wedding Film,Invoiced,False,2025-04-22,16874431.5,353000.0,322500.0,4,2.0,16521431.5,False,False,False,False
BK-03095,Short Film,In Production,False,2025-04-22,37059000.0,915000.0,915000.0,4,2.0,36144000.0,False,False,False,False
BK-03096,Wedding Film,Completed,False,2025-04-23,8250000.0,527500.0,527500.0,8,2.0,7722500.0,False,False,False,False
BK-03097,Event Coverage,Invoiced,False,2025-04-23,3713000.0,827500.0,827500.0,4,1.0,2885500.0,False,False,False,False
BK-03098,Unknown,Completed,False,2025-04-23,14423000.0,368000.0,368000.0,2,1.0,14055000.0,False,False,False,False
BK-03099,Photoshoot,Completed,False,2025-04-24,3747000.0,1228500.0,953500.0,5,1.0,2518500.0,False,False,False,False
BK-03100,Short Film,Completed,False,2025-04-24,5800000.0,813000.0,581000.0,6,1.0,4987000.0,False,False,False,False
BK-03101,Photoshoot,In Production,False,2025-04-24,3090000.0,624500.0,509500.0,4,1.0,2465500.0,False,False,False,False
BK-03103,Studio Rental,Invoiced,False,2025-04-25,1511000.0,349000.0,349000.0,3,1.0,1162000.0,False,False,False,False
BK-03104,Short Film,Completed,False,2025-04-26,7363000.0,279500.0,279500.0,2,1.0,7083500.0,False,False,False,False
BK-03105,Short Film,Postponed,False,2025-04-26,17925000.0,1134500.0,865500.0,8,1.0,16790500.0,False,False,False,False
BK-03106,Wedding Film,In Production,False,2025-04-26,2941000.0,347500.0,347500.0,3,1.0,2593500.0,False,False,False,False
BK-03107,Wedding Film,Completed,False,2025-04-26,3059000.0,455000.0,455000.0,3,1.0,2604000.0,False,False,False,False
BK-03108,Photoshoot,Completed,False,2025-04-26,4010000.0,1075000.0,806000.0,5,1.0,2935000.0,False,False,False,False
BK-03109,Studio Rental,Completed,False,2025-04-26,858000.0,128500.0,128500.0,3,1.0,729500.0,False,False,False,False
BK-03110,Music Video,Completed,False,2025-04-27,39031268.44,964000.0,964000.0,6,2.0,38067268.44,False,False,False,False
BK-03111,Wedding Film,Completed,False,2025-04-28,6340635.6,1879000.0,1879000.0,12,1.0,4461635.6,False,False,False,False
BK-03112,Studio Rental,Completed,False,2025-04-28,856000.0,1044000.0,979000.0,5,1.0,-188000.0,True,True,False,False
BK-03114,Unknown,In Production,False,2025-04-29,1800000.0,483000.0,483000.0,3,1.0,1317000.0,False,False,False,False
BK-03115,Event Coverage,Completed,False,2025-04-29,6766318.67,235500.0,148000.0,2,1.0,6530818.67,False,False,False,False
BK-03117,Wedding Film,In Production,False,2025-04-29,6700000.0,248000.0,162500.0,2,1.0,6452000.0,False,False,False,False
BK-03118,Photoshoot,Completed,False,2025-04-30,965000.0,331000.0,331000.0,3,1.0,634000.0,False,False,False,False
BK-03119,Corporate Documentary,Completed,False,2025-04-30,31407404.1,1942000.0,1586500.0,12,2.0,29465404.1,False,False,False,False
BK-03120,Photoshoot,Postponed,False,2025-04-30,4585000.0,3104000.0,3045000.0,12,2.0,1481000.0,False,False,False,False
BK-03123,Event Coverage,Completed,False,2025-05-01,10386000.0,3001000.0,2787000.0,20,5.0,7385000.0,False,False,False,False
BK-03124,Corporate Documentary,Completed,False,2025-05-01,22362000.0,2776000.0,2393500.0,12,4.0,19586000.0,False,False,False,False
BK-03125,Wedding Film,Postponed,False,2025-05-02,7713000.0,442500.0,442500.0,2,1.0,7270500.0,False,False,False,False
BK-03126,Photoshoot,Completed,False,2025-05-02,1644000.0,551000.0,551000.0,2,1.0,1093000.0,False,False,False,False
BK-03127,Corporate Documentary,Postponed,False,2025-05-02,11480000.0,785500.0,643500.0,6,1.0,10694500.0,False,False,False,False
BK-03129,Photoshoot,Completed,False,2025-05-02,1575000.0,1413000.0,1260000.0,8,1.0,162000.0,False,False,False,False
BK-03130,Wedding Film,Completed,False,2025-05-03,2961000.0,475000.0,443000.0,4,1.0,2486000.0,False,False,False,False
BK-03131,Commercial / TVC,Completed,False,2025-05-03,134970359.19,1408500.0,775000.0,8,1.0,133561859.19,False,False,False,False
BK-03132,Wedding Film,Completed,False,2025-05-03,4679000.0,919000.0,859000.0,7,1.0,3760000.0,False,False,False,False
BK-03133,Wedding Film,Completed,False,2025-05-03,5206000.0,2973500.0,1671000.0,12,1.0,2232500.0,False,False,False,False
BK-03134,Corporate Documentary,Invoiced,False,2025-05-04,14798000.0,1170000.0,1170000.0,8,4.0,13628000.0,False,False,False,False
BK-03135,Photoshoot,Completed,False,2025-05-04,2350000.0,2652500.0,1949000.0,10,2.0,-302500.0,True,False,True,False
BK-03136,Event Coverage,Completed,False,2025-05-04,5441000.0,1230000.0,1200500.0,10,1.0,4211000.0,False,False,False,False
BK-03137,Music Video,Completed,False,2025-05-05,4978000.0,687500.0,553000.0,3,1.0,4290500.0,False,False,False,False
BK-03138,Commercial / TVC,Completed,False,2025-05-06,9835000.0,365500.0,365500.0,4,1.0,9469500.0,False,False,False,False
BK-03140,Commercial / TVC,Completed,False,2025-05-10,86406000.0,1385000.0,1385000.0,6,3.0,85021000.0,False,False,False,False
BK-03141,Photoshoot,Completed,False,2025-05-10,2230000.0,1006500.0,795000.0,4,1.0,1223500.0,False,False,False,False
BK-03142,Commercial / TVC,Completed,False,2025-05-10,21708000.0,227000.0,144000.0,3,1.0,21481000.0,False,False,False,False
BK-03143,Wedding Film,Invoiced,False,2025-05-11,11823000.0,1357500.0,1357500.0,6,3.0,10465500.0,False,False,False,False
BK-03144,Corporate Documentary,Postponed,False,2025-05-11,21012310.08,399500.0,230500.0,3,1.0,20612810.08,False,False,False,False
BK-03145,Photoshoot,Completed,False,2025-05-11,6695098.8,1545500.0,1545500.0,6,1.0,5149598.8,False,False,False,False
BK-03146,Commercial / TVC,Completed,False,2025-05-11,43004000.0,386000.0,386000.0,4,1.0,42618000.0,False,False,False,False
BK-03147,Commercial / TVC,In Production,False,2025-05-11,48070000.0,828000.0,828000.0,4,1.0,47242000.0,False,False,False,False
BK-03149,Music Video,Completed,False,2025-05-12,83086530.95,1084000.0,1084000.0,8,2.0,82002530.95,False,False,False,False
BK-03150,Short Film,Completed,False,2025-05-12,76930400.65,1310000.0,1188500.0,6,1.0,75620400.65,False,False,False,False
BK-03151,Photoshoot,Completed,False,2025-05-13,778000.0,409000.0,320000.0,3,1.0,369000.0,False,False,False,False
BK-03152,Music Video,Postponed,False,2025-05-13,14010000.0,888000.0,822000.0,3,1.0,13122000.0,False,False,False,False
BK-03153,Photoshoot,Completed,False,2025-05-13,4460000.0,4613000.0,4048000.0,24,2.0,-153000.0,True,False,True,False
BK-03154,Event Coverage,Postponed,False,2025-05-14,3443000.0,888500.0,745500.0,6,2.0,2554500.0,False,False,False,False
BK-03155,Studio Rental,Invoiced,False,2025-05-14,591300.0,951000.0,879500.0,8,1.0,-359700.0,True,True,False,False
BK-03156,Wedding Film,Completed,False,2025-05-14,15279221.26,508500.0,508500.0,2,1.0,14770721.26,False,False,False,False
BK-03157,Corporate Documentary,Completed,False,2025-05-14,25180839.51,628000.0,579000.0,5,1.0,24552839.51,False,False,False,False
BK-03158,Music Video,Completed,False,2025-05-15,26354274.38,1212500.0,1212500.0,5,1.0,25141774.38,False,False,False,False
BK-03159,Commercial / TVC,Invoiced,False,2025-05-15,50822000.0,620000.0,524000.0,4,1.0,50202000.0,False,False,False,False
BK-03160,Studio Rental,Completed,False,2025-05-15,945830.4,1207500.0,1175500.0,6,1.0,-261669.59999999998,True,True,False,False
BK-03161,Wedding Film,Completed,False,2025-05-16,5800000.0,1075000.0,1009000.0,4,1.0,4725000.0,False,False,False,False
BK-03162,Studio Rental,Completed,False,2025-05-16,2009000.0,1532500.0,1532500.0,8,2.0,476500.0,False,False,False,False
BK-03163,Wedding Film,Completed,False,2025-05-17,14223400.0,1565500.0,1394500.0,11,4.0,12657900.0,False,False,False,False
BK-03164,Music Video,Completed,False,2025-05-18,15250000.0,641000.0,533500.0,3,1.0,14609000.0,False,False,False,False
BK-03165,Event Coverage,Completed,False,2025-05-18,3866000.0,396000.0,115000.0,2,1.0,3470000.0,False,False,False,False
BK-03166,Corporate Documentary,Completed,False,2025-05-18,13226000.0,868000.0,868000.0,5,1.0,12358000.0,False,False,False,False
BK-03167,Wedding Film,Completed,False,2025-05-19,9082950.0,627000.0,603000.0,8,2.0,8455950.0,False,False,False,False
BK-03169,Photoshoot,Completed,False,2025-05-19,1088000.0,631500.0,631500.0,5,1.0,456500.0,False,False,False,False
BK-03170,Short Film,Completed,False,2025-05-20,15152500.0,2602500.0,2602500.0,12,4.0,12550000.0,False,False,False,False
BK-03171,Wedding Film,Completed,False,2025-05-20,12883000.0,2443000.0,2443000.0,14,3.0,10440000.0,False,False,False,False
BK-03173,Photoshoot,Completed,False,2025-05-21,3900000.0,708000.0,708000.0,4,1.0,3192000.0,False,False,False,False
BK-03174,Commercial / TVC,Completed,False,2025-05-21,20795500.0,293000.0,293000.0,2,1.0,20502500.0,False,False,False,False
BK-03175,Photoshoot,Completed,False,2025-05-21,1239750.0,556500.0,556500.0,5,1.0,683250.0,False,False,False,False
BK-03176,Unknown,Completed,False,2025-05-23,61555000.0,594000.0,463500.0,4,2.0,60961000.0,False,False,False,False
BK-03177,Music Video,Completed,False,2025-05-23,11106000.0,632000.0,632000.0,2,1.0,10474000.0,False,False,False,False
BK-03178,Photoshoot,In Production,False,2025-05-24,5712006.1,736000.0,659500.0,7,2.0,4976006.1,False,False,False,False
BK-03179,Studio Rental,Completed,False,2025-05-24,1703000.0,465000.0,204000.0,2,1.0,1238000.0,False,False,False,False
BK-03180,Wedding Film,Completed,False,2025-05-24,11507691.0,1290000.0,1271500.0,12,2.0,10217691.0,False,False,False,False
BK-03181,Short Film,Completed,False,2025-05-25,49686148.2,1129000.0,1129000.0,3,1.0,48557148.2,False,False,False,False
BK-03183,Music Video,Postponed,False,2025-05-27,3578000.0,500000.0,500000.0,4,1.0,3078000.0,False,False,False,False
BK-03184,Wedding Film,Invoiced,False,2025-05-27,2914000.0,247000.0,247000.0,2,1.0,2667000.0,False,False,False,False
BK-03185,Event Coverage,Completed,False,2025-05-28,7163000.0,1019000.0,948000.0,8,2.0,6144000.0,False,False,False,False
BK-03186,Studio Rental,Completed,False,2025-05-28,826500.0,541000.0,406000.0,3,1.0,285500.0,False,False,False,False
BK-03187,Short Film,Completed,False,2025-05-28,19942000.0,681000.0,546000.0,4,1.0,19261000.0,False,False,False,False
BK-03188,Studio Rental,Invoiced,False,2025-05-30,597000.0,554500.0,554500.0,3,1.0,42500.0,False,False,False,False
BK-03189,Wedding Film,Invoiced,False,2025-05-30,4598000.0,2759500.0,2526500.0,15,2.0,1838500.0,False,False,False,False
BK-03190,Corporate Documentary,Postponed,False,2025-05-30,8690000.0,348500.0,285000.0,4,1.0,8341500.0,False,False,False,False
BK-03191,Event Coverage,Completed,False,2025-05-31,1299000.0,111000.0,111000.0,2,1.0,1188000.0,False,False,False,False
BK-03192,Studio Rental,Completed,False,2025-05-31,3949403.83,334500.0,316000.0,3,1.0,3614903.83,False,False,False,False
BK-03193,Music Video,Completed,False,2025-05-31,23205000.0,1256500.0,1219500.0,8,1.0,21948500.0,False,False,False,False
BK-03194,Short Film,Completed,False,2025-06-01,21729000.0,1681500.0,1271500.0,10,2.0,20047500.0,False,False,False,False
BK-03195,Music Video,Completed,False,2025-06-01,11716000.0,340500.0,340500.0,3,1.0,11375500.0,False,False,False,False
BK-03196,Photoshoot,Invoiced,False,2025-06-01,1303000.0,895000.0,475500.0,5,1.0,408000.0,False,False,False,False
BK-03197,Photoshoot,Completed,False,2025-06-02,2631600.0,1551500.0,1551500.0,8,2.0,1080100.0,False,False,False,False
BK-03198,Photoshoot,Completed,False,2025-06-02,4290000.0,1117000.0,1014500.0,5,1.0,3173000.0,False,False,False,False
BK-03199,Event Coverage,Completed,False,2025-06-02,2276000.0,372000.0,372000.0,3,1.0,1904000.0,False,False,False,False
BK-03200,Corporate Documentary,Completed,False,2025-06-02,15735000.0,629000.0,629000.0,6,1.0,15106000.0,False,False,False,False
BK-03201,Photoshoot,Completed,False,2025-06-03,1117000.0,230000.0,230000.0,3,1.0,887000.0,False,False,False,False
BK-03202,Wedding Film,Invoiced,False,2025-06-03,7828000.0,956000.0,888500.0,6,1.0,6872000.0,False,False,False,False
BK-03203,Wedding Film,Completed,False,2025-06-03,18033852.8,458500.0,458500.0,4,1.0,17575352.8,False,False,False,False
BK-03204,Photoshoot,Completed,False,2025-06-04,2114000.0,939000.0,939000.0,8,2.0,1175000.0,False,False,False,False
BK-03205,Wedding Film,In Production,False,2025-06-05,2749000.0,1953500.0,1953500.0,8,1.0,795500.0,False,False,False,False
BK-03207,Event Coverage,Completed,False,2025-06-06,3738000.0,2364500.0,2113000.0,15,3.0,1373500.0,False,False,False,False
BK-03208,Photoshoot,Completed,False,2025-06-07,3987150.0,944000.0,944000.0,6,1.0,3043150.0,False,False,False,False
BK-03209,Commercial / TVC,Completed,False,2025-06-07,21664000.0,602000.0,602000.0,5,1.0,21062000.0,False,False,False,False
BK-03210,Photoshoot,Completed,False,2025-06-07,4107000.0,485000.0,485000.0,4,1.0,3622000.0,False,False,False,False
BK-03211,Photoshoot,Completed,False,2025-06-08,16409207.88,4536000.0,4151500.0,24,3.0,11873207.88,False,False,False,False
BK-03212,Event Coverage,Completed,False,2025-06-08,3015000.0,1788500.0,1544500.0,10,2.0,1226500.0,False,False,False,False
BK-03213,Commercial / TVC,Completed,False,2025-06-08,26389000.0,656000.0,423000.0,6,1.0,25733000.0,False,False,False,False
BK-03214,Wedding Film,Completed,False,2025-06-08,19035984.03,746000.0,509500.0,5,1.0,18289984.03,False,False,False,False
BK-03215,Event Coverage,In Production,False,2025-06-09,5645000.0,745500.0,605500.0,4,1.0,4899500.0,False,False,False,False
BK-03216,Music Video,Completed,False,2025-06-09,6223450.0,413000.0,252500.0,4,1.0,5810450.0,False,False,False,False
BK-03217,Event Coverage,Completed,False,2025-06-10,4608000.0,657000.0,657000.0,4,1.0,3951000.0,False,False,False,False
BK-03218,Wedding Film,Completed,False,2025-06-10,5332000.0,229000.0,204000.0,3,1.0,5103000.0,False,False,False,False
BK-03219,Commercial / TVC,Postponed,False,2025-06-12,20943000.0,1761500.0,1308500.0,11,2.0,19181500.0,False,False,False,False
BK-03220,Wedding Film,Completed,False,2025-06-12,8216000.0,380500.0,304500.0,4,1.0,7835500.0,False,False,False,False
BK-03221,Photoshoot,Completed,False,2025-06-12,1548000.0,609000.0,270000.0,3,2.0,939000.0,False,False,False,False
BK-03222,Music Video,Completed,False,2025-06-13,24111000.0,1136000.0,1136000.0,5,1.0,22975000.0,False,False,False,False
BK-03223,Studio Rental,Postponed,False,2025-06-13,3892826.7,3264000.0,3077000.0,23,2.0,628826.7000000002,False,False,False,False
BK-03224,Studio Rental,In Production,False,2025-06-16,2696159.0,851000.0,819000.0,8,1.0,1845159.0,False,False,False,False
BK-03225,Wedding Film,Completed,False,2025-06-16,6394000.0,721000.0,689000.0,5,1.0,5673000.0,False,False,False,False
BK-03226,Photoshoot,Invoiced,False,2025-06-16,1275850.0,120000.0,120000.0,2,1.0,1155850.0,False,False,False,False
BK-03228,Music Video,Completed,False,2025-06-17,57032865.92,749000.0,749000.0,5,1.0,56283865.92,False,False,False,False
BK-03229,Event Coverage,In Production,False,2025-06-17,10287618.51,1186500.0,981500.0,4,1.0,9101118.51,False,False,False,False
BK-03230,Wedding Film,In Production,False,2025-06-18,5065000.0,493500.0,493500.0,4,1.0,4571500.0,False,False,False,False
BK-03231,Photoshoot,Completed,False,2025-06-18,824000.0,951000.0,841500.0,4,1.0,-127000.0,True,True,False,False
BK-03232,Event Coverage,Completed,False,2025-06-18,986000.0,416000.0,281500.0,3,1.0,570000.0,False,False,False,False
BK-03233,Photoshoot,Postponed,False,2025-06-18,1265000.0,499500.0,422500.0,5,1.0,765500.0,False,False,False,False
BK-03234,Wedding Film,Completed,False,2025-06-19,8316300.0,603000.0,395000.0,5,1.0,7713300.0,False,False,False,False
BK-03235,Photoshoot,Postponed,False,2025-06-19,12006400.0,235000.0,235000.0,2,1.0,11771400.0,False,False,False,False
BK-03236,Corporate Documentary,Completed,False,2025-06-19,9665000.0,889500.0,488500.0,4,1.0,8775500.0,False,False,False,False
BK-03238,Short Film,Completed,False,2025-06-21,10959000.0,1041500.0,912500.0,7,1.0,9917500.0,False,False,False,False
BK-03239,Studio Rental,Completed,False,2025-06-21,1560000.0,584500.0,476500.0,3,1.0,975500.0,False,False,False,False
BK-03240,Commercial / TVC,Completed,False,2025-06-21,33300000.0,733000.0,733000.0,4,1.0,32567000.0,False,False,False,False
BK-03241,Event Coverage,Completed,False,2025-06-21,1204600.0,270000.0,66000.0,2,1.0,934600.0,False,False,False,False
BK-03242,Wedding Film,Postponed,False,2025-06-21,6551000.0,623500.0,391500.0,4,1.0,5927500.0,False,False,False,False
BK-03243,Corporate Documentary,Completed,False,2025-06-21,17552200.0,929500.0,725500.0,5,1.0,16622700.0,False,False,False,False
BK-03244,Event Coverage,Postponed,False,2025-06-22,4857000.0,658000.0,658000.0,4,1.0,4199000.0,False,False,False,False
BK-03245,Wedding Film,Completed,False,2025-06-22,7542000.0,648000.0,648000.0,3,1.0,6894000.0,False,False,False,False
BK-03246,Wedding Film,Completed,False,2025-06-22,4385000.0,804500.0,734000.0,6,1.0,3580500.0,False,False,False,False
BK-03247,Music Video,Completed,False,2025-06-23,31621963.72,603500.0,583500.0,4,1.0,31018463.72,False,False,False,False
BK-03248,Event Coverage,Invoiced,False,2025-06-23,3001000.0,1088000.0,1088000.0,8,1.0,1913000.0,False,False,False,False
BK-03249,Photoshoot,Completed,False,2025-06-23,2408400.0,1086000.0,1006000.0,7,1.0,1322400.0,False,False,False,False
BK-03250,Photoshoot,In Production,False,2025-06-24,2000000.0,806000.0,806000.0,4,1.0,1194000.0,False,False,False,False
BK-03251,Commercial / TVC,Completed,False,2025-06-25,49482000.0,685000.0,591000.0,3,1.0,48797000.0,False,False,False,False
BK-03252,Wedding Film,Completed,False,2025-06-25,7385000.0,785500.0,643000.0,6,1.0,6599500.0,False,False,False,False
BK-03253,Photoshoot,In Production,False,2025-06-25,814000.0,465500.0,465500.0,4,1.0,348500.0,False,False,False,False
BK-03254,Music Video,Invoiced,False,2025-06-27,20047000.0,1153500.0,1153500.0,8,1.0,18893500.0,False,False,False,False
BK-03255,Unknown,In Production,False,2025-06-29,5012000.0,1537000.0,1222500.0,11,2.0,3475000.0,False,False,False,False
BK-03256,Event Coverage,Completed,False,2025-06-29,1632000.0,996500.0,996500.0,5,1.0,635500.0,False,False,False,False
BK-03257,Wedding Film,Completed,False,2025-06-29,5106000.0,1256000.0,1156500.0,8,1.0,3850000.0,False,False,False,False
BK-03258,Music Video,Invoiced,False,2025-06-29,12681900.0,774500.0,774500.0,4,1.0,11907400.0,False,False,False,False
BK-03259,Photoshoot,Completed,False,2025-06-30,4850000.0,2151500.0,2016000.0,12,2.0,2698500.0,False,False,False,False
BK-03260,Wedding Film,Completed,False,2025-06-30,2562300.0,1948500.0,1831000.0,12,1.0,613800.0,False,False,False,False
BK-03261,Music Video,Completed,False,2025-06-30,8808000.0,815000.0,815000.0,2,1.0,7993000.0,False,False,False,False
